season,adp_source,true_adp,episode,seed,draft_slot,strategy,regular_rank,regular_wins,managed_points,oracle_lineup_points,made_playoffs,champion
2023,Fantasy Football Calculator ADP,True,0,93230000,1,adp,7,7.0,1229.34,1555.1799999999998,False,False
2023,Fantasy Football Calculator ADP,True,0,93230000,1,target_intel,5,8.0,1270.6399999999999,1587.1399999999999,True,False
2023,Fantasy Football Calculator ADP,True,0,93230000,1,model_only,7,7.0,1125.7199999999998,1431.3400000000004,False,False
2023,Fantasy Football Calculator ADP,True,1,93230001,2,adp,12,3.0,1026.08,1358.9399999999998,False,False
2023,Fantasy Football Calculator ADP,True,1,93230001,2,target_intel,4,8.0,1300.06,1584.2600000000002,True,False
2023,Fantasy Football Calculator ADP,True,1,93230001,2,model_only,6,8.0,1130.22,1503.46,True,True
2023,Fantasy Football Calculator ADP,True,2,93230002,3,adp,8,5.0,1211.78,1517.3400000000001,False,False
2023,Fantasy Football Calculator ADP,True,2,93230002,3,target_intel,1,10.0,1232.04,1446.54,True,False
2023,Fantasy Football Calculator ADP,True,2,93230002,3,model_only,4,8.0,1186.68,1532.78,True,False
2023,Fantasy Football Calculator ADP,True,3,93230003,4,adp,10,6.0,1183.2600000000002,1490.8000000000002,False,False
2023,Fantasy Football Calculator ADP,True,3,93230003,4,target_intel,1,10.0,1259.54,1557.14,True,False
2023,Fantasy Football Calculator ADP,True,3,93230003,4,model_only,11,5.0,1160.18,1479.52,False,False
2023,Fantasy Football Calculator ADP,True,4,93230004,5,adp,6,8.0,1220.5000000000002,1598.6200000000001,True,False
2023,Fantasy Football Calculator ADP,True,4,93230004,5,target_intel,6,7.0,1177.56,1467.2000000000003,True,False
2023,Fantasy Football Calculator ADP,True,4,93230004,5,model_only,8,6.0,1144.98,1501.1799999999998,False,False
2023,Fantasy Football Calculator ADP,True,5,93230005,6,adp,5,7.0,1117.3799999999997,1512.66,True,False
2023,Fantasy Football Calculator ADP,True,5,93230005,6,target_intel,1,13.0,1367.54,1637.5400000000002,True,False
2023,Fantasy Football Calculator ADP,True,5,93230005,6,model_only,9,7.0,1138.8799999999999,1469.6599999999999,False,False
2023,Fantasy Football Calculator ADP,True,6,93230006,7,adp,2,9.0,1369.0799999999997,1704.6200000000001,True,False
2023,Fantasy Football Calculator ADP,True,6,93230006,7,target_intel,3,8.0,1247.08,1574.6800000000003,True,False
2023,Fantasy Football Calculator ADP,True,6,93230006,7,model_only,5,8.0,1110.7200000000003,1469.16,True,False
2023,Fantasy Football Calculator ADP,True,7,93230007,8,adp,7,6.0,1273.86,1481.68,False,False
2023,Fantasy Football Calculator ADP,True,7,93230007,8,target_intel,8,7.0,1242.42,1441.6000000000001,False,False
2023,Fantasy Football Calculator ADP,True,7,93230007,8,model_only,6,8.0,1153.36,1465.46,True,False
2023,Fantasy Football Calculator ADP,True,8,93230008,9,adp,5,8.0,1167.14,1546.1399999999999,True,False
2023,Fantasy Football Calculator ADP,True,8,93230008,9,target_intel,4,8.0,1323.84,1635.4399999999998,True,False
2023,Fantasy Football Calculator ADP,True,8,93230008,9,model_only,5,8.0,1238.98,1509.38,True,False
2023,Fantasy Football Calculator ADP,True,9,93230009,10,adp,8,7.0,1119.08,1359.3800000000003,False,False
2023,Fantasy Football Calculator ADP,True,9,93230009,10,target_intel,3,8.0,1314.22,1551.18,True,False
2023,Fantasy Football Calculator ADP,True,9,93230009,10,model_only,4,8.0,1160.4600000000003,1515.3600000000004,True,False
2023,Fantasy Football Calculator ADP,True,10,93230010,11,adp,4,8.0,1199.9199999999998,1575.9399999999998,True,False
2023,Fantasy Football Calculator ADP,True,10,93230010,11,target_intel,3,8.0,1327.5200000000002,1661.9999999999998,True,False
2023,Fantasy Football Calculator ADP,True,10,93230010,11,model_only,7,6.0,1154.18,1452.0800000000002,False,False
2023,Fantasy Football Calculator ADP,True,11,93230011,12,adp,11,5.0,1112.22,1417.6399999999999,False,False
2023,Fantasy Football Calculator ADP,True,11,93230011,12,target_intel,9,6.0,1282.42,1590.6200000000001,False,False
2023,Fantasy Football Calculator ADP,True,11,93230011,12,model_only,12,2.0,1029.42,1549.8200000000002,False,False
2023,Fantasy Football Calculator ADP,True,12,93230012,1,adp,11,5.0,1073.76,1339.0200000000002,False,False
2023,Fantasy Football Calculator ADP,True,12,93230012,1,target_intel,10,5.0,1200.68,1441.4000000000003,False,False
2023,Fantasy Football Calculator ADP,True,12,93230012,1,model_only,12,3.0,1116.98,1415.26,False,False
2023,Fantasy Football Calculator ADP,True,13,93230013,2,adp,9,5.0,978.0600000000001,1261.9399999999998,False,False
2023,Fantasy Football Calculator ADP,True,13,93230013,2,target_intel,2,11.0,1254.42,1516.9800000000002,True,True
2023,Fantasy Football Calculator ADP,True,13,93230013,2,model_only,8,6.0,1104.02,1434.8000000000004,False,False
2023,Fantasy Football Calculator ADP,True,14,93230014,3,adp,10,5.0,1094.8000000000002,1412.08,False,False
2023,Fantasy Football Calculator ADP,True,14,93230014,3,target_intel,2,10.0,1321.44,1686.14,True,False
2023,Fantasy Football Calculator ADP,True,14,93230014,3,model_only,5,8.0,1153.1799999999998,1475.76,True,False
2023,Fantasy Football Calculator ADP,True,15,93230015,4,adp,9,6.0,1139.1200000000001,1362.92,False,False
2023,Fantasy Football Calculator ADP,True,15,93230015,4,target_intel,7,6.0,1228.14,1497.8399999999997,False,False
2023,Fantasy Football Calculator ADP,True,15,93230015,4,model_only,6,7.0,1180.42,1481.9,True,False
2023,Fantasy Football Calculator ADP,True,16,93230016,5,adp,2,10.0,1437.36,1622.1399999999999,True,False
2023,Fantasy Football Calculator ADP,True,16,93230016,5,target_intel,8,6.0,1197.38,1436.9400000000003,False,False
2023,Fantasy Football Calculator ADP,True,16,93230016,5,model_only,5,8.0,1257.3799999999999,1519.66,True,False
2023,Fantasy Football Calculator ADP,True,17,93230017,6,adp,6,7.0,1267.0800000000002,1542.02,True,False
2023,Fantasy Football Calculator ADP,True,17,93230017,6,target_intel,9,5.0,1176.5000000000002,1466.6000000000004,False,False
2023,Fantasy Football Calculator ADP,True,17,93230017,6,model_only,12,4.0,1023.8800000000002,1424.0200000000002,False,False
2023,Fantasy Football Calculator ADP,True,18,93230018,7,adp,10,5.0,1047.4,1383.28,False,False
2023,Fantasy Football Calculator ADP,True,18,93230018,7,target_intel,5,9.0,1219.6399999999999,1523.14,True,False
2023,Fantasy Football Calculator ADP,True,18,93230018,7,model_only,6,9.0,1205.88,1546.9600000000003,True,False
2023,Fantasy Football Calculator ADP,True,19,93230019,8,adp,4,8.0,1356.7799999999997,1644.58,True,False
2023,Fantasy Football Calculator ADP,True,19,93230019,8,target_intel,1,11.0,1284.74,1651.44,True,False
2023,Fantasy Football Calculator ADP,True,19,93230019,8,model_only,8,6.0,1131.98,1430.9799999999998,False,False
2023,Fantasy Football Calculator ADP,True,20,93230020,9,adp,1,10.0,1358.98,1517.8600000000004,True,True
2023,Fantasy Football Calculator ADP,True,20,93230020,9,target_intel,3,8.0,1463.98,1733.7800000000002,True,False
2023,Fantasy Football Calculator ADP,True,20,93230020,9,model_only,5,8.0,1153.3799999999999,1495.8200000000002,True,False
2023,Fantasy Football Calculator ADP,True,21,93230021,10,adp,1,11.0,1289.2799999999997,1581.48,True,False
2023,Fantasy Football Calculator ADP,True,21,93230021,10,target_intel,1,13.0,1379.18,1567.0800000000002,True,False
2023,Fantasy Football Calculator ADP,True,21,93230021,10,model_only,7,7.0,1229.78,1513.3799999999999,False,False
2023,Fantasy Football Calculator ADP,True,22,93230022,11,adp,6,7.0,1202.22,1448.8200000000002,True,True
2023,Fantasy Football Calculator ADP,True,22,93230022,11,target_intel,8,7.0,1203.52,1598.2999999999997,False,False
2023,Fantasy Football Calculator ADP,True,22,93230022,11,model_only,4,8.0,1214.8799999999999,1541.58,True,False
2023,Fantasy Football Calculator ADP,True,23,93230023,12,adp,3,8.0,1310.9799999999998,1484.64,True,True
2023,Fantasy Football Calculator ADP,True,23,93230023,12,target_intel,10,5.0,1113.7,1451.1000000000001,False,False
2023,Fantasy Football Calculator ADP,True,23,93230023,12,model_only,7,7.0,1156.2800000000002,1498.8799999999999,False,False
2023,Fantasy Football Calculator ADP,True,24,93230024,1,adp,12,3.0,981.5799999999999,1274.84,False,False
2023,Fantasy Football Calculator ADP,True,24,93230024,1,target_intel,4,8.0,1203.24,1404.24,True,False
2023,Fantasy Football Calculator ADP,True,24,93230024,1,model_only,10,5.0,1158.9799999999998,1449.3999999999999,False,False
2023,Fantasy Football Calculator ADP,True,25,93230025,2,adp,12,4.0,1034.8,1294.78,False,False
2023,Fantasy Football Calculator ADP,True,25,93230025,2,target_intel,4,8.0,1226.3000000000002,1456.3400000000001,True,True
2023,Fantasy Football Calculator ADP,True,25,93230025,2,model_only,6,8.0,1172.7800000000002,1480.96,True,False
2023,Fantasy Football Calculator ADP,True,26,93230026,3,adp,7,6.0,1275.6200000000001,1554.74,False,False
2023,Fantasy Football Calculator ADP,True,26,93230026,3,target_intel,5,8.0,1295.8400000000001,1591.84,True,False
2023,Fantasy Football Calculator ADP,True,26,93230026,3,model_only,5,8.0,1195.08,1557.5800000000002,True,False
2023,Fantasy Football Calculator ADP,True,27,93230027,4,adp,2,8.0,1271.02,1456.1599999999999,True,False
2023,Fantasy Football Calculator ADP,True,27,93230027,4,target_intel,5,8.0,1176.6799999999998,1468.54,True,False
2023,Fantasy Football Calculator ADP,True,27,93230027,4,model_only,7,7.0,1157.68,1531.28,False,False
2023,Fantasy Football Calculator ADP,True,28,93230028,5,adp,1,12.0,1358.88,1526.52,True,False
2023,Fantasy Football Calculator ADP,True,28,93230028,5,target_intel,8,7.0,1184.74,1562.54,False,False
2023,Fantasy Football Calculator ADP,True,28,93230028,5,model_only,7,7.0,1163.38,1436.3000000000002,False,False
2023,Fantasy Football Calculator ADP,True,29,93230029,6,adp,12,5.0,1173.88,1455.1,False,False
2023,Fantasy Football Calculator ADP,True,29,93230029,6,target_intel,5,8.0,1259.14,1661.6399999999999,True,False
2023,Fantasy Football Calculator ADP,True,29,93230029,6,model_only,11,4.0,1078.52,1432.06,False,False
2023,Fantasy Football Calculator ADP,True,30,93230030,7,adp,1,11.0,1334.48,1654.18,True,False
2023,Fantasy Football Calculator ADP,True,30,93230030,7,target_intel,1,10.5,1330.1200000000001,1628.62,True,False
2023,Fantasy Football Calculator ADP,True,30,93230030,7,model_only,1,11.0,1201.2800000000002,1499.78,True,False
2023,Fantasy Football Calculator ADP,True,31,93230031,8,adp,3,8.0,1233.98,1443.06,True,False
2023,Fantasy Football Calculator ADP,True,31,93230031,8,target_intel,2,9.0,1351.6800000000003,1726.9000000000003,True,False
2023,Fantasy Football Calculator ADP,True,31,93230031,8,model_only,7,7.0,1249.78,1483.48,False,False
2023,Fantasy Football Calculator ADP,True,32,93230032,9,adp,4,8.0,1241.9,1610.66,True,False
2023,Fantasy Football Calculator ADP,True,32,93230032,9,target_intel,1,11.0,1304.16,1632.7199999999998,True,True
2023,Fantasy Football Calculator ADP,True,32,93230032,9,model_only,8,7.0,1154.48,1471.9800000000002,False,False
2023,Fantasy Football Calculator ADP,True,33,93230033,10,adp,8,6.0,1190.14,1515.6000000000004,False,False
2023,Fantasy Football Calculator ADP,True,33,93230033,10,target_intel,3,10.0,1359.92,1603.1200000000001,True,False
2023,Fantasy Football Calculator ADP,True,33,93230033,10,model_only,7,7.0,1101.16,1515.06,False,False
2023,Fantasy Football Calculator ADP,True,34,93230034,11,adp,5,8.0,1070.5600000000002,1398.1000000000001,True,False
2023,Fantasy Football Calculator ADP,True,34,93230034,11,target_intel,2,9.0,1229.48,1533.9,True,False
2023,Fantasy Football Calculator ADP,True,34,93230034,11,model_only,3,9.0,1170.7800000000002,1562.58,True,False
2023,Fantasy Football Calculator ADP,True,35,93230035,12,adp,2,11.0,1281.34,1582.6599999999996,True,False
2023,Fantasy Football Calculator ADP,True,35,93230035,12,target_intel,5,7.0,1337.7399999999998,1715.44,True,False
2023,Fantasy Football Calculator ADP,True,35,93230035,12,model_only,7,6.0,1172.1,1504.6399999999999,False,False
2023,Fantasy Football Calculator ADP,True,36,93230036,1,adp,11,5.0,1051.7,1394.8800000000003,False,False
2023,Fantasy Football Calculator ADP,True,36,93230036,1,target_intel,5,7.0,1212.9400000000003,1465.74,True,False
2023,Fantasy Football Calculator ADP,True,36,93230036,1,model_only,11,4.0,1013.2800000000002,1376.9399999999998,False,False
2023,Fantasy Football Calculator ADP,True,37,93230037,2,adp,10,6.0,1048.6200000000001,1397.34,False,False
2023,Fantasy Football Calculator ADP,True,37,93230037,2,target_intel,2,8.0,1306.62,1575.9199999999998,True,False
2023,Fantasy Football Calculator ADP,True,37,93230037,2,model_only,3,9.0,1170.58,1553.96,True,False
2023,Fantasy Football Calculator ADP,True,38,93230038,3,adp,9,6.0,1178.24,1464.52,False,False
2023,Fantasy Football Calculator ADP,True,38,93230038,3,target_intel,5,8.0,1211.48,1511.0,True,False
2023,Fantasy Football Calculator ADP,True,38,93230038,3,model_only,6,7.0,1168.58,1550.5600000000004,True,True
2023,Fantasy Football Calculator ADP,True,39,93230039,4,adp,11,4.0,1046.52,1324.46,False,False
2023,Fantasy Football Calculator ADP,True,39,93230039,4,target_intel,12,5.0,1165.6000000000001,1380.2,False,False
2023,Fantasy Football Calculator ADP,True,39,93230039,4,model_only,11,4.0,1113.7600000000002,1467.3799999999999,False,False
2023,Fantasy Football Calculator ADP,True,40,93230040,5,adp,3,9.0,1239.14,1504.8799999999999,True,False
2023,Fantasy Football Calculator ADP,True,40,93230040,5,target_intel,9,6.0,1229.72,1459.4,False,False
2023,Fantasy Football Calculator ADP,True,40,93230040,5,model_only,9,7.0,1128.48,1443.48,False,False
2023,Fantasy Football Calculator ADP,True,41,93230041,6,adp,11,5.0,1030.94,1258.1400000000003,False,False
2023,Fantasy Football Calculator ADP,True,41,93230041,6,target_intel,9,5.0,1282.04,1554.82,False,False
2023,Fantasy Football Calculator ADP,True,41,93230041,6,model_only,11,4.0,1098.2800000000002,1517.14,False,False
2023,Fantasy Football Calculator ADP,True,42,93230042,7,adp,12,1.0,1003.8199999999999,1291.0000000000002,False,False
2023,Fantasy Football Calculator ADP,True,42,93230042,7,target_intel,3,8.0,1254.98,1608.66,True,False
2023,Fantasy Football Calculator ADP,True,42,93230042,7,model_only,6,7.0,1120.28,1540.4199999999998,True,False
2023,Fantasy Football Calculator ADP,True,43,93230043,8,adp,3,9.0,1175.42,1555.8800000000003,True,False
2023,Fantasy Football Calculator ADP,True,43,93230043,8,target_intel,9,5.0,1248.94,1518.94,False,False
2023,Fantasy Football Calculator ADP,True,43,93230043,8,model_only,3,8.0,1169.44,1509.78,True,False
2023,Fantasy Football Calculator ADP,True,44,93230044,9,adp,7,6.0,1235.6,1484.7,False,False
2023,Fantasy Football Calculator ADP,True,44,93230044,9,target_intel,1,11.0,1384.1400000000003,1672.5399999999997,True,True
2023,Fantasy Football Calculator ADP,True,44,93230044,9,model_only,9,6.0,1164.3200000000002,1552.66,False,False
2023,Fantasy Football Calculator ADP,True,45,93230045,10,adp,2,10.0,1185.26,1539.2000000000003,True,False
2023,Fantasy Football Calculator ADP,True,45,93230045,10,target_intel,2,9.0,1280.76,1653.2,True,False
2023,Fantasy Football Calculator ADP,True,45,93230045,10,model_only,4,8.0,1107.22,1474.9199999999998,True,False
2023,Fantasy Football Calculator ADP,True,46,93230046,11,adp,10,5.0,1177.02,1543.3400000000001,False,False
2023,Fantasy Football Calculator ADP,True,46,93230046,11,target_intel,1,12.0,1434.78,1716.96,True,False
2023,Fantasy Football Calculator ADP,True,46,93230046,11,model_only,11,3.0,1068.0800000000002,1477.58,False,False
2023,Fantasy Football Calculator ADP,True,47,93230047,12,adp,5,7.0,1208.4199999999998,1446.76,True,False
2023,Fantasy Football Calculator ADP,True,47,93230047,12,target_intel,5,8.0,1274.0200000000002,1547.1200000000001,True,False
2023,Fantasy Football Calculator ADP,True,47,93230047,12,model_only,7,7.0,1104.6799999999998,1423.34,False,False
2023,Fantasy Football Calculator ADP,True,48,93230048,1,adp,12,2.0,1021.1,1316.48,False,False
2023,Fantasy Football Calculator ADP,True,48,93230048,1,target_intel,7,7.0,1182.1,1440.0,False,False
2023,Fantasy Football Calculator ADP,True,48,93230048,1,model_only,10,5.0,1170.88,1512.22,False,False
2023,Fantasy Football Calculator ADP,True,49,93230049,2,adp,8,7.0,1193.6600000000003,1477.96,False,False
2023,Fantasy Football Calculator ADP,True,49,93230049,2,target_intel,2,9.0,1325.5400000000002,1640.0400000000002,True,False
2023,Fantasy Football Calculator ADP,True,49,93230049,2,model_only,12,3.0,1007.3399999999999,1351.1000000000001,False,False
2023,Fantasy Football Calculator ADP,True,50,93230050,3,adp,9,6.0,1044.9199999999998,1444.64,False,False
2023,Fantasy Football Calculator ADP,True,50,93230050,3,target_intel,5,7.0,1324.0200000000002,1658.3400000000001,True,False
2023,Fantasy Football Calculator ADP,True,50,93230050,3,model_only,2,10.0,1202.38,1524.08,True,False
2023,Fantasy Football Calculator ADP,True,51,93230051,4,adp,5,8.0,1181.9600000000003,1556.88,True,False
2023,Fantasy Football Calculator ADP,True,51,93230051,4,target_intel,3,8.0,1247.18,1537.62,True,True
2023,Fantasy Football Calculator ADP,True,51,93230051,4,model_only,10,6.0,1138.42,1445.0,False,False
2023,Fantasy Football Calculator ADP,True,52,93230052,5,adp,12,5.0,1020.5800000000002,1283.58,False,False
2023,Fantasy Football Calculator ADP,True,52,93230052,5,target_intel,2,8.0,1264.3400000000001,1511.24,True,False
2023,Fantasy Football Calculator ADP,True,52,93230052,5,model_only,10,5.0,1198.7199999999998,1490.46,False,False
2023,Fantasy Football Calculator ADP,True,53,93230053,6,adp,8,6.0,1161.4,1513.04,False,False
2023,Fantasy Football Calculator ADP,True,53,93230053,6,target_intel,7,7.0,1276.44,1511.8400000000001,False,False
2023,Fantasy Football Calculator ADP,True,53,93230053,6,model_only,2,9.0,1231.3400000000004,1530.1799999999998,True,False
2023,Fantasy Football Calculator ADP,True,54,93230054,7,adp,11,6.0,1243.26,1492.5600000000002,False,False
2023,Fantasy Football Calculator ADP,True,54,93230054,7,target_intel,8,6.0,1265.94,1561.64,False,False
2023,Fantasy Football Calculator ADP,True,54,93230054,7,model_only,9,6.0,1120.3799999999999,1436.96,False,False
2023,Fantasy Football Calculator ADP,True,55,93230055,8,adp,8,6.0,1082.32,1412.64,False,False
2023,Fantasy Football Calculator ADP,True,55,93230055,8,target_intel,1,11.0,1314.08,1643.08,True,False
2023,Fantasy Football Calculator ADP,True,55,93230055,8,model_only,8,6.0,1136.5399999999997,1492.58,False,False
2023,Fantasy Football Calculator ADP,True,56,93230056,9,adp,6,7.0,1165.0800000000002,1457.86,True,False
2023,Fantasy Football Calculator ADP,True,56,93230056,9,target_intel,5,8.0,1171.56,1510.18,True,False
2023,Fantasy Football Calculator ADP,True,56,93230056,9,model_only,9,5.0,1147.8400000000001,1542.08,False,False
2023,Fantasy Football Calculator ADP,True,57,93230057,10,adp,5,7.0,1235.12,1576.7600000000002,True,False
2023,Fantasy Football Calculator ADP,True,57,93230057,10,target_intel,6,7.0,1300.12,1555.2199999999998,True,False
2023,Fantasy Football Calculator ADP,True,57,93230057,10,model_only,5,8.0,1081.68,1572.2200000000003,True,False
2023,Fantasy Football Calculator ADP,True,58,93230058,11,adp,2,11.0,1243.12,1578.2400000000002,True,False
2023,Fantasy Football Calculator ADP,True,58,93230058,11,target_intel,5,9.0,1292.6000000000001,1597.8799999999999,True,False
2023,Fantasy Football Calculator ADP,True,58,93230058,11,model_only,11,5.0,1183.18,1466.58,False,False
2023,Fantasy Football Calculator ADP,True,59,93230059,12,adp,3,9.0,1129.72,1438.88,True,False
2023,Fantasy Football Calculator ADP,True,59,93230059,12,target_intel,1,10.0,1331.2800000000002,1615.1200000000001,True,False
2023,Fantasy Football Calculator ADP,True,59,93230059,12,model_only,10,5.0,1128.5800000000002,1455.1200000000001,False,False
2023,Fantasy Football Calculator ADP,True,60,93230060,1,adp,12,5.0,998.3399999999999,1264.6,False,False
2023,Fantasy Football Calculator ADP,True,60,93230060,1,target_intel,2,9.0,1210.8000000000002,1544.3,True,False
2023,Fantasy Football Calculator ADP,True,60,93230060,1,model_only,10,6.0,1043.18,1406.78,False,False
2023,Fantasy Football Calculator ADP,True,61,93230061,2,adp,12,5.0,1013.84,1309.02,False,False
2023,Fantasy Football Calculator ADP,True,61,93230061,2,target_intel,7,6.0,1214.7000000000003,1560.6000000000001,False,False
2023,Fantasy Football Calculator ADP,True,61,93230061,2,model_only,6,7.0,1195.88,1488.8799999999999,True,False
2023,Fantasy Football Calculator ADP,True,62,93230062,3,adp,4,8.0,1188.7199999999998,1476.0800000000004,True,False
2023,Fantasy Football Calculator ADP,True,62,93230062,3,target_intel,2,10.0,1309.64,1594.9399999999998,True,False
2023,Fantasy Football Calculator ADP,True,62,93230062,3,model_only,7,7.0,1055.58,1330.0999999999997,False,False
2023,Fantasy Football Calculator ADP,True,63,93230063,4,adp,2,9.0,1305.68,1541.94,True,False
2023,Fantasy Football Calculator ADP,True,63,93230063,4,target_intel,1,11.0,1437.14,1770.04,True,True
2023,Fantasy Football Calculator ADP,True,63,93230063,4,model_only,10,5.0,1192.28,1504.9799999999998,False,False
2023,Fantasy Football Calculator ADP,True,64,93230064,5,adp,9,5.0,1084.7800000000002,1319.1399999999999,False,False
2023,Fantasy Football Calculator ADP,True,64,93230064,5,target_intel,11,4.0,1175.7000000000003,1484.8000000000004,False,False
2023,Fantasy Football Calculator ADP,True,64,93230064,5,model_only,9,6.0,1185.8800000000003,1524.98,False,False
2023,Fantasy Football Calculator ADP,True,65,93230065,6,adp,7,7.0,1059.1599999999999,1317.4000000000003,False,False
2023,Fantasy Football Calculator ADP,True,65,93230065,6,target_intel,7,7.0,1268.9399999999998,1505.3399999999997,False,False
2023,Fantasy Football Calculator ADP,True,65,93230065,6,model_only,11,4.0,1140.02,1446.3600000000001,False,False
2023,Fantasy Football Calculator ADP,True,66,93230066,7,adp,6,7.0,1272.22,1565.3599999999997,True,False
2023,Fantasy Football Calculator ADP,True,66,93230066,7,target_intel,1,10.0,1360.0400000000002,1705.0400000000004,True,True
2023,Fantasy Football Calculator ADP,True,66,93230066,7,model_only,6,7.0,1251.9799999999998,1530.3799999999999,True,False
2023,Fantasy Football Calculator ADP,True,67,93230067,8,adp,1,11.0,1525.48,1718.86,True,True
2023,Fantasy Football Calculator ADP,True,67,93230067,8,target_intel,2,11.0,1189.32,1515.8000000000002,True,False
2023,Fantasy Football Calculator ADP,True,67,93230067,8,model_only,10,5.0,1102.02,1437.8,False,False
2023,Fantasy Football Calculator ADP,True,68,93230068,9,adp,4,9.0,1110.18,1302.96,True,False
2023,Fantasy Football Calculator ADP,True,68,93230068,9,target_intel,6,8.0,1196.8999999999999,1426.0,True,False
2023,Fantasy Football Calculator ADP,True,68,93230068,9,model_only,5,8.0,1174.0800000000002,1487.28,True,False
2023,Fantasy Football Calculator ADP,True,69,93230069,10,adp,11,6.0,1108.96,1501.6800000000003,False,False
2023,Fantasy Football Calculator ADP,True,69,93230069,10,target_intel,5,8.0,1217.7200000000003,1433.08,True,False
2023,Fantasy Football Calculator ADP,True,69,93230069,10,model_only,6,8.0,1160.94,1490.5800000000002,True,False
2023,Fantasy Football Calculator ADP,True,70,93230070,11,adp,12,5.0,1098.4599999999998,1329.96,False,False
2023,Fantasy Football Calculator ADP,True,70,93230070,11,target_intel,11,5.0,1284.78,1592.0,False,False
2023,Fantasy Football Calculator ADP,True,70,93230070,11,model_only,7,6.0,1164.3600000000001,1554.02,False,False
2023,Fantasy Football Calculator ADP,True,71,93230071,12,adp,9,5.0,1184.02,1416.9,False,False
2023,Fantasy Football Calculator ADP,True,71,93230071,12,target_intel,3,8.0,1315.08,1602.5400000000002,True,False
2023,Fantasy Football Calculator ADP,True,71,93230071,12,model_only,8,6.0,1169.9399999999998,1485.5799999999997,False,False
2023,Fantasy Football Calculator ADP,True,72,93230072,1,adp,9,7.0,1053.8400000000001,1292.6000000000001,False,False
2023,Fantasy Football Calculator ADP,True,72,93230072,1,target_intel,6,7.0,1234.84,1538.2400000000002,True,False
2023,Fantasy Football Calculator ADP,True,72,93230072,1,model_only,6,8.0,1176.4199999999998,1525.46,True,True
2023,Fantasy Football Calculator ADP,True,73,93230073,2,adp,11,5.0,1047.6999999999998,1405.4999999999998,False,False
2023,Fantasy Football Calculator ADP,True,73,93230073,2,target_intel,8,6.0,1219.54,1558.84,False,False
2023,Fantasy Football Calculator ADP,True,73,93230073,2,model_only,12,5.0,1119.84,1435.86,False,False
2023,Fantasy Football Calculator ADP,True,74,93230074,3,adp,12,3.0,1040.32,1306.32,False,False
2023,Fantasy Football Calculator ADP,True,74,93230074,3,target_intel,6,7.0,1223.14,1560.4000000000005,True,False
2023,Fantasy Football Calculator ADP,True,74,93230074,3,model_only,12,4.0,1085.92,1417.06,False,False
2023,Fantasy Football Calculator ADP,True,75,93230075,4,adp,12,4.0,960.3000000000002,1334.2400000000002,False,False
2023,Fantasy Football Calculator ADP,True,75,93230075,4,target_intel,1,10.0,1290.4,1545.1000000000001,True,False
2023,Fantasy Football Calculator ADP,True,75,93230075,4,model_only,7,6.0,1223.12,1549.86,False,False
2023,Fantasy Football Calculator ADP,True,76,93230076,5,adp,10,6.0,1148.9800000000002,1339.3,False,False
2023,Fantasy Football Calculator ADP,True,76,93230076,5,target_intel,8,6.0,1245.2,1489.5999999999997,False,False
2023,Fantasy Football Calculator ADP,True,76,93230076,5,model_only,10,5.0,1161.58,1466.92,False,False
2023,Fantasy Football Calculator ADP,True,77,93230077,6,adp,1,10.0,1471.6599999999999,1777.7400000000002,True,True
2023,Fantasy Football Calculator ADP,True,77,93230077,6,target_intel,1,11.0,1321.3000000000002,1497.5,True,False
2023,Fantasy Football Calculator ADP,True,77,93230077,6,model_only,10,5.0,1270.24,1596.58,False,False
2023,Fantasy Football Calculator ADP,True,78,93230078,7,adp,7,6.0,1116.38,1398.76,False,False
2023,Fantasy Football Calculator ADP,True,78,93230078,7,target_intel,1,11.0,1375.5400000000002,1605.0400000000004,True,False
2023,Fantasy Football Calculator ADP,True,78,93230078,7,model_only,4,7.0,1271.62,1621.7000000000003,True,False
2023,Fantasy Football Calculator ADP,True,79,93230079,8,adp,9,6.0,1229.2800000000002,1532.0200000000002,False,False
2023,Fantasy Football Calculator ADP,True,79,93230079,8,target_intel,1,11.0,1381.88,1671.3600000000001,True,True
2023,Fantasy Football Calculator ADP,True,79,93230079,8,model_only,2,8.0,1238.6799999999998,1577.2800000000002,True,False
2023,Fantasy Football Calculator ADP,True,80,93230080,9,adp,12,4.0,1000.3399999999998,1321.68,False,False
2023,Fantasy Football Calculator ADP,True,80,93230080,9,target_intel,2,10.0,1335.3600000000001,1662.6200000000001,True,False
2023,Fantasy Football Calculator ADP,True,80,93230080,9,model_only,8,6.0,1204.28,1535.9799999999998,False,False
2023,Fantasy Football Calculator ADP,True,81,93230081,10,adp,9,5.0,1213.54,1545.2600000000002,False,False
2023,Fantasy Football Calculator ADP,True,81,93230081,10,target_intel,5,7.0,1247.8400000000004,1615.2,True,False
2023,Fantasy Football Calculator ADP,True,81,93230081,10,model_only,10,5.0,993.12,1445.02,False,False
2023,Fantasy Football Calculator ADP,True,82,93230082,11,adp,3,8.0,1236.3,1569.6200000000001,True,True
2023,Fantasy Football Calculator ADP,True,82,93230082,11,target_intel,2,9.0,1312.2,1643.46,True,False
2023,Fantasy Football Calculator ADP,True,82,93230082,11,model_only,11,4.0,1050.8400000000001,1357.1,False,False
2023,Fantasy Football Calculator ADP,True,83,93230083,12,adp,12,3.0,1063.14,1485.3600000000001,False,False
2023,Fantasy Football Calculator ADP,True,83,93230083,12,target_intel,4,8.0,1320.2400000000002,1582.0400000000002,True,False
2023,Fantasy Football Calculator ADP,True,83,93230083,12,model_only,11,5.0,1091.7400000000002,1460.74,False,False
2023,Fantasy Football Calculator ADP,True,84,93230084,1,adp,12,3.0,1118.8799999999999,1486.66,False,False
2023,Fantasy Football Calculator ADP,True,84,93230084,1,target_intel,3,10.0,1305.2399999999998,1621.94,True,False
2023,Fantasy Football Calculator ADP,True,84,93230084,1,model_only,7,7.0,1205.6799999999998,1514.72,False,False
2023,Fantasy Football Calculator ADP,True,85,93230085,2,adp,12,2.0,1004.8199999999999,1375.14,False,False
2023,Fantasy Football Calculator ADP,True,85,93230085,2,target_intel,8,6.0,1205.2800000000002,1482.3400000000001,False,False
2023,Fantasy Football Calculator ADP,True,85,93230085,2,model_only,11,4.0,1128.48,1466.9800000000002,False,False
2023,Fantasy Football Calculator ADP,True,86,93230086,3,adp,10,6.0,1139.8600000000001,1341.3599999999997,False,False
2023,Fantasy Football Calculator ADP,True,86,93230086,3,target_intel,5,7.0,1277.06,1554.8600000000001,True,False
2023,Fantasy Football Calculator ADP,True,86,93230086,3,model_only,10,5.0,1067.88,1486.22,False,False
2023,Fantasy Football Calculator ADP,True,87,93230087,4,adp,6,7.0,1214.8800000000003,1545.8000000000002,True,False
2023,Fantasy Football Calculator ADP,True,87,93230087,4,target_intel,9,6.0,1104.34,1369.1200000000001,False,False
2023,Fantasy Football Calculator ADP,True,87,93230087,4,model_only,10,5.0,1113.22,1403.9999999999998,False,False
2023,Fantasy Football Calculator ADP,True,88,93230088,5,adp,9,6.0,1186.3799999999999,1452.36,False,False
2023,Fantasy Football Calculator ADP,True,88,93230088,5,target_intel,4,8.0,1231.6399999999999,1416.54,True,True
2023,Fantasy Football Calculator ADP,True,88,93230088,5,model_only,9,5.0,1208.88,1563.68,False,False
2023,Fantasy Football Calculator ADP,True,89,93230089,6,adp,9,6.0,1218.32,1527.6000000000001,False,False
2023,Fantasy Football Calculator ADP,True,89,93230089,6,target_intel,7,6.0,1189.22,1505.6,False,False
2023,Fantasy Football Calculator ADP,True,89,93230089,6,model_only,9,5.0,1121.08,1426.72,False,False
2023,Fantasy Football Calculator ADP,True,90,93230090,7,adp,2,10.0,1414.4800000000005,1704.5000000000002,True,False
2023,Fantasy Football Calculator ADP,True,90,93230090,7,target_intel,3,9.0,1267.4399999999998,1581.7399999999998,True,False
2023,Fantasy Football Calculator ADP,True,90,93230090,7,model_only,10,5.0,1179.0800000000002,1521.58,False,False
2023,Fantasy Football Calculator ADP,True,91,93230091,8,adp,3,8.0,1168.4999999999998,1347.8600000000001,True,False
2023,Fantasy Football Calculator ADP,True,91,93230091,8,target_intel,1,11.0,1353.04,1631.6400000000006,True,False
2023,Fantasy Football Calculator ADP,True,91,93230091,8,model_only,11,6.0,1088.5800000000002,1401.6599999999999,False,False
2023,Fantasy Football Calculator ADP,True,92,93230092,9,adp,2,10.0,1229.18,1488.58,True,True
2023,Fantasy Football Calculator ADP,True,92,93230092,9,target_intel,2,9.0,1218.04,1540.64,True,False
2023,Fantasy Football Calculator ADP,True,92,93230092,9,model_only,3,9.0,1171.04,1509.4799999999996,True,False
2023,Fantasy Football Calculator ADP,True,93,93230093,10,adp,12,4.0,1091.8799999999999,1375.94,False,False
2023,Fantasy Football Calculator ADP,True,93,93230093,10,target_intel,2,9.0,1439.38,1691.06,True,True
2023,Fantasy Football Calculator ADP,True,93,93230093,10,model_only,3,9.0,1283.7800000000002,1564.88,True,True
2023,Fantasy Football Calculator ADP,True,94,93230094,11,adp,10,6.0,1191.74,1513.1999999999998,False,False
2023,Fantasy Football Calculator ADP,True,94,93230094,11,target_intel,6,7.0,1291.0000000000002,1668.52,True,False
2023,Fantasy Football Calculator ADP,True,94,93230094,11,model_only,11,4.0,1171.92,1469.0599999999997,False,False
2023,Fantasy Football Calculator ADP,True,95,93230095,12,adp,9,6.0,1111.74,1340.1999999999998,False,False
2023,Fantasy Football Calculator ADP,True,95,93230095,12,target_intel,7,6.0,1320.8000000000002,1517.8400000000001,False,False
2023,Fantasy Football Calculator ADP,True,95,93230095,12,model_only,4,9.0,1195.3400000000001,1514.08,True,False
2023,Fantasy Football Calculator ADP,True,96,93230096,1,adp,9,6.0,1144.22,1471.6600000000003,False,False
2023,Fantasy Football Calculator ADP,True,96,93230096,1,target_intel,7,7.0,1130.38,1453.44,False,False
2023,Fantasy Football Calculator ADP,True,96,93230096,1,model_only,12,3.0,1042.98,1386.3000000000002,False,False
2023,Fantasy Football Calculator ADP,True,97,93230097,2,adp,6,8.0,1086.9399999999998,1341.42,True,False
2023,Fantasy Football Calculator ADP,True,97,93230097,2,target_intel,2,10.0,1347.8599999999997,1730.02,True,False
2023,Fantasy Football Calculator ADP,True,97,93230097,2,model_only,5,7.0,1206.42,1554.0,True,False
2023,Fantasy Football Calculator ADP,True,98,93230098,3,adp,8,6.0,1127.9,1447.9399999999998,False,False
2023,Fantasy Football Calculator ADP,True,98,93230098,3,target_intel,3,8.0,1327.94,1539.5400000000004,True,False
2023,Fantasy Football Calculator ADP,True,98,93230098,3,model_only,10,5.0,1125.52,1453.2599999999998,False,False
2023,Fantasy Football Calculator ADP,True,99,93230099,4,adp,3,9.0,1330.94,1584.9599999999998,True,False
2023,Fantasy Football Calculator ADP,True,99,93230099,4,target_intel,5,8.0,1250.74,1501.1400000000003,True,False
2023,Fantasy Football Calculator ADP,True,99,93230099,4,model_only,11,3.0,1089.3400000000001,1438.4600000000003,False,False
2023,Fantasy Football Calculator ADP,True,100,93230100,5,adp,9,6.0,1113.1399999999999,1372.72,False,False
2023,Fantasy Football Calculator ADP,True,100,93230100,5,target_intel,6,8.0,1232.5400000000002,1472.64,True,False
2023,Fantasy Football Calculator ADP,True,100,93230100,5,model_only,11,5.0,1058.18,1390.4,False,False
2023,Fantasy Football Calculator ADP,True,101,93230101,6,adp,4,8.0,1204.3400000000001,1495.1800000000003,True,False
2023,Fantasy Football Calculator ADP,True,101,93230101,6,target_intel,4,9.0,1121.64,1365.04,True,False
2023,Fantasy Football Calculator ADP,True,101,93230101,6,model_only,10,6.0,1165.3200000000002,1458.3600000000001,False,False
2023,Fantasy Football Calculator ADP,True,102,93230102,7,adp,3,8.0,1265.5600000000002,1552.94,True,False
2023,Fantasy Football Calculator ADP,True,102,93230102,7,target_intel,1,9.0,1394.48,1783.38,True,False
2023,Fantasy Football Calculator ADP,True,102,93230102,7,model_only,5,8.0,1230.3400000000001,1575.4800000000002,True,False
2023,Fantasy Football Calculator ADP,True,103,93230103,8,adp,10,5.0,1119.0399999999997,1538.4400000000003,False,False
2023,Fantasy Football Calculator ADP,True,103,93230103,8,target_intel,5,7.0,1233.24,1500.2400000000002,True,False
2023,Fantasy Football Calculator ADP,True,103,93230103,8,model_only,11,4.0,1119.6800000000003,1509.1799999999998,False,False
2023,Fantasy Football Calculator ADP,True,104,93230104,9,adp,6,7.0,1259.82,1525.94,True,False
2023,Fantasy Football Calculator ADP,True,104,93230104,9,target_intel,8,5.0,1273.38,1511.9199999999998,False,False
2023,Fantasy Football Calculator ADP,True,104,93230104,9,model_only,5,8.0,1187.68,1501.4199999999998,True,False
2023,Fantasy Football Calculator ADP,True,105,93230105,10,adp,7,7.0,1174.24,1579.9800000000002,False,False
2023,Fantasy Football Calculator ADP,True,105,93230105,10,target_intel,4,9.0,1321.4199999999998,1613.2800000000002,True,False
2023,Fantasy Football Calculator ADP,True,105,93230105,10,model_only,4,8.0,1192.7800000000002,1513.3799999999999,True,False
2023,Fantasy Football Calculator ADP,True,106,93230106,11,adp,3,9.0,1277.4800000000002,1498.6600000000003,True,True
2023,Fantasy Football Calculator ADP,True,106,93230106,11,target_intel,2,10.0,1416.28,1702.9600000000003,True,True
2023,Fantasy Football Calculator ADP,True,106,93230106,11,model_only,12,3.0,1023.5400000000001,1396.98,False,False
2023,Fantasy Football Calculator ADP,True,107,93230107,12,adp,5,8.0,1144.96,1538.8200000000002,True,False
2023,Fantasy Football Calculator ADP,True,107,93230107,12,target_intel,2,9.0,1265.64,1521.8600000000001,True,False
2023,Fantasy Football Calculator ADP,True,107,93230107,12,model_only,7,7.0,1156.7600000000002,1484.6200000000001,False,False
2023,Fantasy Football Calculator ADP,True,108,93230108,1,adp,10,6.0,1025.88,1334.4399999999998,False,False
2023,Fantasy Football Calculator ADP,True,108,93230108,1,target_intel,4,8.0,1353.3400000000001,1576.6399999999999,True,False
2023,Fantasy Football Calculator ADP,True,108,93230108,1,model_only,4,8.0,1140.68,1453.7000000000003,True,False
2023,Fantasy Football Calculator ADP,True,109,93230109,2,adp,9,6.0,1022.4399999999999,1265.06,False,False
2023,Fantasy Football Calculator ADP,True,109,93230109,2,target_intel,2,9.0,1270.72,1563.48,True,False
2023,Fantasy Football Calculator ADP,True,109,93230109,2,model_only,7,7.0,1086.18,1392.12,False,False
2023,Fantasy Football Calculator ADP,True,110,93230110,3,adp,1,11.0,1340.9399999999998,1606.82,True,True
2023,Fantasy Football Calculator ADP,True,110,93230110,3,target_intel,6,7.0,1299.6400000000003,1550.24,True,False
2023,Fantasy Football Calculator ADP,True,110,93230110,3,model_only,7,7.0,1108.68,1392.8,False,False
2023,Fantasy Football Calculator ADP,True,111,93230111,4,adp,12,3.0,1105.6399999999999,1426.0800000000002,False,False
2023,Fantasy Football Calculator ADP,True,111,93230111,4,target_intel,5,8.0,1274.8400000000001,1485.24,True,False
2023,Fantasy Football Calculator ADP,True,111,93230111,4,model_only,12,4.0,1107.2799999999997,1467.8600000000001,False,False
2023,Fantasy Football Calculator ADP,True,112,93230112,5,adp,3,9.0,1300.2,1594.2400000000002,True,False
2023,Fantasy Football Calculator ADP,True,112,93230112,5,target_intel,5,9.0,1179.7,1407.2,True,False
2023,Fantasy Football Calculator ADP,True,112,93230112,5,model_only,5,7.0,1204.88,1513.46,True,False
2023,Fantasy Football Calculator ADP,True,113,93230113,6,adp,11,4.0,1096.38,1436.5799999999997,False,False
2023,Fantasy Football Calculator ADP,True,113,93230113,6,target_intel,1,11.0,1377.7,1696.6999999999998,True,False
2023,Fantasy Football Calculator ADP,True,113,93230113,6,model_only,10,5.0,1215.4799999999998,1579.18,False,False
2023,Fantasy Football Calculator ADP,True,114,93230114,7,adp,8,6.0,1192.88,1440.7799999999997,False,False
2023,Fantasy Football Calculator ADP,True,114,93230114,7,target_intel,5,8.0,1298.4399999999998,1476.5400000000002,True,False
2023,Fantasy Football Calculator ADP,True,114,93230114,7,model_only,9,5.0,1236.48,1531.68,False,False
2023,Fantasy Football Calculator ADP,True,115,93230115,8,adp,6,6.0,1240.4199999999998,1642.5,True,False
2023,Fantasy Football Calculator ADP,True,115,93230115,8,target_intel,4,9.0,1246.8400000000001,1537.4400000000003,True,True
2023,Fantasy Football Calculator ADP,True,115,93230115,8,model_only,10,5.0,1186.6200000000001,1549.0600000000002,False,False
2023,Fantasy Football Calculator ADP,True,116,93230116,9,adp,3,8.0,1326.16,1570.06,True,False
2023,Fantasy Football Calculator ADP,True,116,93230116,9,target_intel,8,6.0,1407.78,1684.9799999999998,False,False
2023,Fantasy Football Calculator ADP,True,116,93230116,9,model_only,10,5.0,1150.82,1518.1000000000001,False,False
2023,Fantasy Football Calculator ADP,True,117,93230117,10,adp,6,8.0,1298.66,1672.8799999999999,True,False
2023,Fantasy Football Calculator ADP,True,117,93230117,10,target_intel,4,8.0,1245.92,1533.68,True,False
2023,Fantasy Football Calculator ADP,True,117,93230117,10,model_only,11,4.0,1128.4799999999998,1458.1599999999996,False,False
2023,Fantasy Football Calculator ADP,True,118,93230118,11,adp,3,9.0,1219.9600000000003,1550.64,True,False
2023,Fantasy Football Calculator ADP,True,118,93230118,11,target_intel,3,8.0,1278.9400000000003,1521.5600000000002,True,False
2023,Fantasy Football Calculator ADP,True,118,93230118,11,model_only,10,5.0,1129.48,1496.0600000000002,False,False
2023,Fantasy Football Calculator ADP,True,119,93230119,12,adp,2,9.0,1355.68,1617.26,True,False
2023,Fantasy Football Calculator ADP,True,119,93230119,12,target_intel,1,10.0,1403.64,1628.84,True,False
2023,Fantasy Football Calculator ADP,True,119,93230119,12,model_only,11,5.0,1061.8999999999999,1404.02,False,False
2023,Fantasy Football Calculator ADP,True,120,93230120,1,adp,7,7.0,1234.6999999999998,1580.58,False,False
2023,Fantasy Football Calculator ADP,True,120,93230120,1,target_intel,10,6.0,1154.88,1451.6399999999999,False,False
2023,Fantasy Football Calculator ADP,True,120,93230120,1,model_only,4,8.0,1101.22,1400.3,True,False
2023,Fantasy Football Calculator ADP,True,121,93230121,2,adp,11,4.0,1094.0,1473.8,False,False
2023,Fantasy Football Calculator ADP,True,121,93230121,2,target_intel,7,7.0,1192.3999999999999,1476.3,False,False
2023,Fantasy Football Calculator ADP,True,121,93230121,2,model_only,11,5.0,1182.08,1555.58,False,False
2023,Fantasy Football Calculator ADP,True,122,93230122,3,adp,2,9.0,1385.42,1697.8400000000004,True,False
2023,Fantasy Football Calculator ADP,True,122,93230122,3,target_intel,4,9.0,1217.0800000000002,1541.04,True,False
2023,Fantasy Football Calculator ADP,True,122,93230122,3,model_only,3,10.0,1235.2800000000004,1525.68,True,False
2023,Fantasy Football Calculator ADP,True,123,93230123,4,adp,3,9.0,1354.08,1733.98,True,False
2023,Fantasy Football Calculator ADP,True,123,93230123,4,target_intel,5,7.0,1217.6000000000001,1637.1000000000001,True,False
2023,Fantasy Football Calculator ADP,True,123,93230123,4,model_only,12,4.0,1163.88,1570.2600000000002,False,False
2023,Fantasy Football Calculator ADP,True,124,93230124,5,adp,1,12.0,1475.9199999999998,1695.2000000000003,True,False
2023,Fantasy Football Calculator ADP,True,124,93230124,5,target_intel,8,7.0,1302.94,1619.1399999999999,False,False
2023,Fantasy Football Calculator ADP,True,124,93230124,5,model_only,5,7.0,1217.88,1467.38,True,False
2023,Fantasy Football Calculator ADP,True,125,93230125,6,adp,10,6.0,1094.58,1354.28,False,False
2023,Fantasy Football Calculator ADP,True,125,93230125,6,target_intel,1,10.0,1311.1,1576.6999999999998,True,False
2023,Fantasy Football Calculator ADP,True,125,93230125,6,model_only,11,4.0,1212.28,1470.22,False,False
2023,Fantasy Football Calculator ADP,True,126,93230126,7,adp,1,11.0,1266.36,1635.64,True,False
2023,Fantasy Football Calculator ADP,True,126,93230126,7,target_intel,3,8.0,1264.0799999999997,1523.54,True,False
2023,Fantasy Football Calculator ADP,True,126,93230126,7,model_only,4,9.0,1222.8800000000003,1538.6800000000003,True,False
2023,Fantasy Football Calculator ADP,True,127,93230127,8,adp,5,8.0,1239.7000000000005,1495.7800000000002,True,False
2023,Fantasy Football Calculator ADP,True,127,93230127,8,target_intel,2,10.0,1284.8799999999999,1559.02,True,True
2023,Fantasy Football Calculator ADP,True,127,93230127,8,model_only,12,4.0,1131.1799999999998,1502.3600000000001,False,False
2023,Fantasy Football Calculator ADP,True,128,93230128,9,adp,4,8.0,1233.18,1628.2399999999998,True,False
2023,Fantasy Football Calculator ADP,True,128,93230128,9,target_intel,4,8.0,1364.64,1592.6400000000003,True,False
2023,Fantasy Football Calculator ADP,True,128,93230128,9,model_only,3,8.0,1246.78,1565.9800000000002,True,False
2023,Fantasy Football Calculator ADP,True,129,93230129,10,adp,6,8.0,1195.8799999999999,1490.08,True,False
2023,Fantasy Football Calculator ADP,True,129,93230129,10,target_intel,2,11.0,1358.4399999999998,1725.46,True,False
2023,Fantasy Football Calculator ADP,True,129,93230129,10,model_only,9,7.0,1159.24,1465.6800000000003,False,False
2023,Fantasy Football Calculator ADP,True,130,93230130,11,adp,7,8.0,1072.3,1446.0800000000002,False,False
2023,Fantasy Football Calculator ADP,True,130,93230130,11,target_intel,5,8.0,1286.4600000000003,1510.6599999999999,True,False
2023,Fantasy Football Calculator ADP,True,130,93230130,11,model_only,9,6.0,1141.28,1416.3400000000001,False,False
2023,Fantasy Football Calculator ADP,True,131,93230131,12,adp,8,6.0,1147.12,1511.42,False,False
2023,Fantasy Football Calculator ADP,True,131,93230131,12,target_intel,2,9.0,1283.9999999999998,1563.46,True,False
2023,Fantasy Football Calculator ADP,True,131,93230131,12,model_only,11,4.0,1126.22,1493.62,False,False
2023,Fantasy Football Calculator ADP,True,132,93230132,1,adp,6,7.0,1144.4400000000003,1399.6399999999999,True,True
2023,Fantasy Football Calculator ADP,True,132,93230132,1,target_intel,12,4.0,1167.84,1430.1000000000001,False,False
2023,Fantasy Football Calculator ADP,True,132,93230132,1,model_only,9,5.0,1168.88,1453.6599999999999,False,False
2023,Fantasy Football Calculator ADP,True,133,93230133,2,adp,11,5.0,1101.4599999999998,1497.2599999999998,False,False
2023,Fantasy Football Calculator ADP,True,133,93230133,2,target_intel,6,7.0,1265.98,1486.34,True,True
2023,Fantasy Football Calculator ADP,True,133,93230133,2,model_only,12,4.0,1141.3800000000003,1485.8799999999999,False,False
2023,Fantasy Football Calculator ADP,True,134,93230134,3,adp,11,5.0,1063.8600000000001,1504.8,False,False
2023,Fantasy Football Calculator ADP,True,134,93230134,3,target_intel,10,5.0,1231.84,1462.52,False,False
2023,Fantasy Football Calculator ADP,True,134,93230134,3,model_only,12,6.0,1042.2,1369.78,False,False
2023,Fantasy Football Calculator ADP,True,135,93230135,4,adp,12,5.0,1074.6000000000001,1427.5800000000002,False,False
2023,Fantasy Football Calculator ADP,True,135,93230135,4,target_intel,3,9.0,1240.4399999999998,1540.3399999999997,True,False
2023,Fantasy Football Calculator ADP,True,135,93230135,4,model_only,2,9.0,1274.08,1575.6200000000001,True,False
2023,Fantasy Football Calculator ADP,True,136,93230136,5,adp,1,9.0,1314.2800000000002,1535.3,True,True
2023,Fantasy Football Calculator ADP,True,136,93230136,5,target_intel,7,7.0,1243.58,1489.8999999999999,False,False
2023,Fantasy Football Calculator ADP,True,136,93230136,5,model_only,10,5.0,1089.52,1397.64,False,False
2023,Fantasy Football Calculator ADP,True,137,93230137,6,adp,3,8.0,1288.72,1532.68,True,False
2023,Fantasy Football Calculator ADP,True,137,93230137,6,target_intel,5,7.0,1150.84,1399.44,True,False
2023,Fantasy Football Calculator ADP,True,137,93230137,6,model_only,12,4.0,1047.8200000000002,1386.5,False,False
2023,Fantasy Football Calculator ADP,True,138,93230138,7,adp,10,6.0,1129.44,1542.6800000000003,False,False
2023,Fantasy Football Calculator ADP,True,138,93230138,7,target_intel,2,9.0,1295.5800000000002,1637.7799999999997,True,False
2023,Fantasy Football Calculator ADP,True,138,93230138,7,model_only,7,7.0,1163.32,1581.8600000000001,False,False
2023,Fantasy Football Calculator ADP,True,139,93230139,8,adp,9,5.0,1153.3200000000002,1480.1400000000003,False,False
2023,Fantasy Football Calculator ADP,True,139,93230139,8,target_intel,6,6.0,1182.3400000000001,1556.0400000000002,True,False
2023,Fantasy Football Calculator ADP,True,139,93230139,8,model_only,12,4.0,1102.68,1357.8799999999999,False,False
2023,Fantasy Football Calculator ADP,True,140,93230140,9,adp,3,9.0,1290.06,1611.5200000000002,True,False
2023,Fantasy Football Calculator ADP,True,140,93230140,9,target_intel,9,6.0,1225.6000000000001,1557.8,False,False
2023,Fantasy Football Calculator ADP,True,140,93230140,9,model_only,7,8.0,1160.78,1455.58,False,False
2023,Fantasy Football Calculator ADP,True,141,93230141,10,adp,9,6.0,1191.5800000000002,1532.14,False,False
2023,Fantasy Football Calculator ADP,True,141,93230141,10,target_intel,3,8.0,1299.8200000000002,1496.0000000000002,True,False
2023,Fantasy Football Calculator ADP,True,141,93230141,10,model_only,8,7.0,1101.24,1327.5600000000002,False,False
2023,Fantasy Football Calculator ADP,True,142,93230142,11,adp,2,10.0,1281.58,1570.48,True,False
2023,Fantasy Football Calculator ADP,True,142,93230142,11,target_intel,1,12.0,1386.2000000000003,1682.0600000000002,True,True
2023,Fantasy Football Calculator ADP,True,142,93230142,11,model_only,10,5.0,1056.24,1510.1799999999998,False,False
2023,Fantasy Football Calculator ADP,True,143,93230143,12,adp,11,4.0,1133.26,1528.64,False,False
2023,Fantasy Football Calculator ADP,True,143,93230143,12,target_intel,4,8.0,1300.3799999999999,1583.74,True,False
2023,Fantasy Football Calculator ADP,True,143,93230143,12,model_only,5,8.0,1085.5000000000002,1491.18,True,False
2023,Fantasy Football Calculator ADP,True,144,93230144,1,adp,9,5.0,1114.1000000000001,1384.2600000000002,False,False
2023,Fantasy Football Calculator ADP,True,144,93230144,1,target_intel,3,9.0,1278.2,1606.5000000000002,True,False
2023,Fantasy Football Calculator ADP,True,144,93230144,1,model_only,8,6.0,1210.58,1503.1000000000004,False,False
2023,Fantasy Football Calculator ADP,True,145,93230145,2,adp,12,4.0,1051.86,1412.56,False,False
2023,Fantasy Football Calculator ADP,True,145,93230145,2,target_intel,1,10.0,1257.5399999999997,1599.5,True,False
2023,Fantasy Football Calculator ADP,True,145,93230145,2,model_only,11,4.0,1176.2800000000002,1477.08,False,False
2023,Fantasy Football Calculator ADP,True,146,93230146,3,adp,9,5.0,1212.3799999999999,1459.5800000000004,False,False
2023,Fantasy Football Calculator ADP,True,146,93230146,3,target_intel,8,7.0,1173.4,1537.4999999999998,False,False
2023,Fantasy Football Calculator ADP,True,146,93230146,3,model_only,11,4.0,1106.8799999999999,1428.0000000000002,False,False
2023,Fantasy Football Calculator ADP,True,147,93230147,4,adp,1,10.0,1316.28,1585.28,True,False
2023,Fantasy Football Calculator ADP,True,147,93230147,4,target_intel,1,11.0,1306.6,1625.0,True,False
2023,Fantasy Football Calculator ADP,True,147,93230147,4,model_only,5,8.0,1199.12,1525.66,True,False
2023,Fantasy Football Calculator ADP,True,148,93230148,5,adp,1,10.0,1361.82,1526.6400000000003,True,True
2023,Fantasy Football Calculator ADP,True,148,93230148,5,target_intel,2,9.0,1388.6800000000003,1602.24,True,False
2023,Fantasy Football Calculator ADP,True,148,93230148,5,model_only,6,7.0,1195.94,1499.08,True,False
2023,Fantasy Football Calculator ADP,True,149,93230149,6,adp,11,4.0,1116.0,1407.76,False,False
2023,Fantasy Football Calculator ADP,True,149,93230149,6,target_intel,2,9.0,1322.1799999999998,1553.1000000000001,True,False
2023,Fantasy Football Calculator ADP,True,149,93230149,6,model_only,8,6.0,1217.78,1480.7200000000003,False,False
2023,Fantasy Football Calculator ADP,True,150,93230150,7,adp,2,10.0,1287.76,1591.08,True,False
2023,Fantasy Football Calculator ADP,True,150,93230150,7,target_intel,1,11.0,1324.94,1653.7400000000002,True,False
2023,Fantasy Football Calculator ADP,True,150,93230150,7,model_only,12,5.0,1078.3799999999999,1336.96,False,False
2023,Fantasy Football Calculator ADP,True,151,93230151,8,adp,12,2.0,992.0799999999999,1275.6399999999999,False,False
2023,Fantasy Football Calculator ADP,True,151,93230151,8,target_intel,3,8.0,1401.8800000000003,1603.5799999999997,True,False
2023,Fantasy Football Calculator ADP,True,151,93230151,8,model_only,5,7.0,1105.62,1455.5600000000004,True,False
2023,Fantasy Football Calculator ADP,True,152,93230152,9,adp,3,8.0,1292.08,1503.5800000000004,True,True
2023,Fantasy Football Calculator ADP,True,152,93230152,9,target_intel,4,8.0,1304.1200000000001,1562.8200000000002,True,False
2023,Fantasy Football Calculator ADP,True,152,93230152,9,model_only,7,8.0,1135.5200000000002,1490.3600000000004,False,False
2023,Fantasy Football Calculator ADP,True,153,93230153,10,adp,11,5.0,974.4799999999999,1366.3799999999999,False,False
2023,Fantasy Football Calculator ADP,True,153,93230153,10,target_intel,1,10.0,1323.8000000000002,1702.66,True,False
2023,Fantasy Football Calculator ADP,True,153,93230153,10,model_only,9,6.0,1131.4399999999998,1532.7,False,False
2023,Fantasy Football Calculator ADP,True,154,93230154,11,adp,3,9.0,1288.48,1537.9599999999998,True,False
2023,Fantasy Football Calculator ADP,True,154,93230154,11,target_intel,4,8.0,1378.0800000000002,1573.0600000000002,True,False
2023,Fantasy Football Calculator ADP,True,154,93230154,11,model_only,9,6.0,1170.74,1528.8799999999999,False,False
2023,Fantasy Football Calculator ADP,True,155,93230155,12,adp,9,6.0,1327.1799999999998,1644.5600000000002,False,False
2023,Fantasy Football Calculator ADP,True,155,93230155,12,target_intel,3,9.0,1245.16,1589.1200000000001,True,False
2023,Fantasy Football Calculator ADP,True,155,93230155,12,model_only,11,5.0,1131.46,1554.12,False,False
2023,Fantasy Football Calculator ADP,True,156,93230156,1,adp,7,7.0,1200.3600000000001,1486.96,False,False
2023,Fantasy Football Calculator ADP,True,156,93230156,1,target_intel,9,6.0,1141.04,1468.4400000000005,False,False
2023,Fantasy Football Calculator ADP,True,156,93230156,1,model_only,9,6.0,1134.1799999999998,1473.5600000000002,False,False
2023,Fantasy Football Calculator ADP,True,157,93230157,2,adp,9,6.0,1090.7,1413.3799999999999,False,False
2023,Fantasy Football Calculator ADP,True,157,93230157,2,target_intel,1,11.0,1413.3,1716.3000000000004,True,True
2023,Fantasy Football Calculator ADP,True,157,93230157,2,model_only,12,3.0,1081.6799999999998,1442.9799999999998,False,False
2023,Fantasy Football Calculator ADP,True,158,93230158,3,adp,3,8.0,1207.2400000000002,1565.9600000000003,True,False
2023,Fantasy Football Calculator ADP,True,158,93230158,3,target_intel,8,7.0,1219.7400000000002,1465.4,False,False
2023,Fantasy Football Calculator ADP,True,158,93230158,3,model_only,9,6.0,1120.98,1502.8199999999997,False,False
2023,Fantasy Football Calculator ADP,True,159,93230159,4,adp,5,8.0,1239.1399999999999,1517.08,True,False
2023,Fantasy Football Calculator ADP,True,159,93230159,4,target_intel,3,8.0,1315.1400000000003,1516.04,True,True
2023,Fantasy Football Calculator ADP,True,159,93230159,4,model_only,7,7.0,1136.3799999999999,1533.8200000000004,False,False
2023,Fantasy Football Calculator ADP,True,160,93230160,5,adp,11,3.0,925.3600000000001,1217.4599999999998,False,False
2023,Fantasy Football Calculator ADP,True,160,93230160,5,target_intel,2,9.0,1291.04,1523.1399999999999,True,False
2023,Fantasy Football Calculator ADP,True,160,93230160,5,model_only,8,6.0,1114.7800000000002,1510.1799999999996,False,False
2023,Fantasy Football Calculator ADP,True,161,93230161,6,adp,1,12.0,1496.98,1799.18,True,True
2023,Fantasy Football Calculator ADP,True,161,93230161,6,target_intel,3,8.0,1330.88,1590.88,True,False
2023,Fantasy Football Calculator ADP,True,161,93230161,6,model_only,8,6.0,1235.28,1534.82,False,False
2023,Fantasy Football Calculator ADP,True,162,93230162,7,adp,3,10.0,1238.68,1500.96,True,False
2023,Fantasy Football Calculator ADP,True,162,93230162,7,target_intel,4,8.0,1175.3799999999999,1541.28,True,False
2023,Fantasy Football Calculator ADP,True,162,93230162,7,model_only,4,9.0,1293.68,1574.0800000000002,True,False
2023,Fantasy Football Calculator ADP,True,163,93230163,8,adp,5,7.0,1226.4799999999998,1481.06,True,False
2023,Fantasy Football Calculator ADP,True,163,93230163,8,target_intel,3,9.0,1290.6399999999999,1585.64,True,False
2023,Fantasy Football Calculator ADP,True,163,93230163,8,model_only,9,5.0,1070.34,1460.98,False,False
2023,Fantasy Football Calculator ADP,True,164,93230164,9,adp,10,6.0,1082.0800000000002,1436.48,False,False
2023,Fantasy Football Calculator ADP,True,164,93230164,9,target_intel,1,10.0,1325.8400000000001,1663.42,True,False
2023,Fantasy Football Calculator ADP,True,164,93230164,9,model_only,10,6.0,1042.7200000000003,1417.5600000000004,False,False
2023,Fantasy Football Calculator ADP,True,165,93230165,10,adp,7,8.0,1173.8,1450.42,False,False
2023,Fantasy Football Calculator ADP,True,165,93230165,10,target_intel,1,9.0,1349.7000000000003,1670.4599999999996,True,False
2023,Fantasy Football Calculator ADP,True,165,93230165,10,model_only,10,6.0,1084.14,1411.28,False,False
2023,Fantasy Football Calculator ADP,True,166,93230166,11,adp,3,9.0,1278.44,1567.1,True,False
2023,Fantasy Football Calculator ADP,True,166,93230166,11,target_intel,6,7.0,1258.6000000000001,1572.5400000000002,True,False
2023,Fantasy Football Calculator ADP,True,166,93230166,11,model_only,12,3.0,1067.0800000000002,1427.68,False,False
2023,Fantasy Football Calculator ADP,True,167,93230167,12,adp,10,5.0,1124.5,1434.18,False,False
2023,Fantasy Football Calculator ADP,True,167,93230167,12,target_intel,2,10.0,1429.0000000000002,1757.8600000000001,True,False
2023,Fantasy Football Calculator ADP,True,167,93230167,12,model_only,9,6.0,1039.42,1399.72,False,False
2023,Fantasy Football Calculator ADP,True,168,93230168,1,adp,10,6.0,1016.8200000000002,1387.3600000000001,False,False
2023,Fantasy Football Calculator ADP,True,168,93230168,1,target_intel,10,5.0,1219.7400000000002,1458.34,False,False
2023,Fantasy Football Calculator ADP,True,168,93230168,1,model_only,8,7.0,1141.98,1492.98,False,False
2023,Fantasy Football Calculator ADP,True,169,93230169,2,adp,12,3.0,1053.06,1432.8,False,False
2023,Fantasy Football Calculator ADP,True,169,93230169,2,target_intel,5,8.0,1293.18,1467.8,True,False
2023,Fantasy Football Calculator ADP,True,169,93230169,2,model_only,11,5.0,1111.78,1498.6000000000001,False,False
2023,Fantasy Football Calculator ADP,True,170,93230170,3,adp,12,3.0,941.32,1276.48,False,False
2023,Fantasy Football Calculator ADP,True,170,93230170,3,target_intel,2,10.0,1292.04,1648.8399999999997,True,False
2023,Fantasy Football Calculator ADP,True,170,93230170,3,model_only,10,6.0,1137.94,1475.8600000000004,False,False
2023,Fantasy Football Calculator ADP,True,171,93230171,4,adp,12,5.0,1088.4999999999998,1442.54,False,False
2023,Fantasy Football Calculator ADP,True,171,93230171,4,target_intel,1,11.0,1296.54,1545.2400000000002,True,False
2023,Fantasy Football Calculator ADP,True,171,93230171,4,model_only,9,6.0,1108.92,1489.8,False,False
2023,Fantasy Football Calculator ADP,True,172,93230172,5,adp,4,8.0,1276.9,1656.1,True,False
2023,Fantasy Football Calculator ADP,True,172,93230172,5,target_intel,7,7.0,1213.88,1456.4800000000002,False,False
2023,Fantasy Football Calculator ADP,True,172,93230172,5,model_only,5,8.0,1266.78,1584.5800000000002,True,False
2023,Fantasy Football Calculator ADP,True,173,93230173,6,adp,10,6.0,1164.78,1391.06,False,False
2023,Fantasy Football Calculator ADP,True,173,93230173,6,target_intel,2,10.0,1323.62,1598.6,True,True
2023,Fantasy Football Calculator ADP,True,173,93230173,6,model_only,11,4.0,996.24,1414.74,False,False
2023,Fantasy Football Calculator ADP,True,174,93230174,7,adp,5,8.0,1265.0000000000002,1560.4800000000002,True,False
2023,Fantasy Football Calculator ADP,True,174,93230174,7,target_intel,6,7.0,1172.24,1488.62,True,False
2023,Fantasy Football Calculator ADP,True,174,93230174,7,model_only,2,9.0,1249.22,1538.3000000000002,True,False
2023,Fantasy Football Calculator ADP,True,175,93230175,8,adp,9,7.0,1090.3600000000001,1419.6200000000001,False,False
2023,Fantasy Football Calculator ADP,True,175,93230175,8,target_intel,8,7.0,1267.66,1591.0400000000002,False,False
2023,Fantasy Football Calculator ADP,True,175,93230175,8,model_only,8,6.0,1142.28,1510.38,False,False
2023,Fantasy Football Calculator ADP,True,176,93230176,9,adp,8,7.0,1109.32,1393.7200000000003,False,False
2023,Fantasy Football Calculator ADP,True,176,93230176,9,target_intel,4,7.0,1328.38,1655.92,True,False
2023,Fantasy Football Calculator ADP,True,176,93230176,9,model_only,4,9.0,1142.6399999999999,1467.0200000000002,True,False
2023,Fantasy Football Calculator ADP,True,177,93230177,10,adp,12,4.0,1140.46,1435.4,False,False
2023,Fantasy Football Calculator ADP,True,177,93230177,10,target_intel,4,8.0,1229.8800000000003,1499.8800000000003,True,False
2023,Fantasy Football Calculator ADP,True,177,93230177,10,model_only,8,6.0,1192.2800000000002,1603.4599999999998,False,False
2023,Fantasy Football Calculator ADP,True,178,93230178,11,adp,10,6.0,1006.0800000000002,1335.8600000000001,False,False
2023,Fantasy Football Calculator ADP,True,178,93230178,11,target_intel,4,8.0,1266.96,1623.32,True,False
2023,Fantasy Football Calculator ADP,True,178,93230178,11,model_only,10,5.0,1196.1799999999998,1491.3600000000001,False,False
2023,Fantasy Football Calculator ADP,True,179,93230179,12,adp,10,5.0,1191.62,1406.48,False,False
2023,Fantasy Football Calculator ADP,True,179,93230179,12,target_intel,5,8.0,1311.9800000000002,1636.7800000000002,True,True
2023,Fantasy Football Calculator ADP,True,179,93230179,12,model_only,10,6.0,1092.3600000000001,1402.2199999999998,False,False
2023,Fantasy Football Calculator ADP,True,180,93230180,1,adp,6,7.0,1267.4,1517.82,True,True
2023,Fantasy Football Calculator ADP,True,180,93230180,1,target_intel,6,7.0,1256.18,1491.8400000000001,True,False
2023,Fantasy Football Calculator ADP,True,180,93230180,1,model_only,7,8.0,1113.72,1457.34,False,False
2023,Fantasy Football Calculator ADP,True,181,93230181,2,adp,11,6.0,1037.06,1321.98,False,False
2023,Fantasy Football Calculator ADP,True,181,93230181,2,target_intel,4,9.0,1233.2,1464.1,True,False
2023,Fantasy Football Calculator ADP,True,181,93230181,2,model_only,3,9.0,1185.5800000000002,1438.0199999999998,True,False
2023,Fantasy Football Calculator ADP,True,182,93230182,3,adp,7,7.0,1143.7600000000002,1541.0000000000002,False,False
2023,Fantasy Football Calculator ADP,True,182,93230182,3,target_intel,1,9.0,1375.24,1661.0399999999997,True,False
2023,Fantasy Football Calculator ADP,True,182,93230182,3,model_only,8,6.0,1101.8400000000001,1453.6800000000003,False,False
2023,Fantasy Football Calculator ADP,True,183,93230183,4,adp,5,8.0,1220.08,1393.7000000000003,True,False
2023,Fantasy Football Calculator ADP,True,183,93230183,4,target_intel,3,9.0,1285.04,1689.1399999999999,True,False
2023,Fantasy Football Calculator ADP,True,183,93230183,4,model_only,9,7.0,1209.28,1521.18,False,False
2023,Fantasy Football Calculator ADP,True,184,93230184,5,adp,5,8.0,1144.7800000000002,1370.6600000000003,True,False
2023,Fantasy Football Calculator ADP,True,184,93230184,5,target_intel,1,12.0,1315.06,1523.1600000000003,True,False
2023,Fantasy Football Calculator ADP,True,184,93230184,5,model_only,6,8.0,1171.98,1463.0800000000002,True,False
2023,Fantasy Football Calculator ADP,True,185,93230185,6,adp,12,3.0,1154.8200000000004,1443.8799999999999,False,False
2023,Fantasy Football Calculator ADP,True,185,93230185,6,target_intel,2,11.0,1383.18,1631.98,True,True
2023,Fantasy Football Calculator ADP,True,185,93230185,6,model_only,8,7.0,1119.28,1436.28,False,False
2023,Fantasy Football Calculator ADP,True,186,93230186,7,adp,1,11.0,1395.68,1549.52,True,True
2023,Fantasy Football Calculator ADP,True,186,93230186,7,target_intel,8,6.0,1224.2,1466.9,False,False
2023,Fantasy Football Calculator ADP,True,186,93230186,7,model_only,11,5.0,1016.9800000000002,1439.9799999999998,False,False
2023,Fantasy Football Calculator ADP,True,187,93230187,8,adp,11,4.0,1123.9,1521.7,False,False
2023,Fantasy Football Calculator ADP,True,187,93230187,8,target_intel,1,11.0,1425.68,1677.2600000000002,True,False
2023,Fantasy Football Calculator ADP,True,187,93230187,8,model_only,11,5.0,1147.3400000000001,1520.48,False,False
2023,Fantasy Football Calculator ADP,True,188,93230188,9,adp,1,10.0,1294.7600000000002,1629.56,True,False
2023,Fantasy Football Calculator ADP,True,188,93230188,9,target_intel,1,10.0,1419.5800000000004,1741.8600000000001,True,True
2023,Fantasy Football Calculator ADP,True,188,93230188,9,model_only,9,6.0,1120.7800000000002,1487.78,False,False
2023,Fantasy Football Calculator ADP,True,189,93230189,10,adp,6,8.0,1166.8400000000001,1563.6200000000001,True,False
2023,Fantasy Football Calculator ADP,True,189,93230189,10,target_intel,2,9.0,1320.2799999999997,1731.16,True,False
2023,Fantasy Football Calculator ADP,True,189,93230189,10,model_only,6,7.0,1184.28,1508.6799999999998,True,False
2023,Fantasy Football Calculator ADP,True,190,93230190,11,adp,11,4.0,1064.12,1538.6,False,False
2023,Fantasy Football Calculator ADP,True,190,93230190,11,target_intel,3,8.0,1246.8200000000002,1634.3600000000001,True,False
2023,Fantasy Football Calculator ADP,True,190,93230190,11,model_only,12,3.0,1066.9800000000002,1446.48,False,False
2023,Fantasy Football Calculator ADP,True,191,93230191,12,adp,4,8.0,1237.5800000000002,1617.4400000000003,True,True
2023,Fantasy Football Calculator ADP,True,191,93230191,12,target_intel,1,12.0,1426.48,1761.74,True,True
2023,Fantasy Football Calculator ADP,True,191,93230191,12,model_only,4,8.0,1151.0600000000002,1498.02,True,False
2023,Fantasy Football Calculator ADP,True,192,93230192,1,adp,12,6.0,1037.5,1375.1799999999998,False,False
2023,Fantasy Football Calculator ADP,True,192,93230192,1,target_intel,3,9.0,1270.82,1525.44,True,False
2023,Fantasy Football Calculator ADP,True,192,93230192,1,model_only,7,6.0,1171.1200000000001,1521.1,False,False
2023,Fantasy Football Calculator ADP,True,193,93230193,2,adp,1,10.0,1283.2400000000002,1594.1200000000001,True,False
2023,Fantasy Football Calculator ADP,True,193,93230193,2,target_intel,2,11.0,1268.84,1586.4399999999998,True,False
2023,Fantasy Football Calculator ADP,True,193,93230193,2,model_only,11,5.0,1045.6399999999999,1401.7399999999998,False,False
2023,Fantasy Football Calculator ADP,True,194,93230194,3,adp,7,7.0,1103.68,1409.6200000000001,False,False
2023,Fantasy Football Calculator ADP,True,194,93230194,3,target_intel,5,8.0,1115.0800000000002,1330.34,True,False
2023,Fantasy Football Calculator ADP,True,194,93230194,3,model_only,7,6.0,1187.94,1549.08,False,False
2023,Fantasy Football Calculator ADP,True,195,93230195,4,adp,11,3.0,934.02,1307.0800000000002,False,False
2023,Fantasy Football Calculator ADP,True,195,93230195,4,target_intel,3,9.0,1296.6,1576.9999999999998,True,False
2023,Fantasy Football Calculator ADP,True,195,93230195,4,model_only,9,5.0,1173.92,1452.0800000000002,False,False
2023,Fantasy Football Calculator ADP,True,196,93230196,5,adp,11,6.0,1059.98,1501.04,False,False
2023,Fantasy Football Calculator ADP,True,196,93230196,5,target_intel,9,5.0,1170.68,1437.64,False,False
2023,Fantasy Football Calculator ADP,True,196,93230196,5,model_only,10,5.0,1135.64,1434.16,False,False
2023,Fantasy Football Calculator ADP,True,197,93230197,6,adp,1,10.0,1289.1000000000001,1567.28,True,False
2023,Fantasy Football Calculator ADP,True,197,93230197,6,target_intel,4,9.0,1285.8400000000001,1551.14,True,False
2023,Fantasy Football Calculator ADP,True,197,93230197,6,model_only,10,6.0,1087.0800000000002,1464.3799999999999,False,False
2023,Fantasy Football Calculator ADP,True,198,93230198,7,adp,12,3.0,1084.56,1389.58,False,False
2023,Fantasy Football Calculator ADP,True,198,93230198,7,target_intel,6,7.0,1187.5400000000002,1456.1599999999999,True,False
2023,Fantasy Football Calculator ADP,True,198,93230198,7,model_only,8,5.0,1218.38,1481.0800000000002,False,False
2023,Fantasy Football Calculator ADP,True,199,93230199,8,adp,9,6.0,1218.14,1518.48,False,False
2023,Fantasy Football Calculator ADP,True,199,93230199,8,target_intel,4,8.0,1304.08,1537.28,True,False
2023,Fantasy Football Calculator ADP,True,199,93230199,8,model_only,12,4.0,1094.4800000000002,1385.88,False,False
2023,Fantasy Football Calculator ADP,True,200,93230200,9,adp,7,7.0,1283.7800000000002,1593.1,False,False
2023,Fantasy Football Calculator ADP,True,200,93230200,9,target_intel,3,10.0,1323.58,1584.1799999999998,True,True
2023,Fantasy Football Calculator ADP,True,200,93230200,9,model_only,5,9.0,1196.08,1519.8600000000001,True,False
2023,Fantasy Football Calculator ADP,True,201,93230201,10,adp,8,6.0,1205.5800000000002,1472.1399999999999,False,False
2023,Fantasy Football Calculator ADP,True,201,93230201,10,target_intel,10,5.0,1296.96,1615.7200000000003,False,False
2023,Fantasy Football Calculator ADP,True,201,93230201,10,model_only,11,4.0,1075.88,1441.0200000000002,False,False
2023,Fantasy Football Calculator ADP,True,202,93230202,11,adp,2,9.0,1237.8999999999999,1451.02,True,False
2023,Fantasy Football Calculator ADP,True,202,93230202,11,target_intel,6,7.0,1189.62,1504.6800000000003,True,False
2023,Fantasy Football Calculator ADP,True,202,93230202,11,model_only,11,4.0,1067.0600000000002,1409.5,False,False
2023,Fantasy Football Calculator ADP,True,203,93230203,12,adp,11,5.0,1124.68,1417.76,False,False
2023,Fantasy Football Calculator ADP,True,203,93230203,12,target_intel,1,11.0,1407.1800000000003,1695.8000000000004,True,False
2023,Fantasy Football Calculator ADP,True,203,93230203,12,model_only,7,7.0,1170.48,1479.0,False,False
2023,Fantasy Football Calculator ADP,True,204,93230204,1,adp,12,1.0,976.14,1333.9199999999996,False,False
2023,Fantasy Football Calculator ADP,True,204,93230204,1,target_intel,2,9.0,1358.5400000000002,1559.9399999999998,True,False
2023,Fantasy Football Calculator ADP,True,204,93230204,1,model_only,11,4.0,1031.2800000000002,1385.58,False,False
2023,Fantasy Football Calculator ADP,True,205,93230205,2,adp,1,11.0,1331.92,1721.0400000000004,True,False
2023,Fantasy Football Calculator ADP,True,205,93230205,2,target_intel,5,8.0,1248.6200000000001,1501.38,True,False
2023,Fantasy Football Calculator ADP,True,205,93230205,2,model_only,12,4.0,1080.1799999999998,1395.68,False,False
2023,Fantasy Football Calculator ADP,True,206,93230206,3,adp,6,6.0,1173.5600000000002,1418.3799999999999,True,True
2023,Fantasy Football Calculator ADP,True,206,93230206,3,target_intel,4,9.0,1194.6399999999999,1550.5,True,False
2023,Fantasy Football Calculator ADP,True,206,93230206,3,model_only,11,4.0,1162.68,1502.5200000000002,False,False
2023,Fantasy Football Calculator ADP,True,207,93230207,4,adp,8,6.0,1158.72,1462.5800000000002,False,False
2023,Fantasy Football Calculator ADP,True,207,93230207,4,target_intel,9,5.0,1250.7400000000002,1522.24,False,False
2023,Fantasy Football Calculator ADP,True,207,93230207,4,model_only,5,7.0,1291.82,1603.1600000000003,True,False
2023,Fantasy Football Calculator ADP,True,208,93230208,5,adp,3,9.0,1416.0,1657.1799999999998,True,True
2023,Fantasy Football Calculator ADP,True,208,93230208,5,target_intel,8,6.0,1228.4400000000003,1510.2400000000005,False,False
2023,Fantasy Football Calculator ADP,True,208,93230208,5,model_only,9,6.0,1140.0800000000002,1466.08,False,False
2023,Fantasy Football Calculator ADP,True,209,93230209,6,adp,8,7.0,1021.6400000000001,1373.88,False,False
2023,Fantasy Football Calculator ADP,True,209,93230209,6,target_intel,2,9.0,1274.94,1591.6000000000001,True,True
2023,Fantasy Football Calculator ADP,True,209,93230209,6,model_only,12,5.0,1166.18,1570.9799999999998,False,False
2023,Fantasy Football Calculator ADP,True,210,93230210,7,adp,4,7.0,1269.5800000000002,1600.7200000000003,True,False
2023,Fantasy Football Calculator ADP,True,210,93230210,7,target_intel,6,7.0,1263.52,1470.4199999999996,True,False
2023,Fantasy Football Calculator ADP,True,210,93230210,7,model_only,10,6.0,1131.0800000000002,1501.4799999999998,False,False
2023,Fantasy Football Calculator ADP,True,211,93230211,8,adp,10,6.0,1127.6599999999999,1401.6600000000003,False,False
2023,Fantasy Football Calculator ADP,True,211,93230211,8,target_intel,7,7.0,1189.3200000000002,1453.1,False,False
2023,Fantasy Football Calculator ADP,True,211,93230211,8,model_only,10,5.0,1099.2,1504.7399999999998,False,False
2023,Fantasy Football Calculator ADP,True,212,93230212,9,adp,11,5.0,1083.3,1362.3400000000001,False,False
2023,Fantasy Football Calculator ADP,True,212,93230212,9,target_intel,2,9.0,1381.18,1676.02,True,True
2023,Fantasy Football Calculator ADP,True,212,93230212,9,model_only,12,2.0,1028.7,1368.68,False,False
2023,Fantasy Football Calculator ADP,True,213,93230213,10,adp,8,6.0,1169.38,1491.8800000000003,False,False
2023,Fantasy Football Calculator ADP,True,213,93230213,10,target_intel,6,7.0,1285.94,1611.62,True,False
2023,Fantasy Football Calculator ADP,True,213,93230213,10,model_only,10,6.0,1184.6200000000001,1452.56,False,False
2023,Fantasy Football Calculator ADP,True,214,93230214,11,adp,2,9.0,1198.0800000000002,1556.2200000000003,True,True
2023,Fantasy Football Calculator ADP,True,214,93230214,11,target_intel,2,9.0,1302.4600000000003,1581.64,True,False
2023,Fantasy Football Calculator ADP,True,214,93230214,11,model_only,9,6.0,1083.1200000000001,1423.3200000000002,False,False
2023,Fantasy Football Calculator ADP,True,215,93230215,12,adp,10,6.0,1008.0600000000001,1275.6,False,False
2023,Fantasy Football Calculator ADP,True,215,93230215,12,target_intel,3,9.0,1271.0600000000002,1675.22,True,False
2023,Fantasy Football Calculator ADP,True,215,93230215,12,model_only,11,5.0,1061.0,1440.6000000000001,False,False
2023,Fantasy Football Calculator ADP,True,216,93230216,1,adp,1,11.0,1309.04,1590.76,True,True
2023,Fantasy Football Calculator ADP,True,216,93230216,1,target_intel,4,9.0,1204.2400000000002,1470.74,True,False
2023,Fantasy Football Calculator ADP,True,216,93230216,1,model_only,8,6.0,1057.3200000000002,1417.1,False,False
2023,Fantasy Football Calculator ADP,True,217,93230217,2,adp,7,6.0,1199.96,1580.0400000000002,False,False
2023,Fantasy Football Calculator ADP,True,217,93230217,2,target_intel,7,7.0,1307.5,1593.4,False,False
2023,Fantasy Football Calculator ADP,True,217,93230217,2,model_only,8,7.0,1094.68,1448.48,False,False
2023,Fantasy Football Calculator ADP,True,218,93230218,3,adp,12,4.0,987.26,1310.42,False,False
2023,Fantasy Football Calculator ADP,True,218,93230218,3,target_intel,3,8.0,1294.04,1538.8400000000001,True,False
2023,Fantasy Football Calculator ADP,True,218,93230218,3,model_only,9,6.0,1181.7800000000002,1508.18,False,False
2023,Fantasy Football Calculator ADP,True,219,93230219,4,adp,1,10.0,1385.6799999999998,1687.72,True,False
2023,Fantasy Football Calculator ADP,True,219,93230219,4,target_intel,6,6.0,1189.4199999999998,1574.3999999999999,True,False
2023,Fantasy Football Calculator ADP,True,219,93230219,4,model_only,9,7.0,1154.24,1485.08,False,False
2023,Fantasy Football Calculator ADP,True,220,93230220,5,adp,11,4.0,1127.8400000000004,1450.44,False,False
2023,Fantasy Football Calculator ADP,True,220,93230220,5,target_intel,2,9.0,1298.8400000000001,1602.54,True,True
2023,Fantasy Football Calculator ADP,True,220,93230220,5,model_only,6,8.0,1210.7200000000003,1531.3000000000004,True,False
2023,Fantasy Football Calculator ADP,True,221,93230221,6,adp,12,3.0,1068.3999999999999,1424.64,False,False
2023,Fantasy Football Calculator ADP,True,221,93230221,6,target_intel,8,6.0,1164.0200000000002,1451.2000000000003,False,False
2023,Fantasy Football Calculator ADP,True,221,93230221,6,model_only,5,7.0,1103.18,1386.5800000000002,True,False
2023,Fantasy Football Calculator ADP,True,222,93230222,7,adp,10,5.0,1241.2,1545.6800000000003,False,False
2023,Fantasy Football Calculator ADP,True,222,93230222,7,target_intel,10,6.0,1180.3400000000001,1498.2800000000002,False,False
2023,Fantasy Football Calculator ADP,True,222,93230222,7,model_only,12,4.0,997.5800000000002,1453.9800000000002,False,False
2023,Fantasy Football Calculator ADP,True,223,93230223,8,adp,1,10.0,1431.98,1648.06,True,True
2023,Fantasy Football Calculator ADP,True,223,93230223,8,target_intel,3,9.0,1359.26,1611.4200000000003,True,False
2023,Fantasy Football Calculator ADP,True,223,93230223,8,model_only,10,5.0,1126.3200000000002,1416.8600000000001,False,False
2023,Fantasy Football Calculator ADP,True,224,93230224,9,adp,10,6.0,1111.68,1413.96,False,False
2023,Fantasy Football Calculator ADP,True,224,93230224,9,target_intel,6,7.0,1259.64,1621.1399999999999,True,False
2023,Fantasy Football Calculator ADP,True,224,93230224,9,model_only,8,6.0,1084.78,1419.7799999999997,False,False
2023,Fantasy Football Calculator ADP,True,225,93230225,10,adp,5,7.0,1286.0599999999997,1518.52,True,False
2023,Fantasy Football Calculator ADP,True,225,93230225,10,target_intel,1,10.0,1372.4800000000002,1688.54,True,False
2023,Fantasy Football Calculator ADP,True,225,93230225,10,model_only,9,6.0,1111.84,1476.0399999999997,False,False
2023,Fantasy Football Calculator ADP,True,226,93230226,11,adp,10,5.0,1035.68,1376.5800000000002,False,False
2023,Fantasy Football Calculator ADP,True,226,93230226,11,target_intel,3,9.0,1283.0200000000002,1655.24,True,False
2023,Fantasy Football Calculator ADP,True,226,93230226,11,model_only,1,11.0,1158.42,1496.12,True,False
2023,Fantasy Football Calculator ADP,True,227,93230227,12,adp,11,6.0,952.1800000000001,1291.72,False,False
2023,Fantasy Football Calculator ADP,True,227,93230227,12,target_intel,12,4.0,1094.78,1397.92,False,False
2023,Fantasy Football Calculator ADP,True,227,93230227,12,model_only,12,4.0,1035.52,1403.44,False,False
2023,Fantasy Football Calculator ADP,True,228,93230228,1,adp,10,6.0,999.4000000000001,1286.62,False,False
2023,Fantasy Football Calculator ADP,True,228,93230228,1,target_intel,2,10.0,1340.1399999999999,1601.54,True,False
2023,Fantasy Football Calculator ADP,True,228,93230228,1,model_only,11,5.0,1081.88,1409.72,False,False
2023,Fantasy Football Calculator ADP,True,229,93230229,2,adp,8,6.0,1274.2800000000002,1664.3399999999997,False,False
2023,Fantasy Football Calculator ADP,True,229,93230229,2,target_intel,10,5.0,1198.02,1529.08,False,False
2023,Fantasy Football Calculator ADP,True,229,93230229,2,model_only,10,5.0,1117.8800000000003,1411.58,False,False
2023,Fantasy Football Calculator ADP,True,230,93230230,3,adp,4,9.0,1171.9199999999998,1424.2,True,False
2023,Fantasy Football Calculator ADP,True,230,93230230,3,target_intel,7,7.0,1202.8400000000001,1408.9,False,False
2023,Fantasy Football Calculator ADP,True,230,93230230,3,model_only,8,6.0,1204.8199999999997,1550.86,False,False
2023,Fantasy Football Calculator ADP,True,231,93230231,4,adp,10,5.0,1078.3,1317.6999999999998,False,False
2023,Fantasy Football Calculator ADP,True,231,93230231,4,target_intel,11,5.0,1255.6999999999998,1609.7,False,False
2023,Fantasy Football Calculator ADP,True,231,93230231,4,model_only,7,7.0,1113.78,1389.86,False,False
2023,Fantasy Football Calculator ADP,True,232,93230232,5,adp,2,9.0,1343.7799999999997,1567.9400000000003,True,True
2023,Fantasy Football Calculator ADP,True,232,93230232,5,target_intel,1,9.0,1364.42,1562.28,True,False
2023,Fantasy Football Calculator ADP,True,232,93230232,5,model_only,7,7.0,1156.28,1508.32,False,False
2023,Fantasy Football Calculator ADP,True,233,93230233,6,adp,11,4.0,1149.3600000000001,1576.6000000000001,False,False
2023,Fantasy Football Calculator ADP,True,233,93230233,6,target_intel,4,8.0,1135.3999999999999,1454.4000000000003,True,False
2023,Fantasy Football Calculator ADP,True,233,93230233,6,model_only,6,8.0,1148.92,1517.86,True,False
2023,Fantasy Football Calculator ADP,True,234,93230234,7,adp,1,12.0,1434.4800000000002,1678.3600000000001,True,True
2023,Fantasy Football Calculator ADP,True,234,93230234,7,target_intel,11,5.0,1166.7000000000003,1422.6,False,False
2023,Fantasy Football Calculator ADP,True,234,93230234,7,model_only,10,4.0,1028.38,1454.38,False,False
2023,Fantasy Football Calculator ADP,True,235,93230235,8,adp,6,7.0,1288.24,1503.2799999999997,True,False
2023,Fantasy Football Calculator ADP,True,235,93230235,8,target_intel,2,9.0,1175.8400000000001,1547.1,True,False
2023,Fantasy Football Calculator ADP,True,235,93230235,8,model_only,5,9.0,1154.5800000000002,1499.78,True,False
2023,Fantasy Football Calculator ADP,True,236,93230236,9,adp,7,7.0,1318.48,1610.2600000000002,False,False
2023,Fantasy Football Calculator ADP,True,236,93230236,9,target_intel,1,10.0,1175.24,1452.2400000000002,True,False
2023,Fantasy Football Calculator ADP,True,236,93230236,9,model_only,9,6.0,1143.48,1530.0800000000002,False,False
2023,Fantasy Football Calculator ADP,True,237,93230237,10,adp,7,6.0,1173.1599999999999,1479.32,False,False
2023,Fantasy Football Calculator ADP,True,237,93230237,10,target_intel,3,9.0,1273.84,1635.0400000000002,True,False
2023,Fantasy Football Calculator ADP,True,237,93230237,10,model_only,8,6.0,1193.44,1461.18,False,False
2023,Fantasy Football Calculator ADP,True,238,93230238,11,adp,8,6.0,1068.16,1389.7199999999998,False,False
2023,Fantasy Football Calculator ADP,True,238,93230238,11,target_intel,5,8.0,1245.3200000000002,1524.1,True,False
2023,Fantasy Football Calculator ADP,True,238,93230238,11,model_only,5,8.0,1144.7800000000002,1452.66,True,False
2023,Fantasy Football Calculator ADP,True,239,93230239,12,adp,12,4.0,951.8799999999999,1223.66,False,False
2023,Fantasy Football Calculator ADP,True,239,93230239,12,target_intel,1,11.0,1429.78,1734.4599999999996,True,True
2023,Fantasy Football Calculator ADP,True,239,93230239,12,model_only,12,4.0,989.3,1350.98,False,False
2023,Fantasy Football Calculator ADP,True,240,93230240,1,adp,12,3.0,1030.7,1426.28,False,False
2023,Fantasy Football Calculator ADP,True,240,93230240,1,target_intel,5,8.0,1135.56,1392.7000000000003,True,False
2023,Fantasy Football Calculator ADP,True,240,93230240,1,model_only,8,6.0,1103.4799999999998,1383.28,False,False
2023,Fantasy Football Calculator ADP,True,241,93230241,2,adp,12,2.0,969.7799999999999,1215.54,False,False
2023,Fantasy Football Calculator ADP,True,241,93230241,2,target_intel,10,5.0,1230.5800000000002,1490.84,False,False
2023,Fantasy Football Calculator ADP,True,241,93230241,2,model_only,8,6.0,1103.48,1521.32,False,False
2023,Fantasy Football Calculator ADP,True,242,93230242,3,adp,9,6.0,1045.08,1345.6200000000001,False,False
2023,Fantasy Football Calculator ADP,True,242,93230242,3,target_intel,4,7.0,1325.0400000000002,1587.44,True,False
2023,Fantasy Football Calculator ADP,True,242,93230242,3,model_only,7,7.0,1193.28,1516.2,False,False
2023,Fantasy Football Calculator ADP,True,243,93230243,4,adp,3,8.0,1228.2799999999997,1541.96,True,False
2023,Fantasy Football Calculator ADP,True,243,93230243,4,target_intel,2,9.0,1375.8399999999997,1664.1599999999999,True,False
2023,Fantasy Football Calculator ADP,True,243,93230243,4,model_only,11,4.0,1124.68,1458.1800000000003,False,False
2023,Fantasy Football Calculator ADP,True,244,93230244,5,adp,3,8.0,1246.7,1518.1599999999999,True,False
2023,Fantasy Football Calculator ADP,True,244,93230244,5,target_intel,1,9.0,1375.2000000000003,1635.6000000000001,True,True
2023,Fantasy Football Calculator ADP,True,244,93230244,5,model_only,4,8.0,1104.0800000000002,1365.1799999999998,True,False
2023,Fantasy Football Calculator ADP,True,245,93230245,6,adp,12,2.0,1054.0,1354.42,False,False
2023,Fantasy Football Calculator ADP,True,245,93230245,6,target_intel,4,8.0,1275.84,1565.44,True,False
2023,Fantasy Football Calculator ADP,True,245,93230245,6,model_only,7,7.0,1217.3799999999999,1530.32,False,False
2023,Fantasy Football Calculator ADP,True,246,93230246,7,adp,12,3.0,1007.2800000000001,1285.38,False,False
2023,Fantasy Football Calculator ADP,True,246,93230246,7,target_intel,9,5.0,1222.9,1488.9,False,False
2023,Fantasy Football Calculator ADP,True,246,93230246,7,model_only,8,6.0,1183.5800000000002,1507.68,False,False
2023,Fantasy Football Calculator ADP,True,247,93230247,8,adp,5,7.0,1275.9,1561.08,True,False
2023,Fantasy Football Calculator ADP,True,247,93230247,8,target_intel,4,8.0,1310.64,1569.8400000000001,True,False
2023,Fantasy Football Calculator ADP,True,247,93230247,8,model_only,8,6.0,1193.6200000000003,1518.6599999999999,False,False
2023,Fantasy Football Calculator ADP,True,248,93230248,9,adp,3,9.0,1234.94,1614.3400000000001,True,False
2023,Fantasy Football Calculator ADP,True,248,93230248,9,target_intel,2,10.0,1372.98,1587.6799999999998,True,False
2023,Fantasy Football Calculator ADP,True,248,93230248,9,model_only,4,8.0,1201.62,1532.06,True,True
2023,Fantasy Football Calculator ADP,True,249,93230249,10,adp,12,4.0,1157.4,1563.6799999999998,False,False
2023,Fantasy Football Calculator ADP,True,249,93230249,10,target_intel,2,10.0,1291.8600000000001,1621.96,True,True
2023,Fantasy Football Calculator ADP,True,249,93230249,10,model_only,11,3.0,1173.52,1497.36,False,False
2023,Fantasy Football Calculator ADP,True,250,93230250,11,adp,6,7.0,1281.4400000000003,1539.9399999999998,True,False
2023,Fantasy Football Calculator ADP,True,250,93230250,11,target_intel,1,12.0,1455.8600000000004,1706.7200000000003,True,False
2023,Fantasy Football Calculator ADP,True,250,93230250,11,model_only,10,5.0,1053.1,1359.0400000000002,False,False
2023,Fantasy Football Calculator ADP,True,251,93230251,12,adp,2,8.0,1284.4200000000003,1498.7599999999998,True,False
2023,Fantasy Football Calculator ADP,True,251,93230251,12,target_intel,1,9.0,1372.6799999999998,1648.58,True,False
2023,Fantasy Football Calculator ADP,True,251,93230251,12,model_only,6,7.0,1194.8999999999999,1508.32,True,False
2023,Fantasy Football Calculator ADP,True,252,93230252,1,adp,9,6.0,1129.58,1420.7,False,False
2023,Fantasy Football Calculator ADP,True,252,93230252,1,target_intel,11,5.0,1145.1200000000001,1483.3600000000001,False,False
2023,Fantasy Football Calculator ADP,True,252,93230252,1,model_only,12,3.0,1167.22,1469.3000000000002,False,False
2023,Fantasy Football Calculator ADP,True,253,93230253,2,adp,12,4.0,1053.12,1421.52,False,False
2023,Fantasy Football Calculator ADP,True,253,93230253,2,target_intel,4,8.0,1281.72,1569.6200000000003,True,False
2023,Fantasy Football Calculator ADP,True,253,93230253,2,model_only,11,5.0,1110.3799999999999,1444.82,False,False
2023,Fantasy Football Calculator ADP,True,254,93230254,3,adp,7,6.0,1232.9,1542.62,False,False
2023,Fantasy Football Calculator ADP,True,254,93230254,3,target_intel,6,7.0,1213.5800000000002,1540.4,True,False
2023,Fantasy Football Calculator ADP,True,254,93230254,3,model_only,11,4.0,1146.28,1437.9600000000003,False,False
2023,Fantasy Football Calculator ADP,True,255,93230255,4,adp,7,7.0,1249.82,1543.88,False,False
2023,Fantasy Football Calculator ADP,True,255,93230255,4,target_intel,4,8.0,1361.44,1624.5400000000002,True,False
2023,Fantasy Football Calculator ADP,True,255,93230255,4,model_only,4,8.0,1219.9800000000002,1504.4199999999998,True,False
2023,Fantasy Football Calculator ADP,True,256,93230256,5,adp,1,12.0,1379.02,1688.8999999999999,True,False
2023,Fantasy Football Calculator ADP,True,256,93230256,5,target_intel,2,10.0,1349.6799999999998,1569.98,True,False
2023,Fantasy Football Calculator ADP,True,256,93230256,5,model_only,8,7.0,1219.7800000000002,1548.8799999999999,False,False
2023,Fantasy Football Calculator ADP,True,257,93230257,6,adp,2,9.0,1366.8000000000002,1611.38,True,True
2023,Fantasy Football Calculator ADP,True,257,93230257,6,target_intel,5,8.0,1280.8999999999999,1551.1,True,False
2023,Fantasy Football Calculator ADP,True,257,93230257,6,model_only,5,8.0,1144.9799999999998,1397.4,True,False
2023,Fantasy Football Calculator ADP,True,258,93230258,7,adp,10,6.0,1062.8600000000001,1313.3200000000002,False,False
2023,Fantasy Football Calculator ADP,True,258,93230258,7,target_intel,5,8.0,1206.8400000000001,1454.1399999999999,True,False
2023,Fantasy Football Calculator ADP,True,258,93230258,7,model_only,11,5.0,1142.3799999999999,1426.6599999999999,False,False
2023,Fantasy Football Calculator ADP,True,259,93230259,8,adp,9,6.0,1161.5600000000002,1490.54,False,False
2023,Fantasy Football Calculator ADP,True,259,93230259,8,target_intel,2,10.0,1347.8599999999997,1584.2199999999998,True,False
2023,Fantasy Football Calculator ADP,True,259,93230259,8,model_only,11,4.0,1103.98,1440.46,False,False
2023,Fantasy Football Calculator ADP,True,260,93230260,9,adp,3,9.0,1328.9999999999998,1646.9599999999998,True,False
2023,Fantasy Football Calculator ADP,True,260,93230260,9,target_intel,1,9.0,1339.18,1650.24,True,True
2023,Fantasy Football Calculator ADP,True,260,93230260,9,model_only,2,9.0,1114.88,1471.36,True,False
2023,Fantasy Football Calculator ADP,True,261,93230261,10,adp,2,9.0,1270.6,1647.5800000000002,True,False
2023,Fantasy Football Calculator ADP,True,261,93230261,10,target_intel,1,11.0,1441.64,1730.7400000000002,True,False
2023,Fantasy Football Calculator ADP,True,261,93230261,10,model_only,8,7.0,1167.7399999999998,1445.22,False,False
2023,Fantasy Football Calculator ADP,True,262,93230262,11,adp,10,5.0,1226.66,1588.8800000000003,False,False
2023,Fantasy Football Calculator ADP,True,262,93230262,11,target_intel,3,8.0,1351.88,1577.78,True,False
2023,Fantasy Football Calculator ADP,True,262,93230262,11,model_only,3,8.0,1243.68,1649.0199999999998,True,False
2023,Fantasy Football Calculator ADP,True,263,93230263,12,adp,2,9.0,1276.3799999999999,1502.2600000000002,True,False
2023,Fantasy Football Calculator ADP,True,263,93230263,12,target_intel,3,9.0,1399.78,1725.58,True,False
2023,Fantasy Football Calculator ADP,True,263,93230263,12,model_only,12,3.0,1065.4,1411.78,False,False
2023,Fantasy Football Calculator ADP,True,264,93230264,1,adp,12,0.0,978.9399999999999,1288.1200000000001,False,False
2023,Fantasy Football Calculator ADP,True,264,93230264,1,target_intel,4,8.0,1311.64,1579.4,True,False
2023,Fantasy Football Calculator ADP,True,264,93230264,1,model_only,10,5.0,1040.1399999999999,1359.64,False,False
2023,Fantasy Football Calculator ADP,True,265,93230265,2,adp,12,4.0,1061.6799999999998,1454.1999999999998,False,False
2023,Fantasy Football Calculator ADP,True,265,93230265,2,target_intel,6,7.0,1211.8000000000002,1502.3600000000001,True,False
2023,Fantasy Football Calculator ADP,True,265,93230265,2,model_only,8,7.0,1149.4800000000002,1477.2800000000002,False,False
2023,Fantasy Football Calculator ADP,True,266,93230266,3,adp,3,8.0,1295.22,1588.6,True,False
2023,Fantasy Football Calculator ADP,True,266,93230266,3,target_intel,5,7.0,1314.3400000000004,1519.64,True,False
2023,Fantasy Football Calculator ADP,True,266,93230266,3,model_only,8,7.0,1102.8799999999999,1355.3999999999999,False,False
2023,Fantasy Football Calculator ADP,True,267,93230267,4,adp,6,7.0,1240.2000000000003,1489.98,True,False
2023,Fantasy Football Calculator ADP,True,267,93230267,4,target_intel,5,8.0,1314.1799999999998,1604.78,True,False
2023,Fantasy Football Calculator ADP,True,267,93230267,4,model_only,10,5.0,1152.1200000000001,1520.6,False,False
2023,Fantasy Football Calculator ADP,True,268,93230268,5,adp,6,8.0,1120.18,1484.5999999999997,True,False
2023,Fantasy Football Calculator ADP,True,268,93230268,5,target_intel,3,9.0,1378.3799999999999,1623.5800000000002,True,True
2023,Fantasy Football Calculator ADP,True,268,93230268,5,model_only,12,1.0,1089.1799999999998,1395.9799999999998,False,False
2023,Fantasy Football Calculator ADP,True,269,93230269,6,adp,9,6.0,1148.08,1459.1799999999998,False,False
2023,Fantasy Football Calculator ADP,True,269,93230269,6,target_intel,8,6.0,1294.0400000000002,1587.64,False,False
2023,Fantasy Football Calculator ADP,True,269,93230269,6,model_only,5,7.0,1200.72,1550.1599999999999,True,False
2023,Fantasy Football Calculator ADP,True,270,93230270,7,adp,4,9.0,1247.34,1602.5799999999997,True,False
2023,Fantasy Football Calculator ADP,True,270,93230270,7,target_intel,1,12.0,1236.8000000000002,1391.7000000000003,True,False
2023,Fantasy Football Calculator ADP,True,270,93230270,7,model_only,6,7.0,1182.2800000000002,1483.4799999999998,True,False
2023,Fantasy Football Calculator ADP,True,271,93230271,8,adp,3,9.0,1177.18,1541.86,True,False
2023,Fantasy Football Calculator ADP,True,271,93230271,8,target_intel,4,8.0,1284.8400000000001,1554.6399999999999,True,False
2023,Fantasy Football Calculator ADP,True,271,93230271,8,model_only,7,7.0,1122.88,1437.0800000000002,False,False
2023,Fantasy Football Calculator ADP,True,272,93230272,9,adp,9,6.0,1094.9,1402.34,False,False
2023,Fantasy Football Calculator ADP,True,272,93230272,9,target_intel,1,11.0,1362.5800000000002,1655.1,True,False
2023,Fantasy Football Calculator ADP,True,272,93230272,9,model_only,8,7.0,1042.48,1428.1799999999998,False,False
2023,Fantasy Football Calculator ADP,True,273,93230273,10,adp,11,4.0,1156.1200000000001,1573.4199999999998,False,False
2023,Fantasy Football Calculator ADP,True,273,93230273,10,target_intel,5,8.0,1335.1800000000003,1678.1000000000004,True,False
2023,Fantasy Football Calculator ADP,True,273,93230273,10,model_only,9,5.0,1231.18,1561.5800000000004,False,False
2023,Fantasy Football Calculator ADP,True,274,93230274,11,adp,3,8.0,1236.5800000000002,1597.44,True,False
2023,Fantasy Football Calculator ADP,True,274,93230274,11,target_intel,2,9.0,1432.3400000000001,1790.62,True,True
2023,Fantasy Football Calculator ADP,True,274,93230274,11,model_only,7,7.0,1263.08,1596.38,False,False
2023,Fantasy Football Calculator ADP,True,275,93230275,12,adp,2,9.0,1364.46,1743.88,True,True
2023,Fantasy Football Calculator ADP,True,275,93230275,12,target_intel,2,11.0,1365.08,1750.6399999999996,True,False
2023,Fantasy Football Calculator ADP,True,275,93230275,12,model_only,8,6.0,1142.18,1487.6,False,False
2023,Fantasy Football Calculator ADP,True,276,93230276,1,adp,7,6.0,1179.04,1469.5400000000002,False,False
2023,Fantasy Football Calculator ADP,True,276,93230276,1,target_intel,11,5.0,1210.8799999999999,1523.24,False,False
2023,Fantasy Football Calculator ADP,True,276,93230276,1,model_only,6,7.0,1123.9800000000002,1494.52,True,False
2023,Fantasy Football Calculator ADP,True,277,93230277,2,adp,7,7.0,1163.5,1374.14,False,False
2023,Fantasy Football Calculator ADP,True,277,93230277,2,target_intel,5,8.0,1241.1000000000001,1621.9000000000003,True,False
2023,Fantasy Football Calculator ADP,True,277,93230277,2,model_only,10,4.0,1152.48,1442.26,False,False
2023,Fantasy Football Calculator ADP,True,278,93230278,3,adp,2,9.0,1348.5799999999997,1613.3,True,False
2023,Fantasy Football Calculator ADP,True,278,93230278,3,target_intel,7,7.0,1271.7399999999998,1542.0399999999997,False,False
2023,Fantasy Football Calculator ADP,True,278,93230278,3,model_only,10,5.0,1120.88,1444.1000000000001,False,False
2023,Fantasy Football Calculator ADP,True,279,93230279,4,adp,12,4.0,995.4000000000001,1278.0800000000002,False,False
2023,Fantasy Football Calculator ADP,True,279,93230279,4,target_intel,6,7.0,1299.4600000000003,1548.02,True,False
2023,Fantasy Football Calculator ADP,True,279,93230279,4,model_only,7,7.0,1194.32,1589.5400000000002,False,False
2023,Fantasy Football Calculator ADP,True,280,93230280,5,adp,9,6.0,1167.3200000000002,1499.3200000000002,False,False
2023,Fantasy Football Calculator ADP,True,280,93230280,5,target_intel,1,10.0,1361.2600000000002,1561.96,True,False
2023,Fantasy Football Calculator ADP,True,280,93230280,5,model_only,6,8.0,1194.62,1510.1000000000001,True,False
2023,Fantasy Football Calculator ADP,True,281,93230281,6,adp,7,7.0,1125.0,1380.24,False,False
2023,Fantasy Football Calculator ADP,True,281,93230281,6,target_intel,2,8.0,1308.2400000000002,1536.44,True,False
2023,Fantasy Football Calculator ADP,True,281,93230281,6,model_only,9,6.0,1150.0800000000002,1425.3600000000001,False,False
2023,Fantasy Football Calculator ADP,True,282,93230282,7,adp,11,4.0,1029.28,1387.28,False,False
2023,Fantasy Football Calculator ADP,True,282,93230282,7,target_intel,6,6.0,1234.5400000000002,1545.7400000000002,True,False
2023,Fantasy Football Calculator ADP,True,282,93230282,7,model_only,6,7.0,1156.1799999999998,1413.96,True,False
2023,Fantasy Football Calculator ADP,True,283,93230283,8,adp,5,8.0,1239.88,1509.2600000000002,True,False
2023,Fantasy Football Calculator ADP,True,283,93230283,8,target_intel,11,5.0,1194.1000000000001,1564.3,False,False
2023,Fantasy Football Calculator ADP,True,283,93230283,8,model_only,8,6.0,1196.64,1530.2800000000004,False,False
2023,Fantasy Football Calculator ADP,True,284,93230284,9,adp,12,4.0,1025.76,1382.02,False,False
2023,Fantasy Football Calculator ADP,True,284,93230284,9,target_intel,3,8.0,1378.04,1642.44,True,False
2023,Fantasy Football Calculator ADP,True,284,93230284,9,model_only,10,6.0,1108.38,1404.0799999999997,False,False
2023,Fantasy Football Calculator ADP,True,285,93230285,10,adp,10,5.0,1266.02,1612.42,False,False
2023,Fantasy Football Calculator ADP,True,285,93230285,10,target_intel,3,9.0,1301.58,1680.5799999999997,True,False
2023,Fantasy Football Calculator ADP,True,285,93230285,10,model_only,8,6.0,1131.44,1473.38,False,False
2023,Fantasy Football Calculator ADP,True,286,93230286,11,adp,5,7.0,1201.96,1568.48,True,False
2023,Fantasy Football Calculator ADP,True,286,93230286,11,target_intel,1,12.0,1355.78,1656.06,True,False
2023,Fantasy Football Calculator ADP,True,286,93230286,11,model_only,10,5.0,1104.34,1424.28,False,False
2023,Fantasy Football Calculator ADP,True,287,93230287,12,adp,4,8.0,1267.92,1565.8600000000001,True,False
2023,Fantasy Football Calculator ADP,True,287,93230287,12,target_intel,7,7.0,1188.38,1590.42,False,False
2023,Fantasy Football Calculator ADP,True,287,93230287,12,model_only,12,1.0,995.6999999999999,1399.0000000000002,False,False
2023,Fantasy Football Calculator ADP,True,288,93230288,1,adp,4,8.0,1074.8999999999999,1293.42,True,False
2023,Fantasy Football Calculator ADP,True,288,93230288,1,target_intel,7,7.0,1224.46,1531.48,False,False
2023,Fantasy Football Calculator ADP,True,288,93230288,1,model_only,7,7.0,1095.72,1452.2399999999998,False,False
2023,Fantasy Football Calculator ADP,True,289,93230289,2,adp,2,8.0,1271.12,1683.96,True,False
2023,Fantasy Football Calculator ADP,True,289,93230289,2,target_intel,9,6.0,1212.9,1468.9999999999998,False,False
2023,Fantasy Football Calculator ADP,True,289,93230289,2,model_only,5,8.0,1185.02,1545.76,True,False
2023,Fantasy Football Calculator ADP,True,290,93230290,3,adp,4,9.0,1153.8600000000001,1400.96,True,False
2023,Fantasy Football Calculator ADP,True,290,93230290,3,target_intel,3,8.0,1250.64,1539.14,True,False
2023,Fantasy Football Calculator ADP,True,290,93230290,3,model_only,7,7.0,1150.0000000000002,1511.18,False,False
2023,Fantasy Football Calculator ADP,True,291,93230291,4,adp,5,9.0,1288.16,1571.7799999999997,True,False
2023,Fantasy Football Calculator ADP,True,291,93230291,4,target_intel,2,9.0,1205.72,1416.7199999999998,True,False
2023,Fantasy Football Calculator ADP,True,291,93230291,4,model_only,7,7.0,1212.1799999999998,1538.7599999999998,False,False
2023,Fantasy Football Calculator ADP,True,292,93230292,5,adp,2,9.0,1281.02,1494.42,True,False
2023,Fantasy Football Calculator ADP,True,292,93230292,5,target_intel,1,10.0,1355.2800000000002,1641.54,True,False
2023,Fantasy Football Calculator ADP,True,292,93230292,5,model_only,12,2.0,1110.5199999999998,1453.6399999999999,False,False
2023,Fantasy Football Calculator ADP,True,293,93230293,6,adp,2,9.0,1340.7600000000002,1557.7599999999998,True,False
2023,Fantasy Football Calculator ADP,True,293,93230293,6,target_intel,4,9.0,1253.74,1563.9400000000003,True,False
2023,Fantasy Football Calculator ADP,True,293,93230293,6,model_only,6,7.0,1234.98,1529.08,True,True
2023,Fantasy Football Calculator ADP,True,294,93230294,7,adp,4,8.0,1215.18,1392.3600000000001,True,False
2023,Fantasy Football Calculator ADP,True,294,93230294,7,target_intel,3,9.0,1298.8200000000002,1504.48,True,False
2023,Fantasy Football Calculator ADP,True,294,93230294,7,model_only,5,7.0,1220.0800000000002,1494.3799999999999,True,False
2023,Fantasy Football Calculator ADP,True,295,93230295,8,adp,12,5.0,1026.5600000000002,1363.4800000000002,False,False
2023,Fantasy Football Calculator ADP,True,295,93230295,8,target_intel,10,6.0,1217.9,1510.0000000000002,False,False
2023,Fantasy Football Calculator ADP,True,295,93230295,8,model_only,5,8.0,1168.88,1545.28,True,False
2023,Fantasy Football Calculator ADP,True,296,93230296,9,adp,4,8.0,1156.2600000000002,1523.1000000000001,True,False
2023,Fantasy Football Calculator ADP,True,296,93230296,9,target_intel,2,9.0,1249.74,1509.28,True,True
2023,Fantasy Football Calculator ADP,True,296,93230296,9,model_only,3,9.0,1202.82,1535.96,True,False
2023,Fantasy Football Calculator ADP,True,297,93230297,10,adp,2,9.0,1248.8600000000001,1548.82,True,False
2023,Fantasy Football Calculator ADP,True,297,93230297,10,target_intel,11,5.0,1293.3200000000002,1529.9600000000003,False,False
2023,Fantasy Football Calculator ADP,True,297,93230297,10,model_only,9,7.0,1121.1599999999999,1487.64,False,False
2023,Fantasy Football Calculator ADP,True,298,93230298,11,adp,10,5.0,1169.2600000000002,1454.72,False,False
2023,Fantasy Football Calculator ADP,True,298,93230298,11,target_intel,4,8.0,1331.8400000000001,1595.8999999999999,True,False
2023,Fantasy Football Calculator ADP,True,298,93230298,11,model_only,6,8.0,1193.0200000000002,1552.2399999999998,True,False
2023,Fantasy Football Calculator ADP,True,299,93230299,12,adp,8,7.0,1206.54,1528.4400000000003,False,False
2023,Fantasy Football Calculator ADP,True,299,93230299,12,target_intel,1,11.0,1413.5199999999998,1587.3200000000004,True,False
2023,Fantasy Football Calculator ADP,True,299,93230299,12,model_only,11,5.0,975.5400000000001,1362.4,False,False
2023,Fantasy Football Calculator ADP,True,300,93230300,1,adp,11,5.0,1061.62,1371.3199999999997,False,False
2023,Fantasy Football Calculator ADP,True,300,93230300,1,target_intel,11,4.0,1177.8000000000002,1546.7,False,False
2023,Fantasy Football Calculator ADP,True,300,93230300,1,model_only,11,4.0,1114.0800000000002,1425.96,False,False
2023,Fantasy Football Calculator ADP,True,301,93230301,2,adp,1,9.0,1383.38,1736.4800000000002,True,True
2023,Fantasy Football Calculator ADP,True,301,93230301,2,target_intel,4,8.0,1205.64,1463.3399999999997,True,False
2023,Fantasy Football Calculator ADP,True,301,93230301,2,model_only,8,5.0,1191.38,1524.02,False,False
2023,Fantasy Football Calculator ADP,True,302,93230302,3,adp,10,6.0,1101.8600000000004,1394.4200000000003,False,False
2023,Fantasy Football Calculator ADP,True,302,93230302,3,target_intel,7,7.0,1319.0200000000002,1600.14,False,False
2023,Fantasy Football Calculator ADP,True,302,93230302,3,model_only,11,4.0,1114.18,1423.4,False,False
2023,Fantasy Football Calculator ADP,True,303,93230303,4,adp,10,5.0,1077.8200000000002,1381.8200000000002,False,False
2023,Fantasy Football Calculator ADP,True,303,93230303,4,target_intel,7,7.0,1185.3400000000001,1471.9999999999998,False,False
2023,Fantasy Football Calculator ADP,True,303,93230303,4,model_only,12,4.0,1076.28,1441.62,False,False
2023,Fantasy Football Calculator ADP,True,304,93230304,5,adp,1,12.0,1402.1200000000001,1670.5,True,True
2023,Fantasy Football Calculator ADP,True,304,93230304,5,target_intel,4,8.0,1277.0800000000002,1552.2800000000002,True,False
2023,Fantasy Football Calculator ADP,True,304,93230304,5,model_only,9,6.0,1108.18,1435.8799999999999,False,False
2023,Fantasy Football Calculator ADP,True,305,93230305,6,adp,8,6.0,1178.36,1410.4799999999998,False,False
2023,Fantasy Football Calculator ADP,True,305,93230305,6,target_intel,2,9.0,1335.9600000000003,1651.56,True,True
2023,Fantasy Football Calculator ADP,True,305,93230305,6,model_only,9,6.0,1119.0800000000002,1473.28,False,False
2023,Fantasy Football Calculator ADP,True,306,93230306,7,adp,2,9.0,1232.3600000000001,1525.98,True,True
2023,Fantasy Football Calculator ADP,True,306,93230306,7,target_intel,1,12.0,1349.2799999999997,1591.2799999999997,True,False
2023,Fantasy Football Calculator ADP,True,306,93230306,7,model_only,11,4.0,1157.4599999999998,1469.4799999999998,False,False
2023,Fantasy Football Calculator ADP,True,307,93230307,8,adp,7,7.0,1136.2799999999997,1595.0200000000002,False,False
2023,Fantasy Football Calculator ADP,True,307,93230307,8,target_intel,4,9.0,1410.28,1668.38,True,False
2023,Fantasy Football Calculator ADP,True,307,93230307,8,model_only,10,6.0,1082.78,1394.58,False,False
2023,Fantasy Football Calculator ADP,True,308,93230308,9,adp,6,7.0,1266.0400000000002,1512.3799999999999,True,False
2023,Fantasy Football Calculator ADP,True,308,93230308,9,target_intel,6,7.0,1369.98,1643.86,True,False
2023,Fantasy Football Calculator ADP,True,308,93230308,9,model_only,9,6.0,1175.18,1574.48,False,False
2023,Fantasy Football Calculator ADP,True,309,93230309,10,adp,9,6.0,1105.0400000000002,1452.52,False,False
2023,Fantasy Football Calculator ADP,True,309,93230309,10,target_intel,6,7.0,1300.6200000000001,1617.2399999999998,True,False
2023,Fantasy Football Calculator ADP,True,309,93230309,10,model_only,10,5.0,1128.6399999999999,1546.72,False,False
2023,Fantasy Football Calculator ADP,True,310,93230310,11,adp,8,6.0,1068.3400000000001,1418.6200000000001,False,False
2023,Fantasy Football Calculator ADP,True,310,93230310,11,target_intel,4,8.0,1352.0600000000002,1575.74,True,False
2023,Fantasy Football Calculator ADP,True,310,93230310,11,model_only,10,5.0,1151.96,1554.86,False,False
2023,Fantasy Football Calculator ADP,True,311,93230311,12,adp,6,8.0,1197.3200000000002,1431.7400000000002,True,True
2023,Fantasy Football Calculator ADP,True,311,93230311,12,target_intel,3,10.0,1326.04,1635.2999999999997,True,False
2023,Fantasy Football Calculator ADP,True,311,93230311,12,model_only,10,5.0,1127.78,1465.78,False,False
2023,Fantasy Football Calculator ADP,True,312,93230312,1,adp,5,8.0,1111.9599999999998,1448.3,True,False
2023,Fantasy Football Calculator ADP,True,312,93230312,1,target_intel,5,8.0,1262.6399999999999,1540.0400000000002,True,False
2023,Fantasy Football Calculator ADP,True,312,93230312,1,model_only,11,5.0,1199.1799999999998,1479.8799999999999,False,False
2023,Fantasy Football Calculator ADP,True,313,93230313,2,adp,6,8.0,1083.9600000000003,1448.3999999999996,True,True
2023,Fantasy Football Calculator ADP,True,313,93230313,2,target_intel,6,8.0,1196.7800000000002,1505.1,True,False
2023,Fantasy Football Calculator ADP,True,313,93230313,2,model_only,10,5.0,1118.6200000000001,1406.04,False,False
2023,Fantasy Football Calculator ADP,True,314,93230314,3,adp,7,7.0,1241.96,1523.8000000000002,False,False
2023,Fantasy Football Calculator ADP,True,314,93230314,3,target_intel,12,1.0,1225.44,1481.0000000000002,False,False
2023,Fantasy Football Calculator ADP,True,314,93230314,3,model_only,8,6.0,1199.14,1467.7799999999997,False,False
2023,Fantasy Football Calculator ADP,True,315,93230315,4,adp,10,6.0,1127.4199999999998,1444.92,False,False
2023,Fantasy Football Calculator ADP,True,315,93230315,4,target_intel,3,9.0,1253.84,1441.5400000000002,True,False
2023,Fantasy Football Calculator ADP,True,315,93230315,4,model_only,9,6.0,1119.08,1457.68,False,False
2023,Fantasy Football Calculator ADP,True,316,93230316,5,adp,4,8.0,1301.9599999999998,1671.0200000000002,True,True
2023,Fantasy Football Calculator ADP,True,316,93230316,5,target_intel,2,10.0,1417.1399999999999,1645.46,True,True
2023,Fantasy Football Calculator ADP,True,316,93230316,5,model_only,9,6.0,1249.72,1574.9599999999996,False,False
2023,Fantasy Football Calculator ADP,True,317,93230317,6,adp,3,10.0,1354.84,1613.48,True,False
2023,Fantasy Football Calculator ADP,True,317,93230317,6,target_intel,8,6.0,1277.64,1702.9400000000003,False,False
2023,Fantasy Football Calculator ADP,True,317,93230317,6,model_only,10,4.0,1155.48,1517.18,False,False
2023,Fantasy Football Calculator ADP,True,318,93230318,7,adp,1,11.0,1453.8400000000001,1801.32,True,True
2023,Fantasy Football Calculator ADP,True,318,93230318,7,target_intel,8,6.0,1250.74,1536.3400000000004,False,False
2023,Fantasy Football Calculator ADP,True,318,93230318,7,model_only,11,5.0,1160.8799999999999,1477.8200000000002,False,False
2023,Fantasy Football Calculator ADP,True,319,93230319,8,adp,7,7.0,1187.7999999999997,1441.6799999999998,False,False
2023,Fantasy Football Calculator ADP,True,319,93230319,8,target_intel,2,10.0,1370.0800000000002,1634.08,True,False
2023,Fantasy Football Calculator ADP,True,319,93230319,8,model_only,6,7.0,1092.38,1485.3799999999999,True,False
2023,Fantasy Football Calculator ADP,True,320,93230320,9,adp,6,8.0,1142.7400000000002,1496.1,True,True
2023,Fantasy Football Calculator ADP,True,320,93230320,9,target_intel,1,10.0,1416.96,1670.7000000000003,True,False
2023,Fantasy Football Calculator ADP,True,320,93230320,9,model_only,10,6.0,1094.9399999999998,1432.5799999999997,False,False
2023,Fantasy Football Calculator ADP,True,321,93230321,10,adp,2,8.0,1325.08,1492.3400000000001,True,True
2023,Fantasy Football Calculator ADP,True,321,93230321,10,target_intel,1,12.0,1437.58,1801.38,True,True
2023,Fantasy Football Calculator ADP,True,321,93230321,10,model_only,10,6.0,1119.14,1472.48,False,False
2023,Fantasy Football Calculator ADP,True,322,93230322,11,adp,8,6.0,989.7599999999999,1329.2800000000002,False,False
2023,Fantasy Football Calculator ADP,True,322,93230322,11,target_intel,5,7.0,1254.5400000000002,1546.9999999999998,True,False
2023,Fantasy Football Calculator ADP,True,322,93230322,11,model_only,4,9.0,1195.8600000000001,1521.32,True,True
2023,Fantasy Football Calculator ADP,True,323,93230323,12,adp,11,5.0,1018.14,1416.0599999999997,False,False
2023,Fantasy Football Calculator ADP,True,323,93230323,12,target_intel,2,10.0,1408.3200000000002,1673.7,True,False
2023,Fantasy Football Calculator ADP,True,323,93230323,12,model_only,10,6.0,1048.1599999999999,1480.96,False,False
2023,Fantasy Football Calculator ADP,True,324,93230324,1,adp,9,6.0,1151.84,1378.2599999999998,False,False
2023,Fantasy Football Calculator ADP,True,324,93230324,1,target_intel,7,6.0,1335.5,1636.6,False,False
2023,Fantasy Football Calculator ADP,True,324,93230324,1,model_only,11,6.0,1137.72,1495.1000000000001,False,False
2023,Fantasy Football Calculator ADP,True,325,93230325,2,adp,10,4.0,1100.22,1407.88,False,False
2023,Fantasy Football Calculator ADP,True,325,93230325,2,target_intel,5,7.0,1233.7000000000003,1551.6000000000001,True,False
2023,Fantasy Football Calculator ADP,True,325,93230325,2,model_only,12,3.0,1189.32,1481.1,False,False
2023,Fantasy Football Calculator ADP,True,326,93230326,3,adp,8,7.0,1106.1799999999998,1444.28,False,False
2023,Fantasy Football Calculator ADP,True,326,93230326,3,target_intel,1,10.0,1263.2400000000002,1616.3400000000001,True,False
2023,Fantasy Football Calculator ADP,True,326,93230326,3,model_only,12,4.0,1044.58,1351.08,False,False
2023,Fantasy Football Calculator ADP,True,327,93230327,4,adp,3,10.0,1371.2199999999998,1565.5000000000002,True,False
2023,Fantasy Football Calculator ADP,True,327,93230327,4,target_intel,6,7.0,1225.44,1539.5199999999998,True,False
2023,Fantasy Football Calculator ADP,True,327,93230327,4,model_only,10,5.0,1098.1399999999999,1383.0600000000002,False,False
2023,Fantasy Football Calculator ADP,True,328,93230328,5,adp,2,11.0,1178.16,1471.1,True,False
2023,Fantasy Football Calculator ADP,True,328,93230328,5,target_intel,3,9.0,1345.08,1635.0400000000002,True,False
2023,Fantasy Football Calculator ADP,True,328,93230328,5,model_only,11,3.0,987.1800000000002,1332.36,False,False
2023,Fantasy Football Calculator ADP,True,329,93230329,6,adp,2,9.0,1172.7599999999998,1498.0,True,False
2023,Fantasy Football Calculator ADP,True,329,93230329,6,target_intel,1,9.0,1394.08,1599.98,True,False
2023,Fantasy Football Calculator ADP,True,329,93230329,6,model_only,6,8.0,1175.02,1513.68,True,False
2023,Fantasy Football Calculator ADP,True,330,93230330,7,adp,6,7.0,1191.1399999999999,1507.38,True,False
2023,Fantasy Football Calculator ADP,True,330,93230330,7,target_intel,2,8.0,1244.7400000000002,1588.64,True,False
2023,Fantasy Football Calculator ADP,True,330,93230330,7,model_only,5,8.0,1119.3200000000002,1418.9,True,False
2023,Fantasy Football Calculator ADP,True,331,93230331,8,adp,2,10.0,1192.04,1430.14,True,False
2023,Fantasy Football Calculator ADP,True,331,93230331,8,target_intel,4,8.0,1225.6399999999999,1443.0400000000002,True,False
2023,Fantasy Football Calculator ADP,True,331,93230331,8,model_only,6,7.0,1157.2800000000002,1465.92,True,False
2023,Fantasy Football Calculator ADP,True,332,93230332,9,adp,1,12.0,1456.0800000000002,1669.1600000000003,True,False
2023,Fantasy Football Calculator ADP,True,332,93230332,9,target_intel,3,9.0,1233.68,1423.52,True,False
2023,Fantasy Football Calculator ADP,True,332,93230332,9,model_only,9,6.0,1048.92,1387.2600000000002,False,False
2023,Fantasy Football Calculator ADP,True,333,93230333,10,adp,2,9.0,1369.8799999999999,1760.0599999999997,True,False
2023,Fantasy Football Calculator ADP,True,333,93230333,10,target_intel,5,8.0,1214.72,1515.7,True,False
2023,Fantasy Football Calculator ADP,True,333,93230333,10,model_only,6,8.0,1164.36,1540.06,True,False
2023,Fantasy Football Calculator ADP,True,334,93230334,11,adp,1,9.0,1258.22,1559.48,True,False
2023,Fantasy Football Calculator ADP,True,334,93230334,11,target_intel,4,9.0,1210.58,1445.8,True,False
2023,Fantasy Football Calculator ADP,True,334,93230334,11,model_only,11,5.0,1121.2800000000002,1476.52,False,False
2023,Fantasy Football Calculator ADP,True,335,93230335,12,adp,8,6.0,1241.22,1580.44,False,False
2023,Fantasy Football Calculator ADP,True,335,93230335,12,target_intel,8,7.0,1302.32,1566.38,False,False
2023,Fantasy Football Calculator ADP,True,335,93230335,12,model_only,6,7.0,1103.1399999999999,1448.7800000000004,True,True
2023,Fantasy Football Calculator ADP,True,336,93230336,1,adp,5,9.0,1243.0,1462.5199999999998,True,True
2023,Fantasy Football Calculator ADP,True,336,93230336,1,target_intel,3,9.0,1198.3400000000001,1466.7400000000002,True,False
2023,Fantasy Football Calculator ADP,True,336,93230336,1,model_only,7,7.0,1166.2199999999998,1568.04,False,False
2023,Fantasy Football Calculator ADP,True,337,93230337,2,adp,3,8.0,1312.34,1561.4600000000003,True,False
2023,Fantasy Football Calculator ADP,True,337,93230337,2,target_intel,9,5.5,1226.72,1468.8400000000001,False,False
2023,Fantasy Football Calculator ADP,True,337,93230337,2,model_only,7,7.0,1160.58,1538.98,False,False
2023,Fantasy Football Calculator ADP,True,338,93230338,3,adp,7,6.0,1266.1200000000001,1546.96,False,False
2023,Fantasy Football Calculator ADP,True,338,93230338,3,target_intel,3,9.0,1335.1399999999999,1555.4399999999998,True,False
2023,Fantasy Football Calculator ADP,True,338,93230338,3,model_only,11,5.0,1111.38,1461.72,False,False
2023,Fantasy Football Calculator ADP,True,339,93230339,4,adp,1,10.0,1489.2000000000003,1743.0200000000004,True,False
2023,Fantasy Football Calculator ADP,True,339,93230339,4,target_intel,5,8.0,1217.3000000000002,1509.1000000000001,True,False
2023,Fantasy Football Calculator ADP,True,339,93230339,4,model_only,4,9.0,1198.8799999999999,1485.8200000000002,True,False
2023,Fantasy Football Calculator ADP,True,340,93230340,5,adp,2,9.0,1215.78,1366.1599999999999,True,False
2023,Fantasy Football Calculator ADP,True,340,93230340,5,target_intel,4,8.0,1235.68,1454.92,True,True
2023,Fantasy Football Calculator ADP,True,340,93230340,5,model_only,7,7.0,1168.8799999999999,1486.6200000000001,False,False
2023,Fantasy Football Calculator ADP,True,341,93230341,6,adp,5,9.0,1135.86,1425.3000000000002,True,False
2023,Fantasy Football Calculator ADP,True,341,93230341,6,target_intel,9,5.0,1322.54,1582.74,False,False
2023,Fantasy Football Calculator ADP,True,341,93230341,6,model_only,7,7.0,1197.48,1594.3600000000001,False,False
2023,Fantasy Football Calculator ADP,True,342,93230342,7,adp,10,6.0,1205.3000000000002,1508.66,False,False
2023,Fantasy Football Calculator ADP,True,342,93230342,7,target_intel,1,9.0,1295.6000000000001,1521.7,True,False
2023,Fantasy Football Calculator ADP,True,342,93230342,7,model_only,10,6.0,1133.98,1434.78,False,False
2023,Fantasy Football Calculator ADP,True,343,93230343,8,adp,1,10.0,1330.2799999999997,1490.6799999999998,True,False
2023,Fantasy Football Calculator ADP,True,343,93230343,8,target_intel,3,7.0,1387.2799999999997,1669.0600000000002,True,False
2023,Fantasy Football Calculator ADP,True,343,93230343,8,model_only,4,9.0,1169.0800000000002,1541.58,True,False
2023,Fantasy Football Calculator ADP,True,344,93230344,9,adp,11,4.0,1111.14,1340.8999999999999,False,False
2023,Fantasy Football Calculator ADP,True,344,93230344,9,target_intel,7,6.0,1275.0200000000002,1565.5,False,False
2023,Fantasy Football Calculator ADP,True,344,93230344,9,model_only,7,6.0,1122.3200000000002,1429.7600000000002,False,False
2023,Fantasy Football Calculator ADP,True,345,93230345,10,adp,7,7.0,1232.68,1528.7599999999998,False,False
2023,Fantasy Football Calculator ADP,True,345,93230345,10,target_intel,3,8.0,1263.48,1460.4599999999998,True,False
2023,Fantasy Football Calculator ADP,True,345,93230345,10,model_only,11,5.0,1098.3600000000001,1462.3400000000001,False,False
2023,Fantasy Football Calculator ADP,True,346,93230346,11,adp,10,5.0,1161.08,1438.7,False,False
2023,Fantasy Football Calculator ADP,True,346,93230346,11,target_intel,6,7.0,1118.48,1545.18,True,False
2023,Fantasy Football Calculator ADP,True,346,93230346,11,model_only,8,6.0,1166.54,1536.9399999999996,False,False
2023,Fantasy Football Calculator ADP,True,347,93230347,12,adp,6,7.0,1235.6200000000001,1363.3400000000001,True,False
2023,Fantasy Football Calculator ADP,True,347,93230347,12,target_intel,5,8.0,1319.86,1634.06,True,False
2023,Fantasy Football Calculator ADP,True,347,93230347,12,model_only,10,6.0,1097.08,1500.8400000000001,False,False
2023,Fantasy Football Calculator ADP,True,348,93230348,1,adp,10,5.0,1160.1000000000001,1483.48,False,False
2023,Fantasy Football Calculator ADP,True,348,93230348,1,target_intel,11,5.0,1157.5800000000002,1407.84,False,False
2023,Fantasy Football Calculator ADP,True,348,93230348,1,model_only,7,7.0,1241.2399999999998,1522.7600000000002,False,False
2023,Fantasy Football Calculator ADP,True,349,93230349,2,adp,12,3.0,1011.0200000000001,1306.12,False,False
2023,Fantasy Football Calculator ADP,True,349,93230349,2,target_intel,10,5.0,1332.3999999999999,1571.5,False,False
2023,Fantasy Football Calculator ADP,True,349,93230349,2,model_only,10,5.0,1098.32,1416.64,False,False
2023,Fantasy Football Calculator ADP,True,350,93230350,3,adp,6,7.0,1273.3200000000002,1574.66,True,False
2023,Fantasy Football Calculator ADP,True,350,93230350,3,target_intel,5,7.0,1374.0400000000002,1566.54,True,False
2023,Fantasy Football Calculator ADP,True,350,93230350,3,model_only,12,1.0,1086.6799999999998,1393.9599999999998,False,False
2023,Fantasy Football Calculator ADP,True,351,93230351,4,adp,9,6.0,1086.52,1371.5800000000002,False,False
2023,Fantasy Football Calculator ADP,True,351,93230351,4,target_intel,3,8.0,1239.0800000000002,1555.8400000000001,True,False
2023,Fantasy Football Calculator ADP,True,351,93230351,4,model_only,10,5.0,1149.04,1431.7800000000002,False,False
2023,Fantasy Football Calculator ADP,True,352,93230352,5,adp,9,6.0,1196.2,1439.0,False,False
2023,Fantasy Football Calculator ADP,True,352,93230352,5,target_intel,10,5.0,1182.72,1446.1000000000001,False,False
2023,Fantasy Football Calculator ADP,True,352,93230352,5,model_only,11,5.0,1140.7199999999998,1504.26,False,False
2023,Fantasy Football Calculator ADP,True,353,93230353,6,adp,5,8.0,1283.8600000000001,1531.5400000000002,True,False
2023,Fantasy Football Calculator ADP,True,353,93230353,6,target_intel,4,8.0,1257.7800000000002,1551.24,True,True
2023,Fantasy Football Calculator ADP,True,353,93230353,6,model_only,10,5.0,1122.6200000000003,1427.6000000000001,False,False
2023,Fantasy Football Calculator ADP,True,354,93230354,7,adp,3,8.0,1252.16,1490.4999999999998,True,False
2023,Fantasy Football Calculator ADP,True,354,93230354,7,target_intel,3,9.0,1292.3,1495.5400000000002,True,False
2023,Fantasy Football Calculator ADP,True,354,93230354,7,model_only,8,7.0,1181.58,1475.76,False,False
2023,Fantasy Football Calculator ADP,True,355,93230355,8,adp,5,7.0,1228.2800000000002,1558.2,True,False
2023,Fantasy Football Calculator ADP,True,355,93230355,8,target_intel,2,9.0,1313.3599999999997,1584.62,True,False
2023,Fantasy Football Calculator ADP,True,355,93230355,8,model_only,5,8.0,1176.92,1559.4,True,False
2023,Fantasy Football Calculator ADP,True,356,93230356,9,adp,10,4.0,1210.3600000000001,1410.82,False,False
2023,Fantasy Football Calculator ADP,True,356,93230356,9,target_intel,9,6.0,1155.78,1316.2199999999998,False,False
2023,Fantasy Football Calculator ADP,True,356,93230356,9,model_only,11,5.0,1190.02,1479.96,False,False
2023,Fantasy Football Calculator ADP,True,357,93230357,10,adp,9,5.0,1224.7800000000002,1541.16,False,False
2023,Fantasy Football Calculator ADP,True,357,93230357,10,target_intel,3,9.0,1282.98,1663.2400000000002,True,False
2023,Fantasy Football Calculator ADP,True,357,93230357,10,model_only,7,7.0,1071.1599999999999,1419.74,False,False
2023,Fantasy Football Calculator ADP,True,358,93230358,11,adp,9,6.0,1170.6599999999999,1437.04,False,False
2023,Fantasy Football Calculator ADP,True,358,93230358,11,target_intel,4,8.0,1349.2600000000002,1646.42,True,False
2023,Fantasy Football Calculator ADP,True,358,93230358,11,model_only,11,4.0,1182.88,1565.18,False,False
2023,Fantasy Football Calculator ADP,True,359,93230359,12,adp,12,4.0,1167.1,1528.98,False,False
2023,Fantasy Football Calculator ADP,True,359,93230359,12,target_intel,6,7.0,1247.0400000000002,1498.7199999999998,True,False
2023,Fantasy Football Calculator ADP,True,359,93230359,12,model_only,11,5.0,1117.98,1426.58,False,False
2023,Fantasy Football Calculator ADP,True,360,93230360,1,adp,3,9.0,1299.42,1528.32,True,False
2023,Fantasy Football Calculator ADP,True,360,93230360,1,target_intel,11,4.0,1221.5400000000002,1468.8,False,False
2023,Fantasy Football Calculator ADP,True,360,93230360,1,model_only,4,8.0,1192.4800000000002,1491.92,True,False
2023,Fantasy Football Calculator ADP,True,361,93230361,2,adp,12,2.0,1098.18,1301.1000000000001,False,False
2023,Fantasy Football Calculator ADP,True,361,93230361,2,target_intel,3,8.0,1303.04,1561.2400000000002,True,False
2023,Fantasy Football Calculator ADP,True,361,93230361,2,model_only,9,6.0,1121.04,1441.7400000000002,False,False
2023,Fantasy Football Calculator ADP,True,362,93230362,3,adp,2,11.0,1240.9200000000003,1575.4199999999998,True,False
2023,Fantasy Football Calculator ADP,True,362,93230362,3,target_intel,1,10.0,1433.86,1641.6,True,False
2023,Fantasy Football Calculator ADP,True,362,93230362,3,model_only,9,6.0,1142.1800000000003,1407.0600000000002,False,False
2023,Fantasy Football Calculator ADP,True,363,93230363,4,adp,1,14.0,1364.56,1719.1,True,False
2023,Fantasy Football Calculator ADP,True,363,93230363,4,target_intel,6,7.0,1315.68,1627.4399999999998,True,False
2023,Fantasy Football Calculator ADP,True,363,93230363,4,model_only,8,7.0,1113.6200000000001,1416.2,False,False
2023,Fantasy Football Calculator ADP,True,364,93230364,5,adp,3,9.0,1310.6800000000003,1565.94,True,True
2023,Fantasy Football Calculator ADP,True,364,93230364,5,target_intel,5,7.0,1202.88,1503.4,True,False
2023,Fantasy Football Calculator ADP,True,364,93230364,5,model_only,8,6.0,1169.1200000000001,1518.9,False,False
2023,Fantasy Football Calculator ADP,True,365,93230365,6,adp,9,5.0,1088.3200000000002,1429.76,False,False
2023,Fantasy Football Calculator ADP,True,365,93230365,6,target_intel,6,7.0,1290.7399999999998,1519.2199999999998,True,False
2023,Fantasy Football Calculator ADP,True,365,93230365,6,model_only,7,6.0,1190.24,1460.88,False,False
2023,Fantasy Football Calculator ADP,True,366,93230366,7,adp,12,4.0,962.96,1157.36,False,False
2023,Fantasy Football Calculator ADP,True,366,93230366,7,target_intel,5,7.0,1300.44,1584.7400000000002,True,False
2023,Fantasy Football Calculator ADP,True,366,93230366,7,model_only,12,4.0,1068.68,1425.3799999999997,False,False
2023,Fantasy Football Calculator ADP,True,367,93230367,8,adp,8,6.0,1241.5200000000002,1543.0600000000004,False,False
2023,Fantasy Football Calculator ADP,True,367,93230367,8,target_intel,3,8.0,1372.7399999999998,1674.1399999999996,True,False
2023,Fantasy Football Calculator ADP,True,367,93230367,8,model_only,10,5.0,1102.3400000000001,1409.46,False,False
2023,Fantasy Football Calculator ADP,True,368,93230368,9,adp,1,13.0,1299.6800000000003,1564.7600000000002,True,False
2023,Fantasy Football Calculator ADP,True,368,93230368,9,target_intel,1,10.0,1326.62,1554.3400000000001,True,False
2023,Fantasy Football Calculator ADP,True,368,93230368,9,model_only,8,7.0,1132.98,1470.38,False,False
2023,Fantasy Football Calculator ADP,True,369,93230369,10,adp,10,5.0,1137.14,1429.06,False,False
2023,Fantasy Football Calculator ADP,True,369,93230369,10,target_intel,7,6.0,1274.92,1602.62,False,False
2023,Fantasy Football Calculator ADP,True,369,93230369,10,model_only,8,6.0,1195.2200000000003,1528.96,False,False
2023,Fantasy Football Calculator ADP,True,370,93230370,11,adp,11,4.0,1197.98,1511.48,False,False
2023,Fantasy Football Calculator ADP,True,370,93230370,11,target_intel,11,5.0,1323.1599999999999,1547.2200000000003,False,False
2023,Fantasy Football Calculator ADP,True,370,93230370,11,model_only,5,8.0,1211.94,1511.78,True,False
2023,Fantasy Football Calculator ADP,True,371,93230371,12,adp,3,9.0,1205.1999999999998,1512.9399999999998,True,False
2023,Fantasy Football Calculator ADP,True,371,93230371,12,target_intel,2,9.0,1277.04,1666.7400000000002,True,False
2023,Fantasy Football Calculator ADP,True,371,93230371,12,model_only,8,6.0,1237.8999999999999,1462.1,False,False
2023,Fantasy Football Calculator ADP,True,372,93230372,1,adp,12,2.0,1088.3400000000001,1515.18,False,False
2023,Fantasy Football Calculator ADP,True,372,93230372,1,target_intel,3,10.0,1223.4199999999998,1526.4800000000002,True,False
2023,Fantasy Football Calculator ADP,True,372,93230372,1,model_only,6,6.0,1071.08,1399.3600000000001,True,False
2023,Fantasy Football Calculator ADP,True,373,93230373,2,adp,4,7.0,1215.3799999999999,1484.1799999999998,True,False
2023,Fantasy Football Calculator ADP,True,373,93230373,2,target_intel,11,4.0,1155.2,1428.3999999999999,False,False
2023,Fantasy Football Calculator ADP,True,373,93230373,2,model_only,8,5.0,1187.0800000000004,1481.58,False,False
2023,Fantasy Football Calculator ADP,True,374,93230374,3,adp,11,4.0,1152.2199999999998,1349.2599999999995,False,False
2023,Fantasy Football Calculator ADP,True,374,93230374,3,target_intel,10,4.0,1213.5400000000002,1541.6999999999998,False,False
2023,Fantasy Football Calculator ADP,True,374,93230374,3,model_only,5,7.0,1234.38,1572.68,True,False
2023,Fantasy Football Calculator ADP,True,375,93230375,4,adp,10,6.0,1182.62,1394.0199999999998,False,False
2023,Fantasy Football Calculator ADP,True,375,93230375,4,target_intel,3,9.0,1200.14,1420.5400000000002,True,False
2023,Fantasy Football Calculator ADP,True,375,93230375,4,model_only,11,5.0,1145.4199999999998,1489.5,False,False
2023,Fantasy Football Calculator ADP,True,376,93230376,5,adp,10,6.0,1154.22,1471.08,False,False
2023,Fantasy Football Calculator ADP,True,376,93230376,5,target_intel,3,8.0,1235.34,1492.64,True,False
2023,Fantasy Football Calculator ADP,True,376,93230376,5,model_only,7,7.0,1170.4800000000002,1486.08,False,False
2023,Fantasy Football Calculator ADP,True,377,93230377,6,adp,3,8.0,1518.0800000000004,1760.9800000000002,True,False
2023,Fantasy Football Calculator ADP,True,377,93230377,6,target_intel,12,4.0,1137.2,1405.1000000000001,False,False
2023,Fantasy Football Calculator ADP,True,377,93230377,6,model_only,9,5.0,1149.1400000000003,1467.0800000000002,False,False
2023,Fantasy Football Calculator ADP,True,378,93230378,7,adp,1,12.0,1367.5,1632.0600000000002,True,False
2023,Fantasy Football Calculator ADP,True,378,93230378,7,target_intel,1,12.0,1419.3799999999999,1625.7800000000002,True,True
2023,Fantasy Football Calculator ADP,True,378,93230378,7,model_only,9,6.0,1119.84,1393.98,False,False
2023,Fantasy Football Calculator ADP,True,379,93230379,8,adp,8,7.0,1050.52,1459.08,False,False
2023,Fantasy Football Calculator ADP,True,379,93230379,8,target_intel,10,4.0,1126.72,1375.16,False,False
2023,Fantasy Football Calculator ADP,True,379,93230379,8,model_only,5,8.0,1175.88,1500.78,True,False
2023,Fantasy Football Calculator ADP,True,380,93230380,9,adp,5,7.0,1135.9599999999998,1551.2800000000004,True,False
2023,Fantasy Football Calculator ADP,True,380,93230380,9,target_intel,2,10.0,1300.0600000000002,1659.4400000000005,True,False
2023,Fantasy Football Calculator ADP,True,380,93230380,9,model_only,12,1.0,1014.32,1390.22,False,False
2023,Fantasy Football Calculator ADP,True,381,93230381,10,adp,5,9.0,1105.9800000000002,1425.6199999999997,True,False
2023,Fantasy Football Calculator ADP,True,381,93230381,10,target_intel,6,8.0,1333.02,1638.8600000000001,True,False
2023,Fantasy Football Calculator ADP,True,381,93230381,10,model_only,1,11.0,1134.5000000000002,1487.2,True,False
2023,Fantasy Football Calculator ADP,True,382,93230382,11,adp,2,10.0,1283.38,1531.58,True,False
2023,Fantasy Football Calculator ADP,True,382,93230382,11,target_intel,2,11.0,1476.5800000000002,1690.0200000000002,True,False
2023,Fantasy Football Calculator ADP,True,382,93230382,11,model_only,2,9.0,1094.48,1481.8600000000001,True,False
2023,Fantasy Football Calculator ADP,True,383,93230383,12,adp,8,6.0,1192.38,1532.34,False,False
2023,Fantasy Football Calculator ADP,True,383,93230383,12,target_intel,4,8.0,1392.98,1684.16,True,True
2023,Fantasy Football Calculator ADP,True,383,93230383,12,model_only,10,6.0,1116.24,1440.0799999999997,False,False
2023,Fantasy Football Calculator ADP,True,384,93230384,1,adp,10,5.0,988.84,1241.18,False,False
2023,Fantasy Football Calculator ADP,True,384,93230384,1,target_intel,1,12.0,1391.1000000000001,1584.3,True,True
2023,Fantasy Football Calculator ADP,True,384,93230384,1,model_only,9,6.0,1142.0800000000002,1421.8999999999999,False,False
2023,Fantasy Football Calculator ADP,True,385,93230385,2,adp,7,6.0,1235.3799999999999,1631.3,False,False
2023,Fantasy Football Calculator ADP,True,385,93230385,2,target_intel,6,7.0,1250.92,1577.84,True,True
2023,Fantasy Football Calculator ADP,True,385,93230385,2,model_only,9,6.0,1089.46,1367.04,False,False
2023,Fantasy Football Calculator ADP,True,386,93230386,3,adp,3,8.0,1407.44,1670.76,True,False
2023,Fantasy Football Calculator ADP,True,386,93230386,3,target_intel,3,8.0,1267.4800000000002,1567.64,True,False
2023,Fantasy Football Calculator ADP,True,386,93230386,3,model_only,9,5.0,1156.08,1447.68,False,False
2023,Fantasy Football Calculator ADP,True,387,93230387,4,adp,7,7.0,1127.36,1367.9399999999998,False,False
2023,Fantasy Football Calculator ADP,True,387,93230387,4,target_intel,5,7.0,1228.9200000000003,1456.34,True,False
2023,Fantasy Football Calculator ADP,True,387,93230387,4,model_only,12,3.0,1034.28,1379.26,False,False
2023,Fantasy Football Calculator ADP,True,388,93230388,5,adp,3,9.0,1245.16,1478.88,True,False
2023,Fantasy Football Calculator ADP,True,388,93230388,5,target_intel,9,6.0,1239.98,1550.6000000000001,False,False
2023,Fantasy Football Calculator ADP,True,388,93230388,5,model_only,11,4.0,1146.5800000000002,1490.0600000000002,False,False
2023,Fantasy Football Calculator ADP,True,389,93230389,6,adp,7,6.0,1270.96,1508.5200000000002,False,False
2023,Fantasy Football Calculator ADP,True,389,93230389,6,target_intel,6,7.0,1291.4399999999998,1561.34,True,True
2023,Fantasy Football Calculator ADP,True,389,93230389,6,model_only,8,6.0,1130.58,1481.22,False,False
2023,Fantasy Football Calculator ADP,True,390,93230390,7,adp,4,9.0,1249.9800000000002,1543.2800000000002,True,False
2023,Fantasy Football Calculator ADP,True,390,93230390,7,target_intel,4,8.0,1326.08,1679.84,True,False
2023,Fantasy Football Calculator ADP,True,390,93230390,7,model_only,12,4.0,1188.04,1437.68,False,False
2023,Fantasy Football Calculator ADP,True,391,93230391,8,adp,6,7.0,1284.8799999999999,1590.3800000000003,True,True
2023,Fantasy Football Calculator ADP,True,391,93230391,8,target_intel,2,9.0,1337.94,1692.54,True,False
2023,Fantasy Football Calculator ADP,True,391,93230391,8,model_only,12,5.0,1138.78,1459.86,False,False
2023,Fantasy Football Calculator ADP,True,392,93230392,9,adp,1,12.0,1337.3600000000001,1625.6200000000001,True,False
2023,Fantasy Football Calculator ADP,True,392,93230392,9,target_intel,2,9.0,1300.48,1617.1399999999999,True,False
2023,Fantasy Football Calculator ADP,True,392,93230392,9,model_only,9,6.0,1032.44,1446.38,False,False
2023,Fantasy Football Calculator ADP,True,393,93230393,10,adp,4,8.0,1284.2799999999997,1523.6600000000003,True,False
2023,Fantasy Football Calculator ADP,True,393,93230393,10,target_intel,5,8.0,1269.64,1553.54,True,False
2023,Fantasy Football Calculator ADP,True,393,93230393,10,model_only,9,6.0,1219.42,1553.9600000000005,False,False
2023,Fantasy Football Calculator ADP,True,394,93230394,11,adp,3,9.0,1204.34,1669.96,True,False
2023,Fantasy Football Calculator ADP,True,394,93230394,11,target_intel,3,9.0,1335.5200000000002,1603.4,True,False
2023,Fantasy Football Calculator ADP,True,394,93230394,11,model_only,5,8.0,1122.0800000000002,1494.6399999999999,True,False
2023,Fantasy Football Calculator ADP,True,395,93230395,12,adp,3,10.0,1240.12,1584.88,True,False
2023,Fantasy Football Calculator ADP,True,395,93230395,12,target_intel,2,8.0,1346.4,1664.58,True,False
2023,Fantasy Football Calculator ADP,True,395,93230395,12,model_only,5,8.0,1244.92,1526.6000000000001,True,False
2023,Fantasy Football Calculator ADP,True,396,93230396,1,adp,7,7.0,1150.64,1468.6200000000001,False,False
2023,Fantasy Football Calculator ADP,True,396,93230396,1,target_intel,8,6.0,1219.56,1460.98,False,False
2023,Fantasy Football Calculator ADP,True,396,93230396,1,model_only,11,5.0,1058.5800000000002,1400.0200000000002,False,False
2023,Fantasy Football Calculator ADP,True,397,93230397,2,adp,11,5.0,1009.78,1389.5,False,False
2023,Fantasy Football Calculator ADP,True,397,93230397,2,target_intel,6,7.0,1362.7,1617.86,True,False
2023,Fantasy Football Calculator ADP,True,397,93230397,2,model_only,2,9.0,1207.0800000000002,1512.3799999999999,True,False
2023,Fantasy Football Calculator ADP,True,398,93230398,3,adp,9,5.0,1177.2800000000002,1476.32,False,False
2023,Fantasy Football Calculator ADP,True,398,93230398,3,target_intel,6,7.0,1233.6399999999999,1517.58,True,False
2023,Fantasy Football Calculator ADP,True,398,93230398,3,model_only,12,2.0,1062.48,1404.1399999999999,False,False
2023,Fantasy Football Calculator ADP,True,399,93230399,4,adp,7,7.0,952.4800000000001,1362.06,False,False
2023,Fantasy Football Calculator ADP,True,399,93230399,4,target_intel,5,8.0,1220.7799999999997,1524.04,True,False
2023,Fantasy Football Calculator ADP,True,399,93230399,4,model_only,5,8.0,1222.22,1551.66,True,False
2023,Fantasy Football Calculator ADP,True,400,93230400,5,adp,2,8.0,1289.26,1572.0200000000004,True,True
2023,Fantasy Football Calculator ADP,True,400,93230400,5,target_intel,5,7.0,1225.2399999999998,1395.5000000000002,True,False
2023,Fantasy Football Calculator ADP,True,400,93230400,5,model_only,8,5.0,1168.0200000000002,1470.44,False,False
2023,Fantasy Football Calculator ADP,True,401,93230401,6,adp,11,5.0,1097.46,1387.8999999999999,False,False
2023,Fantasy Football Calculator ADP,True,401,93230401,6,target_intel,4,8.0,1294.7000000000003,1482.3,True,False
2023,Fantasy Football Calculator ADP,True,401,93230401,6,model_only,6,7.0,1219.68,1577.58,True,False
2023,Fantasy Football Calculator ADP,True,402,93230402,7,adp,1,10.0,1327.3400000000001,1531.1399999999999,True,True
2023,Fantasy Football Calculator ADP,True,402,93230402,7,target_intel,8,7.0,1264.1999999999998,1506.5,False,False
2023,Fantasy Football Calculator ADP,True,402,93230402,7,model_only,8,6.0,1114.08,1420.28,False,False
2023,Fantasy Football Calculator ADP,True,403,93230403,8,adp,5,8.0,1232.12,1519.1399999999999,True,False
2023,Fantasy Football Calculator ADP,True,403,93230403,8,target_intel,5,8.0,1337.1000000000001,1577.5000000000002,True,False
2023,Fantasy Football Calculator ADP,True,403,93230403,8,model_only,12,4.0,1057.6800000000003,1360.4600000000003,False,False
2023,Fantasy Football Calculator ADP,True,404,93230404,9,adp,8,7.0,1129.7799999999997,1492.2600000000002,False,False
2023,Fantasy Football Calculator ADP,True,404,93230404,9,target_intel,8,6.0,1204.94,1482.9400000000003,False,False
2023,Fantasy Football Calculator ADP,True,404,93230404,9,model_only,9,5.0,1185.4800000000002,1488.98,False,False
2023,Fantasy Football Calculator ADP,True,405,93230405,10,adp,6,8.0,1222.1599999999999,1671.3799999999999,True,False
2023,Fantasy Football Calculator ADP,True,405,93230405,10,target_intel,7,6.0,1418.28,1685.1800000000003,False,False
2023,Fantasy Football Calculator ADP,True,405,93230405,10,model_only,11,6.0,1112.14,1470.1800000000003,False,False
2023,Fantasy Football Calculator ADP,True,406,93230406,11,adp,10,6.0,1143.8400000000001,1524.36,False,False
2023,Fantasy Football Calculator ADP,True,406,93230406,11,target_intel,11,4.0,1229.36,1532.2800000000002,False,False
2023,Fantasy Football Calculator ADP,True,406,93230406,11,model_only,12,5.0,1062.38,1398.0600000000002,False,False
2023,Fantasy Football Calculator ADP,True,407,93230407,12,adp,1,11.0,1133.0800000000002,1381.46,True,False
2023,Fantasy Football Calculator ADP,True,407,93230407,12,target_intel,2,10.0,1437.38,1680.26,True,False
2023,Fantasy Football Calculator ADP,True,407,93230407,12,model_only,11,4.0,970.28,1292.24,False,False
2023,Fantasy Football Calculator ADP,True,408,93230408,1,adp,6,7.0,1156.36,1489.1,True,False
2023,Fantasy Football Calculator ADP,True,408,93230408,1,target_intel,1,11.0,1347.3000000000002,1642.4,True,False
2023,Fantasy Football Calculator ADP,True,408,93230408,1,model_only,4,9.0,1181.5799999999997,1448.1,True,False
2023,Fantasy Football Calculator ADP,True,409,93230409,2,adp,12,5.0,1026.8999999999999,1374.64,False,False
2023,Fantasy Football Calculator ADP,True,409,93230409,2,target_intel,10,5.0,1148.5400000000002,1426.3399999999997,False,False
2023,Fantasy Football Calculator ADP,True,409,93230409,2,model_only,10,5.0,1131.84,1432.28,False,False
2023,Fantasy Football Calculator ADP,True,410,93230410,3,adp,6,8.0,1103.16,1476.5,True,False
2023,Fantasy Football Calculator ADP,True,410,93230410,3,target_intel,8,6.0,1242.3400000000001,1595.9400000000003,False,False
2023,Fantasy Football Calculator ADP,True,410,93230410,3,model_only,8,6.0,1096.8200000000002,1406.9399999999998,False,False
2023,Fantasy Football Calculator ADP,True,411,93230411,4,adp,11,4.0,1065.0599999999997,1484.9199999999998,False,False
2023,Fantasy Football Calculator ADP,True,411,93230411,4,target_intel,3,10.0,1279.42,1550.0,True,True
2023,Fantasy Football Calculator ADP,True,411,93230411,4,model_only,11,4.0,1090.98,1438.0200000000002,False,False
2023,Fantasy Football Calculator ADP,True,412,93230412,5,adp,9,6.0,1200.96,1523.8799999999999,False,False
2023,Fantasy Football Calculator ADP,True,412,93230412,5,target_intel,7,6.0,1268.12,1612.7600000000002,False,False
2023,Fantasy Football Calculator ADP,True,412,93230412,5,model_only,9,5.0,1127.3799999999999,1530.68,False,False
2023,Fantasy Football Calculator ADP,True,413,93230413,6,adp,5,8.0,1216.9800000000002,1375.4,True,False
2023,Fantasy Football Calculator ADP,True,413,93230413,6,target_intel,6,7.0,1154.8000000000002,1373.4000000000003,True,False
2023,Fantasy Football Calculator ADP,True,413,93230413,6,model_only,7,7.0,1213.6799999999998,1563.5800000000002,False,False
2023,Fantasy Football Calculator ADP,True,414,93230414,7,adp,2,10.0,1384.96,1707.9400000000003,True,True
2023,Fantasy Football Calculator ADP,True,414,93230414,7,target_intel,4,8.0,1223.8400000000001,1550.34,True,False
2023,Fantasy Football Calculator ADP,True,414,93230414,7,model_only,10,5.0,1212.8400000000001,1509.3799999999999,False,False
2023,Fantasy Football Calculator ADP,True,415,93230415,8,adp,12,3.0,1074.8,1368.98,False,False
2023,Fantasy Football Calculator ADP,True,415,93230415,8,target_intel,5,8.0,1192.04,1541.7600000000004,True,False
2023,Fantasy Football Calculator ADP,True,415,93230415,8,model_only,10,5.0,1156.44,1525.38,False,False
2023,Fantasy Football Calculator ADP,True,416,93230416,9,adp,9,6.0,1131.62,1501.6599999999999,False,False
2023,Fantasy Football Calculator ADP,True,416,93230416,9,target_intel,1,9.0,1335.14,1572.62,True,False
2023,Fantasy Football Calculator ADP,True,416,93230416,9,model_only,9,6.0,1205.28,1491.0800000000002,False,False
2023,Fantasy Football Calculator ADP,True,417,93230417,10,adp,4,8.0,1329.72,1556.48,True,False
2023,Fantasy Football Calculator ADP,True,417,93230417,10,target_intel,1,12.0,1395.7,1685.3999999999999,True,False
2023,Fantasy Football Calculator ADP,True,417,93230417,10,model_only,5,8.0,1163.98,1517.4199999999998,True,False
2023,Fantasy Football Calculator ADP,True,418,93230418,11,adp,11,5.0,1110.5,1501.8400000000001,False,False
2023,Fantasy Football Calculator ADP,True,418,93230418,11,target_intel,6,8.0,1217.1200000000001,1495.1999999999998,True,False
2023,Fantasy Football Calculator ADP,True,418,93230418,11,model_only,12,3.0,1107.54,1458.68,False,False
2023,Fantasy Football Calculator ADP,True,419,93230419,12,adp,8,6.0,1151.0200000000002,1364.56,False,False
2023,Fantasy Football Calculator ADP,True,419,93230419,12,target_intel,2,9.0,1264.82,1583.94,True,False
2023,Fantasy Football Calculator ADP,True,419,93230419,12,model_only,12,5.0,1147.46,1605.22,False,False
2023,Fantasy Football Calculator ADP,True,420,93230420,1,adp,12,2.0,1041.1200000000001,1337.42,False,False
2023,Fantasy Football Calculator ADP,True,420,93230420,1,target_intel,11,5.0,1203.3600000000001,1485.08,False,False
2023,Fantasy Football Calculator ADP,True,420,93230420,1,model_only,10,6.0,1112.0199999999998,1455.6000000000001,False,False
2023,Fantasy Football Calculator ADP,True,421,93230421,2,adp,10,5.0,1025.16,1292.0200000000002,False,False
2023,Fantasy Football Calculator ADP,True,421,93230421,2,target_intel,8,7.0,1187.54,1531.2400000000002,False,False
2023,Fantasy Football Calculator ADP,True,421,93230421,2,model_only,12,4.0,1140.48,1477.3,False,False
2023,Fantasy Football Calculator ADP,True,422,93230422,3,adp,12,3.0,877.1400000000001,1221.18,False,False
2023,Fantasy Football Calculator ADP,True,422,93230422,3,target_intel,1,9.0,1334.8400000000001,1669.2600000000002,True,False
2023,Fantasy Football Calculator ADP,True,422,93230422,3,model_only,9,5.0,1191.18,1500.98,False,False
2023,Fantasy Football Calculator ADP,True,423,93230423,4,adp,2,10.0,1342.16,1594.9799999999998,True,False
2023,Fantasy Football Calculator ADP,True,423,93230423,4,target_intel,1,11.0,1378.44,1606.94,True,False
2023,Fantasy Football Calculator ADP,True,423,93230423,4,model_only,3,9.0,1159.4399999999998,1475.18,True,False
2023,Fantasy Football Calculator ADP,True,424,93230424,5,adp,11,4.0,1042.3,1221.48,False,False
2023,Fantasy Football Calculator ADP,True,424,93230424,5,target_intel,7,6.0,1274.14,1468.2399999999998,False,False
2023,Fantasy Football Calculator ADP,True,424,93230424,5,model_only,8,6.0,1241.6200000000001,1569.6000000000004,False,False
2023,Fantasy Football Calculator ADP,True,425,93230425,6,adp,1,12.0,1434.0400000000002,1800.8600000000001,True,False
2023,Fantasy Football Calculator ADP,True,425,93230425,6,target_intel,2,9.0,1373.64,1568.1399999999994,True,False
2023,Fantasy Football Calculator ADP,True,425,93230425,6,model_only,7,6.0,1113.68,1563.3800000000003,False,False
2023,Fantasy Football Calculator ADP,True,426,93230426,7,adp,1,9.0,1322.12,1559.9599999999998,True,False
2023,Fantasy Football Calculator ADP,True,426,93230426,7,target_intel,1,10.0,1279.7000000000003,1604.8,True,False
2023,Fantasy Football Calculator ADP,True,426,93230426,7,model_only,3,9.0,1192.1000000000001,1573.9400000000003,True,False
2023,Fantasy Football Calculator ADP,True,427,93230427,8,adp,2,9.0,1404.5800000000002,1672.96,True,True
2023,Fantasy Football Calculator ADP,True,427,93230427,8,target_intel,5,7.0,1339.74,1567.7399999999998,True,False
2023,Fantasy Football Calculator ADP,True,427,93230427,8,model_only,2,9.0,1237.0800000000002,1602.8799999999999,True,False
2023,Fantasy Football Calculator ADP,True,428,93230428,9,adp,5,8.0,1146.76,1405.3999999999999,True,False
2023,Fantasy Football Calculator ADP,True,428,93230428,9,target_intel,1,10.0,1439.8600000000001,1655.5799999999997,True,True
2023,Fantasy Football Calculator ADP,True,428,93230428,9,model_only,9,6.0,1133.3799999999999,1456.26,False,False
2023,Fantasy Football Calculator ADP,True,429,93230429,10,adp,4,9.0,1241.58,1580.16,True,False
2023,Fantasy Football Calculator ADP,True,429,93230429,10,target_intel,5,7.0,1228.4599999999998,1617.72,True,False
2023,Fantasy Football Calculator ADP,True,429,93230429,10,model_only,6,7.0,1122.48,1434.62,True,False
2023,Fantasy Football Calculator ADP,True,430,93230430,11,adp,5,8.0,1115.22,1374.8600000000001,True,False
2023,Fantasy Football Calculator ADP,True,430,93230430,11,target_intel,1,11.0,1239.3200000000002,1517.46,True,False
2023,Fantasy Football Calculator ADP,True,430,93230430,11,model_only,10,6.0,1126.66,1498.12,False,False
2023,Fantasy Football Calculator ADP,True,431,93230431,12,adp,11,5.0,1093.1399999999999,1522.28,False,False
2023,Fantasy Football Calculator ADP,True,431,93230431,12,target_intel,6,7.0,1258.1599999999999,1604.1599999999999,True,False
2023,Fantasy Football Calculator ADP,True,431,93230431,12,model_only,10,5.0,1153.82,1476.0600000000004,False,False
2023,Fantasy Football Calculator ADP,True,432,93230432,1,adp,12,2.0,935.44,1254.1400000000003,False,False
2023,Fantasy Football Calculator ADP,True,432,93230432,1,target_intel,9,6.0,1224.14,1492.2400000000002,False,False
2023,Fantasy Football Calculator ADP,True,432,93230432,1,model_only,11,5.0,1211.2800000000002,1534.4799999999998,False,False
2023,Fantasy Football Calculator ADP,True,433,93230433,2,adp,8,7.0,1091.94,1371.0,False,False
2023,Fantasy Football Calculator ADP,True,433,93230433,2,target_intel,6,8.0,1172.32,1487.58,True,False
2023,Fantasy Football Calculator ADP,True,433,93230433,2,model_only,10,5.0,1174.88,1503.02,False,False
2023,Fantasy Football Calculator ADP,True,434,93230434,3,adp,12,2.0,1122.8200000000002,1475.1799999999998,False,False
2023,Fantasy Football Calculator ADP,True,434,93230434,3,target_intel,2,8.0,1298.2,1551.6000000000001,True,False
2023,Fantasy Football Calculator ADP,True,434,93230434,3,model_only,12,3.0,1113.4799999999998,1419.7,False,False
2023,Fantasy Football Calculator ADP,True,435,93230435,4,adp,12,3.0,848.5600000000001,1227.5800000000002,False,False
2023,Fantasy Football Calculator ADP,True,435,93230435,4,target_intel,1,11.0,1337.0,1529.1000000000001,True,False
2023,Fantasy Football Calculator ADP,True,435,93230435,4,model_only,8,6.0,1140.3200000000002,1530.8600000000001,False,False
2023,Fantasy Football Calculator ADP,True,436,93230436,5,adp,4,9.0,1193.88,1405.0400000000004,True,False
2023,Fantasy Football Calculator ADP,True,436,93230436,5,target_intel,4,9.0,1175.7800000000002,1404.5400000000002,True,False
2023,Fantasy Football Calculator ADP,True,436,93230436,5,model_only,9,6.0,1147.48,1499.86,False,False
2023,Fantasy Football Calculator ADP,True,437,93230437,6,adp,1,10.0,1405.3200000000002,1628.62,True,True
2023,Fantasy Football Calculator ADP,True,437,93230437,6,target_intel,2,9.0,1352.76,1513.9599999999998,True,False
2023,Fantasy Football Calculator ADP,True,437,93230437,6,model_only,11,5.0,1193.5800000000002,1508.88,False,False
2023,Fantasy Football Calculator ADP,True,438,93230438,7,adp,6,8.0,1269.0,1599.9599999999998,True,False
2023,Fantasy Football Calculator ADP,True,438,93230438,7,target_intel,8,7.0,1158.0000000000002,1354.3999999999999,False,False
2023,Fantasy Football Calculator ADP,True,438,93230438,7,model_only,6,7.0,1178.7800000000002,1519.7000000000003,True,False
2023,Fantasy Football Calculator ADP,True,439,93230439,8,adp,8,6.0,1189.9600000000003,1528.5000000000002,False,False
2023,Fantasy Football Calculator ADP,True,439,93230439,8,target_intel,3,9.0,1286.52,1538.8000000000002,True,False
2023,Fantasy Football Calculator ADP,True,439,93230439,8,model_only,9,5.0,1211.4799999999998,1510.66,False,False
2023,Fantasy Football Calculator ADP,True,440,93230440,9,adp,6,7.0,1257.66,1633.3200000000004,True,False
2023,Fantasy Football Calculator ADP,True,440,93230440,9,target_intel,2,9.0,1257.7599999999998,1642.7000000000003,True,False
2023,Fantasy Football Calculator ADP,True,440,93230440,9,model_only,6,7.0,1166.28,1436.26,True,False
2023,Fantasy Football Calculator ADP,True,441,93230441,10,adp,1,10.0,1258.92,1546.4,True,False
2023,Fantasy Football Calculator ADP,True,441,93230441,10,target_intel,3,9.0,1302.66,1641.4200000000003,True,False
2023,Fantasy Football Calculator ADP,True,441,93230441,10,model_only,11,4.0,1086.3200000000002,1462.2600000000002,False,False
2023,Fantasy Football Calculator ADP,True,442,93230442,11,adp,3,8.0,1335.3600000000001,1583.72,True,False
2023,Fantasy Football Calculator ADP,True,442,93230442,11,target_intel,2,10.0,1409.48,1628.32,True,True
2023,Fantasy Football Calculator ADP,True,442,93230442,11,model_only,12,3.0,1175.92,1538.96,False,False
2023,Fantasy Football Calculator ADP,True,443,93230443,12,adp,8,7.0,1142.9,1346.86,False,False
2023,Fantasy Football Calculator ADP,True,443,93230443,12,target_intel,2,8.0,1273.0,1520.04,True,False
2023,Fantasy Football Calculator ADP,True,443,93230443,12,model_only,9,6.0,1078.44,1414.7400000000002,False,False
2023,Fantasy Football Calculator ADP,True,444,93230444,1,adp,7,6.0,1194.4599999999998,1513.28,False,False
2023,Fantasy Football Calculator ADP,True,444,93230444,1,target_intel,3,9.0,1274.16,1536.2800000000002,True,False
2023,Fantasy Football Calculator ADP,True,444,93230444,1,model_only,4,8.0,1199.0400000000002,1476.9600000000003,True,False
2023,Fantasy Football Calculator ADP,True,445,93230445,2,adp,12,3.0,910.48,1199.34,False,False
2023,Fantasy Football Calculator ADP,True,445,93230445,2,target_intel,6,6.0,1231.44,1500.0,True,False
2023,Fantasy Football Calculator ADP,True,445,93230445,2,model_only,8,6.0,1203.12,1525.8999999999996,False,False
2023,Fantasy Football Calculator ADP,True,446,93230446,3,adp,3,9.0,1265.3999999999996,1584.1000000000001,True,False
2023,Fantasy Football Calculator ADP,True,446,93230446,3,target_intel,3,9.0,1261.3400000000001,1546.14,True,False
2023,Fantasy Football Calculator ADP,True,446,93230446,3,model_only,5,7.0,1192.7200000000003,1591.6000000000001,True,False
2023,Fantasy Football Calculator ADP,True,447,93230447,4,adp,1,12.0,1439.76,1710.72,True,False
2023,Fantasy Football Calculator ADP,True,447,93230447,4,target_intel,3,9.0,1232.3,1515.0,True,False
2023,Fantasy Football Calculator ADP,True,447,93230447,4,model_only,5,7.0,1170.18,1503.6799999999998,True,False
2023,Fantasy Football Calculator ADP,True,448,93230448,5,adp,9,6.0,1306.68,1560.74,False,False
2023,Fantasy Football Calculator ADP,True,448,93230448,5,target_intel,8,6.0,1190.3000000000002,1450.8999999999999,False,False
2023,Fantasy Football Calculator ADP,True,448,93230448,5,model_only,9,5.0,1093.98,1478.2199999999998,False,False
2023,Fantasy Football Calculator ADP,True,449,93230449,6,adp,1,10.0,1266.46,1639.6,True,False
2023,Fantasy Football Calculator ADP,True,449,93230449,6,target_intel,12,4.0,1096.58,1390.44,False,False
2023,Fantasy Football Calculator ADP,True,449,93230449,6,model_only,5,7.0,1228.78,1534.8799999999999,True,False
2023,Fantasy Football Calculator ADP,True,450,93230450,7,adp,10,5.0,1072.02,1371.76,False,False
2023,Fantasy Football Calculator ADP,True,450,93230450,7,target_intel,9,6.0,1232.3400000000001,1522.3400000000001,False,False
2023,Fantasy Football Calculator ADP,True,450,93230450,7,model_only,7,7.0,1163.08,1468.7600000000002,False,False
2023,Fantasy Football Calculator ADP,True,451,93230451,8,adp,3,9.0,1217.42,1545.0399999999997,True,True
2023,Fantasy Football Calculator ADP,True,451,93230451,8,target_intel,1,11.0,1423.0800000000002,1700.78,True,False
2023,Fantasy Football Calculator ADP,True,451,93230451,8,model_only,6,7.0,1185.38,1510.78,True,True
2023,Fantasy Football Calculator ADP,True,452,93230452,9,adp,6,8.0,1303.58,1548.46,True,False
2023,Fantasy Football Calculator ADP,True,452,93230452,9,target_intel,1,10.0,1357.08,1620.36,True,True
2023,Fantasy Football Calculator ADP,True,452,93230452,9,model_only,5,8.0,1226.34,1561.6999999999998,True,False
2023,Fantasy Football Calculator ADP,True,453,93230453,10,adp,9,6.0,1149.58,1551.02,False,False
2023,Fantasy Football Calculator ADP,True,453,93230453,10,target_intel,6,7.0,1361.8600000000001,1604.98,True,False
2023,Fantasy Football Calculator ADP,True,453,93230453,10,model_only,10,6.0,1234.18,1558.3200000000002,False,False
2023,Fantasy Football Calculator ADP,True,454,93230454,11,adp,8,5.0,1240.9199999999996,1644.0200000000002,False,False
2023,Fantasy Football Calculator ADP,True,454,93230454,11,target_intel,1,9.0,1301.6000000000001,1624.86,True,False
2023,Fantasy Football Calculator ADP,True,454,93230454,11,model_only,11,4.0,1175.84,1495.6799999999998,False,False
2023,Fantasy Football Calculator ADP,True,455,93230455,12,adp,7,7.0,1204.1599999999999,1611.8200000000002,False,False
2023,Fantasy Football Calculator ADP,True,455,93230455,12,target_intel,4,8.0,1265.38,1582.1399999999999,True,False
2023,Fantasy Football Calculator ADP,True,455,93230455,12,model_only,9,6.0,1192.46,1469.72,False,False
2023,Fantasy Football Calculator ADP,True,456,93230456,1,adp,11,4.5,1067.32,1426.2800000000002,False,False
2023,Fantasy Football Calculator ADP,True,456,93230456,1,target_intel,9,6.0,1240.44,1569.8,False,False
2023,Fantasy Football Calculator ADP,True,456,93230456,1,model_only,12,5.0,1071.72,1439.3,False,False
2023,Fantasy Football Calculator ADP,True,457,93230457,2,adp,8,7.0,1171.6999999999998,1534.08,False,False
2023,Fantasy Football Calculator ADP,True,457,93230457,2,target_intel,3,8.0,1349.8200000000002,1587.18,True,False
2023,Fantasy Football Calculator ADP,True,457,93230457,2,model_only,8,7.0,1171.54,1442.1599999999996,False,False
2023,Fantasy Football Calculator ADP,True,458,93230458,3,adp,12,4.0,1152.68,1470.0800000000002,False,False
2023,Fantasy Football Calculator ADP,True,458,93230458,3,target_intel,2,9.0,1330.8,1576.7,True,True
2023,Fantasy Football Calculator ADP,True,458,93230458,3,model_only,12,4.0,1116.2800000000002,1424.52,False,False
2023,Fantasy Football Calculator ADP,True,459,93230459,4,adp,1,12.0,1256.3400000000001,1448.46,True,True
2023,Fantasy Football Calculator ADP,True,459,93230459,4,target_intel,8,6.0,1198.3799999999999,1445.04,False,False
2023,Fantasy Football Calculator ADP,True,459,93230459,4,model_only,6,8.0,1147.58,1459.16,True,False
2023,Fantasy Football Calculator ADP,True,460,93230460,5,adp,1,10.0,1350.2999999999997,1575.7200000000003,True,False
2023,Fantasy Football Calculator ADP,True,460,93230460,5,target_intel,1,9.0,1295.0000000000002,1626.8000000000002,True,False
2023,Fantasy Football Calculator ADP,True,460,93230460,5,model_only,11,5.0,1150.4799999999998,1419.3600000000001,False,False
2023,Fantasy Football Calculator ADP,True,461,93230461,6,adp,1,12.0,1494.58,1732.6000000000001,True,False
2023,Fantasy Football Calculator ADP,True,461,93230461,6,target_intel,8,6.0,1222.7400000000002,1496.5400000000002,False,False
2023,Fantasy Football Calculator ADP,True,461,93230461,6,model_only,8,7.0,1188.62,1573.1599999999999,False,False
2023,Fantasy Football Calculator ADP,True,462,93230462,7,adp,2,8.0,1242.86,1534.06,True,True
2023,Fantasy Football Calculator ADP,True,462,93230462,7,target_intel,11,6.0,1136.02,1444.8000000000002,False,False
2023,Fantasy Football Calculator ADP,True,462,93230462,7,model_only,11,6.0,1124.48,1491.8600000000004,False,False
2023,Fantasy Football Calculator ADP,True,463,93230463,8,adp,8,6.0,1121.1800000000003,1406.6,False,False
2023,Fantasy Football Calculator ADP,True,463,93230463,8,target_intel,4,8.0,1324.44,1488.3400000000001,True,True
2023,Fantasy Football Calculator ADP,True,463,93230463,8,model_only,6,7.0,1136.62,1482.96,True,False
2023,Fantasy Football Calculator ADP,True,464,93230464,9,adp,6,8.0,1188.2400000000002,1518.38,True,False
2023,Fantasy Football Calculator ADP,True,464,93230464,9,target_intel,4,8.0,1379.78,1651.6600000000003,True,False
2023,Fantasy Football Calculator ADP,True,464,93230464,9,model_only,8,7.0,1154.58,1453.2799999999997,False,False
2023,Fantasy Football Calculator ADP,True,465,93230465,10,adp,9,6.0,1305.98,1622.46,False,False
2023,Fantasy Football Calculator ADP,True,465,93230465,10,target_intel,3,8.0,1323.24,1621.6399999999999,True,True
2023,Fantasy Football Calculator ADP,True,465,93230465,10,model_only,5,8.0,1203.58,1572.1799999999998,True,False
2023,Fantasy Football Calculator ADP,True,466,93230466,11,adp,6,7.0,1339.6800000000003,1690.44,True,True
2023,Fantasy Football Calculator ADP,True,466,93230466,11,target_intel,4,8.0,1203.06,1636.9199999999998,True,True
2023,Fantasy Football Calculator ADP,True,466,93230466,11,model_only,5,7.0,1223.1799999999998,1545.86,True,False
2023,Fantasy Football Calculator ADP,True,467,93230467,12,adp,12,4.0,1108.38,1563.2,False,False
2023,Fantasy Football Calculator ADP,True,467,93230467,12,target_intel,5,6.0,1315.72,1637.3400000000001,True,False
2023,Fantasy Football Calculator ADP,True,467,93230467,12,model_only,9,6.0,1071.24,1398.3400000000001,False,False
2023,Fantasy Football Calculator ADP,True,468,93230468,1,adp,5,8.0,1137.5,1448.8800000000003,True,False
2023,Fantasy Football Calculator ADP,True,468,93230468,1,target_intel,12,3.0,1128.6799999999998,1469.5400000000002,False,False
2023,Fantasy Football Calculator ADP,True,468,93230468,1,model_only,4,9.0,1261.2800000000002,1578.6199999999997,True,False
2023,Fantasy Football Calculator ADP,True,469,93230469,2,adp,3,8.0,1312.8600000000001,1562.64,True,True
2023,Fantasy Football Calculator ADP,True,469,93230469,2,target_intel,7,7.0,1233.4199999999998,1652.2399999999998,False,False
2023,Fantasy Football Calculator ADP,True,469,93230469,2,model_only,4,8.0,1244.22,1566.76,True,True
2023,Fantasy Football Calculator ADP,True,470,93230470,3,adp,10,5.0,1202.0600000000002,1570.3000000000004,False,False
2023,Fantasy Football Calculator ADP,True,470,93230470,3,target_intel,4,8.0,1309.8400000000001,1559.34,True,False
2023,Fantasy Football Calculator ADP,True,470,93230470,3,model_only,9,5.0,1113.7399999999998,1442.2800000000002,False,False
2023,Fantasy Football Calculator ADP,True,471,93230471,4,adp,9,6.0,1057.56,1275.9199999999996,False,False
2023,Fantasy Football Calculator ADP,True,471,93230471,4,target_intel,7,6.0,1252.22,1462.3400000000001,False,False
2023,Fantasy Football Calculator ADP,True,471,93230471,4,model_only,9,6.0,1072.7200000000003,1355.8400000000001,False,False
2023,Fantasy Football Calculator ADP,True,472,93230472,5,adp,12,4.0,953.42,1360.7600000000002,False,False
2023,Fantasy Football Calculator ADP,True,472,93230472,5,target_intel,7,6.0,1216.06,1529.42,False,False
2023,Fantasy Football Calculator ADP,True,472,93230472,5,model_only,12,4.0,1109.58,1379.9600000000003,False,False
2023,Fantasy Football Calculator ADP,True,473,93230473,6,adp,11,3.0,1070.4600000000003,1370.74,False,False
2023,Fantasy Football Calculator ADP,True,473,93230473,6,target_intel,12,4.0,1227.9,1488.3,False,False
2023,Fantasy Football Calculator ADP,True,473,93230473,6,model_only,8,7.0,1153.58,1518.58,False,False
2023,Fantasy Football Calculator ADP,True,474,93230474,7,adp,9,6.0,1124.0600000000002,1304.12,False,False
2023,Fantasy Football Calculator ADP,True,474,93230474,7,target_intel,6,7.0,1235.6800000000003,1524.68,True,False
2023,Fantasy Football Calculator ADP,True,474,93230474,7,model_only,7,7.0,1171.9800000000002,1435.8,False,False
2023,Fantasy Football Calculator ADP,True,475,93230475,8,adp,11,4.0,1251.4200000000003,1585.64,False,False
2023,Fantasy Football Calculator ADP,True,475,93230475,8,target_intel,6,7.0,1258.5800000000002,1560.4000000000003,True,False
2023,Fantasy Football Calculator ADP,True,475,93230475,8,model_only,8,7.0,1176.5800000000004,1475.88,False,False
2023,Fantasy Football Calculator ADP,True,476,93230476,9,adp,11,5.0,1085.1,1455.2799999999997,False,False
2023,Fantasy Football Calculator ADP,True,476,93230476,9,target_intel,7,6.0,1282.08,1563.72,False,False
2023,Fantasy Football Calculator ADP,True,476,93230476,9,model_only,9,7.0,1180.88,1551.68,False,False
2023,Fantasy Football Calculator ADP,True,477,93230477,10,adp,2,9.0,1144.0800000000002,1506.98,True,False
2023,Fantasy Football Calculator ADP,True,477,93230477,10,target_intel,4,8.0,1292.48,1592.7599999999998,True,False
2023,Fantasy Football Calculator ADP,True,477,93230477,10,model_only,6,8.0,1190.76,1496.34,True,False
2023,Fantasy Football Calculator ADP,True,478,93230478,11,adp,8,6.0,1259.36,1587.6199999999997,False,False
2023,Fantasy Football Calculator ADP,True,478,93230478,11,target_intel,1,11.0,1330.98,1666.4200000000003,True,True
2023,Fantasy Football Calculator ADP,True,478,93230478,11,model_only,5,8.0,1187.0800000000004,1476.18,True,False
2023,Fantasy Football Calculator ADP,True,479,93230479,12,adp,11,4.0,1069.3000000000002,1484.5600000000002,False,False
2023,Fantasy Football Calculator ADP,True,479,93230479,12,target_intel,5,7.0,1319.2799999999997,1680.88,True,False
2023,Fantasy Football Calculator ADP,True,479,93230479,12,model_only,11,6.0,1061.0,1382.6200000000001,False,False
2023,Fantasy Football Calculator ADP,True,480,93230480,1,adp,9,6.0,1108.26,1329.0400000000004,False,False
2023,Fantasy Football Calculator ADP,True,480,93230480,1,target_intel,8,7.0,1208.72,1472.1200000000001,False,False
2023,Fantasy Football Calculator ADP,True,480,93230480,1,model_only,8,6.0,1123.8799999999999,1478.8000000000002,False,False
2023,Fantasy Football Calculator ADP,True,481,93230481,2,adp,3,9.0,1304.2799999999997,1641.4800000000002,True,False
2023,Fantasy Football Calculator ADP,True,481,93230481,2,target_intel,7,7.0,1175.04,1456.9399999999998,False,False
2023,Fantasy Football Calculator ADP,True,481,93230481,2,model_only,10,6.0,1188.72,1552.9,False,False
2023,Fantasy Football Calculator ADP,True,482,93230482,3,adp,11,5.0,1063.44,1404.5400000000002,False,False
2023,Fantasy Football Calculator ADP,True,482,93230482,3,target_intel,2,9.0,1332.1,1601.5000000000002,True,False
2023,Fantasy Football Calculator ADP,True,482,93230482,3,model_only,11,5.0,1158.5800000000002,1499.82,False,False
2023,Fantasy Football Calculator ADP,True,483,93230483,4,adp,4,9.0,1241.36,1521.54,True,False
2023,Fantasy Football Calculator ADP,True,483,93230483,4,target_intel,7,7.0,1309.54,1602.14,False,False
2023,Fantasy Football Calculator ADP,True,483,93230483,4,model_only,8,6.0,1188.6599999999999,1504.86,False,False
2023,Fantasy Football Calculator ADP,True,484,93230484,5,adp,12,3.0,941.6999999999999,1340.0800000000002,False,False
2023,Fantasy Football Calculator ADP,True,484,93230484,5,target_intel,4,7.0,1373.34,1605.0400000000002,True,True
2023,Fantasy Football Calculator ADP,True,484,93230484,5,model_only,11,4.0,1181.38,1515.8200000000002,False,False
2023,Fantasy Football Calculator ADP,True,485,93230485,6,adp,10,4.0,1045.0600000000002,1333.7600000000002,False,False
2023,Fantasy Football Calculator ADP,True,485,93230485,6,target_intel,2,9.0,1332.64,1621.94,True,False
2023,Fantasy Football Calculator ADP,True,485,93230485,6,model_only,7,7.0,1192.28,1437.08,False,False
2023,Fantasy Football Calculator ADP,True,486,93230486,7,adp,3,9.0,1348.68,1628.4400000000003,True,False
2023,Fantasy Football Calculator ADP,True,486,93230486,7,target_intel,2,9.0,1353.2200000000003,1670.8400000000001,True,False
2023,Fantasy Football Calculator ADP,True,486,93230486,7,model_only,4,9.0,1145.2199999999998,1429.6,True,False
2023,Fantasy Football Calculator ADP,True,487,93230487,8,adp,1,9.0,1302.5800000000002,1570.7199999999998,True,True
2023,Fantasy Football Calculator ADP,True,487,93230487,8,target_intel,6,6.0,1320.28,1598.1399999999999,True,False
2023,Fantasy Football Calculator ADP,True,487,93230487,8,model_only,11,5.0,1162.78,1448.96,False,False
2023,Fantasy Football Calculator ADP,True,488,93230488,9,adp,3,9.0,1391.78,1624.92,True,False
2023,Fantasy Football Calculator ADP,True,488,93230488,9,target_intel,5,7.0,1270.7399999999998,1630.84,True,False
2023,Fantasy Football Calculator ADP,True,488,93230488,9,model_only,1,9.0,1169.7800000000002,1523.58,True,False
2023,Fantasy Football Calculator ADP,True,489,93230489,10,adp,3,9.0,1289.2799999999997,1593.46,True,False
2023,Fantasy Football Calculator ADP,True,489,93230489,10,target_intel,3,8.0,1315.8600000000001,1613.3200000000002,True,False
2023,Fantasy Football Calculator ADP,True,489,93230489,10,model_only,10,4.0,1168.5200000000002,1581.2,False,False
2023,Fantasy Football Calculator ADP,True,490,93230490,11,adp,3,9.0,1204.94,1512.0400000000002,True,False
2023,Fantasy Football Calculator ADP,True,490,93230490,11,target_intel,1,10.0,1380.08,1673.74,True,True
2023,Fantasy Football Calculator ADP,True,490,93230490,11,model_only,7,6.0,1253.2400000000002,1555.1799999999998,False,False
2023,Fantasy Football Calculator ADP,True,491,93230491,12,adp,11,4.0,1010.34,1507.18,False,False
2023,Fantasy Football Calculator ADP,True,491,93230491,12,target_intel,6,7.0,1209.38,1568.96,True,True
2023,Fantasy Football Calculator ADP,True,491,93230491,12,model_only,8,7.0,1200.44,1642.8799999999997,False,False
2023,Fantasy Football Calculator ADP,True,492,93230492,1,adp,5,8.0,1167.0600000000002,1531.94,True,False
2023,Fantasy Football Calculator ADP,True,492,93230492,1,target_intel,7,7.0,1158.34,1417.54,False,False
2023,Fantasy Football Calculator ADP,True,492,93230492,1,model_only,10,5.0,1080.12,1437.0399999999997,False,False
2023,Fantasy Football Calculator ADP,True,493,93230493,2,adp,4,8.0,1227.7800000000002,1500.0800000000002,True,True
2023,Fantasy Football Calculator ADP,True,493,93230493,2,target_intel,11,4.0,1191.9800000000002,1432.6399999999999,False,False
2023,Fantasy Football Calculator ADP,True,493,93230493,2,model_only,9,5.0,1151.08,1429.2599999999998,False,False
2023,Fantasy Football Calculator ADP,True,494,93230494,3,adp,3,10.0,1291.8000000000002,1677.12,True,True
2023,Fantasy Football Calculator ADP,True,494,93230494,3,target_intel,7,6.0,1246.78,1448.84,False,False
2023,Fantasy Football Calculator ADP,True,494,93230494,3,model_only,9,6.0,1165.54,1483.88,False,False
2023,Fantasy Football Calculator ADP,True,495,93230495,4,adp,4,8.0,1178.34,1494.24,True,False
2023,Fantasy Football Calculator ADP,True,495,93230495,4,target_intel,4,8.0,1283.5400000000002,1584.5399999999997,True,False
2023,Fantasy Football Calculator ADP,True,495,93230495,4,model_only,9,5.0,1206.8799999999999,1547.28,False,False
2023,Fantasy Football Calculator ADP,True,496,93230496,5,adp,5,8.0,1209.9,1602.3000000000002,True,False
2023,Fantasy Football Calculator ADP,True,496,93230496,5,target_intel,4,7.0,1265.1000000000001,1523.5000000000002,True,False
2023,Fantasy Football Calculator ADP,True,496,93230496,5,model_only,4,8.5,1189.5800000000002,1489.7800000000002,True,False
2023,Fantasy Football Calculator ADP,True,497,93230497,6,adp,1,13.0,1431.88,1669.48,True,False
2023,Fantasy Football Calculator ADP,True,497,93230497,6,target_intel,1,10.0,1349.3000000000004,1525.3,True,False
2023,Fantasy Football Calculator ADP,True,497,93230497,6,model_only,9,6.0,1149.2799999999997,1426.7600000000002,False,False
2023,Fantasy Football Calculator ADP,True,498,93230498,7,adp,8,7.0,1149.7,1353.8999999999996,False,False
2023,Fantasy Football Calculator ADP,True,498,93230498,7,target_intel,2,10.0,1333.58,1599.3600000000001,True,False
2023,Fantasy Football Calculator ADP,True,498,93230498,7,model_only,1,10.0,1293.3799999999999,1554.18,True,False
2023,Fantasy Football Calculator ADP,True,499,93230499,8,adp,1,10.0,1201.0400000000002,1479.86,True,True
2023,Fantasy Football Calculator ADP,True,499,93230499,8,target_intel,2,9.0,1278.2800000000002,1529.36,True,False
2023,Fantasy Football Calculator ADP,True,499,93230499,8,model_only,9,6.0,1176.78,1519.98,False,False
2024,Fantasy Football Calculator ADP,True,0,93240000,1,adp,4,8.0,1178.3200000000002,1526.1000000000001,True,False
2024,Fantasy Football Calculator ADP,True,0,93240000,1,target_intel,7,6.0,1230.6200000000003,1635.0799999999997,False,False
2024,Fantasy Football Calculator ADP,True,0,93240000,1,model_only,4,7.0,1297.52,1604.5200000000002,True,False
2024,Fantasy Football Calculator ADP,True,1,93240001,2,adp,6,8.0,1174.7800000000002,1507.98,True,False
2024,Fantasy Football Calculator ADP,True,1,93240001,2,target_intel,3,10.0,1255.9400000000003,1694.68,True,False
2024,Fantasy Football Calculator ADP,True,1,93240001,2,model_only,1,11.0,1340.08,1719.56,True,False
2024,Fantasy Football Calculator ADP,True,2,93240002,3,adp,12,4.0,1104.88,1382.48,False,False
2024,Fantasy Football Calculator ADP,True,2,93240002,3,target_intel,2,11.0,1355.82,1666.1799999999998,True,False
2024,Fantasy Football Calculator ADP,True,2,93240002,3,model_only,1,11.0,1361.0200000000002,1650.1,True,False
2024,Fantasy Football Calculator ADP,True,3,93240003,4,adp,11,5.0,1087.68,1432.8200000000002,False,False
2024,Fantasy Football Calculator ADP,True,3,93240003,4,target_intel,4,9.0,1191.94,1556.0200000000002,True,False
2024,Fantasy Football Calculator ADP,True,3,93240003,4,model_only,4,9.0,1303.4199999999998,1670.4,True,False
2024,Fantasy Football Calculator ADP,True,4,93240004,5,adp,2,9.0,1421.3000000000002,1713.4,True,False
2024,Fantasy Football Calculator ADP,True,4,93240004,5,target_intel,3,9.0,1338.94,1523.4999999999998,True,False
2024,Fantasy Football Calculator ADP,True,4,93240004,5,model_only,3,8.0,1358.22,1675.2,True,False
2024,Fantasy Football Calculator ADP,True,5,93240005,6,adp,8,7.0,1214.26,1557.8200000000002,False,False
2024,Fantasy Football Calculator ADP,True,5,93240005,6,target_intel,1,9.0,1322.0,1550.8400000000001,True,False
2024,Fantasy Football Calculator ADP,True,5,93240005,6,model_only,1,10.0,1403.22,1696.42,True,False
2024,Fantasy Football Calculator ADP,True,6,93240006,7,adp,1,9.0,1378.54,1709.88,True,True
2024,Fantasy Football Calculator ADP,True,6,93240006,7,target_intel,5,8.0,1279.12,1613.1200000000003,True,False
2024,Fantasy Football Calculator ADP,True,6,93240006,7,model_only,2,10.0,1386.8200000000002,1662.8400000000001,True,False
2024,Fantasy Football Calculator ADP,True,7,93240007,8,adp,3,8.0,1331.2400000000002,1676.7800000000002,True,False
2024,Fantasy Football Calculator ADP,True,7,93240007,8,target_intel,4,8.0,1269.0200000000002,1591.6200000000003,True,False
2024,Fantasy Football Calculator ADP,True,7,93240007,8,model_only,1,11.0,1357.0,1591.06,True,False
2024,Fantasy Football Calculator ADP,True,8,93240008,9,adp,6,8.0,1167.72,1553.64,True,False
2024,Fantasy Football Calculator ADP,True,8,93240008,9,target_intel,1,11.0,1294.1200000000001,1543.3600000000001,True,False
2024,Fantasy Football Calculator ADP,True,8,93240008,9,model_only,1,12.0,1336.1000000000001,1544.94,True,False
2024,Fantasy Football Calculator ADP,True,9,93240009,10,adp,11,4.0,1220.84,1555.8600000000001,False,False
2024,Fantasy Football Calculator ADP,True,9,93240009,10,target_intel,11,4.0,1226.8000000000002,1505.94,False,False
2024,Fantasy Football Calculator ADP,True,9,93240009,10,model_only,6,7.0,1388.8,1627.66,True,False
2024,Fantasy Football Calculator ADP,True,10,93240010,11,adp,5,8.0,1228.2199999999998,1579.72,True,True
2024,Fantasy Football Calculator ADP,True,10,93240010,11,target_intel,6,7.0,1242.92,1668.0200000000002,True,False
2024,Fantasy Football Calculator ADP,True,10,93240010,11,model_only,3,8.0,1288.3199999999997,1603.9400000000003,True,True
2024,Fantasy Football Calculator ADP,True,11,93240011,12,adp,1,12.0,1322.6800000000003,1621.8000000000002,True,True
2024,Fantasy Football Calculator ADP,True,11,93240011,12,target_intel,6,8.0,1226.02,1593.6600000000003,True,True
2024,Fantasy Football Calculator ADP,True,11,93240011,12,model_only,4,9.0,1325.5,1663.6599999999999,True,False
2024,Fantasy Football Calculator ADP,True,12,93240012,1,adp,9,5.0,1125.4199999999998,1560.32,False,False
2024,Fantasy Football Calculator ADP,True,12,93240012,1,target_intel,9,6.0,1226.34,1604.2399999999998,False,False
2024,Fantasy Football Calculator ADP,True,12,93240012,1,model_only,2,9.0,1348.1200000000003,1730.5,True,False
2024,Fantasy Football Calculator ADP,True,13,93240013,2,adp,12,1.0,987.08,1410.8,False,False
2024,Fantasy Football Calculator ADP,True,13,93240013,2,target_intel,5,7.0,1219.22,1601.6399999999999,True,False
2024,Fantasy Football Calculator ADP,True,13,93240013,2,model_only,6,7.0,1299.02,1576.34,True,False
2024,Fantasy Football Calculator ADP,True,14,93240014,3,adp,6,7.0,1065.14,1364.5200000000002,True,False
2024,Fantasy Football Calculator ADP,True,14,93240014,3,target_intel,6,7.0,1334.72,1722.8600000000001,True,False
2024,Fantasy Football Calculator ADP,True,14,93240014,3,model_only,3,9.0,1422.6200000000001,1761.8,True,False
2024,Fantasy Football Calculator ADP,True,15,93240015,4,adp,9,6.0,1058.8200000000002,1344.8600000000001,False,False
2024,Fantasy Football Calculator ADP,True,15,93240015,4,target_intel,3,9.0,1261.3200000000002,1571.16,True,False
2024,Fantasy Football Calculator ADP,True,15,93240015,4,model_only,1,10.0,1290.42,1579.76,True,False
2024,Fantasy Football Calculator ADP,True,16,93240016,5,adp,8,7.0,1228.3,1556.2800000000004,False,False
2024,Fantasy Football Calculator ADP,True,16,93240016,5,target_intel,10,5.0,1143.2200000000003,1434.92,False,False
2024,Fantasy Football Calculator ADP,True,16,93240016,5,model_only,1,11.0,1394.88,1763.86,True,False
2024,Fantasy Football Calculator ADP,True,17,93240017,6,adp,7,7.0,1117.74,1507.06,False,False
2024,Fantasy Football Calculator ADP,True,17,93240017,6,target_intel,1,11.0,1521.42,1764.3,True,False
2024,Fantasy Football Calculator ADP,True,17,93240017,6,model_only,1,10.0,1371.9,1697.8600000000001,True,False
2024,Fantasy Football Calculator ADP,True,18,93240018,7,adp,8,7.0,1135.3399999999997,1506.54,False,False
2024,Fantasy Football Calculator ADP,True,18,93240018,7,target_intel,1,10.0,1321.5200000000002,1661.22,True,False
2024,Fantasy Football Calculator ADP,True,18,93240018,7,model_only,1,10.0,1410.9200000000003,1609.28,True,False
2024,Fantasy Football Calculator ADP,True,19,93240019,8,adp,1,12.0,1581.8000000000002,1923.1200000000003,True,True
2024,Fantasy Football Calculator ADP,True,19,93240019,8,target_intel,5,8.0,1275.74,1619.9199999999998,True,False
2024,Fantasy Football Calculator ADP,True,19,93240019,8,model_only,3,9.0,1401.3200000000004,1716.2999999999997,True,False
2024,Fantasy Football Calculator ADP,True,20,93240020,9,adp,3,8.0,1297.88,1613.44,True,False
2024,Fantasy Football Calculator ADP,True,20,93240020,9,target_intel,4,9.0,1284.84,1630.9800000000005,True,False
2024,Fantasy Football Calculator ADP,True,20,93240020,9,model_only,1,13.0,1361.9,1669.94,True,False
2024,Fantasy Football Calculator ADP,True,21,93240021,10,adp,6,7.0,1211.76,1558.7400000000002,True,False
2024,Fantasy Football Calculator ADP,True,21,93240021,10,target_intel,5,9.0,1204.6999999999998,1523.5800000000002,True,False
2024,Fantasy Football Calculator ADP,True,21,93240021,10,model_only,3,9.0,1405.0199999999998,1603.38,True,False
2024,Fantasy Football Calculator ADP,True,22,93240022,11,adp,5,9.0,1189.14,1516.3799999999999,True,False
2024,Fantasy Football Calculator ADP,True,22,93240022,11,target_intel,12,4.0,1086.82,1427.0799999999997,False,False
2024,Fantasy Football Calculator ADP,True,22,93240022,11,model_only,3,8.0,1263.42,1613.8,True,False
2024,Fantasy Football Calculator ADP,True,23,93240023,12,adp,8,6.0,1054.98,1386.6399999999999,False,False
2024,Fantasy Football Calculator ADP,True,23,93240023,12,target_intel,2,10.0,1301.1200000000001,1622.6600000000003,True,True
2024,Fantasy Football Calculator ADP,True,23,93240023,12,model_only,3,9.0,1336.3200000000002,1652.2399999999998,True,False
2024,Fantasy Football Calculator ADP,True,24,93240024,1,adp,12,3.0,938.6199999999999,1357.8000000000002,False,False
2024,Fantasy Football Calculator ADP,True,24,93240024,1,target_intel,1,10.0,1238.82,1485.8600000000004,True,False
2024,Fantasy Football Calculator ADP,True,24,93240024,1,model_only,6,7.0,1371.7,1722.4,True,False
2024,Fantasy Football Calculator ADP,True,25,93240025,2,adp,5,8.0,1153.4199999999998,1576.5800000000004,True,False
2024,Fantasy Football Calculator ADP,True,25,93240025,2,target_intel,2,10.0,1380.4199999999998,1779.5400000000002,True,False
2024,Fantasy Football Calculator ADP,True,25,93240025,2,model_only,2,9.0,1394.8200000000002,1712.0,True,False
2024,Fantasy Football Calculator ADP,True,26,93240026,3,adp,7,8.0,1140.5800000000002,1498.0399999999997,False,False
2024,Fantasy Football Calculator ADP,True,26,93240026,3,target_intel,1,10.0,1320.72,1634.1600000000003,True,True
2024,Fantasy Football Calculator ADP,True,26,93240026,3,model_only,1,10.0,1388.6,1682.5400000000002,True,False
2024,Fantasy Football Calculator ADP,True,27,93240027,4,adp,9,6.0,1099.6000000000001,1361.3799999999999,False,False
2024,Fantasy Football Calculator ADP,True,27,93240027,4,target_intel,1,9.0,1264.82,1643.1200000000001,True,False
2024,Fantasy Football Calculator ADP,True,27,93240027,4,model_only,2,8.0,1406.8999999999996,1726.48,True,False
2024,Fantasy Football Calculator ADP,True,28,93240028,5,adp,1,13.0,1341.3,1666.1200000000003,True,True
2024,Fantasy Football Calculator ADP,True,28,93240028,5,target_intel,5,8.0,1240.6200000000001,1573.16,True,False
2024,Fantasy Football Calculator ADP,True,28,93240028,5,model_only,1,11.0,1315.1200000000001,1698.5200000000002,True,False
2024,Fantasy Football Calculator ADP,True,29,93240029,6,adp,1,10.0,1283.4000000000003,1561.94,True,False
2024,Fantasy Football Calculator ADP,True,29,93240029,6,target_intel,4,9.0,1318.3,1689.44,True,False
2024,Fantasy Football Calculator ADP,True,29,93240029,6,model_only,7,7.0,1366.0,1612.64,False,False
2024,Fantasy Football Calculator ADP,True,30,93240030,7,adp,10,4.0,1090.0800000000002,1386.0800000000002,False,False
2024,Fantasy Football Calculator ADP,True,30,93240030,7,target_intel,6,7.0,1310.1200000000003,1544.2400000000002,True,False
2024,Fantasy Football Calculator ADP,True,30,93240030,7,model_only,3,8.0,1427.52,1676.94,True,False
2024,Fantasy Football Calculator ADP,True,31,93240031,8,adp,3,8.0,1403.1,1699.88,True,False
2024,Fantasy Football Calculator ADP,True,31,93240031,8,target_intel,2,10.0,1372.54,1692.7199999999998,True,False
2024,Fantasy Football Calculator ADP,True,31,93240031,8,model_only,6,8.0,1348.94,1671.0200000000002,True,False
2024,Fantasy Football Calculator ADP,True,32,93240032,9,adp,1,10.0,1304.3200000000002,1493.0,True,False
2024,Fantasy Football Calculator ADP,True,32,93240032,9,target_intel,5,8.0,1219.52,1486.2400000000002,True,False
2024,Fantasy Football Calculator ADP,True,32,93240032,9,model_only,6,8.0,1339.2199999999998,1565.38,True,False
2024,Fantasy Football Calculator ADP,True,33,93240033,10,adp,1,10.0,1211.38,1505.48,True,False
2024,Fantasy Football Calculator ADP,True,33,93240033,10,target_intel,7,6.0,1297.9,1617.1600000000003,False,False
2024,Fantasy Football Calculator ADP,True,33,93240033,10,model_only,4,8.0,1336.9999999999998,1641.8400000000001,True,False
2024,Fantasy Football Calculator ADP,True,34,93240034,11,adp,2,9.0,1313.0600000000002,1667.6000000000001,True,True
2024,Fantasy Football Calculator ADP,True,34,93240034,11,target_intel,6,8.0,1154.1200000000001,1465.36,True,False
2024,Fantasy Football Calculator ADP,True,34,93240034,11,model_only,2,9.0,1331.3200000000002,1657.4,True,False
2024,Fantasy Football Calculator ADP,True,35,93240035,12,adp,8,7.0,1084.3200000000002,1494.22,False,False
2024,Fantasy Football Calculator ADP,True,35,93240035,12,target_intel,1,12.0,1280.22,1674.04,True,False
2024,Fantasy Football Calculator ADP,True,35,93240035,12,model_only,1,12.0,1351.8400000000001,1623.1200000000001,True,False
2024,Fantasy Football Calculator ADP,True,36,93240036,1,adp,11,5.0,1087.24,1443.58,False,False
2024,Fantasy Football Calculator ADP,True,36,93240036,1,target_intel,6,7.0,1236.3200000000002,1619.28,True,False
2024,Fantasy Football Calculator ADP,True,36,93240036,1,model_only,5,8.0,1400.0400000000002,1683.52,True,False
2024,Fantasy Football Calculator ADP,True,37,93240037,2,adp,12,5.0,988.7400000000001,1422.8600000000001,False,False
2024,Fantasy Football Calculator ADP,True,37,93240037,2,target_intel,11,4.0,1141.12,1473.64,False,False
2024,Fantasy Football Calculator ADP,True,37,93240037,2,model_only,2,10.0,1355.8200000000002,1706.98,True,False
2024,Fantasy Football Calculator ADP,True,38,93240038,3,adp,1,11.0,1351.6000000000001,1565.1399999999999,True,False
2024,Fantasy Football Calculator ADP,True,38,93240038,3,target_intel,3,10.0,1206.92,1481.3000000000004,True,False
2024,Fantasy Football Calculator ADP,True,38,93240038,3,model_only,1,11.0,1385.5200000000002,1696.0600000000002,True,False
2024,Fantasy Football Calculator ADP,True,39,93240039,4,adp,7,7.0,1261.14,1535.32,False,False
2024,Fantasy Football Calculator ADP,True,39,93240039,4,target_intel,7,6.0,1308.2399999999998,1683.2399999999998,False,False
2024,Fantasy Football Calculator ADP,True,39,93240039,4,model_only,8,6.0,1389.6200000000001,1761.9400000000003,False,False
2024,Fantasy Football Calculator ADP,True,40,93240040,5,adp,12,3.0,1028.6200000000001,1400.1399999999999,False,False
2024,Fantasy Football Calculator ADP,True,40,93240040,5,target_intel,8,5.0,1179.74,1451.8400000000001,False,False
2024,Fantasy Football Calculator ADP,True,40,93240040,5,model_only,3,9.0,1328.3,1650.24,True,False
2024,Fantasy Football Calculator ADP,True,41,93240041,6,adp,3,9.0,1257.4599999999998,1547.22,True,False
2024,Fantasy Football Calculator ADP,True,41,93240041,6,target_intel,1,11.0,1310.42,1674.0400000000002,True,False
2024,Fantasy Football Calculator ADP,True,41,93240041,6,model_only,2,10.0,1349.1200000000001,1691.1400000000003,True,False
2024,Fantasy Football Calculator ADP,True,42,93240042,7,adp,10,5.0,1381.8,1613.22,False,False
2024,Fantasy Football Calculator ADP,True,42,93240042,7,target_intel,8,6.0,1307.8200000000002,1632.8,False,False
2024,Fantasy Football Calculator ADP,True,42,93240042,7,model_only,1,9.0,1353.08,1707.7600000000002,True,False
2024,Fantasy Football Calculator ADP,True,43,93240043,8,adp,9,6.0,1173.9200000000003,1378.8800000000003,False,False
2024,Fantasy Football Calculator ADP,True,43,93240043,8,target_intel,5,7.0,1221.0000000000002,1580.2,True,False
2024,Fantasy Football Calculator ADP,True,43,93240043,8,model_only,2,11.0,1350.5000000000002,1679.9600000000005,True,False
2024,Fantasy Football Calculator ADP,True,44,93240044,9,adp,11,4.0,1159.44,1441.8400000000001,False,False
2024,Fantasy Football Calculator ADP,True,44,93240044,9,target_intel,3,8.0,1310.6200000000001,1626.7999999999997,True,False
2024,Fantasy Football Calculator ADP,True,44,93240044,9,model_only,3,8.0,1377.7200000000003,1664.18,True,False
2024,Fantasy Football Calculator ADP,True,45,93240045,10,adp,5,9.0,1222.9,1523.18,True,False
2024,Fantasy Football Calculator ADP,True,45,93240045,10,target_intel,9,6.0,1105.7,1380.8600000000001,False,False
2024,Fantasy Football Calculator ADP,True,45,93240045,10,model_only,2,11.0,1347.4799999999998,1667.8599999999997,True,False
2024,Fantasy Football Calculator ADP,True,46,93240046,11,adp,6,7.0,1233.24,1634.34,True,True
2024,Fantasy Football Calculator ADP,True,46,93240046,11,target_intel,3,9.0,1362.4,1718.1599999999999,True,False
2024,Fantasy Football Calculator ADP,True,46,93240046,11,model_only,4,8.0,1301.5200000000002,1645.02,True,False
2024,Fantasy Football Calculator ADP,True,47,93240047,12,adp,4,8.0,1329.7399999999998,1657.0000000000002,True,False
2024,Fantasy Football Calculator ADP,True,47,93240047,12,target_intel,1,9.0,1332.8200000000002,1816.9800000000002,True,False
2024,Fantasy Football Calculator ADP,True,47,93240047,12,model_only,1,10.0,1325.72,1541.0800000000002,True,False
2024,Fantasy Football Calculator ADP,True,48,93240048,1,adp,12,2.0,912.54,1187.6,False,False
2024,Fantasy Football Calculator ADP,True,48,93240048,1,target_intel,9,6.0,1175.92,1493.0,False,False
2024,Fantasy Football Calculator ADP,True,48,93240048,1,model_only,7,8.0,1275.92,1620.6200000000001,False,False
2024,Fantasy Football Calculator ADP,True,49,93240049,2,adp,10,5.0,915.12,1298.9000000000003,False,False
2024,Fantasy Football Calculator ADP,True,49,93240049,2,target_intel,4,8.0,1213.7199999999998,1605.26,True,False
2024,Fantasy Football Calculator ADP,True,49,93240049,2,model_only,6,7.0,1349.5800000000002,1691.16,True,False
2024,Fantasy Football Calculator ADP,True,50,93240050,3,adp,11,6.0,1139.8200000000002,1366.3400000000001,False,False
2024,Fantasy Football Calculator ADP,True,50,93240050,3,target_intel,6,7.0,1243.54,1548.48,True,False
2024,Fantasy Football Calculator ADP,True,50,93240050,3,model_only,4,8.0,1330.92,1680.7799999999997,True,False
2024,Fantasy Football Calculator ADP,True,51,93240051,4,adp,2,9.0,1269.8,1595.98,True,False
2024,Fantasy Football Calculator ADP,True,51,93240051,4,target_intel,2,9.0,1433.8200000000002,1685.5199999999998,True,False
2024,Fantasy Football Calculator ADP,True,51,93240051,4,model_only,1,11.0,1419.8999999999999,1693.26,True,False
2024,Fantasy Football Calculator ADP,True,52,93240052,5,adp,12,2.0,1038.8600000000001,1280.6800000000003,False,False
2024,Fantasy Football Calculator ADP,True,52,93240052,5,target_intel,6,8.0,1249.22,1623.88,True,False
2024,Fantasy Football Calculator ADP,True,52,93240052,5,model_only,4,8.0,1326.22,1664.2,True,False
2024,Fantasy Football Calculator ADP,True,53,93240053,6,adp,12,3.0,1029.46,1327.52,False,False
2024,Fantasy Football Calculator ADP,True,53,93240053,6,target_intel,1,11.0,1322.52,1627.42,True,False
2024,Fantasy Football Calculator ADP,True,53,93240053,6,model_only,2,9.0,1359.42,1665.04,True,False
2024,Fantasy Football Calculator ADP,True,54,93240054,7,adp,4,8.0,1261.3400000000001,1539.9600000000003,True,False
2024,Fantasy Football Calculator ADP,True,54,93240054,7,target_intel,3,9.0,1287.7400000000002,1667.5199999999998,True,False
2024,Fantasy Football Calculator ADP,True,54,93240054,7,model_only,3,9.0,1374.3200000000002,1597.92,True,False
2024,Fantasy Football Calculator ADP,True,55,93240055,8,adp,5,8.0,1407.5,1733.6799999999996,True,False
2024,Fantasy Football Calculator ADP,True,55,93240055,8,target_intel,2,10.0,1346.3,1728.9600000000003,True,False
2024,Fantasy Football Calculator ADP,True,55,93240055,8,model_only,5,8.0,1337.7200000000003,1594.04,True,False
2024,Fantasy Football Calculator ADP,True,56,93240056,9,adp,9,5.0,1262.4199999999998,1672.0800000000002,False,False
2024,Fantasy Football Calculator ADP,True,56,93240056,9,target_intel,10,5.0,1225.4200000000003,1516.7200000000003,False,False
2024,Fantasy Football Calculator ADP,True,56,93240056,9,model_only,3,9.0,1367.42,1631.1399999999999,True,False
2024,Fantasy Football Calculator ADP,True,57,93240057,10,adp,7,6.0,1199.8200000000002,1662.0400000000004,False,False
2024,Fantasy Football Calculator ADP,True,57,93240057,10,target_intel,4,8.0,1253.9199999999998,1535.9,True,False
2024,Fantasy Football Calculator ADP,True,57,93240057,10,model_only,4,9.0,1386.42,1691.2600000000002,True,False
2024,Fantasy Football Calculator ADP,True,58,93240058,11,adp,9,6.0,1130.2,1483.4799999999998,False,False
2024,Fantasy Football Calculator ADP,True,58,93240058,11,target_intel,5,8.0,1234.3200000000002,1537.54,True,False
2024,Fantasy Football Calculator ADP,True,58,93240058,11,model_only,4,9.0,1361.5800000000002,1617.92,True,False
2024,Fantasy Football Calculator ADP,True,59,93240059,12,adp,1,12.0,1418.16,1762.8000000000002,True,True
2024,Fantasy Football Calculator ADP,True,59,93240059,12,target_intel,2,10.0,1457.22,1797.6400000000003,True,True
2024,Fantasy Football Calculator ADP,True,59,93240059,12,model_only,3,8.0,1296.6999999999998,1629.06,True,False
2024,Fantasy Football Calculator ADP,True,60,93240060,1,adp,4,7.0,1212.4,1619.5000000000002,True,False
2024,Fantasy Football Calculator ADP,True,60,93240060,1,target_intel,4,9.0,1197.52,1474.6,True,False
2024,Fantasy Football Calculator ADP,True,60,93240060,1,model_only,2,9.0,1368.3199999999997,1692.1000000000001,True,False
2024,Fantasy Football Calculator ADP,True,61,93240061,2,adp,8,7.0,1134.9400000000003,1489.62,False,False
2024,Fantasy Football Calculator ADP,True,61,93240061,2,target_intel,4,8.0,1262.2200000000003,1721.26,True,False
2024,Fantasy Football Calculator ADP,True,61,93240061,2,model_only,3,8.0,1393.82,1759.48,True,False
2024,Fantasy Football Calculator ADP,True,62,93240062,3,adp,6,7.0,1210.1399999999999,1600.38,True,False
2024,Fantasy Football Calculator ADP,True,62,93240062,3,target_intel,9,5.0,1152.22,1520.6599999999999,False,False
2024,Fantasy Football Calculator ADP,True,62,93240062,3,model_only,3,8.0,1348.52,1715.9399999999998,True,False
2024,Fantasy Football Calculator ADP,True,63,93240063,4,adp,12,3.0,975.26,1344.3400000000001,False,False
2024,Fantasy Football Calculator ADP,True,63,93240063,4,target_intel,8,7.0,1280.3200000000002,1629.9799999999998,False,False
2024,Fantasy Football Calculator ADP,True,63,93240063,4,model_only,3,9.0,1326.3200000000002,1698.9799999999996,True,False
2024,Fantasy Football Calculator ADP,True,64,93240064,5,adp,11,4.0,1144.64,1519.1200000000003,False,False
2024,Fantasy Football Calculator ADP,True,64,93240064,5,target_intel,1,9.0,1297.92,1594.82,True,False
2024,Fantasy Football Calculator ADP,True,64,93240064,5,model_only,8,7.0,1333.3799999999999,1710.16,False,False
2024,Fantasy Football Calculator ADP,True,65,93240065,6,adp,9,5.0,1210.0,1490.92,False,False
2024,Fantasy Football Calculator ADP,True,65,93240065,6,target_intel,2,10.0,1322.12,1611.56,True,False
2024,Fantasy Football Calculator ADP,True,65,93240065,6,model_only,4,8.0,1341.32,1691.6200000000001,True,False
2024,Fantasy Football Calculator ADP,True,66,93240066,7,adp,3,10.0,1363.3,1601.84,True,False
2024,Fantasy Football Calculator ADP,True,66,93240066,7,target_intel,7,7.0,1166.32,1511.2,False,False
2024,Fantasy Football Calculator ADP,True,66,93240066,7,model_only,6,7.0,1342.8,1638.1600000000003,True,False
2024,Fantasy Football Calculator ADP,True,67,93240067,8,adp,5,8.0,1360.66,1730.7,True,False
2024,Fantasy Football Calculator ADP,True,67,93240067,8,target_intel,4,8.0,1333.12,1745.7000000000005,True,False
2024,Fantasy Football Calculator ADP,True,67,93240067,8,model_only,7,7.0,1357.5,1637.2600000000002,False,False
2024,Fantasy Football Calculator ADP,True,68,93240068,9,adp,1,12.0,1481.6200000000001,1798.42,True,True
2024,Fantasy Football Calculator ADP,True,68,93240068,9,target_intel,3,9.0,1342.7199999999998,1623.7599999999998,True,True
2024,Fantasy Football Calculator ADP,True,68,93240068,9,model_only,1,10.0,1414.8200000000002,1663.4,True,False
2024,Fantasy Football Calculator ADP,True,69,93240069,10,adp,2,9.0,1297.5800000000002,1584.44,True,False
2024,Fantasy Football Calculator ADP,True,69,93240069,10,target_intel,4,8.0,1228.6200000000001,1493.7,True,False
2024,Fantasy Football Calculator ADP,True,69,93240069,10,model_only,2,9.0,1366.42,1661.0000000000002,True,False
2024,Fantasy Football Calculator ADP,True,70,93240070,11,adp,7,6.0,1273.4400000000003,1535.5200000000002,False,False
2024,Fantasy Football Calculator ADP,True,70,93240070,11,target_intel,4,7.0,1328.6200000000001,1552.3799999999999,True,False
2024,Fantasy Football Calculator ADP,True,70,93240070,11,model_only,3,9.0,1387.04,1684.0800000000004,True,False
2024,Fantasy Football Calculator ADP,True,71,93240071,12,adp,10,6.0,1099.52,1473.3600000000004,False,False
2024,Fantasy Football Calculator ADP,True,71,93240071,12,target_intel,2,9.0,1204.7,1593.0,True,False
2024,Fantasy Football Calculator ADP,True,71,93240071,12,model_only,1,10.0,1324.42,1575.52,True,False
2024,Fantasy Football Calculator ADP,True,72,93240072,1,adp,4,8.0,1270.78,1647.7400000000005,True,False
2024,Fantasy Football Calculator ADP,True,72,93240072,1,target_intel,2,9.0,1363.7000000000003,1670.9599999999998,True,False
2024,Fantasy Football Calculator ADP,True,72,93240072,1,model_only,3,9.0,1382.3400000000001,1736.3200000000002,True,False
2024,Fantasy Football Calculator ADP,True,73,93240073,2,adp,12,1.0,964.7999999999998,1204.8200000000002,False,False
2024,Fantasy Football Calculator ADP,True,73,93240073,2,target_intel,2,9.0,1394.7199999999998,1749.64,True,False
2024,Fantasy Football Calculator ADP,True,73,93240073,2,model_only,4,8.0,1338.7400000000002,1618.74,True,False
2024,Fantasy Football Calculator ADP,True,74,93240074,3,adp,1,9.0,1362.74,1556.4,True,False
2024,Fantasy Football Calculator ADP,True,74,93240074,3,target_intel,3,9.0,1387.94,1744.28,True,False
2024,Fantasy Football Calculator ADP,True,74,93240074,3,model_only,3,9.0,1367.6000000000004,1745.8400000000001,True,False
2024,Fantasy Football Calculator ADP,True,75,93240075,4,adp,4,8.0,1204.6000000000001,1434.8600000000001,True,False
2024,Fantasy Football Calculator ADP,True,75,93240075,4,target_intel,4,9.0,1317.3200000000002,1582.32,True,False
2024,Fantasy Football Calculator ADP,True,75,93240075,4,model_only,1,11.0,1418.02,1721.32,True,False
2024,Fantasy Football Calculator ADP,True,76,93240076,5,adp,2,11.0,1371.3200000000002,1662.94,True,False
2024,Fantasy Football Calculator ADP,True,76,93240076,5,target_intel,6,8.0,1175.6200000000003,1525.0600000000002,True,False
2024,Fantasy Football Calculator ADP,True,76,93240076,5,model_only,8,6.0,1350.4,1610.3400000000001,False,False
2024,Fantasy Football Calculator ADP,True,77,93240077,6,adp,4,8.0,1228.6200000000001,1534.08,True,False
2024,Fantasy Football Calculator ADP,True,77,93240077,6,target_intel,6,7.0,1259.6400000000003,1584.2399999999998,True,False
2024,Fantasy Football Calculator ADP,True,77,93240077,6,model_only,3,8.0,1381.92,1682.5600000000002,True,False
2024,Fantasy Football Calculator ADP,True,78,93240078,7,adp,10,6.0,1079.3,1503.02,False,False
2024,Fantasy Football Calculator ADP,True,78,93240078,7,target_intel,6,6.0,1215.9200000000003,1572.42,True,False
2024,Fantasy Football Calculator ADP,True,78,93240078,7,model_only,2,9.0,1304.22,1624.5000000000002,True,False
2024,Fantasy Football Calculator ADP,True,79,93240079,8,adp,11,3.0,1183.16,1451.6000000000001,False,False
2024,Fantasy Football Calculator ADP,True,79,93240079,8,target_intel,5,8.0,1369.3200000000002,1677.2799999999997,True,False
2024,Fantasy Football Calculator ADP,True,79,93240079,8,model_only,4,8.0,1368.1200000000001,1631.94,True,False
2024,Fantasy Football Calculator ADP,True,80,93240080,9,adp,10,5.0,1198.12,1518.58,False,False
2024,Fantasy Football Calculator ADP,True,80,93240080,9,target_intel,2,9.0,1318.12,1644.1799999999998,True,False
2024,Fantasy Football Calculator ADP,True,80,93240080,9,model_only,4,7.0,1338.38,1639.46,True,False
2024,Fantasy Football Calculator ADP,True,81,93240081,10,adp,1,11.0,1364.5,1706.3600000000001,True,True
2024,Fantasy Football Calculator ADP,True,81,93240081,10,target_intel,6,8.0,1332.1999999999998,1635.2600000000002,True,True
2024,Fantasy Football Calculator ADP,True,81,93240081,10,model_only,2,10.0,1308.98,1658.46,True,False
2024,Fantasy Football Calculator ADP,True,82,93240082,11,adp,2,9.0,1323.68,1661.3200000000002,True,True
2024,Fantasy Football Calculator ADP,True,82,93240082,11,target_intel,1,10.0,1298.02,1618.8999999999999,True,False
2024,Fantasy Football Calculator ADP,True,82,93240082,11,model_only,2,9.0,1329.9199999999998,1594.8,True,False
2024,Fantasy Football Calculator ADP,True,83,93240083,12,adp,2,9.0,1494.68,1784.9799999999998,True,True
2024,Fantasy Football Calculator ADP,True,83,93240083,12,target_intel,1,10.0,1347.3200000000002,1734.72,True,False
2024,Fantasy Football Calculator ADP,True,83,93240083,12,model_only,1,10.0,1364.7200000000003,1637.4799999999998,True,False
2024,Fantasy Football Calculator ADP,True,84,93240084,1,adp,11,5.0,1148.7,1509.6200000000001,False,False
2024,Fantasy Football Calculator ADP,True,84,93240084,1,target_intel,6,7.0,1280.5400000000002,1557.22,True,False
2024,Fantasy Football Calculator ADP,True,84,93240084,1,model_only,1,10.0,1323.8799999999999,1713.06,True,True
2024,Fantasy Football Calculator ADP,True,85,93240085,2,adp,10,4.0,1095.1999999999998,1384.86,False,False
2024,Fantasy Football Calculator ADP,True,85,93240085,2,target_intel,5,8.0,1192.3200000000002,1435.5000000000002,True,False
2024,Fantasy Football Calculator ADP,True,85,93240085,2,model_only,5,8.0,1416.12,1706.0000000000005,True,False
2024,Fantasy Football Calculator ADP,True,86,93240086,3,adp,9,5.0,1193.0399999999997,1516.5,False,False
2024,Fantasy Football Calculator ADP,True,86,93240086,3,target_intel,7,7.0,1269.0400000000002,1637.9599999999998,False,False
2024,Fantasy Football Calculator ADP,True,86,93240086,3,model_only,4,8.0,1333.78,1777.46,True,False
2024,Fantasy Football Calculator ADP,True,87,93240087,4,adp,11,4.0,1059.66,1443.7799999999997,False,False
2024,Fantasy Football Calculator ADP,True,87,93240087,4,target_intel,2,9.0,1351.34,1586.8599999999997,True,False
2024,Fantasy Football Calculator ADP,True,87,93240087,4,model_only,4,9.0,1336.4199999999998,1750.3400000000001,True,False
2024,Fantasy Football Calculator ADP,True,88,93240088,5,adp,4,8.0,1265.3000000000002,1503.2200000000003,True,False
2024,Fantasy Football Calculator ADP,True,88,93240088,5,target_intel,2,10.0,1295.8,1635.1399999999999,True,False
2024,Fantasy Football Calculator ADP,True,88,93240088,5,model_only,9,5.0,1316.42,1549.56,False,False
2024,Fantasy Football Calculator ADP,True,89,93240089,6,adp,9,5.0,1084.26,1464.5400000000002,False,False
2024,Fantasy Football Calculator ADP,True,89,93240089,6,target_intel,1,11.0,1370.22,1693.2800000000002,True,False
2024,Fantasy Football Calculator ADP,True,89,93240089,6,model_only,4,8.0,1324.3200000000002,1574.9,True,False
2024,Fantasy Football Calculator ADP,True,90,93240090,7,adp,7,7.0,1221.7199999999998,1642.36,False,False
2024,Fantasy Football Calculator ADP,True,90,93240090,7,target_intel,1,9.0,1447.82,1815.94,True,False
2024,Fantasy Football Calculator ADP,True,90,93240090,7,model_only,4,8.0,1408.8200000000002,1700.3200000000002,True,False
2024,Fantasy Football Calculator ADP,True,91,93240091,8,adp,4,8.0,1133.9,1511.0600000000002,True,False
2024,Fantasy Football Calculator ADP,True,91,93240091,8,target_intel,10,5.0,1248.1200000000001,1573.9800000000002,False,False
2024,Fantasy Football Calculator ADP,True,91,93240091,8,model_only,7,6.0,1318.22,1548.0,False,False
2024,Fantasy Football Calculator ADP,True,92,93240092,9,adp,5,7.0,1226.44,1612.1,True,False
2024,Fantasy Football Calculator ADP,True,92,93240092,9,target_intel,7,6.0,1174.12,1536.8200000000002,False,False
2024,Fantasy Football Calculator ADP,True,92,93240092,9,model_only,7,7.0,1261.92,1646.16,False,False
2024,Fantasy Football Calculator ADP,True,93,93240093,10,adp,7,6.0,1199.98,1644.98,False,False
2024,Fantasy Football Calculator ADP,True,93,93240093,10,target_intel,6,7.0,1120.12,1381.7599999999998,True,False
2024,Fantasy Football Calculator ADP,True,93,93240093,10,model_only,1,11.0,1443.6200000000001,1750.2000000000003,True,False
2024,Fantasy Football Calculator ADP,True,94,93240094,11,adp,10,6.0,1268.42,1569.3799999999999,False,False
2024,Fantasy Football Calculator ADP,True,94,93240094,11,target_intel,5,7.0,1286.8200000000002,1619.08,True,False
2024,Fantasy Football Calculator ADP,True,94,93240094,11,model_only,3,8.0,1343.32,1658.98,True,False
2024,Fantasy Football Calculator ADP,True,95,93240095,12,adp,5,8.0,1220.16,1555.78,True,True
2024,Fantasy Football Calculator ADP,True,95,93240095,12,target_intel,3,9.0,1328.92,1756.7800000000002,True,False
2024,Fantasy Football Calculator ADP,True,95,93240095,12,model_only,2,10.0,1267.38,1613.96,True,False
2024,Fantasy Football Calculator ADP,True,96,93240096,1,adp,3,8.0,1165.42,1598.88,True,False
2024,Fantasy Football Calculator ADP,True,96,93240096,1,target_intel,8,6.0,1245.62,1568.52,False,False
2024,Fantasy Football Calculator ADP,True,96,93240096,1,model_only,2,10.0,1353.2000000000003,1700.86,True,False
2024,Fantasy Football Calculator ADP,True,97,93240097,2,adp,4,8.0,1201.8200000000002,1439.2599999999998,True,False
2024,Fantasy Football Calculator ADP,True,97,93240097,2,target_intel,4,9.0,1276.98,1584.24,True,False
2024,Fantasy Football Calculator ADP,True,97,93240097,2,model_only,4,7.0,1364.8200000000002,1617.0200000000002,True,False
2024,Fantasy Football Calculator ADP,True,98,93240098,3,adp,11,5.0,953.9399999999999,1319.8400000000001,False,False
2024,Fantasy Football Calculator ADP,True,98,93240098,3,target_intel,3,8.0,1450.94,1745.5600000000002,True,True
2024,Fantasy Football Calculator ADP,True,98,93240098,3,model_only,4,9.0,1350.52,1669.9000000000003,True,False
2024,Fantasy Football Calculator ADP,True,99,93240099,4,adp,5,8.0,1101.44,1496.2199999999998,True,False
2024,Fantasy Football Calculator ADP,True,99,93240099,4,target_intel,3,10.0,1256.4199999999998,1584.8200000000002,True,False
2024,Fantasy Football Calculator ADP,True,99,93240099,4,model_only,3,8.0,1352.1200000000003,1629.02,True,False
2024,Fantasy Football Calculator ADP,True,100,93240100,5,adp,7,7.0,1281.98,1555.0399999999997,False,False
2024,Fantasy Football Calculator ADP,True,100,93240100,5,target_intel,5,8.0,1200.5200000000002,1528.1399999999999,True,False
2024,Fantasy Football Calculator ADP,True,100,93240100,5,model_only,4,8.0,1332.02,1697.9800000000002,True,False
2024,Fantasy Football Calculator ADP,True,101,93240101,6,adp,2,10.0,1321.02,1659.3600000000001,True,False
2024,Fantasy Football Calculator ADP,True,101,93240101,6,target_intel,1,11.0,1384.88,1707.2599999999998,True,False
2024,Fantasy Football Calculator ADP,True,101,93240101,6,model_only,7,7.0,1363.8200000000002,1675.64,False,False
2024,Fantasy Football Calculator ADP,True,102,93240102,7,adp,1,11.0,1415.1000000000004,1676.5200000000002,True,False
2024,Fantasy Football Calculator ADP,True,102,93240102,7,target_intel,1,9.0,1432.8400000000001,1660.66,True,False
2024,Fantasy Football Calculator ADP,True,102,93240102,7,model_only,3,9.0,1287.52,1564.7400000000002,True,False
2024,Fantasy Football Calculator ADP,True,103,93240103,8,adp,2,9.0,1351.42,1631.6,True,False
2024,Fantasy Football Calculator ADP,True,103,93240103,8,target_intel,2,9.0,1333.0199999999998,1712.5,True,False
2024,Fantasy Football Calculator ADP,True,103,93240103,8,model_only,1,10.0,1357.1,1643.14,True,False
2024,Fantasy Football Calculator ADP,True,104,93240104,9,adp,8,6.0,1106.9199999999998,1457.5600000000002,False,False
2024,Fantasy Football Calculator ADP,True,104,93240104,9,target_intel,6,7.0,1370.12,1704.9999999999998,True,False
2024,Fantasy Football Calculator ADP,True,104,93240104,9,model_only,3,8.0,1360.6200000000001,1595.02,True,False
2024,Fantasy Football Calculator ADP,True,105,93240105,10,adp,1,11.0,1540.7800000000004,1825.3799999999999,True,True
2024,Fantasy Football Calculator ADP,True,105,93240105,10,target_intel,4,9.0,1287.1,1645.06,True,False
2024,Fantasy Football Calculator ADP,True,105,93240105,10,model_only,8,6.0,1273.4800000000002,1631.86,False,False
2024,Fantasy Football Calculator ADP,True,106,93240106,11,adp,2,9.0,1324.5000000000002,1579.4,True,False
2024,Fantasy Football Calculator ADP,True,106,93240106,11,target_intel,12,3.0,1096.62,1393.68,False,False
2024,Fantasy Football Calculator ADP,True,106,93240106,11,model_only,3,8.0,1304.64,1661.8200000000002,True,False
2024,Fantasy Football Calculator ADP,True,107,93240107,12,adp,9,5.0,1231.4,1552.04,False,False
2024,Fantasy Football Calculator ADP,True,107,93240107,12,target_intel,7,6.0,1234.12,1518.36,False,False
2024,Fantasy Football Calculator ADP,True,107,93240107,12,model_only,6,7.0,1313.22,1631.5,True,False
2024,Fantasy Football Calculator ADP,True,108,93240108,1,adp,12,4.0,1021.0000000000001,1396.24,False,False
2024,Fantasy Football Calculator ADP,True,108,93240108,1,target_intel,9,6.0,1249.1399999999999,1550.76,False,False
2024,Fantasy Football Calculator ADP,True,108,93240108,1,model_only,3,8.0,1325.1200000000001,1607.9999999999998,True,False
2024,Fantasy Football Calculator ADP,True,109,93240109,2,adp,7,6.0,1145.3799999999999,1535.3400000000001,False,False
2024,Fantasy Football Calculator ADP,True,109,93240109,2,target_intel,4,8.0,1342.5400000000002,1668.12,True,False
2024,Fantasy Football Calculator ADP,True,109,93240109,2,model_only,1,9.0,1300.02,1575.58,True,False
2024,Fantasy Football Calculator ADP,True,110,93240110,3,adp,4,8.0,1188.46,1552.9199999999998,True,False
2024,Fantasy Football Calculator ADP,True,110,93240110,3,target_intel,3,9.0,1263.4,1541.0,True,False
2024,Fantasy Football Calculator ADP,True,110,93240110,3,model_only,4,8.0,1248.52,1613.96,True,False
2024,Fantasy Football Calculator ADP,True,111,93240111,4,adp,12,3.0,906.4800000000001,1217.6000000000001,False,False
2024,Fantasy Football Calculator ADP,True,111,93240111,4,target_intel,1,11.0,1430.6400000000003,1762.6600000000003,True,False
2024,Fantasy Football Calculator ADP,True,111,93240111,4,model_only,5,8.0,1362.7200000000003,1676.94,True,False
2024,Fantasy Football Calculator ADP,True,112,93240112,5,adp,3,8.0,1331.64,1593.8800000000003,True,False
2024,Fantasy Football Calculator ADP,True,112,93240112,5,target_intel,4,8.0,1424.6399999999999,1686.4199999999998,True,True
2024,Fantasy Football Calculator ADP,True,112,93240112,5,model_only,2,9.0,1324.8200000000002,1645.36,True,False
2024,Fantasy Football Calculator ADP,True,113,93240113,6,adp,5,8.0,1221.94,1573.4999999999998,True,False
2024,Fantasy Football Calculator ADP,True,113,93240113,6,target_intel,2,9.0,1258.42,1500.5599999999997,True,False
2024,Fantasy Football Calculator ADP,True,113,93240113,6,model_only,1,11.0,1324.82,1722.3,True,False
2024,Fantasy Football Calculator ADP,True,114,93240114,7,adp,2,11.0,1393.6000000000001,1737.7,True,False
2024,Fantasy Football Calculator ADP,True,114,93240114,7,target_intel,2,10.0,1332.62,1646.12,True,False
2024,Fantasy Football Calculator ADP,True,114,93240114,7,model_only,2,9.0,1360.62,1652.98,True,False
2024,Fantasy Football Calculator ADP,True,115,93240115,8,adp,3,9.0,1427.2000000000003,1724.6600000000003,True,False
2024,Fantasy Football Calculator ADP,True,115,93240115,8,target_intel,10,4.0,1267.5,1666.4799999999998,False,False
2024,Fantasy Football Calculator ADP,True,115,93240115,8,model_only,7,7.0,1348.12,1615.92,False,False
2024,Fantasy Football Calculator ADP,True,116,93240116,9,adp,8,7.0,1211.3399999999997,1523.6799999999998,False,False
2024,Fantasy Football Calculator ADP,True,116,93240116,9,target_intel,4,8.0,1230.22,1568.56,True,False
2024,Fantasy Football Calculator ADP,True,116,93240116,9,model_only,4,8.0,1376.72,1697.3799999999999,True,False
2024,Fantasy Football Calculator ADP,True,117,93240117,10,adp,3,8.0,1283.98,1555.7600000000002,True,True
2024,Fantasy Football Calculator ADP,True,117,93240117,10,target_intel,5,8.0,1126.78,1414.1399999999999,True,False
2024,Fantasy Football Calculator ADP,True,117,93240117,10,model_only,1,9.0,1273.32,1588.64,True,False
2024,Fantasy Football Calculator ADP,True,118,93240118,11,adp,6,7.0,1323.2200000000003,1605.82,True,True
2024,Fantasy Football Calculator ADP,True,118,93240118,11,target_intel,8,6.0,1154.9999999999998,1483.94,False,False
2024,Fantasy Football Calculator ADP,True,118,93240118,11,model_only,2,9.0,1361.7199999999998,1658.4,True,False
2024,Fantasy Football Calculator ADP,True,119,93240119,12,adp,4,8.0,1171.1200000000001,1480.44,True,True
2024,Fantasy Football Calculator ADP,True,119,93240119,12,target_intel,2,10.0,1258.52,1661.3600000000001,True,False
2024,Fantasy Football Calculator ADP,True,119,93240119,12,model_only,3,10.0,1300.3400000000001,1679.7600000000002,True,False
2024,Fantasy Football Calculator ADP,True,120,93240120,1,adp,4,9.0,1135.38,1501.3400000000001,True,False
2024,Fantasy Football Calculator ADP,True,120,93240120,1,target_intel,4,8.0,1343.0400000000002,1697.7400000000002,True,False
2024,Fantasy Football Calculator ADP,True,120,93240120,1,model_only,6,7.0,1323.8200000000002,1679.28,True,False
2024,Fantasy Football Calculator ADP,True,121,93240121,2,adp,11,5.0,1081.1000000000001,1344.0,False,False
2024,Fantasy Football Calculator ADP,True,121,93240121,2,target_intel,5,8.0,1252.82,1557.9,True,False
2024,Fantasy Football Calculator ADP,True,121,93240121,2,model_only,4,8.0,1310.12,1601.64,True,False
2024,Fantasy Football Calculator ADP,True,122,93240122,3,adp,10,5.0,1072.6399999999999,1407.5,False,False
2024,Fantasy Football Calculator ADP,True,122,93240122,3,target_intel,3,9.0,1376.1,1628.06,True,False
2024,Fantasy Football Calculator ADP,True,122,93240122,3,model_only,1,10.0,1358.5199999999998,1744.7800000000002,True,False
2024,Fantasy Football Calculator ADP,True,123,93240123,4,adp,11,4.0,1072.0800000000002,1444.3600000000001,False,False
2024,Fantasy Football Calculator ADP,True,123,93240123,4,target_intel,5,7.0,1276.1000000000001,1617.4600000000003,True,False
2024,Fantasy Football Calculator ADP,True,123,93240123,4,model_only,8,6.0,1323.4800000000002,1725.2599999999998,False,False
2024,Fantasy Football Calculator ADP,True,124,93240124,5,adp,12,2.0,1004.8200000000002,1368.8799999999997,False,False
2024,Fantasy Football Calculator ADP,True,124,93240124,5,target_intel,8,7.0,1176.7,1543.6599999999999,False,False
2024,Fantasy Football Calculator ADP,True,124,93240124,5,model_only,7,7.0,1203.68,1649.2600000000002,False,False
2024,Fantasy Football Calculator ADP,True,125,93240125,6,adp,1,10.0,1243.0000000000002,1563.6000000000001,True,False
2024,Fantasy Football Calculator ADP,True,125,93240125,6,target_intel,12,3.5,1118.92,1499.8399999999997,False,False
2024,Fantasy Football Calculator ADP,True,125,93240125,6,model_only,2,9.0,1449.32,1724.5600000000002,True,False
2024,Fantasy Football Calculator ADP,True,126,93240126,7,adp,11,5.0,1056.6,1491.66,False,False
2024,Fantasy Football Calculator ADP,True,126,93240126,7,target_intel,4,7.0,1262.6200000000001,1593.62,True,False
2024,Fantasy Football Calculator ADP,True,126,93240126,7,model_only,1,10.0,1407.62,1657.8,True,False
2024,Fantasy Football Calculator ADP,True,127,93240127,8,adp,8,6.0,1158.8999999999999,1578.96,False,False
2024,Fantasy Football Calculator ADP,True,127,93240127,8,target_intel,2,10.0,1383.92,1684.26,True,False
2024,Fantasy Football Calculator ADP,True,127,93240127,8,model_only,7,6.0,1375.6999999999998,1674.3600000000001,False,False
2024,Fantasy Football Calculator ADP,True,128,93240128,9,adp,1,11.0,1489.2200000000003,1794.88,True,True
2024,Fantasy Football Calculator ADP,True,128,93240128,9,target_intel,1,10.0,1228.92,1573.6599999999999,True,False
2024,Fantasy Football Calculator ADP,True,128,93240128,9,model_only,1,11.0,1399.9,1629.46,True,False
2024,Fantasy Football Calculator ADP,True,129,93240129,10,adp,2,10.0,1244.78,1538.04,True,False
2024,Fantasy Football Calculator ADP,True,129,93240129,10,target_intel,2,10.0,1222.5,1502.5600000000004,True,False
2024,Fantasy Football Calculator ADP,True,129,93240129,10,model_only,1,10.0,1428.42,1630.3200000000002,True,False
2024,Fantasy Football Calculator ADP,True,130,93240130,11,adp,2,9.0,1380.5400000000002,1749.9000000000003,True,True
2024,Fantasy Football Calculator ADP,True,130,93240130,11,target_intel,5,8.0,1290.72,1548.68,True,False
2024,Fantasy Football Calculator ADP,True,130,93240130,11,model_only,1,11.0,1329.3200000000002,1619.1999999999998,True,False
2024,Fantasy Football Calculator ADP,True,131,93240131,12,adp,10,6.0,1091.22,1543.32,False,False
2024,Fantasy Football Calculator ADP,True,131,93240131,12,target_intel,1,11.0,1342.7399999999998,1607.08,True,False
2024,Fantasy Football Calculator ADP,True,131,93240131,12,model_only,1,11.0,1382.12,1645.56,True,False
2024,Fantasy Football Calculator ADP,True,132,93240132,1,adp,10,6.0,1056.44,1467.72,False,False
2024,Fantasy Football Calculator ADP,True,132,93240132,1,target_intel,5,8.0,1293.14,1597.1200000000001,True,False
2024,Fantasy Football Calculator ADP,True,132,93240132,1,model_only,9,6.0,1375.4399999999996,1633.6399999999999,False,False
2024,Fantasy Football Calculator ADP,True,133,93240133,2,adp,9,6.0,1203.64,1647.84,False,False
2024,Fantasy Football Calculator ADP,True,133,93240133,2,target_intel,11,4.0,1290.62,1690.5400000000002,False,False
2024,Fantasy Football Calculator ADP,True,133,93240133,2,model_only,7,7.0,1314.32,1642.1,False,False
2024,Fantasy Football Calculator ADP,True,134,93240134,3,adp,3,9.0,1335.2000000000003,1531.2600000000002,True,True
2024,Fantasy Football Calculator ADP,True,134,93240134,3,target_intel,4,9.0,1291.1,1669.3600000000004,True,True
2024,Fantasy Football Calculator ADP,True,134,93240134,3,model_only,1,10.0,1380.1200000000003,1654.5200000000002,True,False
2024,Fantasy Football Calculator ADP,True,135,93240135,4,adp,9,6.0,1049.56,1393.9400000000003,False,False
2024,Fantasy Football Calculator ADP,True,135,93240135,4,target_intel,2,9.0,1237.62,1580.7600000000002,True,False
2024,Fantasy Football Calculator ADP,True,135,93240135,4,model_only,1,12.0,1314.12,1629.62,True,False
2024,Fantasy Football Calculator ADP,True,136,93240136,5,adp,4,8.0,1309.18,1573.6,True,False
2024,Fantasy Football Calculator ADP,True,136,93240136,5,target_intel,1,10.0,1254.9199999999998,1451.0600000000002,True,False
2024,Fantasy Football Calculator ADP,True,136,93240136,5,model_only,1,9.0,1342.72,1690.1000000000004,True,False
2024,Fantasy Football Calculator ADP,True,137,93240137,6,adp,7,6.0,1220.9,1578.0400000000002,False,False
2024,Fantasy Football Calculator ADP,True,137,93240137,6,target_intel,1,11.0,1407.54,1615.02,True,False
2024,Fantasy Football Calculator ADP,True,137,93240137,6,model_only,5,8.0,1331.58,1704.96,True,False
2024,Fantasy Football Calculator ADP,True,138,93240138,7,adp,1,12.0,1473.2000000000003,1769.9400000000003,True,True
2024,Fantasy Football Calculator ADP,True,138,93240138,7,target_intel,3,10.0,1453.72,1698.7,True,False
2024,Fantasy Football Calculator ADP,True,138,93240138,7,model_only,2,10.0,1387.62,1693.6200000000001,True,False
2024,Fantasy Football Calculator ADP,True,139,93240139,8,adp,4,8.0,1318.78,1670.26,True,False
2024,Fantasy Football Calculator ADP,True,139,93240139,8,target_intel,5,7.0,1333.2000000000003,1615.06,True,False
2024,Fantasy Football Calculator ADP,True,139,93240139,8,model_only,2,9.0,1366.0200000000002,1683.2000000000003,True,False
2024,Fantasy Football Calculator ADP,True,140,93240140,9,adp,11,5.0,1134.4199999999998,1544.6600000000003,False,False
2024,Fantasy Football Calculator ADP,True,140,93240140,9,target_intel,9,6.0,1213.6,1425.14,False,False
2024,Fantasy Football Calculator ADP,True,140,93240140,9,model_only,1,9.0,1467.42,1711.88,True,False
2024,Fantasy Football Calculator ADP,True,141,93240141,10,adp,3,9.0,1350.2,1632.48,True,False
2024,Fantasy Football Calculator ADP,True,141,93240141,10,target_intel,1,11.0,1358.22,1585.72,True,False
2024,Fantasy Football Calculator ADP,True,141,93240141,10,model_only,3,8.0,1366.0200000000002,1695.5,True,False
2024,Fantasy Football Calculator ADP,True,142,93240142,11,adp,4,8.0,1324.1200000000001,1643.6200000000001,True,False
2024,Fantasy Football Calculator ADP,True,142,93240142,11,target_intel,2,10.0,1377.0,1778.6599999999996,True,False
2024,Fantasy Football Calculator ADP,True,142,93240142,11,model_only,1,12.0,1434.2200000000003,1749.1000000000001,True,False
2024,Fantasy Football Calculator ADP,True,143,93240143,12,adp,10,6.0,1222.58,1509.86,False,False
2024,Fantasy Football Calculator ADP,True,143,93240143,12,target_intel,2,9.0,1403.6200000000001,1795.26,True,False
2024,Fantasy Football Calculator ADP,True,143,93240143,12,model_only,7,6.0,1342.3200000000002,1603.3400000000001,False,False
2024,Fantasy Football Calculator ADP,True,144,93240144,1,adp,9,5.0,1173.02,1488.2,False,False
2024,Fantasy Football Calculator ADP,True,144,93240144,1,target_intel,6,7.0,1277.6000000000001,1660.26,True,False
2024,Fantasy Football Calculator ADP,True,144,93240144,1,model_only,3,9.0,1352.1200000000001,1686.22,True,False
2024,Fantasy Football Calculator ADP,True,145,93240145,2,adp,12,4.0,1045.8799999999999,1474.5800000000002,False,False
2024,Fantasy Football Calculator ADP,True,145,93240145,2,target_intel,1,12.0,1453.92,1710.3000000000002,True,False
2024,Fantasy Football Calculator ADP,True,145,93240145,2,model_only,2,10.0,1370.1,1715.46,True,False
2024,Fantasy Football Calculator ADP,True,146,93240146,3,adp,11,5.0,1114.6000000000001,1467.3200000000004,False,False
2024,Fantasy Football Calculator ADP,True,146,93240146,3,target_intel,10,4.0,1216.24,1532.1799999999998,False,False
2024,Fantasy Football Calculator ADP,True,146,93240146,3,model_only,1,12.0,1416.3,1665.44,True,False
2024,Fantasy Football Calculator ADP,True,147,93240147,4,adp,7,7.0,1199.1599999999996,1454.82,False,False
2024,Fantasy Football Calculator ADP,True,147,93240147,4,target_intel,4,10.0,1303.2200000000003,1520.9000000000003,True,False
2024,Fantasy Football Calculator ADP,True,147,93240147,4,model_only,5,8.0,1343.9199999999998,1685.7800000000002,True,False
2024,Fantasy Football Calculator ADP,True,148,93240148,5,adp,5,8.0,1364.92,1668.4199999999998,True,False
2024,Fantasy Football Calculator ADP,True,148,93240148,5,target_intel,3,8.0,1153.12,1435.62,True,False
2024,Fantasy Football Calculator ADP,True,148,93240148,5,model_only,2,9.0,1394.3199999999997,1704.84,True,False
2024,Fantasy Football Calculator ADP,True,149,93240149,6,adp,7,7.0,1170.96,1444.6999999999998,False,False
2024,Fantasy Football Calculator ADP,True,149,93240149,6,target_intel,1,12.0,1385.32,1657.5399999999997,True,False
2024,Fantasy Football Calculator ADP,True,149,93240149,6,model_only,1,9.0,1366.2200000000003,1658.72,True,False
2024,Fantasy Football Calculator ADP,True,150,93240150,7,adp,10,5.0,1283.4399999999998,1594.8400000000001,False,False
2024,Fantasy Football Calculator ADP,True,150,93240150,7,target_intel,8,6.0,1234.5,1585.58,False,False
2024,Fantasy Football Calculator ADP,True,150,93240150,7,model_only,1,10.0,1370.02,1671.9,True,False
2024,Fantasy Football Calculator ADP,True,151,93240151,8,adp,9,5.0,1298.3,1547.72,False,False
2024,Fantasy Football Calculator ADP,True,151,93240151,8,target_intel,11,5.0,1183.9,1496.4399999999998,False,False
2024,Fantasy Football Calculator ADP,True,151,93240151,8,model_only,12,4.0,1313.9199999999998,1591.04,False,False
2024,Fantasy Football Calculator ADP,True,152,93240152,9,adp,3,9.0,1302.8600000000001,1542.44,True,False
2024,Fantasy Football Calculator ADP,True,152,93240152,9,target_intel,4,8.0,1271.2,1550.66,True,False
2024,Fantasy Football Calculator ADP,True,152,93240152,9,model_only,1,12.0,1426.9,1706.5199999999998,True,False
2024,Fantasy Football Calculator ADP,True,153,93240153,10,adp,4,7.0,1314.1200000000001,1702.5200000000002,True,False
2024,Fantasy Football Calculator ADP,True,153,93240153,10,target_intel,5,8.0,1328.4,1688.7399999999998,True,True
2024,Fantasy Football Calculator ADP,True,153,93240153,10,model_only,1,11.0,1380.8200000000002,1603.1200000000003,True,False
2024,Fantasy Football Calculator ADP,True,154,93240154,11,adp,7,7.0,1211.74,1478.2800000000002,False,False
2024,Fantasy Football Calculator ADP,True,154,93240154,11,target_intel,2,9.0,1282.3200000000002,1552.5600000000002,True,False
2024,Fantasy Football Calculator ADP,True,154,93240154,11,model_only,3,9.0,1354.1000000000004,1599.2600000000002,True,False
2024,Fantasy Football Calculator ADP,True,155,93240155,12,adp,7,7.0,1261.48,1610.6,False,False
2024,Fantasy Football Calculator ADP,True,155,93240155,12,target_intel,2,9.0,1513.94,1819.88,True,False
2024,Fantasy Football Calculator ADP,True,155,93240155,12,model_only,2,9.0,1364.92,1609.5,True,False
2024,Fantasy Football Calculator ADP,True,156,93240156,1,adp,12,4.0,1103.9799999999998,1394.94,False,False
2024,Fantasy Football Calculator ADP,True,156,93240156,1,target_intel,5,9.0,1211.42,1545.0800000000002,True,False
2024,Fantasy Football Calculator ADP,True,156,93240156,1,model_only,1,10.0,1355.9,1685.1599999999999,True,False
2024,Fantasy Football Calculator ADP,True,157,93240157,2,adp,9,6.0,1205.82,1471.92,False,False
2024,Fantasy Football Calculator ADP,True,157,93240157,2,target_intel,6,7.0,1342.4199999999998,1536.6999999999998,True,False
2024,Fantasy Football Calculator ADP,True,157,93240157,2,model_only,2,10.0,1302.9200000000003,1697.9199999999998,True,False
2024,Fantasy Football Calculator ADP,True,158,93240158,3,adp,12,4.0,1091.5400000000002,1515.7199999999998,False,False
2024,Fantasy Football Calculator ADP,True,158,93240158,3,target_intel,3,9.0,1194.34,1537.46,True,False
2024,Fantasy Football Calculator ADP,True,158,93240158,3,model_only,2,10.0,1422.42,1684.8200000000004,True,False
2024,Fantasy Football Calculator ADP,True,159,93240159,4,adp,2,10.0,1195.5800000000002,1533.84,True,False
2024,Fantasy Football Calculator ADP,True,159,93240159,4,target_intel,1,11.0,1376.52,1653.0000000000002,True,False
2024,Fantasy Football Calculator ADP,True,159,93240159,4,model_only,1,10.0,1358.62,1680.9000000000003,True,False
2024,Fantasy Football Calculator ADP,True,160,93240160,5,adp,2,9.0,1359.4,1646.6200000000006,True,True
2024,Fantasy Football Calculator ADP,True,160,93240160,5,target_intel,9,6.0,1187.7200000000003,1518.94,False,False
2024,Fantasy Football Calculator ADP,True,160,93240160,5,model_only,3,8.0,1340.02,1706.92,True,False
2024,Fantasy Football Calculator ADP,True,161,93240161,6,adp,7,6.0,1225.2600000000002,1524.3199999999997,False,False
2024,Fantasy Football Calculator ADP,True,161,93240161,6,target_intel,2,9.0,1348.8200000000002,1695.2200000000005,True,False
2024,Fantasy Football Calculator ADP,True,161,93240161,6,model_only,2,11.0,1437.0,1703.6399999999999,True,False
2024,Fantasy Football Calculator ADP,True,162,93240162,7,adp,2,10.0,1268.6000000000001,1553.72,True,False
2024,Fantasy Football Calculator ADP,True,162,93240162,7,target_intel,3,9.0,1256.12,1571.52,True,False
2024,Fantasy Football Calculator ADP,True,162,93240162,7,model_only,3,8.0,1333.28,1663.16,True,False
2024,Fantasy Football Calculator ADP,True,163,93240163,8,adp,12,3.0,1153.54,1430.58,False,False
2024,Fantasy Football Calculator ADP,True,163,93240163,8,target_intel,3,9.0,1309.32,1607.2,True,False
2024,Fantasy Football Calculator ADP,True,163,93240163,8,model_only,3,9.0,1340.52,1640.4200000000003,True,False
2024,Fantasy Football Calculator ADP,True,164,93240164,9,adp,11,3.0,1075.36,1452.54,False,False
2024,Fantasy Football Calculator ADP,True,164,93240164,9,target_intel,1,10.0,1312.7200000000003,1747.5799999999997,True,False
2024,Fantasy Football Calculator ADP,True,164,93240164,9,model_only,1,13.0,1392.7400000000002,1649.2400000000002,True,False
2024,Fantasy Football Calculator ADP,True,165,93240165,10,adp,8,7.0,1223.72,1549.6400000000003,False,False
2024,Fantasy Football Calculator ADP,True,165,93240165,10,target_intel,2,9.0,1236.8,1602.8600000000001,True,True
2024,Fantasy Football Calculator ADP,True,165,93240165,10,model_only,3,10.0,1377.7200000000003,1678.2,True,False
2024,Fantasy Football Calculator ADP,True,166,93240166,11,adp,4,8.0,1262.88,1592.8999999999999,True,False
2024,Fantasy Football Calculator ADP,True,166,93240166,11,target_intel,8,7.0,1221.6200000000001,1530.2199999999998,False,False
2024,Fantasy Football Calculator ADP,True,166,93240166,11,model_only,7,7.0,1293.5800000000002,1719.16,False,False
2024,Fantasy Football Calculator ADP,True,167,93240167,12,adp,4,8.0,1348.7199999999998,1705.94,True,False
2024,Fantasy Football Calculator ADP,True,167,93240167,12,target_intel,5,8.0,1344.3200000000004,1757.96,True,False
2024,Fantasy Football Calculator ADP,True,167,93240167,12,model_only,3,9.0,1403.4,1640.46,True,False
2024,Fantasy Football Calculator ADP,True,168,93240168,1,adp,11,4.0,1030.62,1360.8200000000002,False,False
2024,Fantasy Football Calculator ADP,True,168,93240168,1,target_intel,7,7.0,1209.9200000000003,1502.9,False,False
2024,Fantasy Football Calculator ADP,True,168,93240168,1,model_only,5,7.0,1336.6199999999997,1734.02,True,False
2024,Fantasy Football Calculator ADP,True,169,93240169,2,adp,3,9.0,1179.5200000000002,1614.64,True,True
2024,Fantasy Football Calculator ADP,True,169,93240169,2,target_intel,3,8.0,1274.44,1667.9,True,False
2024,Fantasy Football Calculator ADP,True,169,93240169,2,model_only,6,7.0,1299.52,1634.32,True,False
2024,Fantasy Football Calculator ADP,True,170,93240170,3,adp,2,9.0,1364.0200000000004,1578.6,True,False
2024,Fantasy Football Calculator ADP,True,170,93240170,3,target_intel,3,9.0,1315.42,1549.94,True,False
2024,Fantasy Football Calculator ADP,True,170,93240170,3,model_only,3,9.0,1370.92,1733.22,True,False
2024,Fantasy Football Calculator ADP,True,171,93240171,4,adp,2,10.0,1235.9800000000002,1565.9599999999998,True,False
2024,Fantasy Football Calculator ADP,True,171,93240171,4,target_intel,5,8.0,1250.3400000000001,1555.0600000000004,True,False
2024,Fantasy Football Calculator ADP,True,171,93240171,4,model_only,2,9.0,1448.5200000000002,1727.88,True,False
2024,Fantasy Football Calculator ADP,True,172,93240172,5,adp,2,9.0,1332.5,1646.3400000000001,True,False
2024,Fantasy Football Calculator ADP,True,172,93240172,5,target_intel,2,9.0,1319.42,1720.0199999999998,True,True
2024,Fantasy Football Calculator ADP,True,172,93240172,5,model_only,3,9.0,1352.9199999999998,1691.9,True,False
2024,Fantasy Football Calculator ADP,True,173,93240173,6,adp,3,10.0,1280.76,1599.42,True,False
2024,Fantasy Football Calculator ADP,True,173,93240173,6,target_intel,4,8.0,1362.22,1676.8200000000002,True,False
2024,Fantasy Football Calculator ADP,True,173,93240173,6,model_only,5,7.0,1359.3000000000002,1714.3599999999997,True,False
2024,Fantasy Football Calculator ADP,True,174,93240174,7,adp,11,5.0,949.18,1288.1599999999999,False,False
2024,Fantasy Football Calculator ADP,True,174,93240174,7,target_intel,2,8.0,1315.14,1728.04,True,False
2024,Fantasy Football Calculator ADP,True,174,93240174,7,model_only,2,9.0,1337.82,1652.38,True,False
2024,Fantasy Football Calculator ADP,True,175,93240175,8,adp,9,5.0,1125.7,1640.3400000000001,False,False
2024,Fantasy Football Calculator ADP,True,175,93240175,8,target_intel,3,9.0,1260.7399999999998,1501.1200000000001,True,False
2024,Fantasy Football Calculator ADP,True,175,93240175,8,model_only,4,9.0,1305.8799999999999,1611.46,True,False
2024,Fantasy Football Calculator ADP,True,176,93240176,9,adp,6,6.0,1287.8000000000002,1549.3400000000001,True,False
2024,Fantasy Football Calculator ADP,True,176,93240176,9,target_intel,4,8.0,1303.12,1667.78,True,False
2024,Fantasy Football Calculator ADP,True,176,93240176,9,model_only,2,10.0,1352.62,1724.6799999999998,True,False
2024,Fantasy Football Calculator ADP,True,177,93240177,10,adp,3,9.0,1302.0399999999997,1662.96,True,False
2024,Fantasy Football Calculator ADP,True,177,93240177,10,target_intel,2,11.0,1435.0,1724.96,True,False
2024,Fantasy Football Calculator ADP,True,177,93240177,10,model_only,5,8.0,1299.98,1636.0600000000002,True,False
2024,Fantasy Football Calculator ADP,True,178,93240178,11,adp,3,9.0,1269.32,1523.7200000000003,True,False
2024,Fantasy Football Calculator ADP,True,178,93240178,11,target_intel,3,11.0,1311.82,1621.6200000000003,True,False
2024,Fantasy Football Calculator ADP,True,178,93240178,11,model_only,2,11.0,1299.3,1637.8400000000001,True,False
2024,Fantasy Football Calculator ADP,True,179,93240179,12,adp,3,8.0,1303.3200000000002,1684.1599999999999,True,False
2024,Fantasy Football Calculator ADP,True,179,93240179,12,target_intel,1,9.0,1416.92,1824.26,True,False
2024,Fantasy Football Calculator ADP,True,179,93240179,12,model_only,4,8.0,1320.92,1656.52,True,False
2024,Fantasy Football Calculator ADP,True,180,93240180,1,adp,9,5.0,1180.12,1575.68,False,False
2024,Fantasy Football Calculator ADP,True,180,93240180,1,target_intel,9,6.0,1114.92,1427.6200000000001,False,False
2024,Fantasy Football Calculator ADP,True,180,93240180,1,model_only,6,7.0,1298.8799999999999,1657.06,True,False
2024,Fantasy Football Calculator ADP,True,181,93240181,2,adp,11,2.0,1088.08,1493.5600000000002,False,False
2024,Fantasy Football Calculator ADP,True,181,93240181,2,target_intel,8,6.0,1306.6200000000001,1624.2000000000003,False,False
2024,Fantasy Football Calculator ADP,True,181,93240181,2,model_only,6,8.0,1354.02,1661.0,True,False
2024,Fantasy Football Calculator ADP,True,182,93240182,3,adp,12,3.0,934.84,1277.8,False,False
2024,Fantasy Football Calculator ADP,True,182,93240182,3,target_intel,4,8.0,1250.5399999999997,1605.44,True,True
2024,Fantasy Football Calculator ADP,True,182,93240182,3,model_only,3,9.0,1320.82,1664.3400000000001,True,False
2024,Fantasy Football Calculator ADP,True,183,93240183,4,adp,1,10.0,1240.4,1531.42,True,False
2024,Fantasy Football Calculator ADP,True,183,93240183,4,target_intel,9,5.0,1037.2200000000003,1245.3400000000001,False,False
2024,Fantasy Football Calculator ADP,True,183,93240183,4,model_only,4,8.0,1288.0199999999998,1664.3999999999999,True,False
2024,Fantasy Football Calculator ADP,True,184,93240184,5,adp,6,7.0,1293.02,1635.0400000000002,True,True
2024,Fantasy Football Calculator ADP,True,184,93240184,5,target_intel,2,11.0,1417.92,1672.6200000000001,True,False
2024,Fantasy Football Calculator ADP,True,184,93240184,5,model_only,8,6.0,1301.12,1618.2200000000003,False,False
2024,Fantasy Football Calculator ADP,True,185,93240185,6,adp,2,9.0,1133.5400000000002,1461.1799999999998,True,False
2024,Fantasy Football Calculator ADP,True,185,93240185,6,target_intel,11,4.0,1140.2200000000003,1381.3,False,False
2024,Fantasy Football Calculator ADP,True,185,93240185,6,model_only,4,7.0,1381.6000000000001,1653.1600000000003,True,False
2024,Fantasy Football Calculator ADP,True,186,93240186,7,adp,10,5.0,1116.12,1578.68,False,False
2024,Fantasy Football Calculator ADP,True,186,93240186,7,target_intel,10,6.0,1251.92,1552.98,False,False
2024,Fantasy Football Calculator ADP,True,186,93240186,7,model_only,6,7.0,1262.92,1574.2000000000003,True,False
2024,Fantasy Football Calculator ADP,True,187,93240187,8,adp,10,5.0,1039.24,1385.76,False,False
2024,Fantasy Football Calculator ADP,True,187,93240187,8,target_intel,8,6.0,1231.62,1482.06,False,False
2024,Fantasy Football Calculator ADP,True,187,93240187,8,model_only,3,8.0,1356.7200000000003,1719.08,True,False
2024,Fantasy Football Calculator ADP,True,188,93240188,9,adp,5,8.0,1367.1399999999999,1694.8600000000001,True,True
2024,Fantasy Football Calculator ADP,True,188,93240188,9,target_intel,4,7.0,1288.8600000000001,1637.6399999999999,True,False
2024,Fantasy Football Calculator ADP,True,188,93240188,9,model_only,3,10.0,1393.32,1617.3200000000002,True,False
2024,Fantasy Football Calculator ADP,True,189,93240189,10,adp,2,9.0,1280.9199999999998,1648.3799999999999,True,True
2024,Fantasy Football Calculator ADP,True,189,93240189,10,target_intel,7,7.0,1223.0199999999998,1485.2800000000002,False,False
2024,Fantasy Football Calculator ADP,True,189,93240189,10,model_only,10,4.0,1305.98,1582.7599999999998,False,False
2024,Fantasy Football Calculator ADP,True,190,93240190,11,adp,6,7.0,1251.0,1616.3600000000001,True,False
2024,Fantasy Football Calculator ADP,True,190,93240190,11,target_intel,2,9.0,1222.4199999999998,1448.1599999999999,True,False
2024,Fantasy Football Calculator ADP,True,190,93240190,11,model_only,3,9.0,1341.6200000000001,1676.52,True,False
2024,Fantasy Football Calculator ADP,True,191,93240191,12,adp,2,9.0,1409.7800000000002,1811.92,True,False
2024,Fantasy Football Calculator ADP,True,191,93240191,12,target_intel,1,9.0,1509.02,1816.56,True,False
2024,Fantasy Football Calculator ADP,True,191,93240191,12,model_only,5,8.0,1362.42,1647.5799999999997,True,False
2024,Fantasy Football Calculator ADP,True,192,93240192,1,adp,4,8.0,1125.2,1460.96,True,False
2024,Fantasy Football Calculator ADP,True,192,93240192,1,target_intel,2,9.0,1391.6200000000001,1802.3200000000002,True,False
2024,Fantasy Football Calculator ADP,True,192,93240192,1,model_only,4,7.0,1378.4199999999998,1681.52,True,False
2024,Fantasy Football Calculator ADP,True,193,93240193,2,adp,9,5.0,1038.84,1407.62,False,False
2024,Fantasy Football Calculator ADP,True,193,93240193,2,target_intel,3,8.0,1312.8200000000002,1683.84,True,False
2024,Fantasy Football Calculator ADP,True,193,93240193,2,model_only,2,10.0,1372.48,1691.96,True,False
2024,Fantasy Football Calculator ADP,True,194,93240194,3,adp,4,8.0,1320.6599999999999,1729.8200000000002,True,False
2024,Fantasy Football Calculator ADP,True,194,93240194,3,target_intel,8,6.0,1219.1399999999999,1444.5800000000002,False,False
2024,Fantasy Football Calculator ADP,True,194,93240194,3,model_only,1,11.0,1336.2200000000003,1703.1599999999999,True,False
2024,Fantasy Football Calculator ADP,True,195,93240195,4,adp,3,9.0,1252.8400000000001,1507.6200000000003,True,False
2024,Fantasy Football Calculator ADP,True,195,93240195,4,target_intel,6,7.0,1282.6000000000001,1662.5600000000002,True,False
2024,Fantasy Football Calculator ADP,True,195,93240195,4,model_only,2,11.0,1378.42,1712.2400000000002,True,False
2024,Fantasy Football Calculator ADP,True,196,93240196,5,adp,5,8.0,1187.52,1499.9400000000003,True,False
2024,Fantasy Football Calculator ADP,True,196,93240196,5,target_intel,8,7.0,1119.02,1412.38,False,False
2024,Fantasy Football Calculator ADP,True,196,93240196,5,model_only,1,10.0,1413.8999999999999,1703.96,True,True
2024,Fantasy Football Calculator ADP,True,197,93240197,6,adp,3,9.0,1274.1600000000003,1566.04,True,False
2024,Fantasy Football Calculator ADP,True,197,93240197,6,target_intel,4,8.0,1209.92,1498.66,True,False
2024,Fantasy Football Calculator ADP,True,197,93240197,6,model_only,2,9.0,1321.52,1747.5600000000004,True,False
2024,Fantasy Football Calculator ADP,True,198,93240198,7,adp,1,10.0,1306.4,1576.44,True,True
2024,Fantasy Football Calculator ADP,True,198,93240198,7,target_intel,10,5.0,1221.42,1552.1,False,False
2024,Fantasy Football Calculator ADP,True,198,93240198,7,model_only,2,9.0,1351.4200000000003,1732.5199999999998,True,False
2024,Fantasy Football Calculator ADP,True,199,93240199,8,adp,8,6.0,1172.4,1510.6000000000001,False,False
2024,Fantasy Football Calculator ADP,True,199,93240199,8,target_intel,6,6.0,1262.4199999999998,1641.8400000000001,True,False
2024,Fantasy Football Calculator ADP,True,199,93240199,8,model_only,1,10.0,1381.02,1652.0,True,False
2024,Fantasy Football Calculator ADP,True,200,93240200,9,adp,1,10.0,1303.16,1632.0600000000002,True,True
2024,Fantasy Football Calculator ADP,True,200,93240200,9,target_intel,1,11.0,1248.6,1599.86,True,False
2024,Fantasy Football Calculator ADP,True,200,93240200,9,model_only,3,9.0,1377.6200000000001,1596.62,True,False
2024,Fantasy Football Calculator ADP,True,201,93240201,10,adp,11,5.0,1063.58,1438.6,False,False
2024,Fantasy Football Calculator ADP,True,201,93240201,10,target_intel,2,9.0,1326.3200000000004,1593.2800000000002,True,False
2024,Fantasy Football Calculator ADP,True,201,93240201,10,model_only,2,10.0,1362.6800000000003,1674.7600000000002,True,False
2024,Fantasy Football Calculator ADP,True,202,93240202,11,adp,7,7.0,1105.98,1514.58,False,False
2024,Fantasy Football Calculator ADP,True,202,93240202,11,target_intel,11,4.0,1233.28,1580.6000000000001,False,False
2024,Fantasy Football Calculator ADP,True,202,93240202,11,model_only,2,9.0,1468.92,1719.0,True,False
2024,Fantasy Football Calculator ADP,True,203,93240203,12,adp,12,4.0,1074.8799999999999,1382.3,False,False
2024,Fantasy Football Calculator ADP,True,203,93240203,12,target_intel,4,7.0,1236.82,1579.32,True,False
2024,Fantasy Football Calculator ADP,True,203,93240203,12,model_only,5,8.0,1291.1200000000001,1634.8000000000002,True,False
2024,Fantasy Football Calculator ADP,True,204,93240204,1,adp,11,5.0,953.1399999999999,1293.88,False,False
2024,Fantasy Football Calculator ADP,True,204,93240204,1,target_intel,1,10.0,1396.72,1696.1999999999998,True,False
2024,Fantasy Football Calculator ADP,True,204,93240204,1,model_only,1,10.0,1402.62,1678.6000000000001,True,False
2024,Fantasy Football Calculator ADP,True,205,93240205,2,adp,10,6.0,1113.1200000000001,1402.42,False,False
2024,Fantasy Football Calculator ADP,True,205,93240205,2,target_intel,2,9.0,1320.0200000000002,1550.0600000000002,True,False
2024,Fantasy Football Calculator ADP,True,205,93240205,2,model_only,5,7.0,1343.1200000000001,1709.32,True,False
2024,Fantasy Football Calculator ADP,True,206,93240206,3,adp,1,10.0,1378.54,1635.7,True,False
2024,Fantasy Football Calculator ADP,True,206,93240206,3,target_intel,5,8.0,1269.72,1610.3999999999999,True,True
2024,Fantasy Football Calculator ADP,True,206,93240206,3,model_only,2,9.0,1313.32,1647.74,True,False
2024,Fantasy Football Calculator ADP,True,207,93240207,4,adp,12,4.0,932.58,1266.1199999999997,False,False
2024,Fantasy Football Calculator ADP,True,207,93240207,4,target_intel,12,4.0,1247.72,1596.5200000000002,False,False
2024,Fantasy Football Calculator ADP,True,207,93240207,4,model_only,9,5.0,1265.3,1648.6599999999999,False,False
2024,Fantasy Football Calculator ADP,True,208,93240208,5,adp,12,4.0,1053.8600000000001,1464.0800000000002,False,False
2024,Fantasy Football Calculator ADP,True,208,93240208,5,target_intel,3,10.0,1321.32,1598.98,True,False
2024,Fantasy Football Calculator ADP,True,208,93240208,5,model_only,2,10.0,1385.8200000000002,1670.8400000000001,True,True
2024,Fantasy Football Calculator ADP,True,209,93240209,6,adp,8,7.0,1080.8000000000002,1371.6399999999999,False,False
2024,Fantasy Football Calculator ADP,True,209,93240209,6,target_intel,9,6.0,1208.3199999999997,1596.1600000000003,False,False
2024,Fantasy Football Calculator ADP,True,209,93240209,6,model_only,5,8.0,1378.92,1693.0600000000002,True,False
2024,Fantasy Football Calculator ADP,True,210,93240210,7,adp,2,10.0,1315.3800000000003,1614.0800000000002,True,False
2024,Fantasy Football Calculator ADP,True,210,93240210,7,target_intel,3,8.0,1296.8400000000001,1630.0,True,False
2024,Fantasy Football Calculator ADP,True,210,93240210,7,model_only,1,10.0,1380.7200000000003,1654.9,True,False
2024,Fantasy Football Calculator ADP,True,211,93240211,8,adp,7,7.0,1150.7600000000002,1606.24,False,False
2024,Fantasy Football Calculator ADP,True,211,93240211,8,target_intel,4,8.0,1214.2,1541.2399999999998,True,False
2024,Fantasy Football Calculator ADP,True,211,93240211,8,model_only,6,7.0,1289.12,1688.6599999999999,True,False
2024,Fantasy Football Calculator ADP,True,212,93240212,9,adp,2,9.0,1334.0600000000004,1679.7400000000002,True,False
2024,Fantasy Football Calculator ADP,True,212,93240212,9,target_intel,3,8.0,1276.52,1683.6799999999998,True,False
2024,Fantasy Football Calculator ADP,True,212,93240212,9,model_only,3,9.0,1317.82,1699.1000000000004,True,False
2024,Fantasy Football Calculator ADP,True,213,93240213,10,adp,1,11.0,1452.6000000000001,1756.1799999999998,True,False
2024,Fantasy Football Calculator ADP,True,213,93240213,10,target_intel,7,7.0,1171.7200000000003,1507.0400000000004,False,False
2024,Fantasy Football Calculator ADP,True,213,93240213,10,model_only,2,10.0,1378.02,1605.7,True,False
2024,Fantasy Football Calculator ADP,True,214,93240214,11,adp,6,7.0,1207.04,1670.0,True,True
2024,Fantasy Football Calculator ADP,True,214,93240214,11,target_intel,1,10.0,1428.0200000000002,1655.88,True,False
2024,Fantasy Football Calculator ADP,True,214,93240214,11,model_only,3,9.0,1328.34,1632.0200000000004,True,False
2024,Fantasy Football Calculator ADP,True,215,93240215,12,adp,9,6.0,1180.08,1492.78,False,False
2024,Fantasy Football Calculator ADP,True,215,93240215,12,target_intel,2,9.0,1245.12,1623.1599999999999,True,False
2024,Fantasy Football Calculator ADP,True,215,93240215,12,model_only,4,8.0,1360.4200000000003,1616.2,True,False
2024,Fantasy Football Calculator ADP,True,216,93240216,1,adp,10,5.0,1065.22,1302.8400000000001,False,False
2024,Fantasy Football Calculator ADP,True,216,93240216,1,target_intel,1,10.0,1289.32,1645.0,True,False
2024,Fantasy Football Calculator ADP,True,216,93240216,1,model_only,3,9.0,1352.8200000000002,1711.4799999999998,True,False
2024,Fantasy Football Calculator ADP,True,217,93240217,2,adp,8,6.0,1149.4,1471.64,False,False
2024,Fantasy Football Calculator ADP,True,217,93240217,2,target_intel,10,5.0,1244.1400000000003,1496.84,False,False
2024,Fantasy Football Calculator ADP,True,217,93240217,2,model_only,5,7.0,1330.92,1642.3799999999999,True,False
2024,Fantasy Football Calculator ADP,True,218,93240218,3,adp,7,7.0,1284.8200000000002,1608.9199999999998,False,False
2024,Fantasy Football Calculator ADP,True,218,93240218,3,target_intel,1,12.0,1335.22,1743.18,True,False
2024,Fantasy Football Calculator ADP,True,218,93240218,3,model_only,1,11.0,1347.4199999999998,1760.78,True,False
2024,Fantasy Football Calculator ADP,True,219,93240219,4,adp,3,9.0,1177.78,1511.4800000000002,True,False
2024,Fantasy Football Calculator ADP,True,219,93240219,4,target_intel,4,7.0,1307.0400000000004,1632.1599999999999,True,False
2024,Fantasy Football Calculator ADP,True,219,93240219,4,model_only,1,9.0,1410.02,1680.1799999999998,True,True
2024,Fantasy Football Calculator ADP,True,220,93240220,5,adp,2,9.0,1257.84,1732.3200000000002,True,False
2024,Fantasy Football Calculator ADP,True,220,93240220,5,target_intel,2,9.0,1372.7399999999998,1619.52,True,False
2024,Fantasy Football Calculator ADP,True,220,93240220,5,model_only,4,8.0,1332.4799999999998,1683.7599999999998,True,False
2024,Fantasy Football Calculator ADP,True,221,93240221,6,adp,10,5.0,1113.3600000000001,1415.2600000000002,False,False
2024,Fantasy Football Calculator ADP,True,221,93240221,6,target_intel,7,8.0,1232.7400000000002,1583.96,False,False
2024,Fantasy Football Calculator ADP,True,221,93240221,6,model_only,3,9.0,1306.2199999999998,1697.9799999999998,True,False
2024,Fantasy Football Calculator ADP,True,222,93240222,7,adp,4,9.0,1183.7600000000002,1495.5,True,False
2024,Fantasy Football Calculator ADP,True,222,93240222,7,target_intel,8,6.0,1174.32,1509.4000000000003,False,False
2024,Fantasy Football Calculator ADP,True,222,93240222,7,model_only,1,11.0,1410.02,1709.2000000000003,True,False
2024,Fantasy Football Calculator ADP,True,223,93240223,8,adp,4,8.0,1295.54,1610.7000000000003,True,False
2024,Fantasy Football Calculator ADP,True,223,93240223,8,target_intel,2,10.0,1336.02,1669.8399999999997,True,False
2024,Fantasy Football Calculator ADP,True,223,93240223,8,model_only,2,9.0,1363.4199999999998,1673.7599999999998,True,False
2024,Fantasy Football Calculator ADP,True,224,93240224,9,adp,3,9.0,1298.9400000000003,1600.3999999999999,True,False
2024,Fantasy Football Calculator ADP,True,224,93240224,9,target_intel,10,5.0,1164.3400000000001,1537.3,False,False
2024,Fantasy Football Calculator ADP,True,224,93240224,9,model_only,8,6.0,1369.5,1639.2600000000002,False,False
2024,Fantasy Football Calculator ADP,True,225,93240225,10,adp,5,8.0,1194.2,1597.2000000000003,True,False
2024,Fantasy Football Calculator ADP,True,225,93240225,10,target_intel,2,10.0,1238.98,1617.5600000000002,True,False
2024,Fantasy Football Calculator ADP,True,225,93240225,10,model_only,2,9.0,1312.0,1638.06,True,False
2024,Fantasy Football Calculator ADP,True,226,93240226,11,adp,8,6.0,1118.68,1440.5600000000002,False,False
2024,Fantasy Football Calculator ADP,True,226,93240226,11,target_intel,6,8.0,1187.52,1514.8400000000001,True,False
2024,Fantasy Football Calculator ADP,True,226,93240226,11,model_only,4,8.0,1368.42,1676.72,True,False
2024,Fantasy Football Calculator ADP,True,227,93240227,12,adp,3,8.5,1153.5000000000002,1483.2600000000002,True,True
2024,Fantasy Football Calculator ADP,True,227,93240227,12,target_intel,1,11.0,1401.72,1676.46,True,False
2024,Fantasy Football Calculator ADP,True,227,93240227,12,model_only,1,12.0,1460.42,1759.52,True,False
2024,Fantasy Football Calculator ADP,True,228,93240228,1,adp,12,3.0,992.6799999999998,1348.0200000000002,False,False
2024,Fantasy Football Calculator ADP,True,228,93240228,1,target_intel,8,6.0,1264.94,1511.3400000000001,False,False
2024,Fantasy Football Calculator ADP,True,228,93240228,1,model_only,1,10.0,1400.02,1717.5,True,False
2024,Fantasy Football Calculator ADP,True,229,93240229,2,adp,11,5.0,1094.2,1406.18,False,False
2024,Fantasy Football Calculator ADP,True,229,93240229,2,target_intel,7,7.0,1159.8200000000002,1480.4400000000003,False,False
2024,Fantasy Football Calculator ADP,True,229,93240229,2,model_only,2,9.0,1383.3200000000002,1763.88,True,False
2024,Fantasy Football Calculator ADP,True,230,93240230,3,adp,6,7.0,1264.5200000000002,1611.12,True,False
2024,Fantasy Football Calculator ADP,True,230,93240230,3,target_intel,4,8.0,1247.7399999999998,1569.4399999999998,True,False
2024,Fantasy Football Calculator ADP,True,230,93240230,3,model_only,1,11.0,1495.62,1776.3000000000002,True,False
2024,Fantasy Football Calculator ADP,True,231,93240231,4,adp,10,5.0,1180.66,1525.9800000000002,False,False
2024,Fantasy Football Calculator ADP,True,231,93240231,4,target_intel,4,8.0,1303.54,1758.48,True,False
2024,Fantasy Football Calculator ADP,True,231,93240231,4,model_only,1,13.0,1421.42,1721.12,True,False
2024,Fantasy Football Calculator ADP,True,232,93240232,5,adp,3,8.0,1155.94,1461.62,True,True
2024,Fantasy Football Calculator ADP,True,232,93240232,5,target_intel,8,6.0,1342.76,1628.6000000000001,False,False
2024,Fantasy Football Calculator ADP,True,232,93240232,5,model_only,4,8.0,1381.1200000000003,1621.4400000000003,True,False
2024,Fantasy Football Calculator ADP,True,233,93240233,6,adp,3,9.0,1343.3000000000002,1634.38,True,False
2024,Fantasy Football Calculator ADP,True,233,93240233,6,target_intel,7,7.0,1246.1,1531.62,False,False
2024,Fantasy Football Calculator ADP,True,233,93240233,6,model_only,2,9.0,1366.02,1641.8400000000001,True,False
2024,Fantasy Football Calculator ADP,True,234,93240234,7,adp,7,7.0,1286.84,1625.8000000000002,False,False
2024,Fantasy Football Calculator ADP,True,234,93240234,7,target_intel,1,10.0,1386.72,1686.6399999999999,True,False
2024,Fantasy Football Calculator ADP,True,234,93240234,7,model_only,3,8.0,1363.42,1645.1399999999999,True,False
2024,Fantasy Football Calculator ADP,True,235,93240235,8,adp,12,2.0,1060.0800000000002,1354.22,False,False
2024,Fantasy Football Calculator ADP,True,235,93240235,8,target_intel,4,8.0,1185.2199999999998,1453.4199999999998,True,False
2024,Fantasy Football Calculator ADP,True,235,93240235,8,model_only,2,9.0,1403.6,1652.3799999999999,True,False
2024,Fantasy Football Calculator ADP,True,236,93240236,9,adp,1,11.0,1248.56,1653.62,True,True
2024,Fantasy Football Calculator ADP,True,236,93240236,9,target_intel,4,8.0,1312.24,1607.3800000000003,True,False
2024,Fantasy Football Calculator ADP,True,236,93240236,9,model_only,5,8.0,1368.3200000000002,1666.48,True,False
2024,Fantasy Football Calculator ADP,True,237,93240237,10,adp,6,7.0,1195.0599999999997,1591.8000000000004,True,True
2024,Fantasy Football Calculator ADP,True,237,93240237,10,target_intel,4,8.0,1292.42,1464.5600000000004,True,False
2024,Fantasy Football Calculator ADP,True,237,93240237,10,model_only,2,9.0,1320.52,1729.3999999999999,True,False
2024,Fantasy Football Calculator ADP,True,238,93240238,11,adp,3,9.0,1273.06,1567.2800000000002,True,False
2024,Fantasy Football Calculator ADP,True,238,93240238,11,target_intel,2,10.0,1284.5400000000002,1558.28,True,False
2024,Fantasy Football Calculator ADP,True,238,93240238,11,model_only,7,6.0,1291.9199999999998,1565.8600000000001,False,False
2024,Fantasy Football Calculator ADP,True,239,93240239,12,adp,9,6.0,1318.8000000000002,1656.3400000000001,False,False
2024,Fantasy Football Calculator ADP,True,239,93240239,12,target_intel,5,8.0,1476.12,1734.1600000000003,True,False
2024,Fantasy Football Calculator ADP,True,239,93240239,12,model_only,3,8.0,1376.52,1648.1,True,False
2024,Fantasy Football Calculator ADP,True,240,93240240,1,adp,12,2.0,1000.1000000000001,1335.0200000000002,False,False
2024,Fantasy Football Calculator ADP,True,240,93240240,1,target_intel,1,11.0,1341.52,1581.46,True,False
2024,Fantasy Football Calculator ADP,True,240,93240240,1,model_only,4,8.0,1254.3799999999999,1664.86,True,False
2024,Fantasy Football Calculator ADP,True,241,93240241,2,adp,8,6.0,1047.86,1358.04,False,False
2024,Fantasy Football Calculator ADP,True,241,93240241,2,target_intel,2,10.0,1224.3200000000002,1560.3600000000001,True,False
2024,Fantasy Football Calculator ADP,True,241,93240241,2,model_only,1,12.0,1365.3200000000002,1702.54,True,False
2024,Fantasy Football Calculator ADP,True,242,93240242,3,adp,2,10.0,1237.8600000000001,1560.8199999999997,True,False
2024,Fantasy Football Calculator ADP,True,242,93240242,3,target_intel,4,9.0,1198.32,1530.0800000000002,True,False
2024,Fantasy Football Calculator ADP,True,242,93240242,3,model_only,2,10.0,1339.22,1634.64,True,False
2024,Fantasy Football Calculator ADP,True,243,93240243,4,adp,6,7.0,1137.8999999999999,1440.1399999999999,True,False
2024,Fantasy Football Calculator ADP,True,243,93240243,4,target_intel,2,9.0,1294.32,1665.4800000000002,True,False
2024,Fantasy Football Calculator ADP,True,243,93240243,4,model_only,6,7.0,1382.1200000000001,1607.9200000000005,True,False
2024,Fantasy Football Calculator ADP,True,244,93240244,5,adp,11,4.0,1136.98,1362.32,False,False
2024,Fantasy Football Calculator ADP,True,244,93240244,5,target_intel,1,10.0,1336.02,1640.32,True,False
2024,Fantasy Football Calculator ADP,True,244,93240244,5,model_only,1,12.0,1396.42,1682.3799999999999,True,False
2024,Fantasy Football Calculator ADP,True,245,93240245,6,adp,11,4.0,1040.5600000000002,1439.86,False,False
2024,Fantasy Football Calculator ADP,True,245,93240245,6,target_intel,2,10.0,1288.52,1549.74,True,False
2024,Fantasy Football Calculator ADP,True,245,93240245,6,model_only,5,7.0,1317.9199999999998,1583.7200000000003,True,False
2024,Fantasy Football Calculator ADP,True,246,93240246,7,adp,3,9.0,1265.2,1576.8600000000001,True,False
2024,Fantasy Football Calculator ADP,True,246,93240246,7,target_intel,6,7.0,1243.2200000000003,1534.4799999999998,True,False
2024,Fantasy Football Calculator ADP,True,246,93240246,7,model_only,2,10.0,1436.02,1758.1999999999998,True,True
2024,Fantasy Football Calculator ADP,True,247,93240247,8,adp,8,6.0,1267.7000000000003,1529.1599999999999,False,False
2024,Fantasy Football Calculator ADP,True,247,93240247,8,target_intel,7,7.0,1264.22,1619.3600000000004,False,False
2024,Fantasy Football Calculator ADP,True,247,93240247,8,model_only,2,9.0,1354.12,1596.6999999999998,True,False
2024,Fantasy Football Calculator ADP,True,248,93240248,9,adp,9,6.0,1162.36,1491.3400000000001,False,False
2024,Fantasy Football Calculator ADP,True,248,93240248,9,target_intel,10,5.0,1177.7000000000003,1509.34,False,False
2024,Fantasy Football Calculator ADP,True,248,93240248,9,model_only,2,10.0,1479.32,1726.6799999999998,True,False
2024,Fantasy Football Calculator ADP,True,249,93240249,10,adp,1,9.0,1385.5800000000002,1675.9,True,False
2024,Fantasy Football Calculator ADP,True,249,93240249,10,target_intel,4,8.0,1241.9,1559.2000000000003,True,False
2024,Fantasy Football Calculator ADP,True,249,93240249,10,model_only,3,8.0,1357.92,1649.88,True,False
2024,Fantasy Football Calculator ADP,True,250,93240250,11,adp,5,8.0,1101.6,1564.34,True,False
2024,Fantasy Football Calculator ADP,True,250,93240250,11,target_intel,3,9.0,1245.56,1796.98,True,False
2024,Fantasy Football Calculator ADP,True,250,93240250,11,model_only,4,8.0,1368.42,1680.3,True,False
2024,Fantasy Football Calculator ADP,True,251,93240251,12,adp,8,7.0,995.6200000000001,1372.24,False,False
2024,Fantasy Football Calculator ADP,True,251,93240251,12,target_intel,4,8.0,1300.7399999999998,1585.2800000000002,True,True
2024,Fantasy Football Calculator ADP,True,251,93240251,12,model_only,7,7.0,1312.6,1681.5,False,False
2024,Fantasy Football Calculator ADP,True,252,93240252,1,adp,10,4.0,1010.7,1330.7400000000002,False,False
2024,Fantasy Football Calculator ADP,True,252,93240252,1,target_intel,1,11.0,1357.4200000000003,1623.06,True,True
2024,Fantasy Football Calculator ADP,True,252,93240252,1,model_only,4,8.0,1341.7200000000003,1705.24,True,False
2024,Fantasy Football Calculator ADP,True,253,93240253,2,adp,7,7.0,1169.7,1585.0800000000002,False,False
2024,Fantasy Football Calculator ADP,True,253,93240253,2,target_intel,9,6.0,1145.8200000000002,1573.04,False,False
2024,Fantasy Football Calculator ADP,True,253,93240253,2,model_only,1,10.0,1237.42,1644.44,True,True
2024,Fantasy Football Calculator ADP,True,254,93240254,3,adp,4,8.0,1317.94,1675.52,True,False
2024,Fantasy Football Calculator ADP,True,254,93240254,3,target_intel,1,10.0,1431.42,1824.0200000000004,True,False
2024,Fantasy Football Calculator ADP,True,254,93240254,3,model_only,2,10.0,1336.6200000000001,1673.2000000000003,True,False
2024,Fantasy Football Calculator ADP,True,255,93240255,4,adp,4,8.0,1287.8000000000002,1577.9800000000002,True,False
2024,Fantasy Football Calculator ADP,True,255,93240255,4,target_intel,3,9.0,1337.1000000000001,1637.56,True,False
2024,Fantasy Football Calculator ADP,True,255,93240255,4,model_only,5,8.0,1309.32,1673.4200000000003,True,False
2024,Fantasy Football Calculator ADP,True,256,93240256,5,adp,10,5.0,1158.48,1406.9999999999998,False,False
2024,Fantasy Football Calculator ADP,True,256,93240256,5,target_intel,5,7.0,1285.22,1483.18,True,False
2024,Fantasy Football Calculator ADP,True,256,93240256,5,model_only,1,10.0,1406.7199999999998,1692.3400000000001,True,False
2024,Fantasy Football Calculator ADP,True,257,93240257,6,adp,6,7.0,1246.22,1582.54,True,False
2024,Fantasy Football Calculator ADP,True,257,93240257,6,target_intel,3,9.0,1354.9199999999998,1632.1999999999998,True,False
2024,Fantasy Football Calculator ADP,True,257,93240257,6,model_only,6,7.0,1320.38,1705.2600000000002,True,False
2024,Fantasy Football Calculator ADP,True,258,93240258,7,adp,8,6.0,1157.4,1536.1200000000001,False,False
2024,Fantasy Football Calculator ADP,True,258,93240258,7,target_intel,6,7.0,1307.4,1666.58,True,False
2024,Fantasy Football Calculator ADP,True,258,93240258,7,model_only,3,8.0,1337.08,1664.7600000000004,True,True
2024,Fantasy Football Calculator ADP,True,259,93240259,8,adp,5,8.0,984.3800000000002,1342.7399999999998,True,False
2024,Fantasy Football Calculator ADP,True,259,93240259,8,target_intel,4,9.0,1290.1200000000001,1571.9599999999998,True,False
2024,Fantasy Football Calculator ADP,True,259,93240259,8,model_only,1,12.0,1393.12,1764.1599999999999,True,False
2024,Fantasy Football Calculator ADP,True,260,93240260,9,adp,12,2.0,1001.9800000000001,1392.4799999999998,False,False
2024,Fantasy Football Calculator ADP,True,260,93240260,9,target_intel,3,9.0,1249.1200000000001,1608.96,True,False
2024,Fantasy Football Calculator ADP,True,260,93240260,9,model_only,2,9.0,1381.42,1641.0200000000002,True,False
2024,Fantasy Football Calculator ADP,True,261,93240261,10,adp,1,10.0,1605.7200000000003,1918.8400000000001,True,False
2024,Fantasy Football Calculator ADP,True,261,93240261,10,target_intel,2,9.0,1273.2199999999998,1549.2400000000002,True,True
2024,Fantasy Football Calculator ADP,True,261,93240261,10,model_only,7,7.0,1388.3200000000002,1689.3,False,False
2024,Fantasy Football Calculator ADP,True,262,93240262,11,adp,3,8.0,1227.0600000000002,1624.4800000000002,True,False
2024,Fantasy Football Calculator ADP,True,262,93240262,11,target_intel,3,8.0,1271.5,1513.64,True,False
2024,Fantasy Football Calculator ADP,True,262,93240262,11,model_only,4,8.0,1392.52,1664.6599999999999,True,False
2024,Fantasy Football Calculator ADP,True,263,93240263,12,adp,6,8.0,1109.5,1529.3600000000001,True,False
2024,Fantasy Football Calculator ADP,True,263,93240263,12,target_intel,1,12.0,1418.3200000000002,1889.7399999999998,True,True
2024,Fantasy Football Calculator ADP,True,263,93240263,12,model_only,6,7.0,1347.22,1661.3200000000002,True,False
2024,Fantasy Football Calculator ADP,True,264,93240264,1,adp,10,6.0,1170.78,1459.48,False,False
2024,Fantasy Football Calculator ADP,True,264,93240264,1,target_intel,3,9.0,1331.9,1634.84,True,False
2024,Fantasy Football Calculator ADP,True,264,93240264,1,model_only,3,9.0,1356.2200000000003,1743.4,True,False
2024,Fantasy Football Calculator ADP,True,265,93240265,2,adp,9,6.0,1078.8200000000002,1502.0799999999997,False,False
2024,Fantasy Football Calculator ADP,True,265,93240265,2,target_intel,3,10.0,1289.92,1682.16,True,False
2024,Fantasy Football Calculator ADP,True,265,93240265,2,model_only,2,10.0,1371.62,1703.72,True,False
2024,Fantasy Football Calculator ADP,True,266,93240266,3,adp,12,3.0,1086.1399999999999,1402.3399999999997,False,False
2024,Fantasy Football Calculator ADP,True,266,93240266,3,target_intel,4,8.0,1232.72,1656.24,True,False
2024,Fantasy Football Calculator ADP,True,266,93240266,3,model_only,2,10.0,1375.3200000000002,1713.44,True,False
2024,Fantasy Football Calculator ADP,True,267,93240267,4,adp,6,7.0,1253.7399999999998,1539.56,True,False
2024,Fantasy Football Calculator ADP,True,267,93240267,4,target_intel,3,8.0,1186.1200000000001,1400.3600000000001,True,False
2024,Fantasy Football Calculator ADP,True,267,93240267,4,model_only,3,8.0,1348.72,1749.18,True,False
2024,Fantasy Football Calculator ADP,True,268,93240268,5,adp,4,8.0,1247.9,1592.0400000000004,True,True
2024,Fantasy Football Calculator ADP,True,268,93240268,5,target_intel,8,6.0,1161.92,1546.2000000000003,False,False
2024,Fantasy Football Calculator ADP,True,268,93240268,5,model_only,4,8.0,1375.1200000000001,1635.1000000000001,True,False
2024,Fantasy Football Calculator ADP,True,269,93240269,6,adp,8,6.0,1189.12,1557.0,False,False
2024,Fantasy Football Calculator ADP,True,269,93240269,6,target_intel,3,9.0,1269.22,1581.2200000000003,True,False
2024,Fantasy Football Calculator ADP,True,269,93240269,6,model_only,3,8.0,1371.7200000000003,1689.1999999999998,True,False
2024,Fantasy Football Calculator ADP,True,270,93240270,7,adp,8,6.0,1328.3200000000002,1553.44,False,False
2024,Fantasy Football Calculator ADP,True,270,93240270,7,target_intel,1,10.0,1395.74,1728.6599999999999,True,False
2024,Fantasy Football Calculator ADP,True,270,93240270,7,model_only,2,10.0,1461.92,1739.9399999999998,True,False
2024,Fantasy Football Calculator ADP,True,271,93240271,8,adp,1,10.0,1152.28,1500.1399999999996,True,False
2024,Fantasy Football Calculator ADP,True,271,93240271,8,target_intel,3,9.0,1222.2,1613.4599999999998,True,False
2024,Fantasy Football Calculator ADP,True,271,93240271,8,model_only,3,10.0,1333.3200000000002,1715.68,True,False
2024,Fantasy Football Calculator ADP,True,272,93240272,9,adp,7,5.0,1205.94,1521.3800000000003,False,False
2024,Fantasy Football Calculator ADP,True,272,93240272,9,target_intel,5,8.0,1305.3200000000004,1580.1400000000003,True,False
2024,Fantasy Football Calculator ADP,True,272,93240272,9,model_only,1,11.0,1453.3400000000001,1808.7,True,False
2024,Fantasy Football Calculator ADP,True,273,93240273,10,adp,7,6.0,1274.4,1662.8600000000001,False,False
2024,Fantasy Football Calculator ADP,True,273,93240273,10,target_intel,8,6.0,1210.82,1546.06,False,False
2024,Fantasy Football Calculator ADP,True,273,93240273,10,model_only,3,10.0,1378.0199999999998,1676.4200000000003,True,False
2024,Fantasy Football Calculator ADP,True,274,93240274,11,adp,6,7.0,1404.4199999999998,1726.34,True,False
2024,Fantasy Football Calculator ADP,True,274,93240274,11,target_intel,2,10.0,1392.0200000000002,1735.3600000000001,True,True
2024,Fantasy Football Calculator ADP,True,274,93240274,11,model_only,4,8.0,1336.32,1682.2400000000002,True,False
2024,Fantasy Football Calculator ADP,True,275,93240275,12,adp,1,10.0,1346.14,1765.8600000000001,True,True
2024,Fantasy Football Calculator ADP,True,275,93240275,12,target_intel,4,8.0,1464.34,1714.5800000000002,True,False
2024,Fantasy Football Calculator ADP,True,275,93240275,12,model_only,12,4.0,1401.3000000000002,1706.46,False,False
2024,Fantasy Football Calculator ADP,True,276,93240276,1,adp,9,7.0,1144.98,1523.2000000000003,False,False
2024,Fantasy Football Calculator ADP,True,276,93240276,1,target_intel,8,6.0,1225.8,1551.1599999999999,False,False
2024,Fantasy Football Calculator ADP,True,276,93240276,1,model_only,4,8.0,1305.5800000000002,1614.1400000000003,True,False
2024,Fantasy Football Calculator ADP,True,277,93240277,2,adp,6,7.0,1072.18,1441.88,True,False
2024,Fantasy Football Calculator ADP,True,277,93240277,2,target_intel,6,7.0,1356.5400000000002,1685.6,True,False
2024,Fantasy Football Calculator ADP,True,277,93240277,2,model_only,2,10.0,1359.92,1661.74,True,False
2024,Fantasy Football Calculator ADP,True,278,93240278,3,adp,11,5.0,1104.14,1521.22,False,False
2024,Fantasy Football Calculator ADP,True,278,93240278,3,target_intel,4,8.0,1204.02,1532.3,True,False
2024,Fantasy Football Calculator ADP,True,278,93240278,3,model_only,6,8.0,1381.6000000000001,1659.2600000000002,True,True
2024,Fantasy Football Calculator ADP,True,279,93240279,4,adp,7,7.0,1216.1,1464.36,False,False
2024,Fantasy Football Calculator ADP,True,279,93240279,4,target_intel,1,9.0,1413.94,1769.5400000000002,True,False
2024,Fantasy Football Calculator ADP,True,279,93240279,4,model_only,4,8.0,1381.6,1744.0599999999997,True,False
2024,Fantasy Football Calculator ADP,True,280,93240280,5,adp,2,9.0,1377.46,1628.04,True,False
2024,Fantasy Football Calculator ADP,True,280,93240280,5,target_intel,9,6.0,1214.5800000000002,1550.56,False,False
2024,Fantasy Football Calculator ADP,True,280,93240280,5,model_only,3,9.0,1311.0200000000002,1602.2200000000003,True,False
2024,Fantasy Football Calculator ADP,True,281,93240281,6,adp,12,4.0,1044.1,1418.7800000000002,False,False
2024,Fantasy Football Calculator ADP,True,281,93240281,6,target_intel,3,9.0,1202.8400000000001,1543.0800000000002,True,False
2024,Fantasy Football Calculator ADP,True,281,93240281,6,model_only,5,7.0,1318.22,1560.88,True,False
2024,Fantasy Football Calculator ADP,True,282,93240282,7,adp,11,4.0,1039.68,1349.78,False,False
2024,Fantasy Football Calculator ADP,True,282,93240282,7,target_intel,2,9.0,1361.02,1678.4,True,False
2024,Fantasy Football Calculator ADP,True,282,93240282,7,model_only,3,9.0,1308.6200000000001,1700.98,True,False
2024,Fantasy Football Calculator ADP,True,283,93240283,8,adp,1,9.0,1421.76,1740.1200000000001,True,False
2024,Fantasy Football Calculator ADP,True,283,93240283,8,target_intel,3,8.0,1324.9,1713.6599999999999,True,False
2024,Fantasy Football Calculator ADP,True,283,93240283,8,model_only,6,6.0,1289.04,1675.3200000000002,True,False
2024,Fantasy Football Calculator ADP,True,284,93240284,9,adp,1,9.0,1382.82,1653.6,True,False
2024,Fantasy Football Calculator ADP,True,284,93240284,9,target_intel,5,7.0,1365.64,1679.3600000000001,True,False
2024,Fantasy Football Calculator ADP,True,284,93240284,9,model_only,5,7.0,1358.12,1558.96,True,False
2024,Fantasy Football Calculator ADP,True,285,93240285,10,adp,1,10.0,1411.24,1812.66,True,False
2024,Fantasy Football Calculator ADP,True,285,93240285,10,target_intel,12,3.0,1024.02,1320.2,False,False
2024,Fantasy Football Calculator ADP,True,285,93240285,10,model_only,6,8.0,1295.8799999999999,1678.5600000000002,True,False
2024,Fantasy Football Calculator ADP,True,286,93240286,11,adp,2,9.0,1347.3,1731.4600000000003,True,False
2024,Fantasy Football Calculator ADP,True,286,93240286,11,target_intel,2,9.0,1439.5,1747.3400000000001,True,False
2024,Fantasy Football Calculator ADP,True,286,93240286,11,model_only,8,6.0,1459.3200000000002,1751.6000000000001,False,False
2024,Fantasy Football Calculator ADP,True,287,93240287,12,adp,4,9.0,1318.2,1640.4200000000003,True,False
2024,Fantasy Football Calculator ADP,True,287,93240287,12,target_intel,3,8.0,1331.4199999999998,1695.36,True,False
2024,Fantasy Football Calculator ADP,True,287,93240287,12,model_only,1,10.0,1435.1000000000001,1697.2600000000002,True,False
2024,Fantasy Football Calculator ADP,True,288,93240288,1,adp,11,4.0,977.0,1345.48,False,False
2024,Fantasy Football Calculator ADP,True,288,93240288,1,target_intel,1,9.0,1293.5400000000002,1583.56,True,False
2024,Fantasy Football Calculator ADP,True,288,93240288,1,model_only,1,9.0,1336.8,1672.6399999999999,True,False
2024,Fantasy Football Calculator ADP,True,289,93240289,2,adp,10,5.0,1129.74,1499.18,False,False
2024,Fantasy Football Calculator ADP,True,289,93240289,2,target_intel,9,5.0,1304.64,1636.96,False,False
2024,Fantasy Football Calculator ADP,True,289,93240289,2,model_only,4,8.0,1302.22,1607.9200000000003,True,False
2024,Fantasy Football Calculator ADP,True,290,93240290,3,adp,8,6.0,1173.1599999999999,1474.9399999999998,False,False
2024,Fantasy Football Calculator ADP,True,290,93240290,3,target_intel,2,10.0,1401.92,1836.1800000000003,True,False
2024,Fantasy Football Calculator ADP,True,290,93240290,3,model_only,2,9.0,1360.22,1647.8200000000002,True,True
2024,Fantasy Football Calculator ADP,True,291,93240291,4,adp,1,9.0,1314.4600000000003,1646.96,True,True
2024,Fantasy Football Calculator ADP,True,291,93240291,4,target_intel,11,5.0,1082.84,1387.7599999999998,False,False
2024,Fantasy Football Calculator ADP,True,291,93240291,4,model_only,4,8.0,1360.32,1704.8799999999999,True,False
2024,Fantasy Football Calculator ADP,True,292,93240292,5,adp,9,5.0,1090.74,1437.94,False,False
2024,Fantasy Football Calculator ADP,True,292,93240292,5,target_intel,5,8.0,1178.2400000000002,1468.4399999999998,True,False
2024,Fantasy Football Calculator ADP,True,292,93240292,5,model_only,2,9.0,1368.8,1706.66,True,False
2024,Fantasy Football Calculator ADP,True,293,93240293,6,adp,7,7.0,1213.5,1481.6200000000001,False,False
2024,Fantasy Football Calculator ADP,True,293,93240293,6,target_intel,11,5.0,1126.3400000000001,1444.0800000000002,False,False
2024,Fantasy Football Calculator ADP,True,293,93240293,6,model_only,2,9.0,1348.52,1672.24,True,False
2024,Fantasy Football Calculator ADP,True,294,93240294,7,adp,2,9.0,1417.42,1665.06,True,True
2024,Fantasy Football Calculator ADP,True,294,93240294,7,target_intel,3,10.0,1348.8,1528.9600000000003,True,False
2024,Fantasy Football Calculator ADP,True,294,93240294,7,model_only,3,8.0,1364.92,1656.4,True,False
2024,Fantasy Football Calculator ADP,True,295,93240295,8,adp,4,8.0,1307.54,1645.8000000000002,True,False
2024,Fantasy Football Calculator ADP,True,295,93240295,8,target_intel,11,4.0,1115.1200000000001,1422.08,False,False
2024,Fantasy Football Calculator ADP,True,295,93240295,8,model_only,1,13.0,1394.1200000000001,1666.9800000000002,True,False
2024,Fantasy Football Calculator ADP,True,296,93240296,9,adp,4,8.0,1453.16,1762.92,True,False
2024,Fantasy Football Calculator ADP,True,296,93240296,9,target_intel,1,12.0,1353.8999999999999,1713.0600000000006,True,False
2024,Fantasy Football Calculator ADP,True,296,93240296,9,model_only,2,9.0,1346.4199999999998,1620.1399999999999,True,False
2024,Fantasy Football Calculator ADP,True,297,93240297,10,adp,9,7.0,1189.64,1538.2000000000003,False,False
2024,Fantasy Football Calculator ADP,True,297,93240297,10,target_intel,5,9.0,1295.42,1549.6599999999999,True,False
2024,Fantasy Football Calculator ADP,True,297,93240297,10,model_only,3,9.0,1335.9,1597.1200000000001,True,False
2024,Fantasy Football Calculator ADP,True,298,93240298,11,adp,4,8.0,1410.58,1729.6999999999998,True,False
2024,Fantasy Football Calculator ADP,True,298,93240298,11,target_intel,3,8.0,1290.6200000000001,1531.2200000000003,True,False
2024,Fantasy Football Calculator ADP,True,298,93240298,11,model_only,2,10.0,1301.6799999999998,1673.2599999999998,True,False
2024,Fantasy Football Calculator ADP,True,299,93240299,12,adp,5,8.0,1190.6000000000004,1496.1799999999998,True,False
2024,Fantasy Football Calculator ADP,True,299,93240299,12,target_intel,1,11.0,1335.3199999999997,1623.26,True,False
2024,Fantasy Football Calculator ADP,True,299,93240299,12,model_only,7,6.0,1326.92,1721.62,False,False
2024,Fantasy Football Calculator ADP,True,300,93240300,1,adp,5,7.0,1242.8,1494.5200000000007,True,False
2024,Fantasy Football Calculator ADP,True,300,93240300,1,target_intel,3,8.0,1288.54,1570.6599999999999,True,False
2024,Fantasy Football Calculator ADP,True,300,93240300,1,model_only,1,10.0,1244.48,1654.36,True,False
2024,Fantasy Football Calculator ADP,True,301,93240301,2,adp,10,5.0,1033.0800000000002,1348.32,False,False
2024,Fantasy Football Calculator ADP,True,301,93240301,2,target_intel,4,8.0,1369.52,1674.6200000000001,True,False
2024,Fantasy Football Calculator ADP,True,301,93240301,2,model_only,4,8.0,1265.12,1645.7400000000005,True,False
2024,Fantasy Football Calculator ADP,True,302,93240302,3,adp,4,9.0,1293.7800000000002,1664.96,True,False
2024,Fantasy Football Calculator ADP,True,302,93240302,3,target_intel,9,6.0,1320.3400000000001,1594.12,False,False
2024,Fantasy Football Calculator ADP,True,302,93240302,3,model_only,5,8.0,1279.98,1741.0600000000002,True,False
2024,Fantasy Football Calculator ADP,True,303,93240303,4,adp,6,7.0,1313.4,1647.5200000000002,True,False
2024,Fantasy Football Calculator ADP,True,303,93240303,4,target_intel,2,10.0,1287.1200000000001,1701.4799999999998,True,False
2024,Fantasy Football Calculator ADP,True,303,93240303,4,model_only,1,12.0,1431.9399999999998,1678.34,True,False
2024,Fantasy Football Calculator ADP,True,304,93240304,5,adp,9,6.0,1140.0400000000002,1566.92,False,False
2024,Fantasy Football Calculator ADP,True,304,93240304,5,target_intel,4,8.0,1251.3400000000001,1619.5000000000002,True,False
2024,Fantasy Football Calculator ADP,True,304,93240304,5,model_only,1,10.0,1327.8799999999999,1673.96,True,False
2024,Fantasy Football Calculator ADP,True,305,93240305,6,adp,9,5.0,1035.56,1377.5400000000002,False,False
2024,Fantasy Football Calculator ADP,True,305,93240305,6,target_intel,7,7.0,1260.9199999999998,1620.7800000000002,False,False
2024,Fantasy Football Calculator ADP,True,305,93240305,6,model_only,2,8.0,1413.2200000000003,1689.9400000000005,True,False
2024,Fantasy Football Calculator ADP,True,306,93240306,7,adp,3,9.0,1238.5,1568.9,True,False
2024,Fantasy Football Calculator ADP,True,306,93240306,7,target_intel,7,7.0,1260.1200000000001,1654.2800000000004,False,False
2024,Fantasy Football Calculator ADP,True,306,93240306,7,model_only,1,11.0,1411.48,1720.36,True,False
2024,Fantasy Football Calculator ADP,True,307,93240307,8,adp,12,4.0,1091.6599999999999,1464.4600000000003,False,False
2024,Fantasy Football Calculator ADP,True,307,93240307,8,target_intel,3,9.0,1232.3200000000002,1697.2600000000002,True,False
2024,Fantasy Football Calculator ADP,True,307,93240307,8,model_only,2,9.0,1329.52,1651.4200000000003,True,False
2024,Fantasy Football Calculator ADP,True,308,93240308,9,adp,10,5.0,1128.22,1482.3199999999997,False,False
2024,Fantasy Football Calculator ADP,True,308,93240308,9,target_intel,1,10.0,1381.7999999999997,1659.74,True,False
2024,Fantasy Football Calculator ADP,True,308,93240308,9,model_only,5,8.0,1377.8000000000002,1637.7600000000002,True,False
2024,Fantasy Football Calculator ADP,True,309,93240309,10,adp,1,11.0,1489.42,1767.8400000000004,True,False
2024,Fantasy Football Calculator ADP,True,309,93240309,10,target_intel,7,6.0,1159.0,1447.46,False,False
2024,Fantasy Football Calculator ADP,True,309,93240309,10,model_only,1,11.0,1371.52,1595.52,True,False
2024,Fantasy Football Calculator ADP,True,310,93240310,11,adp,1,10.0,1179.6,1486.24,True,False
2024,Fantasy Football Calculator ADP,True,310,93240310,11,target_intel,1,9.0,1364.44,1740.1999999999998,True,False
2024,Fantasy Football Calculator ADP,True,310,93240310,11,model_only,4,9.0,1358.6000000000001,1602.2600000000002,True,False
2024,Fantasy Football Calculator ADP,True,311,93240311,12,adp,11,3.0,1073.26,1486.4599999999998,False,False
2024,Fantasy Football Calculator ADP,True,311,93240311,12,target_intel,6,8.0,1279.8200000000002,1539.5000000000002,True,False
2024,Fantasy Football Calculator ADP,True,311,93240311,12,model_only,1,9.0,1350.02,1636.5200000000002,True,False
2024,Fantasy Football Calculator ADP,True,312,93240312,1,adp,11,4.0,991.1599999999999,1329.6,False,False
2024,Fantasy Football Calculator ADP,True,312,93240312,1,target_intel,1,9.0,1228.1200000000001,1598.4200000000003,True,False
2024,Fantasy Football Calculator ADP,True,312,93240312,1,model_only,2,9.0,1364.1200000000001,1708.44,True,False
2024,Fantasy Football Calculator ADP,True,313,93240313,2,adp,12,2.0,994.72,1367.2200000000003,False,False
2024,Fantasy Football Calculator ADP,True,313,93240313,2,target_intel,6,6.0,1230.8200000000002,1537.12,True,False
2024,Fantasy Football Calculator ADP,True,313,93240313,2,model_only,5,8.0,1374.52,1756.9400000000003,True,False
2024,Fantasy Football Calculator ADP,True,314,93240314,3,adp,8,7.0,1115.7200000000003,1401.9,False,False
2024,Fantasy Football Calculator ADP,True,314,93240314,3,target_intel,1,11.0,1307.34,1679.8999999999999,True,False
2024,Fantasy Football Calculator ADP,True,314,93240314,3,model_only,2,8.0,1288.92,1588.3600000000001,True,False
2024,Fantasy Football Calculator ADP,True,315,93240315,4,adp,3,9.0,1297.7000000000003,1568.1399999999999,True,False
2024,Fantasy Football Calculator ADP,True,315,93240315,4,target_intel,3,9.0,1328.32,1710.3000000000002,True,False
2024,Fantasy Football Calculator ADP,True,315,93240315,4,model_only,1,10.0,1357.38,1743.94,True,False
2024,Fantasy Football Calculator ADP,True,316,93240316,5,adp,8,6.0,1162.36,1404.9400000000003,False,False
2024,Fantasy Football Calculator ADP,True,316,93240316,5,target_intel,3,8.0,1259.8199999999997,1607.6799999999998,True,False
2024,Fantasy Football Calculator ADP,True,316,93240316,5,model_only,6,7.0,1289.98,1687.3600000000001,True,False
2024,Fantasy Football Calculator ADP,True,317,93240317,6,adp,4,8.0,1295.98,1624.1999999999998,True,False
2024,Fantasy Football Calculator ADP,True,317,93240317,6,target_intel,5,8.0,1251.24,1627.5,True,False
2024,Fantasy Football Calculator ADP,True,317,93240317,6,model_only,3,9.0,1262.32,1545.68,True,False
2024,Fantasy Football Calculator ADP,True,318,93240318,7,adp,7,6.0,1290.6200000000001,1684.78,False,False
2024,Fantasy Football Calculator ADP,True,318,93240318,7,target_intel,5,6.0,1369.8200000000002,1633.48,True,False
2024,Fantasy Football Calculator ADP,True,318,93240318,7,model_only,1,11.0,1374.0800000000002,1699.96,True,False
2024,Fantasy Football Calculator ADP,True,319,93240319,8,adp,9,6.0,1252.88,1686.3,False,False
2024,Fantasy Football Calculator ADP,True,319,93240319,8,target_intel,9,6.0,1199.64,1448.6,False,False
2024,Fantasy Football Calculator ADP,True,319,93240319,8,model_only,1,9.0,1341.6200000000001,1632.52,True,False
2024,Fantasy Football Calculator ADP,True,320,93240320,9,adp,12,3.0,1119.8000000000002,1436.2199999999998,False,False
2024,Fantasy Football Calculator ADP,True,320,93240320,9,target_intel,6,7.0,1301.1000000000001,1566.92,True,False
2024,Fantasy Football Calculator ADP,True,320,93240320,9,model_only,3,9.0,1314.8200000000002,1566.3999999999999,True,False
2024,Fantasy Football Calculator ADP,True,321,93240321,10,adp,5,8.0,1114.7599999999998,1424.4800000000005,True,False
2024,Fantasy Football Calculator ADP,True,321,93240321,10,target_intel,3,9.0,1257.6,1666.0600000000002,True,False
2024,Fantasy Football Calculator ADP,True,321,93240321,10,model_only,2,9.0,1335.78,1608.8600000000001,True,False
2024,Fantasy Football Calculator ADP,True,322,93240322,11,adp,3,9.0,1383.36,1640.92,True,False
2024,Fantasy Football Calculator ADP,True,322,93240322,11,target_intel,4,8.0,1297.44,1538.3000000000002,True,False
2024,Fantasy Football Calculator ADP,True,322,93240322,11,model_only,5,7.0,1409.92,1642.62,True,False
2024,Fantasy Football Calculator ADP,True,323,93240323,12,adp,9,5.5,1171.2000000000003,1632.14,False,False
2024,Fantasy Football Calculator ADP,True,323,93240323,12,target_intel,2,9.0,1430.4800000000002,1807.0400000000002,True,False
2024,Fantasy Football Calculator ADP,True,323,93240323,12,model_only,4,8.0,1424.92,1762.1,True,False
2024,Fantasy Football Calculator ADP,True,324,93240324,1,adp,7,7.0,1227.9,1460.56,False,False
2024,Fantasy Football Calculator ADP,True,324,93240324,1,target_intel,9,6.0,1231.64,1534.8200000000002,False,False
2024,Fantasy Football Calculator ADP,True,324,93240324,1,model_only,4,8.0,1337.22,1618.38,True,False
2024,Fantasy Football Calculator ADP,True,325,93240325,2,adp,5,8.0,1073.0,1402.3000000000002,True,False
2024,Fantasy Football Calculator ADP,True,325,93240325,2,target_intel,8,6.0,1378.92,1629.96,False,False
2024,Fantasy Football Calculator ADP,True,325,93240325,2,model_only,3,9.0,1313.8200000000002,1743.1200000000001,True,False
2024,Fantasy Football Calculator ADP,True,326,93240326,3,adp,10,6.0,1151.72,1522.5400000000004,False,False
2024,Fantasy Football Calculator ADP,True,326,93240326,3,target_intel,3,8.0,1417.94,1678.8200000000004,True,False
2024,Fantasy Football Calculator ADP,True,326,93240326,3,model_only,6,7.0,1302.72,1570.3199999999997,True,False
2024,Fantasy Football Calculator ADP,True,327,93240327,4,adp,6,8.0,1147.86,1491.7800000000002,True,False
2024,Fantasy Football Calculator ADP,True,327,93240327,4,target_intel,1,11.0,1442.5199999999998,1886.6599999999999,True,False
2024,Fantasy Football Calculator ADP,True,327,93240327,4,model_only,2,8.0,1337.92,1714.42,True,False
2024,Fantasy Football Calculator ADP,True,328,93240328,5,adp,11,4.0,1020.3000000000001,1383.7200000000003,False,False
2024,Fantasy Football Calculator ADP,True,328,93240328,5,target_intel,5,8.0,1273.82,1612.48,True,False
2024,Fantasy Football Calculator ADP,True,328,93240328,5,model_only,5,7.0,1372.12,1671.1799999999998,True,False
2024,Fantasy Football Calculator ADP,True,329,93240329,6,adp,3,10.0,1369.66,1620.72,True,True
2024,Fantasy Football Calculator ADP,True,329,93240329,6,target_intel,3,9.0,1249.02,1656.6599999999999,True,False
2024,Fantasy Football Calculator ADP,True,329,93240329,6,model_only,2,10.0,1320.22,1598.4999999999998,True,False
2024,Fantasy Football Calculator ADP,True,330,93240330,7,adp,9,6.0,1074.8999999999999,1502.1000000000001,False,False
2024,Fantasy Football Calculator ADP,True,330,93240330,7,target_intel,3,8.0,1280.92,1541.3600000000004,True,False
2024,Fantasy Football Calculator ADP,True,330,93240330,7,model_only,7,6.0,1404.2199999999998,1715.6000000000001,False,False
2024,Fantasy Football Calculator ADP,True,331,93240331,8,adp,11,5.0,1089.26,1535.72,False,False
2024,Fantasy Football Calculator ADP,True,331,93240331,8,target_intel,9,5.0,1266.1200000000001,1655.6,False,False
2024,Fantasy Football Calculator ADP,True,331,93240331,8,model_only,4,8.0,1379.58,1660.5600000000004,True,False
2024,Fantasy Football Calculator ADP,True,332,93240332,9,adp,1,11.0,1474.6999999999998,1721.3000000000002,True,False
2024,Fantasy Football Calculator ADP,True,332,93240332,9,target_intel,3,9.0,1199.04,1536.36,True,False
2024,Fantasy Football Calculator ADP,True,332,93240332,9,model_only,12,2.0,1293.4000000000003,1603.3400000000001,False,False
2024,Fantasy Football Calculator ADP,True,333,93240333,10,adp,10,5.0,1149.66,1423.2400000000002,False,False
2024,Fantasy Football Calculator ADP,True,333,93240333,10,target_intel,3,9.0,1188.52,1577.1599999999999,True,False
2024,Fantasy Football Calculator ADP,True,333,93240333,10,model_only,3,9.0,1263.5200000000002,1600.2999999999997,True,False
2024,Fantasy Football Calculator ADP,True,334,93240334,11,adp,4,9.0,1308.14,1745.64,True,False
2024,Fantasy Football Calculator ADP,True,334,93240334,11,target_intel,1,11.0,1425.3999999999996,1790.58,True,False
2024,Fantasy Football Calculator ADP,True,334,93240334,11,model_only,2,10.0,1380.52,1683.4,True,False
2024,Fantasy Football Calculator ADP,True,335,93240335,12,adp,7,7.0,1293.2200000000003,1697.4400000000003,False,False
2024,Fantasy Football Calculator ADP,True,335,93240335,12,target_intel,1,10.0,1433.22,1750.6999999999998,True,False
2024,Fantasy Football Calculator ADP,True,335,93240335,12,model_only,5,8.0,1370.3200000000002,1639.0,True,False
2024,Fantasy Football Calculator ADP,True,336,93240336,1,adp,10,5.0,1185.6200000000003,1501.4,False,False
2024,Fantasy Football Calculator ADP,True,336,93240336,1,target_intel,9,6.0,1229.52,1510.2399999999996,False,False
2024,Fantasy Football Calculator ADP,True,336,93240336,1,model_only,8,6.0,1344.02,1705.7199999999998,False,False
2024,Fantasy Football Calculator ADP,True,337,93240337,2,adp,12,2.0,999.46,1266.2200000000003,False,False
2024,Fantasy Football Calculator ADP,True,337,93240337,2,target_intel,2,9.0,1257.22,1566.8200000000002,True,False
2024,Fantasy Football Calculator ADP,True,337,93240337,2,model_only,3,10.0,1317.02,1758.28,True,False
2024,Fantasy Football Calculator ADP,True,338,93240338,3,adp,11,4.0,1086.16,1378.5600000000002,False,False
2024,Fantasy Football Calculator ADP,True,338,93240338,3,target_intel,9,6.0,1137.82,1464.36,False,False
2024,Fantasy Football Calculator ADP,True,338,93240338,3,model_only,4,8.0,1284.2800000000002,1742.2600000000002,True,False
2024,Fantasy Football Calculator ADP,True,339,93240339,4,adp,9,6.0,1122.5,1478.52,False,False
2024,Fantasy Football Calculator ADP,True,339,93240339,4,target_intel,1,10.0,1361.78,1808.8400000000001,True,False
2024,Fantasy Football Calculator ADP,True,339,93240339,4,model_only,3,8.0,1363.42,1667.2400000000005,True,False
2024,Fantasy Football Calculator ADP,True,340,93240340,5,adp,1,10.0,1349.7599999999998,1650.3000000000002,True,True
2024,Fantasy Football Calculator ADP,True,340,93240340,5,target_intel,9,5.0,1242.02,1547.7600000000002,False,False
2024,Fantasy Football Calculator ADP,True,340,93240340,5,model_only,5,8.0,1384.22,1685.8600000000001,True,False
2024,Fantasy Football Calculator ADP,True,341,93240341,6,adp,7,7.0,1164.64,1401.6200000000003,False,False
2024,Fantasy Football Calculator ADP,True,341,93240341,6,target_intel,2,10.0,1378.6200000000001,1616.5800000000004,True,False
2024,Fantasy Football Calculator ADP,True,341,93240341,6,model_only,1,11.0,1365.8200000000002,1641.1799999999998,True,False
2024,Fantasy Football Calculator ADP,True,342,93240342,7,adp,10,5.0,1006.9800000000002,1354.88,False,False
2024,Fantasy Football Calculator ADP,True,342,93240342,7,target_intel,7,6.0,1186.82,1528.3200000000002,False,False
2024,Fantasy Football Calculator ADP,True,342,93240342,7,model_only,5,8.0,1232.2,1537.54,True,False
2024,Fantasy Football Calculator ADP,True,343,93240343,8,adp,8,5.0,1428.7,1712.5600000000002,False,False
2024,Fantasy Football Calculator ADP,True,343,93240343,8,target_intel,10,5.0,1097.22,1405.4,False,False
2024,Fantasy Football Calculator ADP,True,343,93240343,8,model_only,5,7.0,1269.92,1586.0,True,False
2024,Fantasy Football Calculator ADP,True,344,93240344,9,adp,1,13.0,1443.62,1854.58,True,False
2024,Fantasy Football Calculator ADP,True,344,93240344,9,target_intel,5,8.0,1260.82,1491.98,True,False
2024,Fantasy Football Calculator ADP,True,344,93240344,9,model_only,2,10.0,1372.5,1719.52,True,False
2024,Fantasy Football Calculator ADP,True,345,93240345,10,adp,10,5.0,1068.3,1475.2000000000005,False,False
2024,Fantasy Football Calculator ADP,True,345,93240345,10,target_intel,2,11.0,1339.6399999999999,1737.7800000000002,True,True
2024,Fantasy Football Calculator ADP,True,345,93240345,10,model_only,1,11.0,1338.7199999999998,1637.88,True,False
2024,Fantasy Football Calculator ADP,True,346,93240346,11,adp,9,6.0,1242.8600000000001,1491.0800000000002,False,False
2024,Fantasy Football Calculator ADP,True,346,93240346,11,target_intel,8,6.0,1259.32,1693.02,False,False
2024,Fantasy Football Calculator ADP,True,346,93240346,11,model_only,10,6.0,1336.7199999999998,1634.0800000000002,False,False
2024,Fantasy Football Calculator ADP,True,347,93240347,12,adp,4,8.0,1103.2,1482.64,True,False
2024,Fantasy Football Calculator ADP,True,347,93240347,12,target_intel,2,10.0,1299.2600000000002,1797.78,True,True
2024,Fantasy Football Calculator ADP,True,347,93240347,12,model_only,4,8.0,1298.3400000000001,1674.5400000000002,True,False
2024,Fantasy Football Calculator ADP,True,348,93240348,1,adp,12,5.0,960.1600000000001,1443.8,False,False
2024,Fantasy Football Calculator ADP,True,348,93240348,1,target_intel,2,9.0,1244.1200000000001,1498.8600000000001,True,False
2024,Fantasy Football Calculator ADP,True,348,93240348,1,model_only,3,8.0,1366.0200000000002,1666.9000000000003,True,False
2024,Fantasy Football Calculator ADP,True,349,93240349,2,adp,6,7.0,1101.34,1513.54,True,True
2024,Fantasy Football Calculator ADP,True,349,93240349,2,target_intel,7,7.0,1230.7199999999998,1522.86,False,False
2024,Fantasy Football Calculator ADP,True,349,93240349,2,model_only,2,11.0,1328.7199999999998,1738.02,True,False
2024,Fantasy Football Calculator ADP,True,350,93240350,3,adp,12,3.0,1099.6000000000001,1515.4,False,False
2024,Fantasy Football Calculator ADP,True,350,93240350,3,target_intel,8,7.0,1124.92,1406.66,False,False
2024,Fantasy Football Calculator ADP,True,350,93240350,3,model_only,2,10.0,1333.1200000000001,1678.74,True,False
2024,Fantasy Football Calculator ADP,True,351,93240351,4,adp,4,8.0,1391.1000000000004,1739.92,True,False
2024,Fantasy Football Calculator ADP,True,351,93240351,4,target_intel,1,11.0,1384.92,1727.2600000000002,True,False
2024,Fantasy Football Calculator ADP,True,351,93240351,4,model_only,5,7.0,1366.3,1717.0399999999997,True,False
2024,Fantasy Football Calculator ADP,True,352,93240352,5,adp,2,9.0,1381.7,1616.0800000000002,True,False
2024,Fantasy Football Calculator ADP,True,352,93240352,5,target_intel,5,7.0,1210.62,1578.3,True,False
2024,Fantasy Football Calculator ADP,True,352,93240352,5,model_only,3,9.0,1363.0,1726.0399999999997,True,False
2024,Fantasy Football Calculator ADP,True,353,93240353,6,adp,3,9.0,1248.7200000000003,1504.16,True,False
2024,Fantasy Football Calculator ADP,True,353,93240353,6,target_intel,4,8.0,1321.92,1554.04,True,False
2024,Fantasy Football Calculator ADP,True,353,93240353,6,model_only,5,8.0,1356.52,1692.42,True,False
2024,Fantasy Football Calculator ADP,True,354,93240354,7,adp,9,7.0,1113.3,1427.2400000000002,False,False
2024,Fantasy Football Calculator ADP,True,354,93240354,7,target_intel,5,8.0,1254.72,1583.1000000000001,True,False
2024,Fantasy Football Calculator ADP,True,354,93240354,7,model_only,2,10.0,1389.1,1697.6599999999999,True,False
2024,Fantasy Football Calculator ADP,True,355,93240355,8,adp,7,6.0,1210.54,1594.0200000000002,False,False
2024,Fantasy Football Calculator ADP,True,355,93240355,8,target_intel,2,10.0,1358.12,1784.12,True,False
2024,Fantasy Football Calculator ADP,True,355,93240355,8,model_only,1,10.0,1355.92,1635.5,True,False
2024,Fantasy Football Calculator ADP,True,356,93240356,9,adp,7,7.0,1070.96,1368.5,False,False
2024,Fantasy Football Calculator ADP,True,356,93240356,9,target_intel,1,10.0,1317.9199999999998,1630.8399999999997,True,False
2024,Fantasy Football Calculator ADP,True,356,93240356,9,model_only,2,10.0,1414.4,1693.8600000000001,True,False
2024,Fantasy Football Calculator ADP,True,357,93240357,10,adp,9,6.0,1219.1799999999998,1591.5199999999998,False,False
2024,Fantasy Football Calculator ADP,True,357,93240357,10,target_intel,5,9.0,1269.92,1531.94,True,False
2024,Fantasy Football Calculator ADP,True,357,93240357,10,model_only,2,9.0,1359.8,1677.8399999999997,True,False
2024,Fantasy Football Calculator ADP,True,358,93240358,11,adp,4,7.0,1353.3999999999999,1716.2400000000002,True,True
2024,Fantasy Football Calculator ADP,True,358,93240358,11,target_intel,7,6.0,1245.4,1580.06,False,False
2024,Fantasy Football Calculator ADP,True,358,93240358,11,model_only,6,7.0,1259.8200000000002,1590.1000000000001,True,False
2024,Fantasy Football Calculator ADP,True,359,93240359,12,adp,9,5.0,1157.84,1437.58,False,False
2024,Fantasy Football Calculator ADP,True,359,93240359,12,target_intel,1,11.0,1411.2200000000003,1829.6599999999999,True,False
2024,Fantasy Football Calculator ADP,True,359,93240359,12,model_only,4,7.0,1354.42,1627.7,True,False
2024,Fantasy Football Calculator ADP,True,360,93240360,1,adp,6,8.0,1140.3,1479.9199999999998,True,False
2024,Fantasy Football Calculator ADP,True,360,93240360,1,target_intel,2,10.0,1327.3000000000002,1690.08,True,False
2024,Fantasy Football Calculator ADP,True,360,93240360,1,model_only,2,10.0,1400.32,1746.1200000000003,True,False
2024,Fantasy Football Calculator ADP,True,361,93240361,2,adp,8,6.0,1250.28,1635.44,False,False
2024,Fantasy Football Calculator ADP,True,361,93240361,2,target_intel,3,9.0,1262.2200000000003,1680.5,True,False
2024,Fantasy Football Calculator ADP,True,361,93240361,2,model_only,2,10.0,1373.72,1705.5200000000002,True,False
2024,Fantasy Football Calculator ADP,True,362,93240362,3,adp,9,6.0,1183.3,1633.8799999999999,False,False
2024,Fantasy Football Calculator ADP,True,362,93240362,3,target_intel,11,5.0,1230.6200000000001,1569.44,False,False
2024,Fantasy Football Calculator ADP,True,362,93240362,3,model_only,4,8.0,1394.1200000000001,1673.82,True,False
2024,Fantasy Football Calculator ADP,True,363,93240363,4,adp,6,8.0,1194.8000000000002,1496.3799999999999,True,False
2024,Fantasy Football Calculator ADP,True,363,93240363,4,target_intel,4,9.0,1286.0200000000002,1678.1599999999999,True,False
2024,Fantasy Football Calculator ADP,True,363,93240363,4,model_only,8,6.0,1379.52,1732.7000000000003,False,False
2024,Fantasy Football Calculator ADP,True,364,93240364,5,adp,3,8.0,1309.3999999999999,1566.2199999999998,True,False
2024,Fantasy Football Calculator ADP,True,364,93240364,5,target_intel,12,3.0,1100.22,1417.4600000000003,False,False
2024,Fantasy Football Calculator ADP,True,364,93240364,5,model_only,1,10.0,1367.78,1725.1600000000005,True,False
2024,Fantasy Football Calculator ADP,True,365,93240365,6,adp,2,11.0,1303.3999999999999,1665.8400000000004,True,False
2024,Fantasy Football Calculator ADP,True,365,93240365,6,target_intel,2,9.0,1273.1200000000001,1628.96,True,False
2024,Fantasy Football Calculator ADP,True,365,93240365,6,model_only,1,11.0,1319.6200000000003,1613.1000000000001,True,False
2024,Fantasy Football Calculator ADP,True,366,93240366,7,adp,5,7.0,1204.6200000000001,1556.2200000000003,True,False
2024,Fantasy Football Calculator ADP,True,366,93240366,7,target_intel,1,11.0,1364.82,1719.0000000000002,True,True
2024,Fantasy Football Calculator ADP,True,366,93240366,7,model_only,1,10.0,1403.8999999999999,1676.4400000000005,True,False
2024,Fantasy Football Calculator ADP,True,367,93240367,8,adp,9,6.0,1100.4,1379.92,False,False
2024,Fantasy Football Calculator ADP,True,367,93240367,8,target_intel,3,9.0,1387.8200000000002,1661.2,True,False
2024,Fantasy Football Calculator ADP,True,367,93240367,8,model_only,6,6.0,1375.82,1632.8800000000003,True,False
2024,Fantasy Football Calculator ADP,True,368,93240368,9,adp,6,7.0,1261.0600000000002,1536.4600000000003,True,False
2024,Fantasy Football Calculator ADP,True,368,93240368,9,target_intel,4,8.0,1334.8200000000002,1536.8,True,False
2024,Fantasy Football Calculator ADP,True,368,93240368,9,model_only,2,9.0,1355.7200000000003,1651.1000000000001,True,False
2024,Fantasy Football Calculator ADP,True,369,93240369,10,adp,1,11.0,1413.96,1794.4,True,False
2024,Fantasy Football Calculator ADP,True,369,93240369,10,target_intel,4,8.0,1195.52,1581.1600000000003,True,False
2024,Fantasy Football Calculator ADP,True,369,93240369,10,model_only,1,13.0,1330.4,1686.5600000000004,True,False
2024,Fantasy Football Calculator ADP,True,370,93240370,11,adp,11,4.0,1136.0800000000002,1421.2000000000003,False,False
2024,Fantasy Football Calculator ADP,True,370,93240370,11,target_intel,2,10.0,1374.6999999999998,1676.2399999999998,True,False
2024,Fantasy Football Calculator ADP,True,370,93240370,11,model_only,1,13.0,1492.72,1768.72,True,False
2024,Fantasy Football Calculator ADP,True,371,93240371,12,adp,4,9.0,1282.54,1670.6200000000003,True,False
2024,Fantasy Football Calculator ADP,True,371,93240371,12,target_intel,3,8.0,1305.5200000000002,1635.38,True,False
2024,Fantasy Football Calculator ADP,True,371,93240371,12,model_only,2,9.0,1399.4199999999998,1689.3,True,False
2024,Fantasy Football Calculator ADP,True,372,93240372,1,adp,12,4.0,910.7600000000001,1350.3400000000001,False,False
2024,Fantasy Football Calculator ADP,True,372,93240372,1,target_intel,4,8.0,1201.8200000000002,1589.26,True,False
2024,Fantasy Football Calculator ADP,True,372,93240372,1,model_only,1,10.0,1365.0200000000002,1674.2999999999997,True,False
2024,Fantasy Football Calculator ADP,True,373,93240373,2,adp,11,5.0,1137.4400000000003,1482.8600000000004,False,False
2024,Fantasy Football Calculator ADP,True,373,93240373,2,target_intel,9,5.0,1238.0200000000004,1534.1200000000001,False,False
2024,Fantasy Football Calculator ADP,True,373,93240373,2,model_only,1,9.0,1301.52,1669.48,True,False
2024,Fantasy Football Calculator ADP,True,374,93240374,3,adp,5,8.0,1066.0400000000002,1368.0600000000002,True,False
2024,Fantasy Football Calculator ADP,True,374,93240374,3,target_intel,1,12.0,1386.14,1697.44,True,False
2024,Fantasy Football Calculator ADP,True,374,93240374,3,model_only,3,9.0,1306.32,1655.1999999999998,True,False
2024,Fantasy Football Calculator ADP,True,375,93240375,4,adp,2,11.0,1327.3,1541.0000000000002,True,False
2024,Fantasy Football Calculator ADP,True,375,93240375,4,target_intel,1,10.0,1389.9199999999998,1617.32,True,False
2024,Fantasy Football Calculator ADP,True,375,93240375,4,model_only,2,10.0,1381.2200000000003,1673.8,True,True
2024,Fantasy Football Calculator ADP,True,376,93240376,5,adp,11,5.0,1108.5,1469.26,False,False
2024,Fantasy Football Calculator ADP,True,376,93240376,5,target_intel,3,9.0,1423.4,1733.16,True,False
2024,Fantasy Football Calculator ADP,True,376,93240376,5,model_only,7,7.0,1384.02,1655.7,False,False
2024,Fantasy Football Calculator ADP,True,377,93240377,6,adp,10,5.0,1014.28,1375.0400000000002,False,False
2024,Fantasy Football Calculator ADP,True,377,93240377,6,target_intel,5,8.0,1226.1200000000001,1542.9199999999996,True,False
2024,Fantasy Football Calculator ADP,True,377,93240377,6,model_only,1,10.0,1433.0,1706.54,True,False
2024,Fantasy Football Calculator ADP,True,378,93240378,7,adp,6,8.0,1121.6999999999998,1445.52,True,False
2024,Fantasy Football Calculator ADP,True,378,93240378,7,target_intel,7,7.0,1259.44,1533.6400000000003,False,False
2024,Fantasy Football Calculator ADP,True,378,93240378,7,model_only,2,8.0,1316.5200000000002,1621.9799999999998,True,False
2024,Fantasy Football Calculator ADP,True,379,93240379,8,adp,9,5.0,1023.96,1482.22,False,False
2024,Fantasy Football Calculator ADP,True,379,93240379,8,target_intel,10,6.0,1117.3000000000002,1427.0400000000002,False,False
2024,Fantasy Football Calculator ADP,True,379,93240379,8,model_only,4,8.0,1282.5400000000002,1725.2400000000002,True,False
2024,Fantasy Football Calculator ADP,True,380,93240380,9,adp,8,6.0,1219.2600000000002,1472.58,False,False
2024,Fantasy Football Calculator ADP,True,380,93240380,9,target_intel,2,10.0,1344.32,1668.78,True,False
2024,Fantasy Football Calculator ADP,True,380,93240380,9,model_only,4,8.0,1264.82,1552.2199999999998,True,False
2024,Fantasy Football Calculator ADP,True,381,93240381,10,adp,1,11.0,1393.6599999999999,1735.3200000000002,True,False
2024,Fantasy Football Calculator ADP,True,381,93240381,10,target_intel,1,12.0,1353.4199999999998,1637.8400000000001,True,False
2024,Fantasy Football Calculator ADP,True,381,93240381,10,model_only,2,10.0,1399.8000000000002,1633.2400000000002,True,False
2024,Fantasy Football Calculator ADP,True,382,93240382,11,adp,3,8.0,1278.44,1612.1799999999998,True,False
2024,Fantasy Football Calculator ADP,True,382,93240382,11,target_intel,5,7.0,1262.3999999999999,1551.46,True,False
2024,Fantasy Football Calculator ADP,True,382,93240382,11,model_only,7,6.0,1318.62,1595.0,False,False
2024,Fantasy Football Calculator ADP,True,383,93240383,12,adp,2,10.0,1356.3600000000001,1652.1599999999999,True,False
2024,Fantasy Football Calculator ADP,True,383,93240383,12,target_intel,1,9.0,1388.34,1726.5000000000002,True,False
2024,Fantasy Football Calculator ADP,True,383,93240383,12,model_only,2,10.0,1360.3200000000002,1556.2,True,False
2024,Fantasy Football Calculator ADP,True,384,93240384,1,adp,11,5.0,1066.0200000000002,1485.4800000000002,False,False
2024,Fantasy Football Calculator ADP,True,384,93240384,1,target_intel,5,8.0,1298.52,1728.4199999999998,True,False
2024,Fantasy Football Calculator ADP,True,384,93240384,1,model_only,6,7.0,1362.2200000000003,1727.5,True,False
2024,Fantasy Football Calculator ADP,True,385,93240385,2,adp,11,5.0,1048.22,1376.7,False,False
2024,Fantasy Football Calculator ADP,True,385,93240385,2,target_intel,2,10.0,1317.02,1739.64,True,False
2024,Fantasy Football Calculator ADP,True,385,93240385,2,model_only,3,10.0,1389.3200000000002,1685.1399999999996,True,False
2024,Fantasy Football Calculator ADP,True,386,93240386,3,adp,10,5.0,1106.3200000000002,1517.78,False,False
2024,Fantasy Football Calculator ADP,True,386,93240386,3,target_intel,10,6.0,1220.82,1489.94,False,False
2024,Fantasy Football Calculator ADP,True,386,93240386,3,model_only,9,5.0,1235.6200000000001,1609.3000000000002,False,False
2024,Fantasy Football Calculator ADP,True,387,93240387,4,adp,1,10.0,1329.1999999999998,1601.44,True,False
2024,Fantasy Football Calculator ADP,True,387,93240387,4,target_intel,5,8.0,1242.42,1564.4800000000002,True,False
2024,Fantasy Football Calculator ADP,True,387,93240387,4,model_only,3,8.0,1342.8200000000002,1612.72,True,False
2024,Fantasy Football Calculator ADP,True,388,93240388,5,adp,8,7.0,1216.8400000000001,1485.74,False,False
2024,Fantasy Football Calculator ADP,True,388,93240388,5,target_intel,3,9.0,1260.28,1704.1599999999999,True,False
2024,Fantasy Football Calculator ADP,True,388,93240388,5,model_only,2,9.0,1377.72,1662.0400000000002,True,False
2024,Fantasy Football Calculator ADP,True,389,93240389,6,adp,2,9.0,1369.8999999999999,1673.02,True,True
2024,Fantasy Football Calculator ADP,True,389,93240389,6,target_intel,9,7.0,1129.42,1474.5,False,False
2024,Fantasy Football Calculator ADP,True,389,93240389,6,model_only,4,8.0,1328.5200000000002,1626.82,True,False
2024,Fantasy Football Calculator ADP,True,390,93240390,7,adp,8,6.5,1120.8400000000001,1506.8400000000006,False,False
2024,Fantasy Football Calculator ADP,True,390,93240390,7,target_intel,2,9.0,1277.0000000000002,1584.2399999999998,True,False
2024,Fantasy Football Calculator ADP,True,390,93240390,7,model_only,4,9.0,1379.1200000000001,1687.3999999999999,True,False
2024,Fantasy Football Calculator ADP,True,391,93240391,8,adp,9,5.0,1181.78,1536.7799999999997,False,False
2024,Fantasy Football Calculator ADP,True,391,93240391,8,target_intel,5,9.0,1165.4,1497.1399999999999,True,False
2024,Fantasy Football Calculator ADP,True,391,93240391,8,model_only,2,9.0,1429.42,1732.2999999999997,True,False
2024,Fantasy Football Calculator ADP,True,392,93240392,9,adp,2,9.0,1266.0800000000002,1688.1800000000003,True,True
2024,Fantasy Football Calculator ADP,True,392,93240392,9,target_intel,1,11.0,1361.52,1714.1000000000001,True,False
2024,Fantasy Football Calculator ADP,True,392,93240392,9,model_only,3,9.0,1372.6000000000004,1720.26,True,False
2024,Fantasy Football Calculator ADP,True,393,93240393,10,adp,12,3.0,1035.58,1411.5000000000002,False,False
2024,Fantasy Football Calculator ADP,True,393,93240393,10,target_intel,4,8.0,1234.22,1552.5800000000002,True,False
2024,Fantasy Football Calculator ADP,True,393,93240393,10,model_only,2,10.0,1350.5200000000004,1681.68,True,False
2024,Fantasy Football Calculator ADP,True,394,93240394,11,adp,9,6.0,1312.02,1634.1999999999998,False,False
2024,Fantasy Football Calculator ADP,True,394,93240394,11,target_intel,6,8.0,1193.4,1529.6200000000001,True,False
2024,Fantasy Football Calculator ADP,True,394,93240394,11,model_only,7,7.0,1379.0,1624.7000000000003,False,False
2024,Fantasy Football Calculator ADP,True,395,93240395,12,adp,3,8.0,1293.04,1634.86,True,True
2024,Fantasy Football Calculator ADP,True,395,93240395,12,target_intel,8,6.0,1223.0,1618.2000000000003,False,False
2024,Fantasy Football Calculator ADP,True,395,93240395,12,model_only,5,7.0,1279.2199999999998,1613.3200000000002,True,False
2024,Fantasy Football Calculator ADP,True,396,93240396,1,adp,12,3.0,1051.08,1264.6399999999999,False,False
2024,Fantasy Football Calculator ADP,True,396,93240396,1,target_intel,4,9.0,1330.1200000000001,1660.14,True,False
2024,Fantasy Football Calculator ADP,True,396,93240396,1,model_only,4,8.0,1324.22,1668.88,True,False
2024,Fantasy Football Calculator ADP,True,397,93240397,2,adp,10,6.0,1144.68,1556.44,False,False
2024,Fantasy Football Calculator ADP,True,397,93240397,2,target_intel,8,6.0,1206.8600000000001,1615.3200000000002,False,False
2024,Fantasy Football Calculator ADP,True,397,93240397,2,model_only,3,8.0,1326.1200000000001,1674.0,True,False
2024,Fantasy Football Calculator ADP,True,398,93240398,3,adp,1,11.0,1327.4,1584.1599999999999,True,False
2024,Fantasy Football Calculator ADP,True,398,93240398,3,target_intel,8,7.0,1180.72,1499.68,False,False
2024,Fantasy Football Calculator ADP,True,398,93240398,3,model_only,5,8.0,1330.5800000000002,1694.46,True,False
2024,Fantasy Football Calculator ADP,True,399,93240399,4,adp,12,3.0,1221.1,1473.24,False,False
2024,Fantasy Football Calculator ADP,True,399,93240399,4,target_intel,3,9.0,1311.58,1703.3,True,False
2024,Fantasy Football Calculator ADP,True,399,93240399,4,model_only,4,8.0,1349.62,1637.98,True,False
2024,Fantasy Football Calculator ADP,True,400,93240400,5,adp,2,9.0,1295.78,1633.64,True,False
2024,Fantasy Football Calculator ADP,True,400,93240400,5,target_intel,1,10.0,1363.1000000000001,1754.74,True,False
2024,Fantasy Football Calculator ADP,True,400,93240400,5,model_only,8,6.0,1306.72,1675.8999999999999,False,False
2024,Fantasy Football Calculator ADP,True,401,93240401,6,adp,1,10.0,1338.7,1580.0600000000002,True,True
2024,Fantasy Football Calculator ADP,True,401,93240401,6,target_intel,5,7.0,1338.1399999999999,1696.0800000000002,True,False
2024,Fantasy Football Calculator ADP,True,401,93240401,6,model_only,3,8.0,1324.62,1671.88,True,False
2024,Fantasy Football Calculator ADP,True,402,93240402,7,adp,8,5.0,1018.3600000000001,1404.24,False,False
2024,Fantasy Football Calculator ADP,True,402,93240402,7,target_intel,3,9.0,1296.02,1600.2599999999998,True,False
2024,Fantasy Football Calculator ADP,True,402,93240402,7,model_only,1,10.0,1380.6200000000001,1637.48,True,False
2024,Fantasy Football Calculator ADP,True,403,93240403,8,adp,2,10.0,1243.54,1547.42,True,False
2024,Fantasy Football Calculator ADP,True,403,93240403,8,target_intel,9,6.0,1223.7200000000003,1560.9799999999998,False,False
2024,Fantasy Football Calculator ADP,True,403,93240403,8,model_only,3,8.0,1395.54,1689.52,True,False
2024,Fantasy Football Calculator ADP,True,404,93240404,9,adp,12,3.0,1124.16,1422.6200000000001,False,False
2024,Fantasy Football Calculator ADP,True,404,93240404,9,target_intel,7,6.0,1260.42,1535.3600000000001,False,False
2024,Fantasy Football Calculator ADP,True,404,93240404,9,model_only,2,9.0,1316.52,1590.1999999999998,True,False
2024,Fantasy Football Calculator ADP,True,405,93240405,10,adp,5,8.0,1141.94,1500.6200000000003,True,False
2024,Fantasy Football Calculator ADP,True,405,93240405,10,target_intel,4,9.0,1316.9200000000003,1631.1399999999999,True,False
2024,Fantasy Football Calculator ADP,True,405,93240405,10,model_only,4,8.0,1212.98,1634.3600000000001,True,False
2024,Fantasy Football Calculator ADP,True,406,93240406,11,adp,11,3.0,1132.66,1514.66,False,False
2024,Fantasy Football Calculator ADP,True,406,93240406,11,target_intel,3,10.0,1363.9199999999998,1628.9800000000005,True,False
2024,Fantasy Football Calculator ADP,True,406,93240406,11,model_only,3,8.0,1403.62,1632.56,True,False
2024,Fantasy Football Calculator ADP,True,407,93240407,12,adp,7,7.0,1251.8,1571.8400000000001,False,False
2024,Fantasy Football Calculator ADP,True,407,93240407,12,target_intel,6,7.0,1294.2,1697.7199999999998,True,False
2024,Fantasy Football Calculator ADP,True,407,93240407,12,model_only,4,7.0,1343.8000000000002,1620.7600000000002,True,False
2024,Fantasy Football Calculator ADP,True,408,93240408,1,adp,7,7.0,1073.08,1462.4400000000003,False,False
2024,Fantasy Football Calculator ADP,True,408,93240408,1,target_intel,2,9.0,1365.3399999999997,1703.3600000000001,True,False
2024,Fantasy Football Calculator ADP,True,408,93240408,1,model_only,1,9.0,1372.8000000000002,1682.44,True,False
2024,Fantasy Football Calculator ADP,True,409,93240409,2,adp,4,8.0,1216.88,1410.48,True,False
2024,Fantasy Football Calculator ADP,True,409,93240409,2,target_intel,4,9.0,1155.9800000000002,1522.9400000000003,True,False
2024,Fantasy Football Calculator ADP,True,409,93240409,2,model_only,1,11.0,1373.92,1632.7399999999998,True,False
2024,Fantasy Football Calculator ADP,True,410,93240410,3,adp,7,6.0,1234.02,1577.8799999999999,False,False
2024,Fantasy Football Calculator ADP,True,410,93240410,3,target_intel,3,9.0,1439.5400000000002,1722.2200000000003,True,False
2024,Fantasy Football Calculator ADP,True,410,93240410,3,model_only,2,9.0,1357.8200000000002,1720.0,True,False
2024,Fantasy Football Calculator ADP,True,411,93240411,4,adp,5,7.0,1257.1999999999998,1583.6,True,False
2024,Fantasy Football Calculator ADP,True,411,93240411,4,target_intel,2,9.0,1212.1,1583.6599999999999,True,False
2024,Fantasy Football Calculator ADP,True,411,93240411,4,model_only,5,7.0,1309.6800000000003,1655.16,True,False
2024,Fantasy Football Calculator ADP,True,412,93240412,5,adp,10,5.0,940.3799999999999,1246.82,False,False
2024,Fantasy Football Calculator ADP,True,412,93240412,5,target_intel,7,7.0,1170.24,1561.4599999999998,False,False
2024,Fantasy Football Calculator ADP,True,412,93240412,5,model_only,1,13.0,1417.52,1676.3000000000002,True,False
2024,Fantasy Football Calculator ADP,True,413,93240413,6,adp,5,7.0,1249.2800000000002,1467.2999999999997,True,False
2024,Fantasy Football Calculator ADP,True,413,93240413,6,target_intel,6,7.0,1235.9200000000003,1510.58,True,True
2024,Fantasy Football Calculator ADP,True,413,93240413,6,model_only,3,9.0,1439.1,1770.98,True,False
2024,Fantasy Football Calculator ADP,True,414,93240414,7,adp,11,5.0,1008.96,1385.0600000000002,False,False
2024,Fantasy Football Calculator ADP,True,414,93240414,7,target_intel,1,12.0,1311.02,1557.7400000000002,True,False
2024,Fantasy Football Calculator ADP,True,414,93240414,7,model_only,3,8.0,1286.72,1686.8000000000002,True,False
2024,Fantasy Football Calculator ADP,True,415,93240415,8,adp,8,6.0,1156.7,1368.0800000000002,False,False
2024,Fantasy Football Calculator ADP,True,415,93240415,8,target_intel,1,10.0,1405.4,1699.06,True,False
2024,Fantasy Football Calculator ADP,True,415,93240415,8,model_only,4,8.0,1361.38,1747.7600000000002,True,False
2024,Fantasy Football Calculator ADP,True,416,93240416,9,adp,1,10.0,1287.0,1550.3599999999997,True,False
2024,Fantasy Football Calculator ADP,True,416,93240416,9,target_intel,5,9.0,1388.7200000000003,1798.2800000000002,True,False
2024,Fantasy Football Calculator ADP,True,416,93240416,9,model_only,5,7.0,1298.8199999999997,1604.1000000000001,True,False
2024,Fantasy Football Calculator ADP,True,417,93240417,10,adp,3,8.0,1277.5800000000002,1612.3000000000002,True,False
2024,Fantasy Football Calculator ADP,True,417,93240417,10,target_intel,2,10.0,1389.1200000000001,1754.8,True,False
2024,Fantasy Football Calculator ADP,True,417,93240417,10,model_only,1,11.0,1412.1400000000003,1606.6399999999999,True,False
2024,Fantasy Football Calculator ADP,True,418,93240418,11,adp,3,9.0,1256.6399999999999,1675.44,True,True
2024,Fantasy Football Calculator ADP,True,418,93240418,11,target_intel,7,6.0,1285.8200000000002,1719.3799999999999,False,False
2024,Fantasy Football Calculator ADP,True,418,93240418,11,model_only,5,8.0,1361.7199999999998,1643.8199999999997,True,False
2024,Fantasy Football Calculator ADP,True,419,93240419,12,adp,9,6.0,1298.24,1578.74,False,False
2024,Fantasy Football Calculator ADP,True,419,93240419,12,target_intel,8,7.0,1172.42,1481.56,False,False
2024,Fantasy Football Calculator ADP,True,419,93240419,12,model_only,11,4.0,1315.62,1623.02,False,False
2024,Fantasy Football Calculator ADP,True,420,93240420,1,adp,11,5.0,1104.24,1544.8600000000001,False,False
2024,Fantasy Football Calculator ADP,True,420,93240420,1,target_intel,7,6.0,1195.82,1549.96,False,False
2024,Fantasy Football Calculator ADP,True,420,93240420,1,model_only,3,9.0,1334.22,1615.86,True,False
2024,Fantasy Football Calculator ADP,True,421,93240421,2,adp,9,6.0,1095.44,1440.58,False,False
2024,Fantasy Football Calculator ADP,True,421,93240421,2,target_intel,1,11.0,1300.3200000000002,1620.3000000000002,True,False
2024,Fantasy Football Calculator ADP,True,421,93240421,2,model_only,3,8.0,1389.72,1733.7999999999997,True,False
2024,Fantasy Football Calculator ADP,True,422,93240422,3,adp,11,5.0,1005.0000000000001,1343.52,False,False
2024,Fantasy Football Calculator ADP,True,422,93240422,3,target_intel,1,10.0,1211.18,1733.06,True,False
2024,Fantasy Football Calculator ADP,True,422,93240422,3,model_only,4,8.0,1357.9,1627.96,True,False
2024,Fantasy Football Calculator ADP,True,423,93240423,4,adp,12,3.0,1034.8799999999999,1284.6399999999996,False,False
2024,Fantasy Football Calculator ADP,True,423,93240423,4,target_intel,3,8.0,1265.52,1671.56,True,False
2024,Fantasy Football Calculator ADP,True,423,93240423,4,model_only,2,9.0,1304.42,1715.7599999999998,True,False
2024,Fantasy Football Calculator ADP,True,424,93240424,5,adp,11,6.0,944.4200000000001,1321.4799999999998,False,False
2024,Fantasy Football Calculator ADP,True,424,93240424,5,target_intel,2,11.0,1394.8200000000002,1679.0,True,False
2024,Fantasy Football Calculator ADP,True,424,93240424,5,model_only,2,8.0,1426.9200000000003,1722.7799999999997,True,False
2024,Fantasy Football Calculator ADP,True,425,93240425,6,adp,11,4.0,1109.02,1314.08,False,False
2024,Fantasy Football Calculator ADP,True,425,93240425,6,target_intel,1,10.0,1457.1999999999998,1771.16,True,False
2024,Fantasy Football Calculator ADP,True,425,93240425,6,model_only,7,6.0,1365.3,1578.8400000000001,False,False
2024,Fantasy Football Calculator ADP,True,426,93240426,7,adp,3,9.0,1359.4599999999998,1807.04,True,False
2024,Fantasy Football Calculator ADP,True,426,93240426,7,target_intel,1,11.0,1236.44,1501.9199999999998,True,False
2024,Fantasy Football Calculator ADP,True,426,93240426,7,model_only,6,7.0,1365.4200000000003,1700.42,True,False
2024,Fantasy Football Calculator ADP,True,427,93240427,8,adp,1,10.0,1505.72,1862.0,True,True
2024,Fantasy Football Calculator ADP,True,427,93240427,8,target_intel,6,7.0,1295.5000000000002,1758.0399999999997,True,False
2024,Fantasy Football Calculator ADP,True,427,93240427,8,model_only,2,8.0,1385.92,1664.8600000000001,True,False
2024,Fantasy Football Calculator ADP,True,428,93240428,9,adp,4,9.0,1200.7199999999998,1416.6000000000001,True,False
2024,Fantasy Football Calculator ADP,True,428,93240428,9,target_intel,9,6.0,1185.42,1499.3200000000002,False,False
2024,Fantasy Football Calculator ADP,True,428,93240428,9,model_only,3,9.0,1310.08,1668.96,True,False
2024,Fantasy Football Calculator ADP,True,429,93240429,10,adp,7,7.0,1289.62,1724.7600000000002,False,False
2024,Fantasy Football Calculator ADP,True,429,93240429,10,target_intel,4,9.0,1377.0400000000002,1757.8999999999999,True,False
2024,Fantasy Football Calculator ADP,True,429,93240429,10,model_only,4,8.0,1357.9,1601.94,True,False
2024,Fantasy Football Calculator ADP,True,430,93240430,11,adp,12,5.0,987.06,1321.96,False,False
2024,Fantasy Football Calculator ADP,True,430,93240430,11,target_intel,8,7.0,1217.98,1488.9400000000003,False,False
2024,Fantasy Football Calculator ADP,True,430,93240430,11,model_only,2,9.0,1363.02,1595.7400000000002,True,False
2024,Fantasy Football Calculator ADP,True,431,93240431,12,adp,12,5.0,1071.3600000000001,1425.6200000000001,False,False
2024,Fantasy Football Calculator ADP,True,431,93240431,12,target_intel,4,9.0,1359.0199999999998,1693.1600000000003,True,False
2024,Fantasy Football Calculator ADP,True,431,93240431,12,model_only,10,5.0,1332.1,1636.8600000000001,False,False
2024,Fantasy Football Calculator ADP,True,432,93240432,1,adp,4,8.0,1180.4199999999998,1440.4,True,False
2024,Fantasy Football Calculator ADP,True,432,93240432,1,target_intel,6,7.0,1283.54,1561.3200000000002,True,False
2024,Fantasy Football Calculator ADP,True,432,93240432,1,model_only,7,6.0,1318.1800000000003,1768.66,False,False
2024,Fantasy Football Calculator ADP,True,433,93240433,2,adp,10,6.0,1096.8,1441.2199999999998,False,False
2024,Fantasy Football Calculator ADP,True,433,93240433,2,target_intel,4,8.0,1263.8200000000002,1652.96,True,False
2024,Fantasy Football Calculator ADP,True,433,93240433,2,model_only,1,11.0,1383.5000000000002,1719.0599999999997,True,False
2024,Fantasy Football Calculator ADP,True,434,93240434,3,adp,11,5.0,1040.6000000000001,1328.02,False,False
2024,Fantasy Football Calculator ADP,True,434,93240434,3,target_intel,5,8.0,1314.44,1657.52,True,False
2024,Fantasy Football Calculator ADP,True,434,93240434,3,model_only,1,10.0,1456.6200000000001,1808.26,True,True
2024,Fantasy Football Calculator ADP,True,435,93240435,4,adp,12,3.0,1047.98,1427.92,False,False
2024,Fantasy Football Calculator ADP,True,435,93240435,4,target_intel,4,9.0,1282.74,1648.56,True,False
2024,Fantasy Football Calculator ADP,True,435,93240435,4,model_only,4,8.0,1446.6200000000001,1753.8999999999999,True,False
2024,Fantasy Football Calculator ADP,True,436,93240436,5,adp,4,8.0,1337.6200000000001,1678.82,True,False
2024,Fantasy Football Calculator ADP,True,436,93240436,5,target_intel,2,10.0,1420.52,1702.6200000000003,True,False
2024,Fantasy Football Calculator ADP,True,436,93240436,5,model_only,2,11.0,1367.3200000000002,1705.3000000000002,True,False
2024,Fantasy Football Calculator ADP,True,437,93240437,6,adp,10,5.0,1106.0,1453.0200000000002,False,False
2024,Fantasy Football Calculator ADP,True,437,93240437,6,target_intel,7,7.0,1257.0000000000002,1543.56,False,False
2024,Fantasy Football Calculator ADP,True,437,93240437,6,model_only,5,7.0,1395.12,1759.8600000000001,True,False
2024,Fantasy Football Calculator ADP,True,438,93240438,7,adp,1,10.0,1259.86,1545.1200000000001,True,False
2024,Fantasy Football Calculator ADP,True,438,93240438,7,target_intel,10,6.0,1135.8,1340.94,False,False
2024,Fantasy Football Calculator ADP,True,438,93240438,7,model_only,7,7.0,1352.02,1668.1399999999999,False,False
2024,Fantasy Football Calculator ADP,True,439,93240439,8,adp,1,10.0,1349.6000000000004,1625.2399999999998,True,False
2024,Fantasy Football Calculator ADP,True,439,93240439,8,target_intel,1,10.0,1322.6999999999998,1652.06,True,False
2024,Fantasy Football Calculator ADP,True,439,93240439,8,model_only,5,8.0,1350.22,1742.7200000000003,True,False
2024,Fantasy Football Calculator ADP,True,440,93240440,9,adp,1,9.0,1257.76,1706.4,True,False
2024,Fantasy Football Calculator ADP,True,440,93240440,9,target_intel,2,10.0,1322.5200000000002,1655.46,True,False
2024,Fantasy Football Calculator ADP,True,440,93240440,9,model_only,5,7.0,1308.32,1660.08,True,False
2024,Fantasy Football Calculator ADP,True,441,93240441,10,adp,4,8.0,1228.72,1518.26,True,False
2024,Fantasy Football Calculator ADP,True,441,93240441,10,target_intel,4,9.0,1323.6200000000003,1657.1800000000003,True,False
2024,Fantasy Football Calculator ADP,True,441,93240441,10,model_only,1,11.0,1391.66,1701.44,True,False
2024,Fantasy Football Calculator ADP,True,442,93240442,11,adp,3,9.0,1203.6999999999998,1580.7400000000002,True,False
2024,Fantasy Football Calculator ADP,True,442,93240442,11,target_intel,9,6.0,1136.6200000000001,1474.6200000000001,False,False
2024,Fantasy Football Calculator ADP,True,442,93240442,11,model_only,4,8.0,1313.16,1631.9199999999998,True,False
2024,Fantasy Football Calculator ADP,True,443,93240443,12,adp,4,8.0,1223.3000000000002,1515.8799999999999,True,True
2024,Fantasy Football Calculator ADP,True,443,93240443,12,target_intel,5,8.0,1220.6200000000003,1642.46,True,True
2024,Fantasy Football Calculator ADP,True,443,93240443,12,model_only,2,10.0,1380.82,1633.9,True,False
2024,Fantasy Football Calculator ADP,True,444,93240444,1,adp,10,6.0,1097.5400000000002,1352.9999999999998,False,False
2024,Fantasy Football Calculator ADP,True,444,93240444,1,target_intel,4,9.0,1207.82,1487.34,True,False
2024,Fantasy Football Calculator ADP,True,444,93240444,1,model_only,1,13.0,1298.9,1645.2600000000002,True,False
2024,Fantasy Football Calculator ADP,True,445,93240445,2,adp,12,5.0,1018.36,1362.9399999999998,False,False
2024,Fantasy Football Calculator ADP,True,445,93240445,2,target_intel,1,11.0,1307.14,1616.2199999999998,True,False
2024,Fantasy Football Calculator ADP,True,445,93240445,2,model_only,1,9.0,1310.5,1616.8600000000001,True,False
2024,Fantasy Football Calculator ADP,True,446,93240446,3,adp,5,7.0,1247.08,1580.18,True,False
2024,Fantasy Football Calculator ADP,True,446,93240446,3,target_intel,4,8.0,1305.9,1607.44,True,False
2024,Fantasy Football Calculator ADP,True,446,93240446,3,model_only,6,7.0,1362.1200000000001,1714.6799999999998,True,False
2024,Fantasy Football Calculator ADP,True,447,93240447,4,adp,11,5.0,913.2600000000001,1332.8600000000001,False,False
2024,Fantasy Football Calculator ADP,True,447,93240447,4,target_intel,8,6.0,1228.3200000000002,1531.0800000000002,False,False
2024,Fantasy Football Calculator ADP,True,447,93240447,4,model_only,1,9.0,1361.52,1710.2,True,False
2024,Fantasy Football Calculator ADP,True,448,93240448,5,adp,5,7.0,1274.64,1592.1000000000001,True,False
2024,Fantasy Football Calculator ADP,True,448,93240448,5,target_intel,2,9.0,1391.8200000000002,1698.9000000000003,True,False
2024,Fantasy Football Calculator ADP,True,448,93240448,5,model_only,1,12.0,1473.82,1793.04,True,False
2024,Fantasy Football Calculator ADP,True,449,93240449,6,adp,10,6.0,1087.02,1378.7599999999998,False,False
2024,Fantasy Football Calculator ADP,True,449,93240449,6,target_intel,2,10.0,1408.9,1666.7600000000002,True,False
2024,Fantasy Football Calculator ADP,True,449,93240449,6,model_only,8,5.0,1369.8200000000002,1721.14,False,False
2024,Fantasy Football Calculator ADP,True,450,93240450,7,adp,10,6.0,1268.3400000000001,1601.76,False,False
2024,Fantasy Football Calculator ADP,True,450,93240450,7,target_intel,4,8.0,1231.52,1639.54,True,False
2024,Fantasy Football Calculator ADP,True,450,93240450,7,model_only,2,9.0,1341.7200000000003,1719.28,True,False
2024,Fantasy Football Calculator ADP,True,451,93240451,8,adp,12,3.0,889.0,1223.26,False,False
2024,Fantasy Football Calculator ADP,True,451,93240451,8,target_intel,6,7.0,1266.72,1608.18,True,False
2024,Fantasy Football Calculator ADP,True,451,93240451,8,model_only,2,10.0,1361.12,1707.7000000000003,True,False
2024,Fantasy Football Calculator ADP,True,452,93240452,9,adp,2,9.0,1428.2,1813.7400000000002,True,False
2024,Fantasy Football Calculator ADP,True,452,93240452,9,target_intel,4,8.0,1282.1200000000001,1577.8600000000001,True,False
2024,Fantasy Football Calculator ADP,True,452,93240452,9,model_only,1,11.0,1516.42,1749.7000000000003,True,False
2024,Fantasy Football Calculator ADP,True,453,93240453,10,adp,3,10.0,1331.16,1664.4599999999998,True,False
2024,Fantasy Football Calculator ADP,True,453,93240453,10,target_intel,1,10.0,1337.38,1721.6399999999999,True,False
2024,Fantasy Football Calculator ADP,True,453,93240453,10,model_only,1,10.0,1349.8200000000002,1709.3999999999999,True,False
2024,Fantasy Football Calculator ADP,True,454,93240454,11,adp,2,10.0,1390.5400000000002,1633.4599999999998,True,True
2024,Fantasy Football Calculator ADP,True,454,93240454,11,target_intel,2,10.0,1264.62,1585.2600000000002,True,False
2024,Fantasy Football Calculator ADP,True,454,93240454,11,model_only,9,5.0,1313.2200000000003,1619.2999999999997,False,False
2024,Fantasy Football Calculator ADP,True,455,93240455,12,adp,11,5.0,1063.38,1402.52,False,False
2024,Fantasy Football Calculator ADP,True,455,93240455,12,target_intel,5,8.0,1261.16,1672.9800000000002,True,False
2024,Fantasy Football Calculator ADP,True,455,93240455,12,model_only,4,8.0,1296.8200000000002,1597.56,True,False
2024,Fantasy Football Calculator ADP,True,456,93240456,1,adp,11,5.0,1117.3,1427.86,False,False
2024,Fantasy Football Calculator ADP,True,456,93240456,1,target_intel,1,10.0,1234.8400000000001,1622.8400000000004,True,False
2024,Fantasy Football Calculator ADP,True,456,93240456,1,model_only,10,5.0,1320.5800000000002,1719.46,False,False
2024,Fantasy Football Calculator ADP,True,457,93240457,2,adp,10,5.0,1241.0400000000002,1606.9799999999998,False,False
2024,Fantasy Football Calculator ADP,True,457,93240457,2,target_intel,5,7.0,1281.54,1603.1,True,False
2024,Fantasy Football Calculator ADP,True,457,93240457,2,model_only,5,8.0,1400.02,1735.18,True,False
2024,Fantasy Football Calculator ADP,True,458,93240458,3,adp,4,8.0,1160.1000000000001,1557.94,True,False
2024,Fantasy Football Calculator ADP,True,458,93240458,3,target_intel,7,7.0,1234.44,1593.1000000000004,False,False
2024,Fantasy Football Calculator ADP,True,458,93240458,3,model_only,6,7.0,1254.0,1628.4399999999996,True,False
2024,Fantasy Football Calculator ADP,True,459,93240459,4,adp,1,11.0,1399.5,1626.6599999999999,True,True
2024,Fantasy Football Calculator ADP,True,459,93240459,4,target_intel,2,11.0,1254.12,1643.4200000000003,True,False
2024,Fantasy Football Calculator ADP,True,459,93240459,4,model_only,3,9.0,1341.7199999999998,1694.52,True,False
2024,Fantasy Football Calculator ADP,True,460,93240460,5,adp,12,3.0,1018.7599999999999,1397.6200000000001,False,False
2024,Fantasy Football Calculator ADP,True,460,93240460,5,target_intel,3,9.0,1319.92,1657.26,True,False
2024,Fantasy Football Calculator ADP,True,460,93240460,5,model_only,4,8.0,1359.0200000000002,1685.1,True,False
2024,Fantasy Football Calculator ADP,True,461,93240461,6,adp,4,8.0,1220.0,1502.42,True,False
2024,Fantasy Football Calculator ADP,True,461,93240461,6,target_intel,6,7.0,1169.0200000000002,1519.34,True,False
2024,Fantasy Football Calculator ADP,True,461,93240461,6,model_only,8,6.0,1354.8000000000002,1693.76,False,False
2024,Fantasy Football Calculator ADP,True,462,93240462,7,adp,10,4.0,1040.4,1483.2800000000002,False,False
2024,Fantasy Football Calculator ADP,True,462,93240462,7,target_intel,11,4.0,1077.62,1459.56,False,False
2024,Fantasy Football Calculator ADP,True,462,93240462,7,model_only,4,9.0,1329.62,1731.98,True,False
2024,Fantasy Football Calculator ADP,True,463,93240463,8,adp,7,7.0,1221.28,1443.9399999999998,False,False
2024,Fantasy Football Calculator ADP,True,463,93240463,8,target_intel,6,6.0,1229.0,1551.98,True,False
2024,Fantasy Football Calculator ADP,True,463,93240463,8,model_only,1,10.0,1349.44,1626.92,True,False
2024,Fantasy Football Calculator ADP,True,464,93240464,9,adp,7,7.0,1160.72,1602.9000000000003,False,False
2024,Fantasy Football Calculator ADP,True,464,93240464,9,target_intel,2,11.0,1307.64,1667.7400000000002,True,False
2024,Fantasy Football Calculator ADP,True,464,93240464,9,model_only,5,8.0,1258.02,1605.72,True,False
2024,Fantasy Football Calculator ADP,True,465,93240465,10,adp,2,10.0,1327.9999999999998,1649.8000000000002,True,True
2024,Fantasy Football Calculator ADP,True,465,93240465,10,target_intel,1,13.0,1319.74,1618.7,True,False
2024,Fantasy Football Calculator ADP,True,465,93240465,10,model_only,3,10.0,1311.3200000000002,1641.88,True,False
2024,Fantasy Football Calculator ADP,True,466,93240466,11,adp,5,8.0,1204.4000000000003,1598.3600000000004,True,False
2024,Fantasy Football Calculator ADP,True,466,93240466,11,target_intel,2,9.0,1432.2400000000002,1794.1000000000001,True,False
2024,Fantasy Football Calculator ADP,True,466,93240466,11,model_only,5,8.0,1352.9,1696.36,True,False
2024,Fantasy Football Calculator ADP,True,467,93240467,12,adp,8,6.0,1195.88,1535.12,False,False
2024,Fantasy Football Calculator ADP,True,467,93240467,12,target_intel,2,9.0,1434.7200000000003,1820.8799999999999,True,False
2024,Fantasy Football Calculator ADP,True,467,93240467,12,model_only,1,12.0,1403.92,1637.9,True,False
2024,Fantasy Football Calculator ADP,True,468,93240468,1,adp,7,7.0,1110.56,1441.0200000000002,False,False
2024,Fantasy Football Calculator ADP,True,468,93240468,1,target_intel,9,6.0,1265.92,1587.52,False,False
2024,Fantasy Football Calculator ADP,True,468,93240468,1,model_only,4,8.0,1310.02,1626.6399999999999,True,False
2024,Fantasy Football Calculator ADP,True,469,93240469,2,adp,2,10.0,1331.2,1596.4599999999998,True,True
2024,Fantasy Football Calculator ADP,True,469,93240469,2,target_intel,5,9.0,1351.5400000000002,1591.6200000000001,True,False
2024,Fantasy Football Calculator ADP,True,469,93240469,2,model_only,4,8.0,1350.2399999999998,1691.7199999999998,True,False
2024,Fantasy Football Calculator ADP,True,470,93240470,3,adp,10,5.0,1076.44,1469.24,False,False
2024,Fantasy Football Calculator ADP,True,470,93240470,3,target_intel,3,10.0,1288.44,1660.7199999999998,True,False
2024,Fantasy Football Calculator ADP,True,470,93240470,3,model_only,1,10.0,1350.92,1702.4400000000003,True,False
2024,Fantasy Football Calculator ADP,True,471,93240471,4,adp,4,8.0,1260.1999999999998,1550.8400000000001,True,False
2024,Fantasy Football Calculator ADP,True,471,93240471,4,target_intel,7,6.0,1266.12,1647.5000000000005,False,False
2024,Fantasy Football Calculator ADP,True,471,93240471,4,model_only,3,9.0,1368.92,1628.5400000000002,True,False
2024,Fantasy Football Calculator ADP,True,472,93240472,5,adp,10,4.0,1080.06,1341.3200000000002,False,False
2024,Fantasy Football Calculator ADP,True,472,93240472,5,target_intel,8,6.0,1132.44,1479.82,False,False
2024,Fantasy Football Calculator ADP,True,472,93240472,5,model_only,4,8.0,1381.3199999999997,1689.3600000000001,True,False
2024,Fantasy Football Calculator ADP,True,473,93240473,6,adp,1,10.0,1379.8200000000002,1649.22,True,False
2024,Fantasy Football Calculator ADP,True,473,93240473,6,target_intel,1,11.0,1406.82,1725.6800000000003,True,False
2024,Fantasy Football Calculator ADP,True,473,93240473,6,model_only,1,11.0,1334.82,1665.5400000000004,True,False
2024,Fantasy Football Calculator ADP,True,474,93240474,7,adp,3,9.0,1261.7,1521.3600000000001,True,False
2024,Fantasy Football Calculator ADP,True,474,93240474,7,target_intel,10,6.0,1176.42,1371.5400000000002,False,False
2024,Fantasy Football Calculator ADP,True,474,93240474,7,model_only,8,6.0,1341.52,1664.5800000000004,False,False
2024,Fantasy Football Calculator ADP,True,475,93240475,8,adp,4,8.0,1106.76,1456.72,True,True
2024,Fantasy Football Calculator ADP,True,475,93240475,8,target_intel,11,4.0,1032.72,1363.78,False,False
2024,Fantasy Football Calculator ADP,True,475,93240475,8,model_only,3,9.0,1345.38,1657.8600000000001,True,False
2024,Fantasy Football Calculator ADP,True,476,93240476,9,adp,3,8.0,1297.0600000000004,1588.5,True,False
2024,Fantasy Football Calculator ADP,True,476,93240476,9,target_intel,2,9.0,1278.7199999999998,1550.96,True,False
2024,Fantasy Football Calculator ADP,True,476,93240476,9,model_only,6,7.0,1280.0200000000002,1581.2400000000002,True,False
2024,Fantasy Football Calculator ADP,True,477,93240477,10,adp,3,9.0,1367.0800000000002,1709.42,True,False
2024,Fantasy Football Calculator ADP,True,477,93240477,10,target_intel,2,9.0,1376.82,1623.3400000000001,True,False
2024,Fantasy Football Calculator ADP,True,477,93240477,10,model_only,3,8.0,1374.52,1652.56,True,False
2024,Fantasy Football Calculator ADP,True,478,93240478,11,adp,10,5.0,1167.04,1438.6799999999998,False,False
2024,Fantasy Football Calculator ADP,True,478,93240478,11,target_intel,3,9.0,1309.5200000000002,1690.8400000000004,True,False
2024,Fantasy Football Calculator ADP,True,478,93240478,11,model_only,2,9.0,1361.52,1698.0,True,False
2024,Fantasy Football Calculator ADP,True,479,93240479,12,adp,10,6.0,1149.14,1563.7800000000002,False,False
2024,Fantasy Football Calculator ADP,True,479,93240479,12,target_intel,4,8.0,1327.1200000000001,1773.28,True,False
2024,Fantasy Football Calculator ADP,True,479,93240479,12,model_only,1,10.0,1382.2,1655.3400000000001,True,False
2024,Fantasy Football Calculator ADP,True,480,93240480,1,adp,5,9.0,1107.48,1517.14,True,False
2024,Fantasy Football Calculator ADP,True,480,93240480,1,target_intel,2,9.0,1267.04,1527.64,True,False
2024,Fantasy Football Calculator ADP,True,480,93240480,1,model_only,5,8.0,1281.5200000000002,1681.74,True,False
2024,Fantasy Football Calculator ADP,True,481,93240481,2,adp,10,7.0,1100.3200000000002,1441.36,False,False
2024,Fantasy Football Calculator ADP,True,481,93240481,2,target_intel,5,8.0,1206.0200000000002,1503.2000000000003,True,False
2024,Fantasy Football Calculator ADP,True,481,93240481,2,model_only,3,8.0,1306.12,1697.58,True,False
2024,Fantasy Football Calculator ADP,True,482,93240482,3,adp,5,9.0,1254.54,1595.3400000000001,True,False
2024,Fantasy Football Calculator ADP,True,482,93240482,3,target_intel,1,9.0,1299.2199999999998,1676.7999999999997,True,False
2024,Fantasy Football Calculator ADP,True,482,93240482,3,model_only,8,6.0,1312.2199999999998,1714.8999999999999,False,False
2024,Fantasy Football Calculator ADP,True,483,93240483,4,adp,12,1.0,832.3599999999999,1181.06,False,False
2024,Fantasy Football Calculator ADP,True,483,93240483,4,target_intel,5,8.0,1285.5,1735.3600000000001,True,False
2024,Fantasy Football Calculator ADP,True,483,93240483,4,model_only,4,7.0,1366.02,1655.34,True,False
2024,Fantasy Football Calculator ADP,True,484,93240484,5,adp,8,6.0,1128.06,1487.7,False,False
2024,Fantasy Football Calculator ADP,True,484,93240484,5,target_intel,4,9.0,1326.02,1708.4599999999998,True,False
2024,Fantasy Football Calculator ADP,True,484,93240484,5,model_only,6,8.0,1387.3399999999997,1743.62,True,False
2024,Fantasy Football Calculator ADP,True,485,93240485,6,adp,4,9.0,1286.02,1610.6399999999999,True,True
2024,Fantasy Football Calculator ADP,True,485,93240485,6,target_intel,4,8.0,1247.24,1656.7800000000002,True,False
2024,Fantasy Football Calculator ADP,True,485,93240485,6,model_only,1,10.0,1365.62,1657.94,True,False
2024,Fantasy Football Calculator ADP,True,486,93240486,7,adp,1,13.0,1352.7600000000004,1613.8,True,False
2024,Fantasy Football Calculator ADP,True,486,93240486,7,target_intel,6,7.0,1177.72,1439.72,True,False
2024,Fantasy Football Calculator ADP,True,486,93240486,7,model_only,7,7.0,1331.0200000000002,1623.68,False,False
2024,Fantasy Football Calculator ADP,True,487,93240487,8,adp,12,5.0,1145.1399999999999,1496.02,False,False
2024,Fantasy Football Calculator ADP,True,487,93240487,8,target_intel,1,11.0,1463.14,1811.7,True,False
2024,Fantasy Football Calculator ADP,True,487,93240487,8,model_only,5,7.0,1356.2,1652.26,True,False
2024,Fantasy Football Calculator ADP,True,488,93240488,9,adp,1,10.0,1255.3200000000002,1690.88,True,True
2024,Fantasy Football Calculator ADP,True,488,93240488,9,target_intel,8,6.0,1155.22,1564.5200000000002,False,False
2024,Fantasy Football Calculator ADP,True,488,93240488,9,model_only,5,8.0,1338.52,1694.6400000000003,True,False
2024,Fantasy Football Calculator ADP,True,489,93240489,10,adp,1,11.0,1406.52,1769.48,True,False
2024,Fantasy Football Calculator ADP,True,489,93240489,10,target_intel,8,7.0,1067.42,1427.0,False,False
2024,Fantasy Football Calculator ADP,True,489,93240489,10,model_only,1,10.0,1351.6200000000001,1596.1999999999998,True,False
2024,Fantasy Football Calculator ADP,True,490,93240490,11,adp,1,10.0,1370.9600000000003,1745.48,True,True
2024,Fantasy Football Calculator ADP,True,490,93240490,11,target_intel,8,7.0,1288.1200000000003,1577.5599999999997,False,False
2024,Fantasy Football Calculator ADP,True,490,93240490,11,model_only,7,7.0,1361.8200000000002,1655.2000000000003,False,False
2024,Fantasy Football Calculator ADP,True,491,93240491,12,adp,11,4.0,1119.06,1520.94,False,False
2024,Fantasy Football Calculator ADP,True,491,93240491,12,target_intel,2,9.0,1266.12,1652.0599999999997,True,True
2024,Fantasy Football Calculator ADP,True,491,93240491,12,model_only,4,8.0,1312.2200000000003,1534.5200000000002,True,False
2024,Fantasy Football Calculator ADP,True,492,93240492,1,adp,12,2.0,1071.42,1438.3200000000004,False,False
2024,Fantasy Football Calculator ADP,True,492,93240492,1,target_intel,10,5.0,1227.5,1596.3799999999999,False,False
2024,Fantasy Football Calculator ADP,True,492,93240492,1,model_only,4,8.0,1321.32,1682.24,True,False
2024,Fantasy Football Calculator ADP,True,493,93240493,2,adp,2,10.0,1268.6200000000001,1617.24,True,False
2024,Fantasy Football Calculator ADP,True,493,93240493,2,target_intel,1,10.0,1343.74,1640.56,True,False
2024,Fantasy Football Calculator ADP,True,493,93240493,2,model_only,1,9.0,1345.7199999999998,1720.1999999999998,True,True
2024,Fantasy Football Calculator ADP,True,494,93240494,3,adp,5,7.0,1285.22,1558.6,True,False
2024,Fantasy Football Calculator ADP,True,494,93240494,3,target_intel,6,7.0,1360.62,1785.8200000000002,True,False
2024,Fantasy Football Calculator ADP,True,494,93240494,3,model_only,6,8.0,1206.8999999999999,1506.94,True,False
2024,Fantasy Football Calculator ADP,True,495,93240495,4,adp,1,9.0,1381.5000000000002,1702.4800000000002,True,False
2024,Fantasy Football Calculator ADP,True,495,93240495,4,target_intel,1,11.0,1366.2199999999998,1668.6799999999998,True,True
2024,Fantasy Football Calculator ADP,True,495,93240495,4,model_only,4,7.0,1431.4,1737.04,True,False
2024,Fantasy Football Calculator ADP,True,496,93240496,5,adp,12,4.0,1061.8,1420.44,False,False
2024,Fantasy Football Calculator ADP,True,496,93240496,5,target_intel,2,9.0,1291.5200000000002,1575.0800000000002,True,False
2024,Fantasy Football Calculator ADP,True,496,93240496,5,model_only,2,10.0,1349.4199999999998,1657.8000000000002,True,False
2024,Fantasy Football Calculator ADP,True,497,93240497,6,adp,9,7.0,1087.78,1394.14,False,False
2024,Fantasy Football Calculator ADP,True,497,93240497,6,target_intel,1,11.0,1441.3200000000002,1699.6000000000001,True,False
2024,Fantasy Football Calculator ADP,True,497,93240497,6,model_only,7,6.0,1367.12,1592.5200000000002,False,False
2024,Fantasy Football Calculator ADP,True,498,93240498,7,adp,4,9.0,1323.3,1662.48,True,True
2024,Fantasy Football Calculator ADP,True,498,93240498,7,target_intel,1,9.0,1331.8999999999999,1606.2600000000002,True,False
2024,Fantasy Football Calculator ADP,True,498,93240498,7,model_only,4,8.0,1286.22,1678.7200000000003,True,False
2024,Fantasy Football Calculator ADP,True,499,93240499,8,adp,10,5.0,1063.12,1380.4,False,False
2024,Fantasy Football Calculator ADP,True,499,93240499,8,target_intel,4,9.0,1210.82,1572.7799999999997,True,False
2024,Fantasy Football Calculator ADP,True,499,93240499,8,model_only,3,9.0,1313.9,1633.7599999999998,True,False
2025,ESPN preseason-rank proxy,False,0,93250000,1,adp,1,12.0,1214.2199999999998,1553.72,True,False
2025,ESPN preseason-rank proxy,False,0,93250000,1,target_intel,3,9.0,1134.1200000000001,1426.84,True,False
2025,ESPN preseason-rank proxy,False,0,93250000,1,model_only,10,5.0,1168.3999999999999,1529.3799999999999,False,False
2025,ESPN preseason-rank proxy,False,1,93250001,2,adp,10,5.0,1065.76,1427.2400000000005,False,False
2025,ESPN preseason-rank proxy,False,1,93250001,2,target_intel,9,6.0,1177.68,1573.64,False,False
2025,ESPN preseason-rank proxy,False,1,93250001,2,model_only,6,8.0,1171.08,1416.58,True,False
2025,ESPN preseason-rank proxy,False,2,93250002,3,adp,2,11.0,1175.9400000000003,1524.5200000000002,True,True
2025,ESPN preseason-rank proxy,False,2,93250002,3,target_intel,7,7.0,1242.42,1641.3600000000001,False,False
2025,ESPN preseason-rank proxy,False,2,93250002,3,model_only,7,7.0,1204.1799999999998,1566.8600000000001,False,False
2025,ESPN preseason-rank proxy,False,3,93250003,4,adp,5,8.0,1247.08,1609.3999999999996,True,False
2025,ESPN preseason-rank proxy,False,3,93250003,4,target_intel,2,9.0,1257.58,1522.6,True,False
2025,ESPN preseason-rank proxy,False,3,93250003,4,model_only,4,9.0,1187.8200000000002,1432.0000000000002,True,False
2025,ESPN preseason-rank proxy,False,4,93250004,5,adp,4,9.0,1244.1200000000003,1565.12,True,True
2025,ESPN preseason-rank proxy,False,4,93250004,5,target_intel,8,6.0,1290.3200000000002,1659.7800000000002,False,False
2025,ESPN preseason-rank proxy,False,4,93250004,5,model_only,7,8.0,1132.28,1475.74,False,False
2025,ESPN preseason-rank proxy,False,5,93250005,6,adp,8,6.0,1201.68,1591.2200000000003,False,False
2025,ESPN preseason-rank proxy,False,5,93250005,6,target_intel,1,10.0,1342.0199999999998,1653.6000000000001,True,False
2025,ESPN preseason-rank proxy,False,5,93250005,6,model_only,7,8.0,1059.3,1488.4400000000003,False,False
2025,ESPN preseason-rank proxy,False,6,93250006,7,adp,3,8.0,1262.2,1593.7000000000003,True,False
2025,ESPN preseason-rank proxy,False,6,93250006,7,target_intel,4,9.0,1172.54,1450.0400000000004,True,False
2025,ESPN preseason-rank proxy,False,6,93250006,7,model_only,8,7.0,1177.6000000000004,1392.22,False,False
2025,ESPN preseason-rank proxy,False,7,93250007,8,adp,10,5.0,1120.9,1507.9399999999998,False,False
2025,ESPN preseason-rank proxy,False,7,93250007,8,target_intel,4,8.0,1185.22,1558.48,True,False
2025,ESPN preseason-rank proxy,False,7,93250007,8,model_only,7,8.0,1123.72,1427.28,False,False
2025,ESPN preseason-rank proxy,False,8,93250008,9,adp,3,9.0,1316.0000000000002,1639.1400000000003,True,False
2025,ESPN preseason-rank proxy,False,8,93250008,9,target_intel,2,9.0,1240.4800000000002,1556.92,True,False
2025,ESPN preseason-rank proxy,False,8,93250008,9,model_only,10,6.0,1231.7,1526.6399999999999,False,False
2025,ESPN preseason-rank proxy,False,9,93250009,10,adp,2,11.0,1273.24,1615.3200000000002,True,False
2025,ESPN preseason-rank proxy,False,9,93250009,10,target_intel,4,8.0,1168.3799999999999,1502.4199999999998,True,False
2025,ESPN preseason-rank proxy,False,9,93250009,10,model_only,5,8.0,1200.98,1525.02,True,False
2025,ESPN preseason-rank proxy,False,10,93250010,11,adp,2,10.0,1260.22,1616.9600000000003,True,True
2025,ESPN preseason-rank proxy,False,10,93250010,11,target_intel,2,9.0,1277.2399999999998,1575.44,True,True
2025,ESPN preseason-rank proxy,False,10,93250010,11,model_only,8,6.0,1166.1999999999998,1488.44,False,False
2025,ESPN preseason-rank proxy,False,11,93250011,12,adp,6,8.0,1057.54,1443.04,True,False
2025,ESPN preseason-rank proxy,False,11,93250011,12,target_intel,7,7.0,1007.5999999999999,1394.1399999999999,False,False
2025,ESPN preseason-rank proxy,False,11,93250011,12,model_only,11,5.0,1044.3000000000002,1369.24,False,False
2025,ESPN preseason-rank proxy,False,12,93250012,1,adp,4,8.0,1170.2200000000003,1510.2000000000003,True,False
2025,ESPN preseason-rank proxy,False,12,93250012,1,target_intel,2,10.0,1129.02,1468.64,True,False
2025,ESPN preseason-rank proxy,False,12,93250012,1,model_only,8,6.0,1101.2199999999998,1432.12,False,False
2025,ESPN preseason-rank proxy,False,13,93250013,2,adp,5,8.0,1098.68,1385.66,True,False
2025,ESPN preseason-rank proxy,False,13,93250013,2,target_intel,5,8.0,1221.38,1589.9799999999998,True,False
2025,ESPN preseason-rank proxy,False,13,93250013,2,model_only,5,7.0,1202.96,1427.94,True,False
2025,ESPN preseason-rank proxy,False,14,93250014,3,adp,11,5.0,1029.6,1311.8200000000002,False,False
2025,ESPN preseason-rank proxy,False,14,93250014,3,target_intel,9,6.0,1177.0200000000002,1430.52,False,False
2025,ESPN preseason-rank proxy,False,14,93250014,3,model_only,12,3.0,1131.0,1414.48,False,False
2025,ESPN preseason-rank proxy,False,15,93250015,4,adp,2,10.0,1202.28,1451.22,True,False
2025,ESPN preseason-rank proxy,False,15,93250015,4,target_intel,11,6.0,1067.64,1403.62,False,False
2025,ESPN preseason-rank proxy,False,15,93250015,4,model_only,8,6.0,1160.02,1382.6399999999999,False,False
2025,ESPN preseason-rank proxy,False,16,93250016,5,adp,1,12.0,1208.3799999999999,1538.6200000000001,True,False
2025,ESPN preseason-rank proxy,False,16,93250016,5,target_intel,1,10.0,1359.38,1698.0600000000002,True,False
2025,ESPN preseason-rank proxy,False,16,93250016,5,model_only,2,9.0,1191.0999999999997,1487.16,True,False
2025,ESPN preseason-rank proxy,False,17,93250017,6,adp,9,6.0,1192.14,1531.1399999999999,False,False
2025,ESPN preseason-rank proxy,False,17,93250017,6,target_intel,1,9.0,1300.54,1630.8,True,False
2025,ESPN preseason-rank proxy,False,17,93250017,6,model_only,5,7.0,1222.4,1518.56,True,False
2025,ESPN preseason-rank proxy,False,18,93250018,7,adp,3,9.0,1340.22,1614.8000000000002,True,True
2025,ESPN preseason-rank proxy,False,18,93250018,7,target_intel,9,5.0,1164.32,1492.08,False,False
2025,ESPN preseason-rank proxy,False,18,93250018,7,model_only,2,10.0,1288.52,1592.28,True,False
2025,ESPN preseason-rank proxy,False,19,93250019,8,adp,5,8.0,1258.52,1556.8600000000001,True,False
2025,ESPN preseason-rank proxy,False,19,93250019,8,target_intel,12,4.0,1063.62,1400.4800000000002,False,False
2025,ESPN preseason-rank proxy,False,19,93250019,8,model_only,11,5.0,1095.1,1374.36,False,False
2025,ESPN preseason-rank proxy,False,20,93250020,9,adp,3,10.0,1275.8200000000002,1661.0,True,False
2025,ESPN preseason-rank proxy,False,20,93250020,9,target_intel,8,5.0,1164.52,1504.9799999999998,False,False
2025,ESPN preseason-rank proxy,False,20,93250020,9,model_only,8,7.0,1120.72,1380.68,False,False
2025,ESPN preseason-rank proxy,False,21,93250021,10,adp,8,5.0,1200.9,1560.2,False,False
2025,ESPN preseason-rank proxy,False,21,93250021,10,target_intel,5,7.0,1178.4,1460.54,True,False
2025,ESPN preseason-rank proxy,False,21,93250021,10,model_only,10,6.0,1094.7,1350.34,False,False
2025,ESPN preseason-rank proxy,False,22,93250022,11,adp,7,7.0,1318.78,1648.72,False,False
2025,ESPN preseason-rank proxy,False,22,93250022,11,target_intel,4,8.0,1293.7000000000003,1605.44,True,True
2025,ESPN preseason-rank proxy,False,22,93250022,11,model_only,6,7.0,1248.78,1558.12,True,False
2025,ESPN preseason-rank proxy,False,23,93250023,12,adp,5,8.0,1253.2000000000003,1512.3400000000001,True,False
2025,ESPN preseason-rank proxy,False,23,93250023,12,target_intel,1,10.0,1276.8,1725.94,True,False
2025,ESPN preseason-rank proxy,False,23,93250023,12,model_only,4,8.0,1188.2000000000003,1514.74,True,False
2025,ESPN preseason-rank proxy,False,24,93250024,1,adp,7,7.0,1145.22,1490.14,False,False
2025,ESPN preseason-rank proxy,False,24,93250024,1,target_intel,11,5.0,1093.46,1396.3799999999997,False,False
2025,ESPN preseason-rank proxy,False,24,93250024,1,model_only,10,5.0,1125.68,1411.82,False,False
2025,ESPN preseason-rank proxy,False,25,93250025,2,adp,8,7.0,1155.7400000000002,1439.8,False,False
2025,ESPN preseason-rank proxy,False,25,93250025,2,target_intel,8,6.0,1073.18,1379.12,False,False
2025,ESPN preseason-rank proxy,False,25,93250025,2,model_only,9,5.0,1122.66,1397.04,False,False
2025,ESPN preseason-rank proxy,False,26,93250026,3,adp,5,8.0,1286.12,1573.5200000000002,True,False
2025,ESPN preseason-rank proxy,False,26,93250026,3,target_intel,1,11.0,1230.92,1601.18,True,False
2025,ESPN preseason-rank proxy,False,26,93250026,3,model_only,3,8.0,1210.8,1533.9600000000003,True,False
2025,ESPN preseason-rank proxy,False,27,93250027,4,adp,8,6.0,1148.6399999999999,1478.9199999999998,False,False
2025,ESPN preseason-rank proxy,False,27,93250027,4,target_intel,6,7.0,1153.56,1446.44,True,False
2025,ESPN preseason-rank proxy,False,27,93250027,4,model_only,7,7.0,1169.9,1559.3799999999999,False,False
2025,ESPN preseason-rank proxy,False,28,93250028,5,adp,1,11.0,1303.24,1547.48,True,True
2025,ESPN preseason-rank proxy,False,28,93250028,5,target_intel,7,7.0,1159.9,1445.2000000000003,False,False
2025,ESPN preseason-rank proxy,False,28,93250028,5,model_only,4,8.0,1146.3200000000002,1390.2,True,False
2025,ESPN preseason-rank proxy,False,29,93250029,6,adp,1,11.0,1216.7200000000003,1631.36,True,False
2025,ESPN preseason-rank proxy,False,29,93250029,6,target_intel,1,11.0,1343.88,1623.78,True,False
2025,ESPN preseason-rank proxy,False,29,93250029,6,model_only,3,9.0,1118.64,1427.2199999999998,True,False
2025,ESPN preseason-rank proxy,False,30,93250030,7,adp,5,8.0,1296.44,1643.6200000000001,True,False
2025,ESPN preseason-rank proxy,False,30,93250030,7,target_intel,3,9.0,1217.4,1520.14,True,False
2025,ESPN preseason-rank proxy,False,30,93250030,7,model_only,7,8.0,1069.7,1392.8400000000001,False,False
2025,ESPN preseason-rank proxy,False,31,93250031,8,adp,8,6.0,1289.34,1724.82,False,False
2025,ESPN preseason-rank proxy,False,31,93250031,8,target_intel,12,4.0,1050.4,1403.24,False,False
2025,ESPN preseason-rank proxy,False,31,93250031,8,model_only,11,5.0,1017.3000000000001,1358.24,False,False
2025,ESPN preseason-rank proxy,False,32,93250032,9,adp,3,9.0,1381.28,1669.8800000000003,True,False
2025,ESPN preseason-rank proxy,False,32,93250032,9,target_intel,6,7.0,1103.8,1499.44,True,False
2025,ESPN preseason-rank proxy,False,32,93250032,9,model_only,10,6.0,1109.1,1375.3200000000002,False,False
2025,ESPN preseason-rank proxy,False,33,93250033,10,adp,5,8.0,1269.1399999999999,1576.42,True,False
2025,ESPN preseason-rank proxy,False,33,93250033,10,target_intel,3,8.0,1229.1,1630.04,True,False
2025,ESPN preseason-rank proxy,False,33,93250033,10,model_only,11,3.0,978.6000000000001,1339.04,False,False
2025,ESPN preseason-rank proxy,False,34,93250034,11,adp,11,5.0,1104.76,1405.66,False,False
2025,ESPN preseason-rank proxy,False,34,93250034,11,target_intel,8,6.0,1142.9400000000003,1524.3200000000002,False,False
2025,ESPN preseason-rank proxy,False,34,93250034,11,model_only,8,6.0,1195.6,1519.36,False,False
2025,ESPN preseason-rank proxy,False,35,93250035,12,adp,7,7.0,1182.98,1528.92,False,False
2025,ESPN preseason-rank proxy,False,35,93250035,12,target_intel,4,8.0,1209.0,1579.0399999999997,True,False
2025,ESPN preseason-rank proxy,False,35,93250035,12,model_only,10,5.0,1103.1000000000001,1371.34,False,False
2025,ESPN preseason-rank proxy,False,36,93250036,1,adp,3,9.0,1099.88,1393.6,True,False
2025,ESPN preseason-rank proxy,False,36,93250036,1,target_intel,8,6.0,1242.0200000000002,1655.5,False,False
2025,ESPN preseason-rank proxy,False,36,93250036,1,model_only,10,6.0,1179.0,1482.7800000000002,False,False
2025,ESPN preseason-rank proxy,False,37,93250037,2,adp,7,8.0,1137.78,1409.98,False,False
2025,ESPN preseason-rank proxy,False,37,93250037,2,target_intel,10,5.0,1199.68,1511.5800000000002,False,False
2025,ESPN preseason-rank proxy,False,37,93250037,2,model_only,10,5.0,1105.6799999999998,1440.16,False,False
2025,ESPN preseason-rank proxy,False,38,93250038,3,adp,10,5.0,1149.1,1560.98,False,False
2025,ESPN preseason-rank proxy,False,38,93250038,3,target_intel,7,6.0,1189.3400000000001,1520.4200000000003,False,False
2025,ESPN preseason-rank proxy,False,38,93250038,3,model_only,12,1.0,1141.28,1384.76,False,False
2025,ESPN preseason-rank proxy,False,39,93250039,4,adp,5,7.0,1251.4199999999998,1621.18,True,False
2025,ESPN preseason-rank proxy,False,39,93250039,4,target_intel,2,9.0,1308.0200000000002,1635.8400000000001,True,False
2025,ESPN preseason-rank proxy,False,39,93250039,4,model_only,4,8.0,1259.8,1551.28,True,False
2025,ESPN preseason-rank proxy,False,40,93250040,5,adp,5,7.0,1207.16,1542.2400000000002,True,False
2025,ESPN preseason-rank proxy,False,40,93250040,5,target_intel,4,8.0,1202.9800000000002,1599.8600000000004,True,False
2025,ESPN preseason-rank proxy,False,40,93250040,5,model_only,10,6.0,1139.3,1396.9599999999998,False,False
2025,ESPN preseason-rank proxy,False,41,93250041,6,adp,2,9.0,1417.88,1711.3799999999999,True,True
2025,ESPN preseason-rank proxy,False,41,93250041,6,target_intel,11,4.0,1097.0200000000002,1484.94,False,False
2025,ESPN preseason-rank proxy,False,41,93250041,6,model_only,3,10.0,1182.2000000000003,1410.0600000000002,True,False
2025,ESPN preseason-rank proxy,False,42,93250042,7,adp,3,8.0,1299.16,1561.7799999999997,True,False
2025,ESPN preseason-rank proxy,False,42,93250042,7,target_intel,3,8.0,1227.9,1480.5200000000002,True,False
2025,ESPN preseason-rank proxy,False,42,93250042,7,model_only,1,10.0,1216.5,1494.2599999999998,True,False
2025,ESPN preseason-rank proxy,False,43,93250043,8,adp,1,12.0,1362.18,1682.66,True,False
2025,ESPN preseason-rank proxy,False,43,93250043,8,target_intel,6,7.0,1278.5600000000002,1626.7000000000005,True,False
2025,ESPN preseason-rank proxy,False,43,93250043,8,model_only,3,8.0,1146.1000000000001,1413.3,True,False
2025,ESPN preseason-rank proxy,False,44,93250044,9,adp,5,8.0,1263.82,1641.12,True,True
2025,ESPN preseason-rank proxy,False,44,93250044,9,target_intel,4,7.0,1226.02,1501.68,True,False
2025,ESPN preseason-rank proxy,False,44,93250044,9,model_only,5,8.0,1200.4,1478.5600000000004,True,False
2025,ESPN preseason-rank proxy,False,45,93250045,10,adp,5,8.0,1100.42,1445.7800000000004,True,False
2025,ESPN preseason-rank proxy,False,45,93250045,10,target_intel,3,9.0,1241.6000000000001,1598.8400000000001,True,False
2025,ESPN preseason-rank proxy,False,45,93250045,10,model_only,6,7.0,1252.62,1493.4800000000002,True,False
2025,ESPN preseason-rank proxy,False,46,93250046,11,adp,7,6.0,1179.2600000000002,1519.88,False,False
2025,ESPN preseason-rank proxy,False,46,93250046,11,target_intel,3,10.0,1317.1000000000001,1637.44,True,False
2025,ESPN preseason-rank proxy,False,46,93250046,11,model_only,9,5.0,1102.5,1428.4399999999998,False,False
2025,ESPN preseason-rank proxy,False,47,93250047,12,adp,4,8.0,1232.7,1584.2000000000003,True,True
2025,ESPN preseason-rank proxy,False,47,93250047,12,target_intel,1,11.0,1304.6000000000001,1560.64,True,True
2025,ESPN preseason-rank proxy,False,47,93250047,12,model_only,1,10.0,1321.8000000000002,1589.5400000000002,True,False
2025,ESPN preseason-rank proxy,False,48,93250048,1,adp,9,6.0,1143.9399999999998,1504.2799999999997,False,False
2025,ESPN preseason-rank proxy,False,48,93250048,1,target_intel,3,8.0,1247.7,1592.2200000000003,True,False
2025,ESPN preseason-rank proxy,False,48,93250048,1,model_only,1,10.0,1268.0800000000002,1580.5400000000002,True,False
2025,ESPN preseason-rank proxy,False,49,93250049,2,adp,3,9.0,1295.2199999999998,1589.44,True,False
2025,ESPN preseason-rank proxy,False,49,93250049,2,target_intel,9,6.0,1117.3200000000002,1469.5400000000002,False,False
2025,ESPN preseason-rank proxy,False,49,93250049,2,model_only,11,4.0,1100.58,1410.98,False,False
2025,ESPN preseason-rank proxy,False,50,93250050,3,adp,1,9.0,1296.12,1568.7600000000002,True,False
2025,ESPN preseason-rank proxy,False,50,93250050,3,target_intel,2,9.0,1234.52,1629.9,True,False
2025,ESPN preseason-rank proxy,False,50,93250050,3,model_only,7,7.0,1114.68,1404.1399999999999,False,False
2025,ESPN preseason-rank proxy,False,51,93250051,4,adp,11,4.0,1148.62,1597.32,False,False
2025,ESPN preseason-rank proxy,False,51,93250051,4,target_intel,11,5.0,1140.16,1447.4199999999998,False,False
2025,ESPN preseason-rank proxy,False,51,93250051,4,model_only,10,5.0,1149.6200000000001,1414.32,False,False
2025,ESPN preseason-rank proxy,False,52,93250052,5,adp,5,7.0,1242.1200000000001,1612.9,True,False
2025,ESPN preseason-rank proxy,False,52,93250052,5,target_intel,12,3.0,1055.02,1458.18,False,False
2025,ESPN preseason-rank proxy,False,52,93250052,5,model_only,5,8.0,1132.12,1399.2800000000002,True,False
2025,ESPN preseason-rank proxy,False,53,93250053,6,adp,11,5.0,1145.9,1425.6399999999999,False,False
2025,ESPN preseason-rank proxy,False,53,93250053,6,target_intel,7,7.0,1163.4,1513.0600000000002,False,False
2025,ESPN preseason-rank proxy,False,53,93250053,6,model_only,4,8.0,1176.2,1436.4599999999998,True,False
2025,ESPN preseason-rank proxy,False,54,93250054,7,adp,8,6.0,1188.76,1447.12,False,False
2025,ESPN preseason-rank proxy,False,54,93250054,7,target_intel,2,8.0,1424.6,1681.6,True,False
2025,ESPN preseason-rank proxy,False,54,93250054,7,model_only,7,7.0,1184.6,1435.3599999999997,False,False
2025,ESPN preseason-rank proxy,False,55,93250055,8,adp,1,11.0,1433.68,1593.72,True,False
2025,ESPN preseason-rank proxy,False,55,93250055,8,target_intel,1,10.0,1261.72,1551.9,True,False
2025,ESPN preseason-rank proxy,False,55,93250055,8,model_only,5,8.0,1202.7199999999998,1436.48,True,False
2025,ESPN preseason-rank proxy,False,56,93250056,9,adp,1,10.0,1337.74,1605.44,True,False
2025,ESPN preseason-rank proxy,False,56,93250056,9,target_intel,6,7.0,1206.28,1557.02,True,False
2025,ESPN preseason-rank proxy,False,56,93250056,9,model_only,10,5.0,1119.8799999999999,1448.1200000000003,False,False
2025,ESPN preseason-rank proxy,False,57,93250057,10,adp,6,7.0,1302.8000000000002,1558.6,True,False
2025,ESPN preseason-rank proxy,False,57,93250057,10,target_intel,9,6.0,1239.02,1564.98,False,False
2025,ESPN preseason-rank proxy,False,57,93250057,10,model_only,3,9.0,1293.8000000000002,1556.2400000000002,True,False
2025,ESPN preseason-rank proxy,False,58,93250058,11,adp,11,5.0,1031.8,1311.5000000000002,False,False
2025,ESPN preseason-rank proxy,False,58,93250058,11,target_intel,1,10.0,1286.4600000000003,1639.74,True,False
2025,ESPN preseason-rank proxy,False,58,93250058,11,model_only,7,6.0,1210.76,1546.0,False,False
2025,ESPN preseason-rank proxy,False,59,93250059,12,adp,7,7.0,1154.7,1536.3999999999999,False,False
2025,ESPN preseason-rank proxy,False,59,93250059,12,target_intel,2,10.0,1281.8,1664.94,True,False
2025,ESPN preseason-rank proxy,False,59,93250059,12,model_only,1,10.0,1309.1999999999998,1609.7399999999998,True,False
2025,ESPN preseason-rank proxy,False,60,93250060,1,adp,8,7.0,1095.24,1420.1200000000001,False,False
2025,ESPN preseason-rank proxy,False,60,93250060,1,target_intel,5,7.0,1277.9,1593.52,True,False
2025,ESPN preseason-rank proxy,False,60,93250060,1,model_only,4,9.0,1214.62,1496.7,True,False
2025,ESPN preseason-rank proxy,False,61,93250061,2,adp,4,8.0,1160.7600000000002,1482.8000000000004,True,False
2025,ESPN preseason-rank proxy,False,61,93250061,2,target_intel,9,6.0,1070.02,1383.1400000000003,False,False
2025,ESPN preseason-rank proxy,False,61,93250061,2,model_only,7,7.0,1170.3600000000001,1436.5400000000002,False,False
2025,ESPN preseason-rank proxy,False,62,93250062,3,adp,2,10.0,1263.6599999999999,1607.06,True,False
2025,ESPN preseason-rank proxy,False,62,93250062,3,target_intel,6,8.0,1100.9800000000002,1345.1000000000001,True,False
2025,ESPN preseason-rank proxy,False,62,93250062,3,model_only,3,8.0,1213.1800000000003,1498.74,True,False
2025,ESPN preseason-rank proxy,False,63,93250063,4,adp,1,9.0,1434.7000000000003,1722.9200000000003,True,False
2025,ESPN preseason-rank proxy,False,63,93250063,4,target_intel,6,7.0,1276.02,1502.44,True,False
2025,ESPN preseason-rank proxy,False,63,93250063,4,model_only,11,4.0,1172.02,1403.32,False,False
2025,ESPN preseason-rank proxy,False,64,93250064,5,adp,7,7.0,1138.38,1444.06,False,False
2025,ESPN preseason-rank proxy,False,64,93250064,5,target_intel,7,6.0,1178.0800000000002,1583.72,False,False
2025,ESPN preseason-rank proxy,False,64,93250064,5,model_only,11,4.0,1121.78,1380.6200000000001,False,False
2025,ESPN preseason-rank proxy,False,65,93250065,6,adp,6,7.0,1102.2800000000002,1448.72,True,False
2025,ESPN preseason-rank proxy,False,65,93250065,6,target_intel,8,6.0,1201.28,1517.66,False,False
2025,ESPN preseason-rank proxy,False,65,93250065,6,model_only,10,5.0,1105.6000000000001,1430.5599999999997,False,False
2025,ESPN preseason-rank proxy,False,66,93250066,7,adp,6,7.0,1342.6200000000001,1732.62,True,False
2025,ESPN preseason-rank proxy,False,66,93250066,7,target_intel,4,9.0,1278.9399999999998,1555.8000000000002,True,False
2025,ESPN preseason-rank proxy,False,66,93250066,7,model_only,6,7.0,1262.8200000000002,1491.68,True,False
2025,ESPN preseason-rank proxy,False,67,93250067,8,adp,6,6.0,1248.0600000000002,1524.0800000000002,True,False
2025,ESPN preseason-rank proxy,False,67,93250067,8,target_intel,7,7.0,1266.3799999999999,1556.36,False,False
2025,ESPN preseason-rank proxy,False,67,93250067,8,model_only,5,8.0,1217.2800000000002,1540.26,True,True
2025,ESPN preseason-rank proxy,False,68,93250068,9,adp,10,5.0,1321.94,1654.6,False,False
2025,ESPN preseason-rank proxy,False,68,93250068,9,target_intel,5,7.0,1299.7000000000003,1562.64,True,False
2025,ESPN preseason-rank proxy,False,68,93250068,9,model_only,9,6.0,1133.1000000000001,1457.3400000000001,False,False
2025,ESPN preseason-rank proxy,False,69,93250069,10,adp,10,5.0,1185.7799999999997,1578.7199999999998,False,False
2025,ESPN preseason-rank proxy,False,69,93250069,10,target_intel,8,7.0,1193.3,1539.74,False,False
2025,ESPN preseason-rank proxy,False,69,93250069,10,model_only,5,8.0,1218.6,1484.7399999999998,True,False
2025,ESPN preseason-rank proxy,False,70,93250070,11,adp,10,5.0,1090.3200000000004,1397.7400000000002,False,False
2025,ESPN preseason-rank proxy,False,70,93250070,11,target_intel,8,6.0,1154.0800000000002,1525.92,False,False
2025,ESPN preseason-rank proxy,False,70,93250070,11,model_only,11,5.0,1073.7,1339.04,False,False
2025,ESPN preseason-rank proxy,False,71,93250071,12,adp,10,6.0,1175.1399999999999,1440.0400000000002,False,False
2025,ESPN preseason-rank proxy,False,71,93250071,12,target_intel,8,7.0,1314.18,1552.6800000000003,False,False
2025,ESPN preseason-rank proxy,False,71,93250071,12,model_only,12,5.0,1091.1000000000001,1397.84,False,False
2025,ESPN preseason-rank proxy,False,72,93250072,1,adp,5,9.0,1217.3400000000001,1556.3600000000001,True,False
2025,ESPN preseason-rank proxy,False,72,93250072,1,target_intel,5,8.0,1139.4400000000003,1490.72,True,False
2025,ESPN preseason-rank proxy,False,72,93250072,1,model_only,9,6.0,1130.26,1448.6400000000003,False,False
2025,ESPN preseason-rank proxy,False,73,93250073,2,adp,9,6.0,1121.12,1462.6200000000001,False,False
2025,ESPN preseason-rank proxy,False,73,93250073,2,target_intel,9,6.0,1126.54,1430.8799999999999,False,False
2025,ESPN preseason-rank proxy,False,73,93250073,2,model_only,9,7.0,1145.32,1384.4000000000003,False,False
2025,ESPN preseason-rank proxy,False,74,93250074,3,adp,5,7.0,1218.5,1448.32,True,False
2025,ESPN preseason-rank proxy,False,74,93250074,3,target_intel,10,6.0,1137.3200000000002,1482.14,False,False
2025,ESPN preseason-rank proxy,False,74,93250074,3,model_only,9,7.0,1157.42,1409.3,False,False
2025,ESPN preseason-rank proxy,False,75,93250075,4,adp,5,8.0,1250.6200000000001,1566.48,True,False
2025,ESPN preseason-rank proxy,False,75,93250075,4,target_intel,11,4.0,1141.0000000000002,1454.78,False,False
2025,ESPN preseason-rank proxy,False,75,93250075,4,model_only,4,7.0,1204.62,1543.3799999999999,True,False
2025,ESPN preseason-rank proxy,False,76,93250076,5,adp,7,7.0,1320.82,1687.6,False,False
2025,ESPN preseason-rank proxy,False,76,93250076,5,target_intel,6,8.0,1231.3,1514.2600000000002,True,False
2025,ESPN preseason-rank proxy,False,76,93250076,5,model_only,9,5.0,1179.1600000000003,1398.2600000000002,False,False
2025,ESPN preseason-rank proxy,False,77,93250077,6,adp,1,11.0,1457.66,1781.2,True,False
2025,ESPN preseason-rank proxy,False,77,93250077,6,target_intel,1,10.0,1324.5,1633.9999999999998,True,True
2025,ESPN preseason-rank proxy,False,77,93250077,6,model_only,2,9.0,1197.8799999999999,1521.46,True,False
2025,ESPN preseason-rank proxy,False,78,93250078,7,adp,8,6.0,1376.4799999999998,1579.5,False,False
2025,ESPN preseason-rank proxy,False,78,93250078,7,target_intel,8,6.0,1285.1799999999998,1675.2199999999998,False,False
2025,ESPN preseason-rank proxy,False,78,93250078,7,model_only,6,7.0,1269.48,1558.5200000000002,True,False
2025,ESPN preseason-rank proxy,False,79,93250079,8,adp,5,7.0,1238.9600000000003,1545.6399999999999,True,False
2025,ESPN preseason-rank proxy,False,79,93250079,8,target_intel,12,3.0,1015.3000000000001,1339.4400000000003,False,False
2025,ESPN preseason-rank proxy,False,79,93250079,8,model_only,12,2.0,987.38,1354.3200000000004,False,False
2025,ESPN preseason-rank proxy,False,80,93250080,9,adp,1,12.0,1360.5400000000002,1693.68,True,False
2025,ESPN preseason-rank proxy,False,80,93250080,9,target_intel,7,7.0,1185.32,1537.6799999999998,False,False
2025,ESPN preseason-rank proxy,False,80,93250080,9,model_only,12,4.0,981.6800000000001,1370.4200000000003,False,False
2025,ESPN preseason-rank proxy,False,81,93250081,10,adp,8,6.0,1249.44,1610.9999999999998,False,False
2025,ESPN preseason-rank proxy,False,81,93250081,10,target_intel,6,8.0,1067.3,1514.6399999999999,True,False
2025,ESPN preseason-rank proxy,False,81,93250081,10,model_only,8,6.0,1111.2,1382.5400000000002,False,False
2025,ESPN preseason-rank proxy,False,82,93250082,11,adp,1,10.0,1306.6600000000003,1593.8600000000001,True,False
2025,ESPN preseason-rank proxy,False,82,93250082,11,target_intel,1,11.0,1229.6,1561.2400000000002,True,True
2025,ESPN preseason-rank proxy,False,82,93250082,11,model_only,12,4.0,971.7200000000001,1359.98,False,False
2025,ESPN preseason-rank proxy,False,83,93250083,12,adp,5,8.0,1197.8,1570.82,True,False
2025,ESPN preseason-rank proxy,False,83,93250083,12,target_intel,2,10.0,1243.3000000000002,1627.54,True,False
2025,ESPN preseason-rank proxy,False,83,93250083,12,model_only,9,6.0,1151.0800000000002,1470.72,False,False
2025,ESPN preseason-rank proxy,False,84,93250084,1,adp,10,4.0,1212.2199999999998,1527.42,False,False
2025,ESPN preseason-rank proxy,False,84,93250084,1,target_intel,11,3.0,1066.18,1387.94,False,False
2025,ESPN preseason-rank proxy,False,84,93250084,1,model_only,7,6.0,1208.72,1526.98,False,False
2025,ESPN preseason-rank proxy,False,85,93250085,2,adp,8,6.0,1175.6799999999998,1644.06,False,False
2025,ESPN preseason-rank proxy,False,85,93250085,2,target_intel,9,5.0,1175.1000000000004,1575.6799999999998,False,False
2025,ESPN preseason-rank proxy,False,85,93250085,2,model_only,3,9.0,1206.34,1453.0200000000002,True,False
2025,ESPN preseason-rank proxy,False,86,93250086,3,adp,6,7.0,1118.7000000000003,1531.44,True,False
2025,ESPN preseason-rank proxy,False,86,93250086,3,target_intel,3,9.0,1211.2400000000002,1420.08,True,True
2025,ESPN preseason-rank proxy,False,86,93250086,3,model_only,3,8.0,1205.26,1431.6,True,False
2025,ESPN preseason-rank proxy,False,87,93250087,4,adp,3,9.0,1218.44,1468.5600000000002,True,True
2025,ESPN preseason-rank proxy,False,87,93250087,4,target_intel,9,6.0,1235.16,1464.2199999999998,False,False
2025,ESPN preseason-rank proxy,False,87,93250087,4,model_only,10,5.0,1177.7,1467.9399999999998,False,False
2025,ESPN preseason-rank proxy,False,88,93250088,5,adp,4,8.0,1125.22,1469.48,True,False
2025,ESPN preseason-rank proxy,False,88,93250088,5,target_intel,2,10.0,1246.46,1605.02,True,False
2025,ESPN preseason-rank proxy,False,88,93250088,5,model_only,5,8.0,1151.82,1412.38,True,False
2025,ESPN preseason-rank proxy,False,89,93250089,6,adp,1,10.0,1286.8799999999999,1688.5800000000002,True,True
2025,ESPN preseason-rank proxy,False,89,93250089,6,target_intel,3,8.0,1262.8200000000002,1571.6800000000003,True,False
2025,ESPN preseason-rank proxy,False,89,93250089,6,model_only,12,3.0,1103.3,1409.9600000000003,False,False
2025,ESPN preseason-rank proxy,False,90,93250090,7,adp,5,7.0,1189.66,1431.8799999999999,True,False
2025,ESPN preseason-rank proxy,False,90,93250090,7,target_intel,5,8.0,1191.72,1603.1999999999998,True,False
2025,ESPN preseason-rank proxy,False,90,93250090,7,model_only,2,9.0,1177.5600000000002,1475.48,True,False
2025,ESPN preseason-rank proxy,False,91,93250091,8,adp,1,10.0,1395.0,1640.9199999999998,True,False
2025,ESPN preseason-rank proxy,False,91,93250091,8,target_intel,12,4.0,1162.7800000000002,1534.22,False,False
2025,ESPN preseason-rank proxy,False,91,93250091,8,model_only,12,4.0,1149.98,1460.8200000000002,False,False
2025,ESPN preseason-rank proxy,False,92,93250092,9,adp,12,4.0,1017.64,1431.22,False,False
2025,ESPN preseason-rank proxy,False,92,93250092,9,target_intel,6,7.0,1201.5200000000002,1474.0,True,False
2025,ESPN preseason-rank proxy,False,92,93250092,9,model_only,12,3.0,1160.8,1416.5200000000002,False,False
2025,ESPN preseason-rank proxy,False,93,93250093,10,adp,6,7.0,1175.64,1611.64,True,False
2025,ESPN preseason-rank proxy,False,93,93250093,10,target_intel,1,11.0,1338.02,1549.4,True,False
2025,ESPN preseason-rank proxy,False,93,93250093,10,model_only,3,9.0,1217.5200000000002,1455.68,True,False
2025,ESPN preseason-rank proxy,False,94,93250094,11,adp,2,9.0,1166.48,1507.42,True,False
2025,ESPN preseason-rank proxy,False,94,93250094,11,target_intel,2,9.0,1224.1000000000001,1412.4,True,False
2025,ESPN preseason-rank proxy,False,94,93250094,11,model_only,5,9.0,1193.8000000000002,1510.6399999999999,True,True
2025,ESPN preseason-rank proxy,False,95,93250095,12,adp,3,8.0,1189.6,1577.2200000000003,True,False
2025,ESPN preseason-rank proxy,False,95,93250095,12,target_intel,3,8.0,1220.0,1521.34,True,True
2025,ESPN preseason-rank proxy,False,95,93250095,12,model_only,3,9.0,1294.6999999999998,1585.14,True,False
2025,ESPN preseason-rank proxy,False,96,93250096,1,adp,4,8.0,1228.42,1556.16,True,False
2025,ESPN preseason-rank proxy,False,96,93250096,1,target_intel,9,6.0,1079.6799999999998,1335.6800000000003,False,False
2025,ESPN preseason-rank proxy,False,96,93250096,1,model_only,7,6.0,1165.6000000000001,1455.68,False,False
2025,ESPN preseason-rank proxy,False,97,93250097,2,adp,7,6.0,1052.2600000000002,1515.36,False,False
2025,ESPN preseason-rank proxy,False,97,93250097,2,target_intel,10,5.0,1126.1,1507.68,False,False
2025,ESPN preseason-rank proxy,False,97,93250097,2,model_only,10,4.0,1097.28,1416.1399999999999,False,False
2025,ESPN preseason-rank proxy,False,98,93250098,3,adp,3,9.0,1205.76,1583.02,True,False
2025,ESPN preseason-rank proxy,False,98,93250098,3,target_intel,2,9.0,1241.3,1604.38,True,False
2025,ESPN preseason-rank proxy,False,98,93250098,3,model_only,1,9.0,1225.46,1491.84,True,False
2025,ESPN preseason-rank proxy,False,99,93250099,4,adp,3,9.0,1230.9,1593.3600000000001,True,True
2025,ESPN preseason-rank proxy,False,99,93250099,4,target_intel,3,9.0,1208.0199999999998,1524.62,True,False
2025,ESPN preseason-rank proxy,False,99,93250099,4,model_only,6,7.0,1153.8,1468.0600000000002,True,False
2025,ESPN preseason-rank proxy,False,100,93250100,5,adp,9,6.0,1238.32,1556.56,False,False
2025,ESPN preseason-rank proxy,False,100,93250100,5,target_intel,5,8.0,1223.58,1583.7200000000003,True,False
2025,ESPN preseason-rank proxy,False,100,93250100,5,model_only,7,7.0,1185.86,1493.3399999999997,False,False
2025,ESPN preseason-rank proxy,False,101,93250101,6,adp,4,9.0,1168.9599999999998,1577.0600000000002,True,False
2025,ESPN preseason-rank proxy,False,101,93250101,6,target_intel,2,9.0,1215.9,1584.6,True,False
2025,ESPN preseason-rank proxy,False,101,93250101,6,model_only,1,11.0,1332.76,1649.8600000000001,True,True
2025,ESPN preseason-rank proxy,False,102,93250102,7,adp,12,4.0,1144.4,1565.5400000000002,False,False
2025,ESPN preseason-rank proxy,False,102,93250102,7,target_intel,4,9.0,1171.1,1466.4600000000003,True,False
2025,ESPN preseason-rank proxy,False,102,93250102,7,model_only,4,9.0,1111.62,1357.3,True,False
2025,ESPN preseason-rank proxy,False,103,93250103,8,adp,9,6.0,1175.88,1669.3000000000002,False,False
2025,ESPN preseason-rank proxy,False,103,93250103,8,target_intel,6,8.0,1103.9199999999998,1509.56,True,False
2025,ESPN preseason-rank proxy,False,103,93250103,8,model_only,4,9.0,1073.18,1437.7199999999998,True,False
2025,ESPN preseason-rank proxy,False,104,93250104,9,adp,2,9.0,1265.2600000000002,1464.7600000000002,True,False
2025,ESPN preseason-rank proxy,False,104,93250104,9,target_intel,6,7.0,1203.6999999999998,1503.1799999999998,True,False
2025,ESPN preseason-rank proxy,False,104,93250104,9,model_only,7,7.0,1107.08,1413.7600000000002,False,False
2025,ESPN preseason-rank proxy,False,105,93250105,10,adp,5,8.0,1387.0200000000002,1618.44,True,False
2025,ESPN preseason-rank proxy,False,105,93250105,10,target_intel,4,8.0,1270.68,1626.3200000000002,True,False
2025,ESPN preseason-rank proxy,False,105,93250105,10,model_only,7,6.0,1161.18,1458.9200000000003,False,False
2025,ESPN preseason-rank proxy,False,106,93250106,11,adp,6,8.0,1202.92,1607.6200000000003,True,False
2025,ESPN preseason-rank proxy,False,106,93250106,11,target_intel,3,8.0,1259.1999999999998,1546.3400000000001,True,False
2025,ESPN preseason-rank proxy,False,106,93250106,11,model_only,3,9.0,1307.58,1563.0200000000002,True,False
2025,ESPN preseason-rank proxy,False,107,93250107,12,adp,7,7.0,1142.7800000000002,1444.8400000000001,False,False
2025,ESPN preseason-rank proxy,False,107,93250107,12,target_intel,3,9.0,1157.9799999999998,1494.82,True,False
2025,ESPN preseason-rank proxy,False,107,93250107,12,model_only,1,10.0,1273.08,1512.0200000000004,True,False
2025,ESPN preseason-rank proxy,False,108,93250108,1,adp,11,5.0,1093.1799999999998,1401.8000000000002,False,False
2025,ESPN preseason-rank proxy,False,108,93250108,1,target_intel,5,8.0,1160.1,1461.1200000000001,True,False
2025,ESPN preseason-rank proxy,False,108,93250108,1,model_only,1,13.0,1190.5200000000002,1453.64,True,False
2025,ESPN preseason-rank proxy,False,109,93250109,2,adp,9,6.0,1275.0600000000002,1548.3,False,False
2025,ESPN preseason-rank proxy,False,109,93250109,2,target_intel,7,6.0,1212.54,1633.06,False,False
2025,ESPN preseason-rank proxy,False,109,93250109,2,model_only,5,9.0,1139.78,1382.4399999999998,True,False
2025,ESPN preseason-rank proxy,False,110,93250110,3,adp,1,10.0,1130.9199999999998,1480.7800000000004,True,False
2025,ESPN preseason-rank proxy,False,110,93250110,3,target_intel,6,8.0,1242.18,1522.1,True,False
2025,ESPN preseason-rank proxy,False,110,93250110,3,model_only,5,8.0,1181.7400000000002,1476.42,True,False
2025,ESPN preseason-rank proxy,False,111,93250111,4,adp,7,7.0,1065.2599999999998,1473.36,False,False
2025,ESPN preseason-rank proxy,False,111,93250111,4,target_intel,7,7.0,1183.8200000000002,1439.88,False,False
2025,ESPN preseason-rank proxy,False,111,93250111,4,model_only,11,5.0,1142.52,1459.0800000000002,False,False
2025,ESPN preseason-rank proxy,False,112,93250112,5,adp,4,8.0,1208.44,1497.4800000000002,True,False
2025,ESPN preseason-rank proxy,False,112,93250112,5,target_intel,2,9.0,1222.7800000000002,1517.3000000000004,True,False
2025,ESPN preseason-rank proxy,False,112,93250112,5,model_only,2,9.0,1209.06,1492.8400000000001,True,False
2025,ESPN preseason-rank proxy,False,113,93250113,6,adp,1,9.0,1248.44,1613.8200000000002,True,False
2025,ESPN preseason-rank proxy,False,113,93250113,6,target_intel,3,9.0,1108.48,1532.02,True,False
2025,ESPN preseason-rank proxy,False,113,93250113,6,model_only,8,7.0,1150.06,1421.04,False,False
2025,ESPN preseason-rank proxy,False,114,93250114,7,adp,6,7.0,1236.88,1556.44,True,False
2025,ESPN preseason-rank proxy,False,114,93250114,7,target_intel,4,8.0,1220.2200000000003,1522.58,True,False
2025,ESPN preseason-rank proxy,False,114,93250114,7,model_only,1,9.0,1269.7999999999997,1579.86,True,False
2025,ESPN preseason-rank proxy,False,115,93250115,8,adp,11,5.0,1167.6200000000001,1469.4200000000003,False,False
2025,ESPN preseason-rank proxy,False,115,93250115,8,target_intel,6,7.0,1264.42,1560.88,True,False
2025,ESPN preseason-rank proxy,False,115,93250115,8,model_only,10,5.0,1105.66,1423.1,False,False
2025,ESPN preseason-rank proxy,False,116,93250116,9,adp,4,8.0,1318.22,1618.2199999999998,True,False
2025,ESPN preseason-rank proxy,False,116,93250116,9,target_intel,4,8.0,1136.1200000000003,1422.78,True,False
2025,ESPN preseason-rank proxy,False,116,93250116,9,model_only,6,8.0,1147.1799999999998,1453.6200000000003,True,False
2025,ESPN preseason-rank proxy,False,117,93250117,10,adp,5,8.0,1290.14,1583.0600000000002,True,False
2025,ESPN preseason-rank proxy,False,117,93250117,10,target_intel,7,7.0,1228.7000000000003,1488.0400000000002,False,False
2025,ESPN preseason-rank proxy,False,117,93250117,10,model_only,5,8.0,1188.8999999999999,1520.04,True,False
2025,ESPN preseason-rank proxy,False,118,93250118,11,adp,12,5.0,1066.6599999999999,1382.72,False,False
2025,ESPN preseason-rank proxy,False,118,93250118,11,target_intel,8,7.0,1095.78,1442.42,False,False
2025,ESPN preseason-rank proxy,False,118,93250118,11,model_only,12,4.0,1057.7,1371.6399999999999,False,False
2025,ESPN preseason-rank proxy,False,119,93250119,12,adp,4,9.0,1319.9,1636.86,True,False
2025,ESPN preseason-rank proxy,False,119,93250119,12,target_intel,6,7.0,1240.5,1631.54,True,False
2025,ESPN preseason-rank proxy,False,119,93250119,12,model_only,9,6.0,1147.9,1444.8400000000001,False,False
2025,ESPN preseason-rank proxy,False,120,93250120,1,adp,11,5.0,1056.4599999999998,1460.92,False,False
2025,ESPN preseason-rank proxy,False,120,93250120,1,target_intel,10,4.0,1084.7,1438.3,False,False
2025,ESPN preseason-rank proxy,False,120,93250120,1,model_only,5,8.0,1181.3200000000002,1407.2800000000002,True,False
2025,ESPN preseason-rank proxy,False,121,93250121,2,adp,1,9.0,1174.6200000000001,1530.4,True,False
2025,ESPN preseason-rank proxy,False,121,93250121,2,target_intel,8,7.0,1172.8400000000001,1529.9999999999998,False,False
2025,ESPN preseason-rank proxy,False,121,93250121,2,model_only,2,10.0,1175.78,1417.6799999999998,True,False
2025,ESPN preseason-rank proxy,False,122,93250122,3,adp,5,8.0,1259.6199999999997,1632.7,True,False
2025,ESPN preseason-rank proxy,False,122,93250122,3,target_intel,2,9.0,1210.48,1571.46,True,False
2025,ESPN preseason-rank proxy,False,122,93250122,3,model_only,2,10.0,1255.4,1509.9799999999998,True,False
2025,ESPN preseason-rank proxy,False,123,93250123,4,adp,5,8.0,1136.3000000000002,1454.14,True,False
2025,ESPN preseason-rank proxy,False,123,93250123,4,target_intel,5,7.0,1172.66,1550.92,True,False
2025,ESPN preseason-rank proxy,False,123,93250123,4,model_only,11,5.0,1130.6,1427.2599999999998,False,False
2025,ESPN preseason-rank proxy,False,124,93250124,5,adp,6,7.0,1090.3600000000001,1391.66,True,False
2025,ESPN preseason-rank proxy,False,124,93250124,5,target_intel,5,8.0,1120.3999999999999,1532.1800000000003,True,False
2025,ESPN preseason-rank proxy,False,124,93250124,5,model_only,7,7.0,1180.6,1470.0600000000002,False,False
2025,ESPN preseason-rank proxy,False,125,93250125,6,adp,5,7.0,1174.5200000000002,1550.9199999999998,True,False
2025,ESPN preseason-rank proxy,False,125,93250125,6,target_intel,4,8.0,1183.8200000000002,1418.76,True,True
2025,ESPN preseason-rank proxy,False,125,93250125,6,model_only,8,7.0,1151.3799999999999,1462.5600000000002,False,False
2025,ESPN preseason-rank proxy,False,126,93250126,7,adp,3,8.0,1330.0,1706.84,True,True
2025,ESPN preseason-rank proxy,False,126,93250126,7,target_intel,3,8.0,1224.0,1693.6399999999999,True,False
2025,ESPN preseason-rank proxy,False,126,93250126,7,model_only,10,5.0,1181.6000000000001,1547.8400000000004,False,False
2025,ESPN preseason-rank proxy,False,127,93250127,8,adp,1,9.0,1340.1,1681.74,True,True
2025,ESPN preseason-rank proxy,False,127,93250127,8,target_intel,10,5.0,1079.88,1394.5200000000002,False,False
2025,ESPN preseason-rank proxy,False,127,93250127,8,model_only,7,7.0,1144.2,1436.0999999999997,False,False
2025,ESPN preseason-rank proxy,False,128,93250128,9,adp,11,6.0,1220.9,1552.54,False,False
2025,ESPN preseason-rank proxy,False,128,93250128,9,target_intel,4,7.0,1361.92,1727.1399999999999,True,False
2025,ESPN preseason-rank proxy,False,128,93250128,9,model_only,3,8.0,1317.02,1532.5800000000002,True,False
2025,ESPN preseason-rank proxy,False,129,93250129,10,adp,6,7.0,1304.1399999999999,1642.22,True,False
2025,ESPN preseason-rank proxy,False,129,93250129,10,target_intel,5,7.0,1238.7,1688.4399999999998,True,False
2025,ESPN preseason-rank proxy,False,129,93250129,10,model_only,2,9.0,1148.48,1476.1200000000001,True,True
2025,ESPN preseason-rank proxy,False,130,93250130,11,adp,3,9.0,1165.56,1453.0,True,False
2025,ESPN preseason-rank proxy,False,130,93250130,11,target_intel,4,8.0,1189.0,1617.7400000000002,True,False
2025,ESPN preseason-rank proxy,False,130,93250130,11,model_only,3,8.0,1248.0,1523.54,True,False
2025,ESPN preseason-rank proxy,False,131,93250131,12,adp,2,9.0,1304.46,1632.8600000000001,True,False
2025,ESPN preseason-rank proxy,False,131,93250131,12,target_intel,4,8.0,1247.2,1610.3399999999997,True,False
2025,ESPN preseason-rank proxy,False,131,93250131,12,model_only,3,9.0,1206.4,1534.44,True,False
2025,ESPN preseason-rank proxy,False,132,93250132,1,adp,7,6.0,1205.66,1567.2,False,False
2025,ESPN preseason-rank proxy,False,132,93250132,1,target_intel,6,7.0,1206.16,1525.84,True,False
2025,ESPN preseason-rank proxy,False,132,93250132,1,model_only,10,4.0,1136.1599999999999,1429.8000000000002,False,False
2025,ESPN preseason-rank proxy,False,133,93250133,2,adp,5,7.0,1173.44,1512.04,True,False
2025,ESPN preseason-rank proxy,False,133,93250133,2,target_intel,4,7.0,1189.52,1449.18,True,False
2025,ESPN preseason-rank proxy,False,133,93250133,2,model_only,7,6.0,1137.78,1409.8600000000001,False,False
2025,ESPN preseason-rank proxy,False,134,93250134,3,adp,3,8.0,1195.2400000000002,1595.0400000000004,True,False
2025,ESPN preseason-rank proxy,False,134,93250134,3,target_intel,10,5.0,1090.84,1442.1400000000003,False,False
2025,ESPN preseason-rank proxy,False,134,93250134,3,model_only,1,10.0,1181.3400000000004,1441.1200000000003,True,False
2025,ESPN preseason-rank proxy,False,135,93250135,4,adp,6,7.0,1182.54,1571.44,True,True
2025,ESPN preseason-rank proxy,False,135,93250135,4,target_intel,4,8.0,1301.12,1592.14,True,False
2025,ESPN preseason-rank proxy,False,135,93250135,4,model_only,3,9.0,1216.42,1477.1799999999998,True,False
2025,ESPN preseason-rank proxy,False,136,93250136,5,adp,10,6.0,1084.76,1373.2199999999998,False,False
2025,ESPN preseason-rank proxy,False,136,93250136,5,target_intel,10,5.0,1148.4,1468.3799999999999,False,False
2025,ESPN preseason-rank proxy,False,136,93250136,5,model_only,6,7.0,1223.2800000000002,1524.28,True,False
2025,ESPN preseason-rank proxy,False,137,93250137,6,adp,4,9.0,1205.42,1644.28,True,False
2025,ESPN preseason-rank proxy,False,137,93250137,6,target_intel,10,5.0,1142.2,1566.56,False,False
2025,ESPN preseason-rank proxy,False,137,93250137,6,model_only,4,8.0,1212.4,1466.9599999999998,True,False
2025,ESPN preseason-rank proxy,False,138,93250138,7,adp,10,5.0,1210.36,1503.4600000000005,False,False
2025,ESPN preseason-rank proxy,False,138,93250138,7,target_intel,8,6.0,1248.6,1549.94,False,False
2025,ESPN preseason-rank proxy,False,138,93250138,7,model_only,9,5.0,1149.5200000000002,1446.3600000000001,False,False
2025,ESPN preseason-rank proxy,False,139,93250139,8,adp,8,6.0,1151.94,1489.8200000000002,False,False
2025,ESPN preseason-rank proxy,False,139,93250139,8,target_intel,6,7.0,1219.78,1573.36,True,False
2025,ESPN preseason-rank proxy,False,139,93250139,8,model_only,4,8.0,1258.2,1577.46,True,False
2025,ESPN preseason-rank proxy,False,140,93250140,9,adp,3,9.0,1292.6000000000001,1669.38,True,False
2025,ESPN preseason-rank proxy,False,140,93250140,9,target_intel,5,7.0,1215.6999999999998,1568.3400000000004,True,True
2025,ESPN preseason-rank proxy,False,140,93250140,9,model_only,9,6.0,1203.5,1519.44,False,False
2025,ESPN preseason-rank proxy,False,141,93250141,10,adp,4,8.0,1130.2,1509.04,True,False
2025,ESPN preseason-rank proxy,False,141,93250141,10,target_intel,3,8.0,1222.22,1568.2600000000002,True,False
2025,ESPN preseason-rank proxy,False,141,93250141,10,model_only,12,3.0,1035.02,1329.0800000000002,False,False
2025,ESPN preseason-rank proxy,False,142,93250142,11,adp,2,9.0,1372.3600000000001,1761.4,True,False
2025,ESPN preseason-rank proxy,False,142,93250142,11,target_intel,3,9.0,1217.84,1506.32,True,False
2025,ESPN preseason-rank proxy,False,142,93250142,11,model_only,3,9.0,1122.72,1365.58,True,False
2025,ESPN preseason-rank proxy,False,143,93250143,12,adp,11,4.0,1040.5600000000002,1395.26,False,False
2025,ESPN preseason-rank proxy,False,143,93250143,12,target_intel,11,4.0,1116.0,1485.6400000000003,False,False
2025,ESPN preseason-rank proxy,False,143,93250143,12,model_only,12,1.0,1096.6,1390.84,False,False
2025,ESPN preseason-rank proxy,False,144,93250144,1,adp,6,7.0,1253.76,1619.44,True,False
2025,ESPN preseason-rank proxy,False,144,93250144,1,target_intel,8,7.0,1167.88,1532.7600000000002,False,False
2025,ESPN preseason-rank proxy,False,144,93250144,1,model_only,10,5.0,1112.42,1457.38,False,False
2025,ESPN preseason-rank proxy,False,145,93250145,2,adp,2,10.0,1227.5000000000002,1528.7399999999998,True,False
2025,ESPN preseason-rank proxy,False,145,93250145,2,target_intel,6,7.0,1156.08,1419.18,True,False
2025,ESPN preseason-rank proxy,False,145,93250145,2,model_only,9,6.0,1133.88,1336.78,False,False
2025,ESPN preseason-rank proxy,False,146,93250146,3,adp,12,5.0,1142.82,1493.24,False,False
2025,ESPN preseason-rank proxy,False,146,93250146,3,target_intel,11,5.0,1182.8000000000002,1484.18,False,False
2025,ESPN preseason-rank proxy,False,146,93250146,3,model_only,6,7.0,1252.08,1541.96,True,False
2025,ESPN preseason-rank proxy,False,147,93250147,4,adp,9,6.0,1126.8400000000001,1501.74,False,False
2025,ESPN preseason-rank proxy,False,147,93250147,4,target_intel,6,7.0,1209.7199999999998,1534.2799999999997,True,False
2025,ESPN preseason-rank proxy,False,147,93250147,4,model_only,3,9.0,1104.78,1450.9400000000003,True,False
2025,ESPN preseason-rank proxy,False,148,93250148,5,adp,10,5.0,965.74,1325.44,False,False
2025,ESPN preseason-rank proxy,False,148,93250148,5,target_intel,4,8.0,1213.8000000000002,1442.9,True,False
2025,ESPN preseason-rank proxy,False,148,93250148,5,model_only,2,10.0,1216.8999999999999,1537.26,True,True
2025,ESPN preseason-rank proxy,False,149,93250149,6,adp,3,9.0,1408.4399999999998,1693.4400000000005,True,False
2025,ESPN preseason-rank proxy,False,149,93250149,6,target_intel,4,8.0,1177.2,1481.04,True,False
2025,ESPN preseason-rank proxy,False,149,93250149,6,model_only,7,6.0,1073.48,1412.72,False,False
2025,ESPN preseason-rank proxy,False,150,93250150,7,adp,5,8.0,1255.6200000000001,1538.28,True,False
2025,ESPN preseason-rank proxy,False,150,93250150,7,target_intel,1,12.0,1390.0,1726.3400000000001,True,True
2025,ESPN preseason-rank proxy,False,150,93250150,7,model_only,3,8.0,1207.3000000000002,1483.26,True,False
2025,ESPN preseason-rank proxy,False,151,93250151,8,adp,2,10.0,1272.06,1636.22,True,False
2025,ESPN preseason-rank proxy,False,151,93250151,8,target_intel,10,6.0,1038.3000000000002,1381.88,False,False
2025,ESPN preseason-rank proxy,False,151,93250151,8,model_only,11,6.0,1051.9199999999998,1329.78,False,False
2025,ESPN preseason-rank proxy,False,152,93250152,9,adp,7,7.0,1170.32,1477.46,False,False
2025,ESPN preseason-rank proxy,False,152,93250152,9,target_intel,6,7.0,1298.8,1691.24,True,False
2025,ESPN preseason-rank proxy,False,152,93250152,9,model_only,5,7.0,1301.5,1554.24,True,False
2025,ESPN preseason-rank proxy,False,153,93250153,10,adp,4,8.0,1359.4400000000003,1657.5600000000002,True,False
2025,ESPN preseason-rank proxy,False,153,93250153,10,target_intel,7,7.0,1209.8799999999999,1573.96,False,False
2025,ESPN preseason-rank proxy,False,153,93250153,10,model_only,5,7.0,1210.1000000000001,1471.1599999999999,True,False
2025,ESPN preseason-rank proxy,False,154,93250154,11,adp,2,9.0,1317.28,1645.64,True,False
2025,ESPN preseason-rank proxy,False,154,93250154,11,target_intel,6,6.0,1270.52,1580.0799999999997,True,False
2025,ESPN preseason-rank proxy,False,154,93250154,11,model_only,12,3.0,991.4199999999998,1238.78,False,False
2025,ESPN preseason-rank proxy,False,155,93250155,12,adp,3,10.0,1177.8400000000001,1558.6200000000003,True,False
2025,ESPN preseason-rank proxy,False,155,93250155,12,target_intel,2,9.0,1316.62,1680.36,True,False
2025,ESPN preseason-rank proxy,False,155,93250155,12,model_only,3,9.0,1238.0,1542.3400000000004,True,False
2025,ESPN preseason-rank proxy,False,156,93250156,1,adp,11,5.0,1071.96,1399.9599999999998,False,False
2025,ESPN preseason-rank proxy,False,156,93250156,1,target_intel,8,6.0,1198.9399999999998,1389.1800000000003,False,False
2025,ESPN preseason-rank proxy,False,156,93250156,1,model_only,10,6.0,1103.6000000000001,1422.98,False,False
2025,ESPN preseason-rank proxy,False,157,93250157,2,adp,12,5.0,1078.58,1481.8199999999997,False,False
2025,ESPN preseason-rank proxy,False,157,93250157,2,target_intel,1,9.0,1338.8,1603.8800000000003,True,False
2025,ESPN preseason-rank proxy,False,157,93250157,2,model_only,5,7.0,1220.2600000000002,1543.0,True,False
2025,ESPN preseason-rank proxy,False,158,93250158,3,adp,10,5.0,1176.3999999999999,1605.9999999999998,False,False
2025,ESPN preseason-rank proxy,False,158,93250158,3,target_intel,6,8.0,1142.3600000000004,1387.84,True,False
2025,ESPN preseason-rank proxy,False,158,93250158,3,model_only,10,5.0,1146.36,1451.5199999999998,False,False
2025,ESPN preseason-rank proxy,False,159,93250159,4,adp,6,7.0,1219.72,1580.52,True,False
2025,ESPN preseason-rank proxy,False,159,93250159,4,target_intel,11,5.0,1054.82,1306.34,False,False
2025,ESPN preseason-rank proxy,False,159,93250159,4,model_only,10,5.0,1122.48,1378.46,False,False
2025,ESPN preseason-rank proxy,False,160,93250160,5,adp,3,9.0,1330.4,1661.4,True,False
2025,ESPN preseason-rank proxy,False,160,93250160,5,target_intel,3,8.0,1278.8799999999999,1596.4,True,False
2025,ESPN preseason-rank proxy,False,160,93250160,5,model_only,1,11.0,1234.1000000000001,1503.7800000000002,True,False
2025,ESPN preseason-rank proxy,False,161,93250161,6,adp,10,5.0,1024.02,1315.5400000000002,False,False
2025,ESPN preseason-rank proxy,False,161,93250161,6,target_intel,4,7.0,1219.72,1504.56,True,False
2025,ESPN preseason-rank proxy,False,161,93250161,6,model_only,8,6.0,1250.6800000000003,1523.2600000000002,False,False
2025,ESPN preseason-rank proxy,False,162,93250162,7,adp,8,6.0,1216.4399999999998,1581.32,False,False
2025,ESPN preseason-rank proxy,False,162,93250162,7,target_intel,1,10.0,1290.3200000000002,1709.52,True,True
2025,ESPN preseason-rank proxy,False,162,93250162,7,model_only,5,7.0,1279.68,1592.5600000000002,True,False
2025,ESPN preseason-rank proxy,False,163,93250163,8,adp,5,7.0,1372.1000000000001,1652.4800000000002,True,True
2025,ESPN preseason-rank proxy,False,163,93250163,8,target_intel,12,4.0,1091.0,1447.44,False,False
2025,ESPN preseason-rank proxy,False,163,93250163,8,model_only,10,6.0,1137.08,1475.32,False,False
2025,ESPN preseason-rank proxy,False,164,93250164,9,adp,7,7.0,1077.38,1461.0600000000002,False,False
2025,ESPN preseason-rank proxy,False,164,93250164,9,target_intel,7,7.0,1139.32,1509.68,False,False
2025,ESPN preseason-rank proxy,False,164,93250164,9,model_only,7,6.0,1185.3000000000002,1449.3600000000004,False,False
2025,ESPN preseason-rank proxy,False,165,93250165,10,adp,1,10.0,1368.4399999999998,1646.92,True,False
2025,ESPN preseason-rank proxy,False,165,93250165,10,target_intel,1,10.0,1175.9,1513.74,True,False
2025,ESPN preseason-rank proxy,False,165,93250165,10,model_only,8,7.0,1146.8800000000003,1474.6200000000001,False,False
2025,ESPN preseason-rank proxy,False,166,93250166,11,adp,6,7.0,1250.1600000000003,1600.0400000000002,True,False
2025,ESPN preseason-rank proxy,False,166,93250166,11,target_intel,11,5.0,1085.9000000000003,1383.6799999999998,False,False
2025,ESPN preseason-rank proxy,False,166,93250166,11,model_only,9,6.0,1100.86,1397.6,False,False
2025,ESPN preseason-rank proxy,False,167,93250167,12,adp,6,7.0,1256.92,1619.74,True,False
2025,ESPN preseason-rank proxy,False,167,93250167,12,target_intel,1,11.0,1353.7400000000002,1588.1,True,False
2025,ESPN preseason-rank proxy,False,167,93250167,12,model_only,2,10.0,1288.26,1585.2,True,False
2025,ESPN preseason-rank proxy,False,168,93250168,1,adp,11,5.0,1116.3400000000001,1398.88,False,False
2025,ESPN preseason-rank proxy,False,168,93250168,1,target_intel,5,8.0,1209.0400000000002,1644.36,True,False
2025,ESPN preseason-rank proxy,False,168,93250168,1,model_only,5,8.0,1145.42,1404.3600000000001,True,False
2025,ESPN preseason-rank proxy,False,169,93250169,2,adp,10,6.0,1080.16,1491.8200000000002,False,False
2025,ESPN preseason-rank proxy,False,169,93250169,2,target_intel,5,8.0,1191.8400000000001,1452.8000000000002,True,False
2025,ESPN preseason-rank proxy,False,169,93250169,2,model_only,10,6.0,1085.1799999999998,1445.48,False,False
2025,ESPN preseason-rank proxy,False,170,93250170,3,adp,8,6.0,1202.2000000000003,1585.92,False,False
2025,ESPN preseason-rank proxy,False,170,93250170,3,target_intel,5,8.0,1106.8799999999999,1474.52,True,False
2025,ESPN preseason-rank proxy,False,170,93250170,3,model_only,4,8.0,1183.78,1472.1999999999998,True,False
2025,ESPN preseason-rank proxy,False,171,93250171,4,adp,1,11.0,1319.52,1754.3,True,False
2025,ESPN preseason-rank proxy,False,171,93250171,4,target_intel,2,10.0,1275.38,1546.8600000000001,True,True
2025,ESPN preseason-rank proxy,False,171,93250171,4,model_only,3,9.0,1193.98,1453.6600000000003,True,False
2025,ESPN preseason-rank proxy,False,172,93250172,5,adp,11,5.0,1098.06,1460.36,False,False
2025,ESPN preseason-rank proxy,False,172,93250172,5,target_intel,5,7.0,1237.08,1657.22,True,False
2025,ESPN preseason-rank proxy,False,172,93250172,5,model_only,7,7.0,1189.2199999999998,1412.3400000000001,False,False
2025,ESPN preseason-rank proxy,False,173,93250173,6,adp,2,10.0,1360.8,1697.3799999999999,True,False
2025,ESPN preseason-rank proxy,False,173,93250173,6,target_intel,1,12.0,1291.7000000000003,1661.68,True,False
2025,ESPN preseason-rank proxy,False,173,93250173,6,model_only,7,7.0,1190.9,1499.5600000000002,False,False
2025,ESPN preseason-rank proxy,False,174,93250174,7,adp,3,8.0,1257.8000000000002,1510.4199999999998,True,False
2025,ESPN preseason-rank proxy,False,174,93250174,7,target_intel,4,8.0,1276.1799999999998,1641.0600000000004,True,False
2025,ESPN preseason-rank proxy,False,174,93250174,7,model_only,2,10.0,1258.28,1552.56,True,False
2025,ESPN preseason-rank proxy,False,175,93250175,8,adp,2,10.0,1191.8600000000001,1478.8600000000001,True,True
2025,ESPN preseason-rank proxy,False,175,93250175,8,target_intel,3,9.0,1235.8,1646.4800000000002,True,False
2025,ESPN preseason-rank proxy,False,175,93250175,8,model_only,8,7.0,1090.02,1388.68,False,False
2025,ESPN preseason-rank proxy,False,176,93250176,9,adp,8,6.0,1282.3,1511.9,False,False
2025,ESPN preseason-rank proxy,False,176,93250176,9,target_intel,5,7.0,1308.2999999999997,1674.7199999999998,True,True
2025,ESPN preseason-rank proxy,False,176,93250176,9,model_only,3,8.0,1193.8999999999999,1485.26,True,True
2025,ESPN preseason-rank proxy,False,177,93250177,10,adp,3,10.0,1180.3200000000002,1569.0600000000002,True,False
2025,ESPN preseason-rank proxy,False,177,93250177,10,target_intel,9,7.0,1215.6000000000001,1594.64,False,False
2025,ESPN preseason-rank proxy,False,177,93250177,10,model_only,6,8.0,1197.5000000000002,1519.3400000000001,True,False
2025,ESPN preseason-rank proxy,False,178,93250178,11,adp,6,7.0,1164.38,1537.0800000000002,True,False
2025,ESPN preseason-rank proxy,False,178,93250178,11,target_intel,9,6.0,1191.3400000000001,1440.8400000000001,False,False
2025,ESPN preseason-rank proxy,False,178,93250178,11,model_only,12,4.0,1171.8200000000002,1436.18,False,False
2025,ESPN preseason-rank proxy,False,179,93250179,12,adp,10,5.0,1145.1200000000001,1578.9,False,False
2025,ESPN preseason-rank proxy,False,179,93250179,12,target_intel,10,5.0,1176.5,1542.74,False,False
2025,ESPN preseason-rank proxy,False,179,93250179,12,model_only,7,6.0,1204.2,1598.5199999999998,False,False
2025,ESPN preseason-rank proxy,False,180,93250180,1,adp,9,6.0,1154.28,1463.0600000000002,False,False
2025,ESPN preseason-rank proxy,False,180,93250180,1,target_intel,4,8.0,1309.6999999999998,1615.2600000000002,True,False
2025,ESPN preseason-rank proxy,False,180,93250180,1,model_only,2,11.0,1254.22,1514.2400000000002,True,False
2025,ESPN preseason-rank proxy,False,181,93250181,2,adp,4,8.0,1190.42,1535.52,True,False
2025,ESPN preseason-rank proxy,False,181,93250181,2,target_intel,7,7.0,1086.3999999999999,1423.76,False,False
2025,ESPN preseason-rank proxy,False,181,93250181,2,model_only,4,8.0,1096.6200000000001,1490.1999999999998,True,False
2025,ESPN preseason-rank proxy,False,182,93250182,3,adp,5,7.0,1253.66,1612.3799999999999,True,False
2025,ESPN preseason-rank proxy,False,182,93250182,3,target_intel,6,7.0,1222.6200000000001,1504.4,True,False
2025,ESPN preseason-rank proxy,False,182,93250182,3,model_only,6,7.0,1126.04,1436.6399999999999,True,False
2025,ESPN preseason-rank proxy,False,183,93250183,4,adp,4,9.0,1207.52,1521.14,True,False
2025,ESPN preseason-rank proxy,False,183,93250183,4,target_intel,11,5.0,1167.3000000000002,1634.04,False,False
2025,ESPN preseason-rank proxy,False,183,93250183,4,model_only,7,7.0,1252.82,1518.72,False,False
2025,ESPN preseason-rank proxy,False,184,93250184,5,adp,6,7.0,1271.36,1565.5800000000002,True,False
2025,ESPN preseason-rank proxy,False,184,93250184,5,target_intel,10,6.0,1268.4199999999998,1519.3,False,False
2025,ESPN preseason-rank proxy,False,184,93250184,5,model_only,4,8.0,1258.7800000000002,1525.3600000000004,True,False
2025,ESPN preseason-rank proxy,False,185,93250185,6,adp,3,9.0,1324.8200000000002,1598.02,True,True
2025,ESPN preseason-rank proxy,False,185,93250185,6,target_intel,4,8.0,1208.58,1565.6799999999998,True,False
2025,ESPN preseason-rank proxy,False,185,93250185,6,model_only,4,8.0,1150.6400000000003,1435.6799999999998,True,False
2025,ESPN preseason-rank proxy,False,186,93250186,7,adp,2,11.0,1315.06,1653.5800000000002,True,True
2025,ESPN preseason-rank proxy,False,186,93250186,7,target_intel,2,9.0,1217.52,1550.4799999999998,True,False
2025,ESPN preseason-rank proxy,False,186,93250186,7,model_only,9,5.0,1145.8,1429.0600000000002,False,False
2025,ESPN preseason-rank proxy,False,187,93250187,8,adp,2,9.0,1294.9600000000005,1585.5000000000002,True,False
2025,ESPN preseason-rank proxy,False,187,93250187,8,target_intel,6,7.0,1108.38,1451.6200000000001,True,False
2025,ESPN preseason-rank proxy,False,187,93250187,8,model_only,4,8.0,1185.2,1426.54,True,False
2025,ESPN preseason-rank proxy,False,188,93250188,9,adp,3,8.0,1238.2800000000002,1523.66,True,False
2025,ESPN preseason-rank proxy,False,188,93250188,9,target_intel,9,6.0,1118.7200000000003,1359.98,False,False
2025,ESPN preseason-rank proxy,False,188,93250188,9,model_only,5,8.0,1111.1,1418.56,True,False
2025,ESPN preseason-rank proxy,False,189,93250189,10,adp,7,7.0,1196.3800000000003,1540.7800000000002,False,False
2025,ESPN preseason-rank proxy,False,189,93250189,10,target_intel,6,7.0,1172.1200000000001,1586.0599999999995,True,True
2025,ESPN preseason-rank proxy,False,189,93250189,10,model_only,5,8.0,1173.1800000000003,1531.6200000000001,True,False
2025,ESPN preseason-rank proxy,False,190,93250190,11,adp,8,6.0,1143.14,1470.64,False,False
2025,ESPN preseason-rank proxy,False,190,93250190,11,target_intel,8,6.0,1149.7,1465.44,False,False
2025,ESPN preseason-rank proxy,False,190,93250190,11,model_only,2,9.0,1273.32,1502.78,True,False
2025,ESPN preseason-rank proxy,False,191,93250191,12,adp,12,2.0,998.46,1390.52,False,False
2025,ESPN preseason-rank proxy,False,191,93250191,12,target_intel,4,8.0,1271.1,1634.24,True,False
2025,ESPN preseason-rank proxy,False,191,93250191,12,model_only,6,7.0,1220.7,1517.54,True,False
2025,ESPN preseason-rank proxy,False,192,93250192,1,adp,2,9.0,1224.7800000000002,1647.9199999999998,True,True
2025,ESPN preseason-rank proxy,False,192,93250192,1,target_intel,10,5.0,1030.3400000000001,1383.3000000000002,False,False
2025,ESPN preseason-rank proxy,False,192,93250192,1,model_only,4,9.0,1145.64,1423.8199999999997,True,False
2025,ESPN preseason-rank proxy,False,193,93250193,2,adp,1,11.0,1291.12,1603.78,True,False
2025,ESPN preseason-rank proxy,False,193,93250193,2,target_intel,6,7.0,1190.3000000000002,1462.1200000000001,True,False
2025,ESPN preseason-rank proxy,False,193,93250193,2,model_only,7,7.0,1189.0200000000002,1461.86,False,False
2025,ESPN preseason-rank proxy,False,194,93250194,3,adp,3,9.0,1239.4600000000003,1572.0800000000002,True,False
2025,ESPN preseason-rank proxy,False,194,93250194,3,target_intel,5,8.0,1192.14,1491.0200000000002,True,False
2025,ESPN preseason-rank proxy,False,194,93250194,3,model_only,4,8.0,1177.28,1460.0600000000002,True,False
2025,ESPN preseason-rank proxy,False,195,93250195,4,adp,3,8.0,1279.5400000000002,1678.56,True,False
2025,ESPN preseason-rank proxy,False,195,93250195,4,target_intel,5,8.0,1112.3000000000002,1442.0,True,False
2025,ESPN preseason-rank proxy,False,195,93250195,4,model_only,4,9.0,1097.78,1450.3599999999997,True,True
2025,ESPN preseason-rank proxy,False,196,93250196,5,adp,9,6.0,1172.78,1572.96,False,False
2025,ESPN preseason-rank proxy,False,196,93250196,5,target_intel,7,7.0,1203.6200000000001,1579.5000000000002,False,False
2025,ESPN preseason-rank proxy,False,196,93250196,5,model_only,1,10.0,1183.74,1472.9200000000003,True,False
2025,ESPN preseason-rank proxy,False,197,93250197,6,adp,1,11.0,1256.5000000000002,1578.7999999999997,True,True
2025,ESPN preseason-rank proxy,False,197,93250197,6,target_intel,4,8.0,1259.2,1619.3400000000001,True,False
2025,ESPN preseason-rank proxy,False,197,93250197,6,model_only,2,10.0,1298.2999999999997,1548.3799999999999,True,False
2025,ESPN preseason-rank proxy,False,198,93250198,7,adp,4,8.0,1237.2,1580.64,True,False
2025,ESPN preseason-rank proxy,False,198,93250198,7,target_intel,3,9.0,1238.0200000000002,1577.48,True,False
2025,ESPN preseason-rank proxy,False,198,93250198,7,model_only,2,10.0,1243.4,1536.0600000000002,True,False
2025,ESPN preseason-rank proxy,False,199,93250199,8,adp,2,10.0,1252.76,1541.86,True,True
2025,ESPN preseason-rank proxy,False,199,93250199,8,target_intel,2,9.0,1225.52,1555.2,True,False
2025,ESPN preseason-rank proxy,False,199,93250199,8,model_only,6,7.0,1153.9199999999998,1423.9799999999998,True,False
2025,ESPN preseason-rank proxy,False,200,93250200,9,adp,6,7.0,1218.7,1483.38,True,False
2025,ESPN preseason-rank proxy,False,200,93250200,9,target_intel,4,8.0,1282.1799999999998,1666.92,True,False
2025,ESPN preseason-rank proxy,False,200,93250200,9,model_only,3,8.0,1278.18,1565.3199999999997,True,False
2025,ESPN preseason-rank proxy,False,201,93250201,10,adp,2,8.0,1278.3,1580.1000000000001,True,False
2025,ESPN preseason-rank proxy,False,201,93250201,10,target_intel,7,7.0,1167.7000000000003,1467.1599999999999,False,False
2025,ESPN preseason-rank proxy,False,201,93250201,10,model_only,1,9.0,1276.5200000000002,1566.8799999999997,True,False
2025,ESPN preseason-rank proxy,False,202,93250202,11,adp,10,5.0,1197.5,1464.4199999999998,False,False
2025,ESPN preseason-rank proxy,False,202,93250202,11,target_intel,7,7.0,1099.2,1511.54,False,False
2025,ESPN preseason-rank proxy,False,202,93250202,11,model_only,3,8.0,1159.22,1480.28,True,False
2025,ESPN preseason-rank proxy,False,203,93250203,12,adp,5,8.0,1224.0000000000002,1536.9599999999998,True,False
2025,ESPN preseason-rank proxy,False,203,93250203,12,target_intel,5,7.0,1223.6000000000001,1617.14,True,False
2025,ESPN preseason-rank proxy,False,203,93250203,12,model_only,7,7.0,1233.3999999999999,1486.74,False,False
2025,ESPN preseason-rank proxy,False,204,93250204,1,adp,10,5.0,1204.6000000000001,1453.3400000000001,False,False
2025,ESPN preseason-rank proxy,False,204,93250204,1,target_intel,3,10.0,1147.26,1488.8200000000002,True,False
2025,ESPN preseason-rank proxy,False,204,93250204,1,model_only,4,8.0,1241.1000000000001,1491.8800000000003,True,False
2025,ESPN preseason-rank proxy,False,205,93250205,2,adp,8,6.0,1122.5400000000002,1422.92,False,False
2025,ESPN preseason-rank proxy,False,205,93250205,2,target_intel,1,11.0,1213.84,1470.3199999999997,True,False
2025,ESPN preseason-rank proxy,False,205,93250205,2,model_only,8,6.0,1208.2,1476.9799999999998,False,False
2025,ESPN preseason-rank proxy,False,206,93250206,3,adp,2,10.0,1201.04,1488.5400000000002,True,False
2025,ESPN preseason-rank proxy,False,206,93250206,3,target_intel,5,8.0,1116.98,1403.3,True,False
2025,ESPN preseason-rank proxy,False,206,93250206,3,model_only,10,6.0,1166.78,1463.7400000000002,False,False
2025,ESPN preseason-rank proxy,False,207,93250207,4,adp,3,8.0,1279.24,1614.3000000000002,True,False
2025,ESPN preseason-rank proxy,False,207,93250207,4,target_intel,6,7.0,1224.8600000000001,1568.56,True,False
2025,ESPN preseason-rank proxy,False,207,93250207,4,model_only,7,7.0,1168.9,1408.6599999999999,False,False
2025,ESPN preseason-rank proxy,False,208,93250208,5,adp,3,9.0,1252.6399999999999,1559.92,True,False
2025,ESPN preseason-rank proxy,False,208,93250208,5,target_intel,4,9.0,1332.6200000000001,1595.14,True,False
2025,ESPN preseason-rank proxy,False,208,93250208,5,model_only,2,9.0,1220.8000000000002,1533.3799999999999,True,False
2025,ESPN preseason-rank proxy,False,209,93250209,6,adp,12,4.0,1125.8,1500.6,False,False
2025,ESPN preseason-rank proxy,False,209,93250209,6,target_intel,2,9.0,1251.3200000000002,1637.5800000000002,True,False
2025,ESPN preseason-rank proxy,False,209,93250209,6,model_only,5,7.0,1194.1200000000001,1468.7799999999997,True,False
2025,ESPN preseason-rank proxy,False,210,93250210,7,adp,8,7.0,1272.6999999999998,1528.84,False,False
2025,ESPN preseason-rank proxy,False,210,93250210,7,target_intel,1,12.0,1323.6000000000001,1642.7400000000002,True,False
2025,ESPN preseason-rank proxy,False,210,93250210,7,model_only,7,7.0,1144.88,1479.1200000000001,False,False
2025,ESPN preseason-rank proxy,False,211,93250211,8,adp,6,7.0,1296.6000000000001,1646.44,True,False
2025,ESPN preseason-rank proxy,False,211,93250211,8,target_intel,5,7.0,1295.2,1555.1399999999996,True,False
2025,ESPN preseason-rank proxy,False,211,93250211,8,model_only,8,7.0,1060.9,1475.04,False,False
2025,ESPN preseason-rank proxy,False,212,93250212,9,adp,8,6.0,1213.88,1559.42,False,False
2025,ESPN preseason-rank proxy,False,212,93250212,9,target_intel,4,8.0,1262.3,1629.48,True,False
2025,ESPN preseason-rank proxy,False,212,93250212,9,model_only,5,8.0,1295.32,1613.4,True,False
2025,ESPN preseason-rank proxy,False,213,93250213,10,adp,8,6.0,1291.5,1651.8000000000002,False,False
2025,ESPN preseason-rank proxy,False,213,93250213,10,target_intel,11,5.0,1036.5,1380.74,False,False
2025,ESPN preseason-rank proxy,False,213,93250213,10,model_only,5,8.0,1092.5,1365.2,True,False
2025,ESPN preseason-rank proxy,False,214,93250214,11,adp,5,8.0,1184.94,1543.76,True,True
2025,ESPN preseason-rank proxy,False,214,93250214,11,target_intel,5,7.0,1251.4,1633.14,True,False
2025,ESPN preseason-rank proxy,False,214,93250214,11,model_only,4,8.0,1191.7,1442.0400000000002,True,False
2025,ESPN preseason-rank proxy,False,215,93250215,12,adp,7,7.0,1184.48,1516.4399999999998,False,False
2025,ESPN preseason-rank proxy,False,215,93250215,12,target_intel,4,8.0,1213.9,1585.9399999999996,True,False
2025,ESPN preseason-rank proxy,False,215,93250215,12,model_only,9,7.0,1216.28,1504.6199999999997,False,False
2025,ESPN preseason-rank proxy,False,216,93250216,1,adp,8,6.5,1141.6000000000001,1547.78,False,False
2025,ESPN preseason-rank proxy,False,216,93250216,1,target_intel,9,5.0,1080.58,1413.5200000000002,False,False
2025,ESPN preseason-rank proxy,False,216,93250216,1,model_only,7,7.0,1204.7399999999998,1492.0399999999997,False,False
2025,ESPN preseason-rank proxy,False,217,93250217,2,adp,10,5.0,1199.1799999999998,1498.0800000000002,False,False
2025,ESPN preseason-rank proxy,False,217,93250217,2,target_intel,6,8.0,1131.42,1450.96,True,False
2025,ESPN preseason-rank proxy,False,217,93250217,2,model_only,6,8.0,1142.62,1426.18,True,False
2025,ESPN preseason-rank proxy,False,218,93250218,3,adp,3,8.0,1316.8000000000002,1652.4,True,False
2025,ESPN preseason-rank proxy,False,218,93250218,3,target_intel,8,7.0,1129.78,1411.2000000000003,False,False
2025,ESPN preseason-rank proxy,False,218,93250218,3,model_only,9,6.0,1186.4599999999998,1447.78,False,False
2025,ESPN preseason-rank proxy,False,219,93250219,4,adp,10,6.0,1151.46,1513.7200000000005,False,False
2025,ESPN preseason-rank proxy,False,219,93250219,4,target_intel,6,6.0,1208.3200000000002,1527.4200000000003,True,False
2025,ESPN preseason-rank proxy,False,219,93250219,4,model_only,3,8.0,1246.28,1504.26,True,False
2025,ESPN preseason-rank proxy,False,220,93250220,5,adp,4,7.0,1317.46,1827.5800000000002,True,False
2025,ESPN preseason-rank proxy,False,220,93250220,5,target_intel,6,7.0,1252.68,1608.4599999999998,True,False
2025,ESPN preseason-rank proxy,False,220,93250220,5,model_only,10,5.0,1132.9199999999998,1383.42,False,False
2025,ESPN preseason-rank proxy,False,221,93250221,6,adp,2,9.0,1290.68,1595.0000000000002,True,False
2025,ESPN preseason-rank proxy,False,221,93250221,6,target_intel,4,8.0,1196.1,1516.8400000000001,True,False
2025,ESPN preseason-rank proxy,False,221,93250221,6,model_only,11,5.0,1112.2,1409.6800000000003,False,False
2025,ESPN preseason-rank proxy,False,222,93250222,7,adp,3,8.0,1228.3400000000001,1739.5400000000002,True,False
2025,ESPN preseason-rank proxy,False,222,93250222,7,target_intel,2,9.0,1351.3,1711.1599999999996,True,True
2025,ESPN preseason-rank proxy,False,222,93250222,7,model_only,2,8.0,1263.8,1522.76,True,False
2025,ESPN preseason-rank proxy,False,223,93250223,8,adp,1,10.0,1421.0400000000002,1694.16,True,False
2025,ESPN preseason-rank proxy,False,223,93250223,8,target_intel,6,7.0,1192.5199999999998,1522.3000000000002,True,False
2025,ESPN preseason-rank proxy,False,223,93250223,8,model_only,6,7.0,1311.4799999999998,1626.9200000000003,True,False
2025,ESPN preseason-rank proxy,False,224,93250224,9,adp,10,5.0,1032.4199999999998,1333.32,False,False
2025,ESPN preseason-rank proxy,False,224,93250224,9,target_intel,5,8.0,1165.08,1526.02,True,False
2025,ESPN preseason-rank proxy,False,224,93250224,9,model_only,12,5.0,1000.4,1442.44,False,False
2025,ESPN preseason-rank proxy,False,225,93250225,10,adp,10,4.0,1273.12,1633.18,False,False
2025,ESPN preseason-rank proxy,False,225,93250225,10,target_intel,9,6.0,1130.68,1486.1200000000001,False,False
2025,ESPN preseason-rank proxy,False,225,93250225,10,model_only,11,5.0,1062.58,1389.9200000000003,False,False
2025,ESPN preseason-rank proxy,False,226,93250226,11,adp,4,8.0,1232.3800000000003,1503.6599999999999,True,False
2025,ESPN preseason-rank proxy,False,226,93250226,11,target_intel,4,8.0,1257.6,1579.9399999999998,True,False
2025,ESPN preseason-rank proxy,False,226,93250226,11,model_only,9,6.0,1182.8,1499.0399999999997,False,False
2025,ESPN preseason-rank proxy,False,227,93250227,12,adp,3,9.0,1164.36,1504.7600000000002,True,False
2025,ESPN preseason-rank proxy,False,227,93250227,12,target_intel,9,6.0,1097.8,1462.5400000000002,False,False
2025,ESPN preseason-rank proxy,False,227,93250227,12,model_only,8,6.0,1144.8999999999999,1484.14,False,False
2025,ESPN preseason-rank proxy,False,228,93250228,1,adp,4,8.0,1202.6799999999998,1592.6200000000001,True,False
2025,ESPN preseason-rank proxy,False,228,93250228,1,target_intel,11,5.0,1100.8000000000002,1468.88,False,False
2025,ESPN preseason-rank proxy,False,228,93250228,1,model_only,3,9.0,1171.8,1447.38,True,False
2025,ESPN preseason-rank proxy,False,229,93250229,2,adp,12,5.0,1016.8599999999999,1486.94,False,False
2025,ESPN preseason-rank proxy,False,229,93250229,2,target_intel,2,11.0,1218.9,1617.98,True,True
2025,ESPN preseason-rank proxy,False,229,93250229,2,model_only,5,8.0,1224.68,1513.46,True,False
2025,ESPN preseason-rank proxy,False,230,93250230,3,adp,5,7.0,1221.8999999999999,1586.2399999999998,True,False
2025,ESPN preseason-rank proxy,False,230,93250230,3,target_intel,5,8.0,1191.94,1500.64,True,False
2025,ESPN preseason-rank proxy,False,230,93250230,3,model_only,11,5.0,1214.6200000000001,1444.14,False,False
2025,ESPN preseason-rank proxy,False,231,93250231,4,adp,10,6.0,1005.02,1484.0600000000004,False,False
2025,ESPN preseason-rank proxy,False,231,93250231,4,target_intel,2,10.0,1143.76,1430.3400000000001,True,False
2025,ESPN preseason-rank proxy,False,231,93250231,4,model_only,3,9.0,1144.26,1403.94,True,False
2025,ESPN preseason-rank proxy,False,232,93250232,5,adp,4,8.0,1271.92,1708.36,True,False
2025,ESPN preseason-rank proxy,False,232,93250232,5,target_intel,7,7.0,1208.8799999999999,1600.86,False,False
2025,ESPN preseason-rank proxy,False,232,93250232,5,model_only,4,9.0,1205.98,1522.36,True,False
2025,ESPN preseason-rank proxy,False,233,93250233,6,adp,7,7.0,1223.2600000000002,1513.8,False,False
2025,ESPN preseason-rank proxy,False,233,93250233,6,target_intel,3,8.0,1291.0800000000002,1707.4599999999998,True,False
2025,ESPN preseason-rank proxy,False,233,93250233,6,model_only,4,8.0,1265.02,1540.58,True,True
2025,ESPN preseason-rank proxy,False,234,93250234,7,adp,8,6.0,1372.02,1677.8199999999997,False,False
2025,ESPN preseason-rank proxy,False,234,93250234,7,target_intel,4,7.0,1310.22,1601.0800000000002,True,False
2025,ESPN preseason-rank proxy,False,234,93250234,7,model_only,5,8.0,1247.1000000000001,1501.46,True,False
2025,ESPN preseason-rank proxy,False,235,93250235,8,adp,4,8.0,1267.1000000000001,1659.48,True,False
2025,ESPN preseason-rank proxy,False,235,93250235,8,target_intel,2,10.0,1278.3,1677.4399999999998,True,False
2025,ESPN preseason-rank proxy,False,235,93250235,8,model_only,6,7.0,1287.3200000000002,1485.44,True,False
2025,ESPN preseason-rank proxy,False,236,93250236,9,adp,5,8.0,1294.1399999999999,1623.64,True,False
2025,ESPN preseason-rank proxy,False,236,93250236,9,target_intel,8,6.0,1185.38,1531.52,False,False
2025,ESPN preseason-rank proxy,False,236,93250236,9,model_only,2,9.5,1304.3799999999999,1612.0200000000002,True,False
2025,ESPN preseason-rank proxy,False,237,93250237,10,adp,4,8.0,1314.4799999999998,1668.7200000000003,True,False
2025,ESPN preseason-rank proxy,False,237,93250237,10,target_intel,6,7.0,1155.6799999999998,1575.0200000000004,True,False
2025,ESPN preseason-rank proxy,False,237,93250237,10,model_only,11,4.0,1005.8000000000002,1329.7400000000002,False,False
2025,ESPN preseason-rank proxy,False,238,93250238,11,adp,3,8.0,1294.96,1648.02,True,False
2025,ESPN preseason-rank proxy,False,238,93250238,11,target_intel,6,7.0,1253.9799999999998,1594.92,True,False
2025,ESPN preseason-rank proxy,False,238,93250238,11,model_only,2,9.0,1248.7800000000002,1503.72,True,False
2025,ESPN preseason-rank proxy,False,239,93250239,12,adp,1,10.0,1433.82,1779.96,True,False
2025,ESPN preseason-rank proxy,False,239,93250239,12,target_intel,1,9.0,1297.9,1624.5400000000002,True,False
2025,ESPN preseason-rank proxy,False,239,93250239,12,model_only,1,11.0,1380.6,1630.7399999999998,True,False
2025,ESPN preseason-rank proxy,False,240,93250240,1,adp,12,4.0,1038.6399999999999,1433.92,False,False
2025,ESPN preseason-rank proxy,False,240,93250240,1,target_intel,10,5.0,1085.6799999999998,1402.3,False,False
2025,ESPN preseason-rank proxy,False,240,93250240,1,model_only,4,9.0,1171.1599999999999,1430.74,True,False
2025,ESPN preseason-rank proxy,False,241,93250241,2,adp,7,7.0,1217.0200000000002,1549.08,False,False
2025,ESPN preseason-rank proxy,False,241,93250241,2,target_intel,4,7.0,1237.8999999999999,1508.8200000000002,True,False
2025,ESPN preseason-rank proxy,False,241,93250241,2,model_only,4,8.0,1220.78,1501.0599999999997,True,True
2025,ESPN preseason-rank proxy,False,242,93250242,3,adp,2,9.0,1250.88,1523.3400000000001,True,False
2025,ESPN preseason-rank proxy,False,242,93250242,3,target_intel,8,7.0,1180.5599999999997,1504.7600000000002,False,False
2025,ESPN preseason-rank proxy,False,242,93250242,3,model_only,2,10.0,1231.2000000000003,1489.2800000000002,True,False
2025,ESPN preseason-rank proxy,False,243,93250243,4,adp,7,7.0,1106.7,1495.9400000000003,False,False
2025,ESPN preseason-rank proxy,False,243,93250243,4,target_intel,5,8.0,1262.1799999999998,1580.0800000000002,True,False
2025,ESPN preseason-rank proxy,False,243,93250243,4,model_only,6,7.0,1150.36,1469.6400000000003,True,False
2025,ESPN preseason-rank proxy,False,244,93250244,5,adp,3,8.0,1206.2199999999998,1528.3799999999999,True,False
2025,ESPN preseason-rank proxy,False,244,93250244,5,target_intel,2,10.0,1173.8000000000002,1532.56,True,False
2025,ESPN preseason-rank proxy,False,244,93250244,5,model_only,7,7.0,1220.7800000000002,1500.66,False,False
2025,ESPN preseason-rank proxy,False,245,93250245,6,adp,4,8.0,1187.8200000000002,1586.68,True,False
2025,ESPN preseason-rank proxy,False,245,93250245,6,target_intel,11,5.0,1094.48,1444.2199999999998,False,False
2025,ESPN preseason-rank proxy,False,245,93250245,6,model_only,8,6.0,1134.12,1363.4399999999998,False,False
2025,ESPN preseason-rank proxy,False,246,93250246,7,adp,4,7.0,1355.4200000000003,1623.58,True,False
2025,ESPN preseason-rank proxy,False,246,93250246,7,target_intel,4,9.0,1255.3,1565.8799999999999,True,False
2025,ESPN preseason-rank proxy,False,246,93250246,7,model_only,1,10.0,1322.82,1580.0800000000002,True,False
2025,ESPN preseason-rank proxy,False,247,93250247,8,adp,2,9.0,1343.0,1787.0399999999997,True,True
2025,ESPN preseason-rank proxy,False,247,93250247,8,target_intel,3,9.0,1277.6000000000001,1648.9399999999998,True,False
2025,ESPN preseason-rank proxy,False,247,93250247,8,model_only,1,10.0,1238.5000000000002,1562.64,True,False
2025,ESPN preseason-rank proxy,False,248,93250248,9,adp,4,8.0,1309.12,1654.8400000000001,True,True
2025,ESPN preseason-rank proxy,False,248,93250248,9,target_intel,4,8.0,1257.1800000000003,1651.6200000000001,True,False
2025,ESPN preseason-rank proxy,False,248,93250248,9,model_only,2,11.0,1275.58,1572.4199999999998,True,False
2025,ESPN preseason-rank proxy,False,249,93250249,10,adp,3,9.0,1274.94,1612.8,True,False
2025,ESPN preseason-rank proxy,False,249,93250249,10,target_intel,5,7.0,1199.78,1548.92,True,False
2025,ESPN preseason-rank proxy,False,249,93250249,10,model_only,5,7.0,1230.78,1585.4199999999998,True,True
2025,ESPN preseason-rank proxy,False,250,93250250,11,adp,3,8.0,1212.5800000000002,1471.92,True,False
2025,ESPN preseason-rank proxy,False,250,93250250,11,target_intel,12,4.0,1108.74,1449.84,False,False
2025,ESPN preseason-rank proxy,False,250,93250250,11,model_only,5,8.0,1153.5800000000004,1482.2199999999998,True,False
2025,ESPN preseason-rank proxy,False,251,93250251,12,adp,9,6.0,1094.82,1472.84,False,False
2025,ESPN preseason-rank proxy,False,251,93250251,12,target_intel,11,5.0,1095.1000000000001,1403.14,False,False
2025,ESPN preseason-rank proxy,False,251,93250251,12,model_only,11,4.0,1078.0,1416.54,False,False
2025,ESPN preseason-rank proxy,False,252,93250252,1,adp,10,5.0,1122.0800000000002,1492.0800000000002,False,False
2025,ESPN preseason-rank proxy,False,252,93250252,1,target_intel,7,6.0,1127.74,1470.9399999999998,False,False
2025,ESPN preseason-rank proxy,False,252,93250252,1,model_only,6,8.0,1141.6599999999999,1368.22,True,True
2025,ESPN preseason-rank proxy,False,253,93250253,2,adp,7,7.0,1195.2199999999998,1548.6000000000001,False,False
2025,ESPN preseason-rank proxy,False,253,93250253,2,target_intel,6,7.0,1162.86,1481.14,True,False
2025,ESPN preseason-rank proxy,False,253,93250253,2,model_only,9,6.0,1158.28,1488.86,False,False
2025,ESPN preseason-rank proxy,False,254,93250254,3,adp,8,6.0,1237.1000000000001,1505.1400000000003,False,False
2025,ESPN preseason-rank proxy,False,254,93250254,3,target_intel,5,7.0,1265.36,1607.3200000000002,True,False
2025,ESPN preseason-rank proxy,False,254,93250254,3,model_only,9,6.0,1200.5800000000002,1550.7599999999998,False,False
2025,ESPN preseason-rank proxy,False,255,93250255,4,adp,4,8.0,1257.94,1728.1800000000003,True,False
2025,ESPN preseason-rank proxy,False,255,93250255,4,target_intel,9,7.0,1234.32,1555.8000000000002,False,False
2025,ESPN preseason-rank proxy,False,255,93250255,4,model_only,2,9.0,1246.68,1541.2600000000002,True,True
2025,ESPN preseason-rank proxy,False,256,93250256,5,adp,3,10.0,1286.56,1577.8600000000004,True,False
2025,ESPN preseason-rank proxy,False,256,93250256,5,target_intel,7,6.0,1260.3000000000002,1618.0000000000002,False,False
2025,ESPN preseason-rank proxy,False,256,93250256,5,model_only,3,9.0,1213.28,1522.4799999999998,True,False
2025,ESPN preseason-rank proxy,False,257,93250257,6,adp,1,11.0,1420.08,1657.8600000000001,True,False
2025,ESPN preseason-rank proxy,False,257,93250257,6,target_intel,1,9.0,1290.8,1679.0399999999997,True,False
2025,ESPN preseason-rank proxy,False,257,93250257,6,model_only,5,7.0,1234.9,1500.44,True,False
2025,ESPN preseason-rank proxy,False,258,93250258,7,adp,8,7.0,1188.08,1486.8799999999997,False,False
2025,ESPN preseason-rank proxy,False,258,93250258,7,target_intel,1,12.0,1265.48,1580.96,True,True
2025,ESPN preseason-rank proxy,False,258,93250258,7,model_only,9,5.0,1138.2,1442.36,False,False
2025,ESPN preseason-rank proxy,False,259,93250259,8,adp,3,8.0,1325.3600000000004,1667.04,True,False
2025,ESPN preseason-rank proxy,False,259,93250259,8,target_intel,1,10.0,1353.18,1661.96,True,True
2025,ESPN preseason-rank proxy,False,259,93250259,8,model_only,10,5.0,1226.7,1486.36,False,False
2025,ESPN preseason-rank proxy,False,260,93250260,9,adp,12,4.0,1278.7999999999997,1559.8600000000001,False,False
2025,ESPN preseason-rank proxy,False,260,93250260,9,target_intel,2,9.0,1257.5,1686.72,True,False
2025,ESPN preseason-rank proxy,False,260,93250260,9,model_only,8,6.0,1198.98,1528.32,False,False
2025,ESPN preseason-rank proxy,False,261,93250261,10,adp,6,7.0,1313.3399999999997,1642.8,True,True
2025,ESPN preseason-rank proxy,False,261,93250261,10,target_intel,7,6.0,1173.5,1534.24,False,False
2025,ESPN preseason-rank proxy,False,261,93250261,10,model_only,9,6.0,1230.0000000000002,1527.64,False,False
2025,ESPN preseason-rank proxy,False,262,93250262,11,adp,2,9.0,1299.6600000000003,1661.8200000000004,True,False
2025,ESPN preseason-rank proxy,False,262,93250262,11,target_intel,4,8.0,1200.58,1590.0200000000002,True,True
2025,ESPN preseason-rank proxy,False,262,93250262,11,model_only,3,8.0,1225.2,1502.9399999999998,True,False
2025,ESPN preseason-rank proxy,False,263,93250263,12,adp,3,8.0,1324.6399999999999,1646.1799999999996,True,False
2025,ESPN preseason-rank proxy,False,263,93250263,12,target_intel,9,6.0,1195.22,1576.5600000000002,False,False
2025,ESPN preseason-rank proxy,False,263,93250263,12,model_only,12,4.0,1118.64,1411.76,False,False
2025,ESPN preseason-rank proxy,False,264,93250264,1,adp,11,5.0,1140.46,1480.1399999999999,False,False
2025,ESPN preseason-rank proxy,False,264,93250264,1,target_intel,9,5.0,1289.8399999999997,1593.6599999999999,False,False
2025,ESPN preseason-rank proxy,False,264,93250264,1,model_only,7,7.0,1281.68,1563.7600000000002,False,False
2025,ESPN preseason-rank proxy,False,265,93250265,2,adp,1,11.0,1300.7,1673.3600000000001,True,False
2025,ESPN preseason-rank proxy,False,265,93250265,2,target_intel,10,6.0,1156.0,1552.5800000000002,False,False
2025,ESPN preseason-rank proxy,False,265,93250265,2,model_only,9,5.0,1077.9,1395.8000000000002,False,False
2025,ESPN preseason-rank proxy,False,266,93250266,3,adp,7,6.0,1121.48,1522.86,False,False
2025,ESPN preseason-rank proxy,False,266,93250266,3,target_intel,10,6.0,1147.72,1502.2,False,False
2025,ESPN preseason-rank proxy,False,266,93250266,3,model_only,12,3.0,1145.42,1473.3400000000004,False,False
2025,ESPN preseason-rank proxy,False,267,93250267,4,adp,7,7.0,1246.04,1575.8799999999999,False,False
2025,ESPN preseason-rank proxy,False,267,93250267,4,target_intel,5,8.0,1155.3,1442.0800000000002,True,False
2025,ESPN preseason-rank proxy,False,267,93250267,4,model_only,6,7.0,1147.6200000000001,1468.9800000000002,True,False
2025,ESPN preseason-rank proxy,False,268,93250268,5,adp,10,6.0,1123.44,1517.3400000000004,False,False
2025,ESPN preseason-rank proxy,False,268,93250268,5,target_intel,1,10.0,1276.28,1613.8600000000001,True,False
2025,ESPN preseason-rank proxy,False,268,93250268,5,model_only,4,9.0,1163.6999999999998,1458.8799999999999,True,False
2025,ESPN preseason-rank proxy,False,269,93250269,6,adp,2,10.0,1304.3400000000001,1588.34,True,True
2025,ESPN preseason-rank proxy,False,269,93250269,6,target_intel,5,8.0,1075.3999999999999,1427.3600000000001,True,False
2025,ESPN preseason-rank proxy,False,269,93250269,6,model_only,9,6.0,1095.38,1358.7400000000002,False,False
2025,ESPN preseason-rank proxy,False,270,93250270,7,adp,3,9.0,1372.06,1691.84,True,False
2025,ESPN preseason-rank proxy,False,270,93250270,7,target_intel,5,8.0,1189.32,1533.1,True,False
2025,ESPN preseason-rank proxy,False,270,93250270,7,model_only,4,8.0,1207.7,1483.76,True,False
2025,ESPN preseason-rank proxy,False,271,93250271,8,adp,4,8.0,1124.62,1368.68,True,False
2025,ESPN preseason-rank proxy,False,271,93250271,8,target_intel,9,5.0,1198.2800000000002,1540.58,False,False
2025,ESPN preseason-rank proxy,False,271,93250271,8,model_only,11,5.0,1145.1599999999999,1443.9199999999998,False,False
2025,ESPN preseason-rank proxy,False,272,93250272,9,adp,5,8.0,1259.48,1613.6999999999998,True,False
2025,ESPN preseason-rank proxy,False,272,93250272,9,target_intel,1,9.0,1289.68,1583.06,True,True
2025,ESPN preseason-rank proxy,False,272,93250272,9,model_only,6,8.0,1267.6799999999998,1481.44,True,False
2025,ESPN preseason-rank proxy,False,273,93250273,10,adp,8,6.0,1093.3400000000001,1460.56,False,False
2025,ESPN preseason-rank proxy,False,273,93250273,10,target_intel,12,4.0,1050.3999999999999,1366.5800000000002,False,False
2025,ESPN preseason-rank proxy,False,273,93250273,10,model_only,10,6.0,1079.6000000000001,1394.6599999999999,False,False
2025,ESPN preseason-rank proxy,False,274,93250274,11,adp,12,4.0,1196.8600000000001,1553.74,False,False
2025,ESPN preseason-rank proxy,False,274,93250274,11,target_intel,5,7.0,1278.7,1643.14,True,False
2025,ESPN preseason-rank proxy,False,274,93250274,11,model_only,5,8.0,1093.2,1407.8400000000004,True,False
2025,ESPN preseason-rank proxy,False,275,93250275,12,adp,5,8.0,1205.28,1527.12,True,True
2025,ESPN preseason-rank proxy,False,275,93250275,12,target_intel,3,8.0,1218.92,1636.7600000000002,True,False
2025,ESPN preseason-rank proxy,False,275,93250275,12,model_only,8,5.0,1216.1000000000001,1530.3400000000001,False,False
2025,ESPN preseason-rank proxy,False,276,93250276,1,adp,8,7.0,1127.4199999999998,1493.4599999999998,False,False
2025,ESPN preseason-rank proxy,False,276,93250276,1,target_intel,9,6.0,1092.0000000000002,1440.1800000000003,False,False
2025,ESPN preseason-rank proxy,False,276,93250276,1,model_only,11,4.0,1145.5800000000002,1341.96,False,False
2025,ESPN preseason-rank proxy,False,277,93250277,2,adp,11,5.0,969.3000000000001,1421.78,False,False
2025,ESPN preseason-rank proxy,False,277,93250277,2,target_intel,5,8.0,1125.3999999999999,1511.78,True,False
2025,ESPN preseason-rank proxy,False,277,93250277,2,model_only,8,6.0,1122.9599999999998,1401.3400000000001,False,False
2025,ESPN preseason-rank proxy,False,278,93250278,3,adp,10,5.0,1079.1200000000001,1305.76,False,False
2025,ESPN preseason-rank proxy,False,278,93250278,3,target_intel,11,3.0,1127.52,1436.52,False,False
2025,ESPN preseason-rank proxy,False,278,93250278,3,model_only,9,6.0,1126.4999999999998,1349.78,False,False
2025,ESPN preseason-rank proxy,False,279,93250279,4,adp,2,9.0,1259.38,1576.44,True,True
2025,ESPN preseason-rank proxy,False,279,93250279,4,target_intel,7,7.0,1082.72,1369.1,False,False
2025,ESPN preseason-rank proxy,False,279,93250279,4,model_only,8,6.0,1126.82,1399.1200000000001,False,False
2025,ESPN preseason-rank proxy,False,280,93250280,5,adp,1,9.0,1424.8,1781.0800000000004,True,False
2025,ESPN preseason-rank proxy,False,280,93250280,5,target_intel,7,7.0,1218.3,1638.5,False,False
2025,ESPN preseason-rank proxy,False,280,93250280,5,model_only,9,6.0,1148.8799999999999,1409.64,False,False
2025,ESPN preseason-rank proxy,False,281,93250281,6,adp,1,10.0,1334.1200000000001,1603.12,True,False
2025,ESPN preseason-rank proxy,False,281,93250281,6,target_intel,5,7.0,1363.6200000000003,1679.38,True,False
2025,ESPN preseason-rank proxy,False,281,93250281,6,model_only,10,6.0,1104.2,1453.9599999999998,False,False
2025,ESPN preseason-rank proxy,False,282,93250282,7,adp,8,7.0,1157.52,1529.02,False,False
2025,ESPN preseason-rank proxy,False,282,93250282,7,target_intel,6,7.0,1202.82,1504.6799999999998,True,False
2025,ESPN preseason-rank proxy,False,282,93250282,7,model_only,11,5.0,1210.4,1500.46,False,False
2025,ESPN preseason-rank proxy,False,283,93250283,8,adp,6,7.0,1255.18,1555.0200000000004,True,True
2025,ESPN preseason-rank proxy,False,283,93250283,8,target_intel,3,10.0,1250.2,1553.36,True,False
2025,ESPN preseason-rank proxy,False,283,93250283,8,model_only,4,8.0,1121.52,1423.88,True,False
2025,ESPN preseason-rank proxy,False,284,93250284,9,adp,1,10.0,1283.24,1611.22,True,False
2025,ESPN preseason-rank proxy,False,284,93250284,9,target_intel,1,12.0,1429.1,1726.4599999999998,True,False
2025,ESPN preseason-rank proxy,False,284,93250284,9,model_only,2,9.0,1243.6000000000004,1484.0599999999997,True,False
2025,ESPN preseason-rank proxy,False,285,93250285,10,adp,2,8.0,1269.48,1667.14,True,True
2025,ESPN preseason-rank proxy,False,285,93250285,10,target_intel,5,7.0,1196.98,1583.52,True,False
2025,ESPN preseason-rank proxy,False,285,93250285,10,model_only,1,10.0,1205.2800000000002,1493.62,True,False
2025,ESPN preseason-rank proxy,False,286,93250286,11,adp,1,11.0,1353.58,1700.6,True,True
2025,ESPN preseason-rank proxy,False,286,93250286,11,target_intel,7,7.0,1149.4999999999998,1538.74,False,False
2025,ESPN preseason-rank proxy,False,286,93250286,11,model_only,9,6.0,1117.2,1391.24,False,False
2025,ESPN preseason-rank proxy,False,287,93250287,12,adp,5,8.0,1167.96,1502.2200000000003,True,False
2025,ESPN preseason-rank proxy,False,287,93250287,12,target_intel,1,11.0,1249.38,1585.72,True,False
2025,ESPN preseason-rank proxy,False,287,93250287,12,model_only,1,10.0,1280.0000000000002,1575.5200000000002,True,False
2025,ESPN preseason-rank proxy,False,288,93250288,1,adp,12,3.0,972.3000000000001,1420.38,False,False
2025,ESPN preseason-rank proxy,False,288,93250288,1,target_intel,1,11.0,1233.34,1617.0600000000002,True,False
2025,ESPN preseason-rank proxy,False,288,93250288,1,model_only,11,4.0,1222.48,1494.1,False,False
2025,ESPN preseason-rank proxy,False,289,93250289,2,adp,6,7.0,1298.16,1529.0600000000002,True,False
2025,ESPN preseason-rank proxy,False,289,93250289,2,target_intel,3,10.0,1228.64,1563.22,True,False
2025,ESPN preseason-rank proxy,False,289,93250289,2,model_only,4,8.0,1172.28,1459.0600000000002,True,False
2025,ESPN preseason-rank proxy,False,290,93250290,3,adp,2,10.0,1198.82,1542.1399999999999,True,False
2025,ESPN preseason-rank proxy,False,290,93250290,3,target_intel,10,6.0,1123.1000000000001,1406.2200000000003,False,False
2025,ESPN preseason-rank proxy,False,290,93250290,3,model_only,8,7.0,1138.6599999999999,1438.64,False,False
2025,ESPN preseason-rank proxy,False,291,93250291,4,adp,1,10.0,1189.82,1561.18,True,False
2025,ESPN preseason-rank proxy,False,291,93250291,4,target_intel,2,10.0,1259.0400000000004,1501.6000000000001,True,False
2025,ESPN preseason-rank proxy,False,291,93250291,4,model_only,1,10.0,1242.2,1529.7600000000002,True,False
2025,ESPN preseason-rank proxy,False,292,93250292,5,adp,1,12.0,1433.0599999999997,1664.2199999999998,True,False
2025,ESPN preseason-rank proxy,False,292,93250292,5,target_intel,3,8.0,1287.56,1569.14,True,False
2025,ESPN preseason-rank proxy,False,292,93250292,5,model_only,1,10.0,1364.1399999999999,1679.56,True,False
2025,ESPN preseason-rank proxy,False,293,93250293,6,adp,4,8.0,1285.54,1607.32,True,False
2025,ESPN preseason-rank proxy,False,293,93250293,6,target_intel,5,8.0,1178.1800000000003,1481.4199999999998,True,False
2025,ESPN preseason-rank proxy,False,293,93250293,6,model_only,9,5.0,1144.98,1435.4,False,False
2025,ESPN preseason-rank proxy,False,294,93250294,7,adp,8,6.0,1204.8600000000001,1593.1600000000003,False,False
2025,ESPN preseason-rank proxy,False,294,93250294,7,target_intel,1,10.0,1419.7000000000003,1689.5600000000002,True,True
2025,ESPN preseason-rank proxy,False,294,93250294,7,model_only,6,8.0,1211.4,1468.48,True,False
2025,ESPN preseason-rank proxy,False,295,93250295,8,adp,1,9.0,1312.02,1732.8999999999999,True,False
2025,ESPN preseason-rank proxy,False,295,93250295,8,target_intel,1,10.0,1187.98,1559.4599999999998,True,False
2025,ESPN preseason-rank proxy,False,295,93250295,8,model_only,8,6.0,1212.6,1452.8600000000001,False,False
2025,ESPN preseason-rank proxy,False,296,93250296,9,adp,10,5.0,1091.6200000000003,1408.96,False,False
2025,ESPN preseason-rank proxy,False,296,93250296,9,target_intel,12,5.0,1126.6,1469.2599999999998,False,False
2025,ESPN preseason-rank proxy,False,296,93250296,9,model_only,8,6.0,1151.5,1434.26,False,False
2025,ESPN preseason-rank proxy,False,297,93250297,10,adp,4,8.0,1295.96,1620.64,True,False
2025,ESPN preseason-rank proxy,False,297,93250297,10,target_intel,8,6.0,1159.0800000000002,1546.82,False,False
2025,ESPN preseason-rank proxy,False,297,93250297,10,model_only,7,7.0,1267.5800000000002,1552.6200000000001,False,False
2025,ESPN preseason-rank proxy,False,298,93250298,11,adp,3,9.0,1284.3200000000002,1562.3400000000001,True,False
2025,ESPN preseason-rank proxy,False,298,93250298,11,target_intel,3,8.0,1184.08,1520.96,True,False
2025,ESPN preseason-rank proxy,False,298,93250298,11,model_only,12,2.0,914.9000000000001,1240.84,False,False
2025,ESPN preseason-rank proxy,False,299,93250299,12,adp,6,7.0,1081.4799999999998,1457.7799999999997,True,False
2025,ESPN preseason-rank proxy,False,299,93250299,12,target_intel,3,8.0,1191.8999999999999,1528.5400000000002,True,False
2025,ESPN preseason-rank proxy,False,299,93250299,12,model_only,2,9.0,1272.1999999999998,1559.04,True,True
2025,ESPN preseason-rank proxy,False,300,93250300,1,adp,12,4.0,1069.38,1349.64,False,False
2025,ESPN preseason-rank proxy,False,300,93250300,1,target_intel,1,12.0,1361.66,1610.42,True,False
2025,ESPN preseason-rank proxy,False,300,93250300,1,model_only,1,11.0,1276.4199999999998,1531.4600000000003,True,False
2025,ESPN preseason-rank proxy,False,301,93250301,2,adp,3,9.0,1151.62,1446.7,True,False
2025,ESPN preseason-rank proxy,False,301,93250301,2,target_intel,7,7.0,1211.3999999999999,1472.62,False,False
2025,ESPN preseason-rank proxy,False,301,93250301,2,model_only,8,6.0,1193.48,1418.5599999999997,False,False
2025,ESPN preseason-rank proxy,False,302,93250302,3,adp,9,6.0,1268.5,1593.4800000000002,False,False
2025,ESPN preseason-rank proxy,False,302,93250302,3,target_intel,9,5.0,1182.42,1524.06,False,False
2025,ESPN preseason-rank proxy,False,302,93250302,3,model_only,4,7.0,1183.4199999999998,1492.2000000000003,True,False
2025,ESPN preseason-rank proxy,False,303,93250303,4,adp,5,8.0,1190.5200000000002,1475.78,True,True
2025,ESPN preseason-rank proxy,False,303,93250303,4,target_intel,3,9.0,1226.98,1491.78,True,False
2025,ESPN preseason-rank proxy,False,303,93250303,4,model_only,3,9.0,1256.04,1564.38,True,False
2025,ESPN preseason-rank proxy,False,304,93250304,5,adp,3,8.0,1315.16,1563.16,True,False
2025,ESPN preseason-rank proxy,False,304,93250304,5,target_intel,7,6.0,1178.2200000000003,1508.4799999999998,False,False
2025,ESPN preseason-rank proxy,False,304,93250304,5,model_only,4,8.0,1220.72,1535.9799999999998,True,False
2025,ESPN preseason-rank proxy,False,305,93250305,6,adp,3,8.0,1337.34,1696.08,True,False
2025,ESPN preseason-rank proxy,False,305,93250305,6,target_intel,7,6.0,1270.52,1585.8400000000004,False,False
2025,ESPN preseason-rank proxy,False,305,93250305,6,model_only,5,7.0,1212.8800000000003,1437.48,True,False
2025,ESPN preseason-rank proxy,False,306,93250306,7,adp,8,7.0,1126.76,1560.1999999999998,False,False
2025,ESPN preseason-rank proxy,False,306,93250306,7,target_intel,4,8.0,1301.1,1653.94,True,False
2025,ESPN preseason-rank proxy,False,306,93250306,7,model_only,12,2.0,1106.7999999999997,1437.3400000000001,False,False
2025,ESPN preseason-rank proxy,False,307,93250307,8,adp,4,8.0,1365.6200000000001,1672.1,True,False
2025,ESPN preseason-rank proxy,False,307,93250307,8,target_intel,7,7.0,1165.0800000000002,1456.8600000000001,False,False
2025,ESPN preseason-rank proxy,False,307,93250307,8,model_only,7,6.0,1280.86,1520.8600000000004,False,False
2025,ESPN preseason-rank proxy,False,308,93250308,9,adp,4,9.0,1246.8200000000004,1542.5400000000002,True,False
2025,ESPN preseason-rank proxy,False,308,93250308,9,target_intel,1,10.0,1306.6000000000001,1683.94,True,False
2025,ESPN preseason-rank proxy,False,308,93250308,9,model_only,3,8.0,1169.0,1467.84,True,False
2025,ESPN preseason-rank proxy,False,309,93250309,10,adp,6,6.0,1329.8999999999996,1608.66,True,False
2025,ESPN preseason-rank proxy,False,309,93250309,10,target_intel,6,6.0,1161.5,1416.3400000000001,True,False
2025,ESPN preseason-rank proxy,False,309,93250309,10,model_only,12,3.0,1102.98,1395.92,False,False
2025,ESPN preseason-rank proxy,False,310,93250310,11,adp,5,8.0,1197.24,1522.46,True,True
2025,ESPN preseason-rank proxy,False,310,93250310,11,target_intel,5,7.0,1235.2200000000003,1635.56,True,True
2025,ESPN preseason-rank proxy,False,310,93250310,11,model_only,5,8.0,1099.8000000000002,1479.0399999999997,True,False
2025,ESPN preseason-rank proxy,False,311,93250311,12,adp,10,6.0,1024.14,1401.72,False,False
2025,ESPN preseason-rank proxy,False,311,93250311,12,target_intel,10,5.0,1200.48,1579.32,False,False
2025,ESPN preseason-rank proxy,False,311,93250311,12,model_only,8,6.0,1158.4799999999998,1470.4199999999998,False,False
2025,ESPN preseason-rank proxy,False,312,93250312,1,adp,12,5.0,1025.5600000000002,1362.28,False,False
2025,ESPN preseason-rank proxy,False,312,93250312,1,target_intel,4,9.0,1217.24,1567.3999999999999,True,False
2025,ESPN preseason-rank proxy,False,312,93250312,1,model_only,4,8.0,1151.16,1444.24,True,False
2025,ESPN preseason-rank proxy,False,313,93250313,2,adp,8,7.0,1140.68,1527.5200000000002,False,False
2025,ESPN preseason-rank proxy,False,313,93250313,2,target_intel,4,8.0,1272.54,1605.46,True,False
2025,ESPN preseason-rank proxy,False,313,93250313,2,model_only,7,6.0,1219.2,1463.08,False,False
2025,ESPN preseason-rank proxy,False,314,93250314,3,adp,8,7.0,1078.34,1409.28,False,False
2025,ESPN preseason-rank proxy,False,314,93250314,3,target_intel,4,8.0,1197.7,1585.58,True,False
2025,ESPN preseason-rank proxy,False,314,93250314,3,model_only,11,5.0,1149.66,1388.6200000000001,False,False
2025,ESPN preseason-rank proxy,False,315,93250315,4,adp,1,10.0,1252.04,1608.3999999999999,True,True
2025,ESPN preseason-rank proxy,False,315,93250315,4,target_intel,10,6.0,1094.4,1441.68,False,False
2025,ESPN preseason-rank proxy,False,315,93250315,4,model_only,5,8.0,1219.64,1541.06,True,False
2025,ESPN preseason-rank proxy,False,316,93250316,5,adp,5,7.0,1273.82,1534.0,True,False
2025,ESPN preseason-rank proxy,False,316,93250316,5,target_intel,5,8.0,1278.7199999999998,1458.7399999999998,True,False
2025,ESPN preseason-rank proxy,False,316,93250316,5,model_only,11,4.0,1124.4,1375.5800000000002,False,False
2025,ESPN preseason-rank proxy,False,317,93250317,6,adp,10,5.0,1141.2200000000003,1523.22,False,False
2025,ESPN preseason-rank proxy,False,317,93250317,6,target_intel,5,7.0,1351.9999999999998,1630.3200000000002,True,False
2025,ESPN preseason-rank proxy,False,317,93250317,6,model_only,3,9.0,1292.1999999999998,1535.98,True,False
2025,ESPN preseason-rank proxy,False,318,93250318,7,adp,2,9.0,1312.5,1618.5200000000002,True,False
2025,ESPN preseason-rank proxy,False,318,93250318,7,target_intel,1,10.0,1350.5,1612.6599999999999,True,True
2025,ESPN preseason-rank proxy,False,318,93250318,7,model_only,12,4.0,1168.1999999999998,1438.5600000000002,False,False
2025,ESPN preseason-rank proxy,False,319,93250319,8,adp,2,9.0,1290.52,1562.9400000000003,True,False
2025,ESPN preseason-rank proxy,False,319,93250319,8,target_intel,5,8.0,1182.46,1567.14,True,False
2025,ESPN preseason-rank proxy,False,319,93250319,8,model_only,4,8.0,1121.5,1418.76,True,False
2025,ESPN preseason-rank proxy,False,320,93250320,9,adp,5,8.0,1272.9399999999998,1609.4199999999998,True,False
2025,ESPN preseason-rank proxy,False,320,93250320,9,target_intel,1,10.0,1324.58,1715.06,True,False
2025,ESPN preseason-rank proxy,False,320,93250320,9,model_only,8,7.0,1110.4,1405.36,False,False
2025,ESPN preseason-rank proxy,False,321,93250321,10,adp,1,9.0,1359.6000000000001,1696.2199999999998,True,True
2025,ESPN preseason-rank proxy,False,321,93250321,10,target_intel,1,10.0,1209.3,1553.3400000000001,True,False
2025,ESPN preseason-rank proxy,False,321,93250321,10,model_only,1,10.0,1322.4,1589.5600000000002,True,False
2025,ESPN preseason-rank proxy,False,322,93250322,11,adp,8,7.0,1025.7,1274.3600000000001,False,False
2025,ESPN preseason-rank proxy,False,322,93250322,11,target_intel,10,5.0,1173.3000000000002,1508.24,False,False
2025,ESPN preseason-rank proxy,False,322,93250322,11,model_only,7,6.0,1195.22,1478.0800000000002,False,False
2025,ESPN preseason-rank proxy,False,323,93250323,12,adp,7,7.0,1256.94,1601.5200000000002,False,False
2025,ESPN preseason-rank proxy,False,323,93250323,12,target_intel,4,8.0,1326.1000000000001,1703.8400000000001,True,False
2025,ESPN preseason-rank proxy,False,323,93250323,12,model_only,11,5.0,1069.9,1412.64,False,False
2025,ESPN preseason-rank proxy,False,324,93250324,1,adp,12,3.0,1037.44,1461.1,False,False
2025,ESPN preseason-rank proxy,False,324,93250324,1,target_intel,3,8.0,1160.9,1580.88,True,False
2025,ESPN preseason-rank proxy,False,324,93250324,1,model_only,6,7.0,1190.68,1449.86,True,False
2025,ESPN preseason-rank proxy,False,325,93250325,2,adp,8,6.0,1053.6,1340.9599999999998,False,False
2025,ESPN preseason-rank proxy,False,325,93250325,2,target_intel,11,4.0,1094.7,1375.94,False,False
2025,ESPN preseason-rank proxy,False,325,93250325,2,model_only,4,8.0,1169.5,1371.34,True,False
2025,ESPN preseason-rank proxy,False,326,93250326,3,adp,9,4.0,1126.28,1514.2,False,False
2025,ESPN preseason-rank proxy,False,326,93250326,3,target_intel,3,9.0,1153.1200000000001,1501.14,True,False
2025,ESPN preseason-rank proxy,False,326,93250326,3,model_only,5,8.0,1117.3,1371.6200000000001,True,False
2025,ESPN preseason-rank proxy,False,327,93250327,4,adp,4,7.0,1245.1999999999998,1512.4800000000002,True,False
2025,ESPN preseason-rank proxy,False,327,93250327,4,target_intel,3,9.0,1193.22,1519.22,True,False
2025,ESPN preseason-rank proxy,False,327,93250327,4,model_only,11,4.0,1148.6399999999996,1431.58,False,False
2025,ESPN preseason-rank proxy,False,328,93250328,5,adp,8,6.0,1075.04,1476.74,False,False
2025,ESPN preseason-rank proxy,False,328,93250328,5,target_intel,6,7.0,1149.1200000000001,1634.1800000000003,True,False
2025,ESPN preseason-rank proxy,False,328,93250328,5,model_only,8,7.0,1157.9199999999998,1404.0000000000002,False,False
2025,ESPN preseason-rank proxy,False,329,93250329,6,adp,1,11.0,1387.0600000000002,1559.78,True,True
2025,ESPN preseason-rank proxy,False,329,93250329,6,target_intel,3,8.0,1145.26,1507.7399999999998,True,True
2025,ESPN preseason-rank proxy,False,329,93250329,6,model_only,4,9.0,1231.8800000000003,1528.66,True,False
2025,ESPN preseason-rank proxy,False,330,93250330,7,adp,7,7.0,1137.22,1416.32,False,False
2025,ESPN preseason-rank proxy,False,330,93250330,7,target_intel,2,10.0,1164.5200000000002,1529.68,True,False
2025,ESPN preseason-rank proxy,False,330,93250330,7,model_only,1,9.0,1178.72,1392.88,True,True
2025,ESPN preseason-rank proxy,False,331,93250331,8,adp,11,5.0,1162.3999999999999,1549.14,False,False
2025,ESPN preseason-rank proxy,False,331,93250331,8,target_intel,11,5.0,1176.6000000000001,1503.34,False,False
2025,ESPN preseason-rank proxy,False,331,93250331,8,model_only,11,5.0,1125.8999999999999,1465.84,False,False
2025,ESPN preseason-rank proxy,False,332,93250332,9,adp,1,9.0,1304.86,1712.3999999999999,True,False
2025,ESPN preseason-rank proxy,False,332,93250332,9,target_intel,6,8.0,1160.6,1503.2599999999998,True,True
2025,ESPN preseason-rank proxy,False,332,93250332,9,model_only,6,7.0,1201.5000000000002,1525.1599999999999,True,False
2025,ESPN preseason-rank proxy,False,333,93250333,10,adp,3,8.0,1279.2999999999997,1570.48,True,False
2025,ESPN preseason-rank proxy,False,333,93250333,10,target_intel,6,7.0,1203.72,1476.1799999999998,True,False
2025,ESPN preseason-rank proxy,False,333,93250333,10,model_only,7,7.0,1163.5000000000002,1449.26,False,False
2025,ESPN preseason-rank proxy,False,334,93250334,11,adp,11,4.0,1125.66,1415.54,False,False
2025,ESPN preseason-rank proxy,False,334,93250334,11,target_intel,9,6.0,1247.52,1584.46,False,False
2025,ESPN preseason-rank proxy,False,334,93250334,11,model_only,10,5.0,1244.2,1554.3400000000001,False,False
2025,ESPN preseason-rank proxy,False,335,93250335,12,adp,4,9.0,1298.9,1635.7800000000002,True,False
2025,ESPN preseason-rank proxy,False,335,93250335,12,target_intel,2,9.0,1148.0000000000002,1506.6399999999999,True,False
2025,ESPN preseason-rank proxy,False,335,93250335,12,model_only,6,7.0,1171.88,1497.3200000000002,True,False
2025,ESPN preseason-rank proxy,False,336,93250336,1,adp,3,10.0,1172.6599999999999,1485.2400000000002,True,False
2025,ESPN preseason-rank proxy,False,336,93250336,1,target_intel,5,8.0,1215.64,1582.0600000000002,True,False
2025,ESPN preseason-rank proxy,False,336,93250336,1,model_only,8,6.0,1137.9799999999998,1382.58,False,False
2025,ESPN preseason-rank proxy,False,337,93250337,2,adp,8,7.0,1171.8000000000002,1521.5800000000002,False,False
2025,ESPN preseason-rank proxy,False,337,93250337,2,target_intel,8,7.0,1174.3200000000002,1513.88,False,False
2025,ESPN preseason-rank proxy,False,337,93250337,2,model_only,3,9.0,1256.32,1569.9,True,False
2025,ESPN preseason-rank proxy,False,338,93250338,3,adp,4,8.0,1196.28,1560.8600000000001,True,False
2025,ESPN preseason-rank proxy,False,338,93250338,3,target_intel,1,11.0,1283.74,1526.4,True,False
2025,ESPN preseason-rank proxy,False,338,93250338,3,model_only,9,5.0,1173.9399999999998,1405.76,False,False
2025,ESPN preseason-rank proxy,False,339,93250339,4,adp,3,9.0,1218.3,1482.74,True,False
2025,ESPN preseason-rank proxy,False,339,93250339,4,target_intel,12,5.0,1159.04,1538.5800000000002,False,False
2025,ESPN preseason-rank proxy,False,339,93250339,4,model_only,5,8.0,1170.1000000000004,1435.1599999999999,True,False
2025,ESPN preseason-rank proxy,False,340,93250340,5,adp,8,6.0,1277.1599999999999,1620.94,False,False
2025,ESPN preseason-rank proxy,False,340,93250340,5,target_intel,12,3.0,1171.7800000000004,1612.1599999999999,False,False
2025,ESPN preseason-rank proxy,False,340,93250340,5,model_only,11,4.0,1173.6200000000001,1391.2200000000003,False,False
2025,ESPN preseason-rank proxy,False,341,93250341,6,adp,8,7.0,1161.66,1377.48,False,False
2025,ESPN preseason-rank proxy,False,341,93250341,6,target_intel,2,11.0,1337.22,1587.7200000000003,True,False
2025,ESPN preseason-rank proxy,False,341,93250341,6,model_only,10,5.0,1153.18,1429.5800000000002,False,False
2025,ESPN preseason-rank proxy,False,342,93250342,7,adp,7,6.0,1127.76,1504.5000000000002,False,False
2025,ESPN preseason-rank proxy,False,342,93250342,7,target_intel,5,7.0,1204.1999999999996,1516.94,True,False
2025,ESPN preseason-rank proxy,False,342,93250342,7,model_only,3,9.0,1202.0800000000002,1477.6599999999999,True,False
2025,ESPN preseason-rank proxy,False,343,93250343,8,adp,2,10.0,1233.6200000000001,1530.2199999999998,True,False
2025,ESPN preseason-rank proxy,False,343,93250343,8,target_intel,6,7.0,1254.8000000000002,1542.68,True,False
2025,ESPN preseason-rank proxy,False,343,93250343,8,model_only,3,9.0,1215.4200000000003,1483.78,True,False
2025,ESPN preseason-rank proxy,False,344,93250344,9,adp,9,5.0,1054.5,1415.9600000000003,False,False
2025,ESPN preseason-rank proxy,False,344,93250344,9,target_intel,3,9.0,1296.8,1619.7800000000002,True,False
2025,ESPN preseason-rank proxy,False,344,93250344,9,model_only,8,6.0,1253.6,1514.76,False,False
2025,ESPN preseason-rank proxy,False,345,93250345,10,adp,6,7.0,1241.64,1571.24,True,False
2025,ESPN preseason-rank proxy,False,345,93250345,10,target_intel,9,6.0,1152.8000000000002,1471.7800000000002,False,False
2025,ESPN preseason-rank proxy,False,345,93250345,10,model_only,7,7.0,1143.6000000000004,1469.2600000000002,False,False
2025,ESPN preseason-rank proxy,False,346,93250346,11,adp,8,6.0,1236.8000000000002,1532.44,False,False
2025,ESPN preseason-rank proxy,False,346,93250346,11,target_intel,4,8.0,1267.9,1618.74,True,False
2025,ESPN preseason-rank proxy,False,346,93250346,11,model_only,7,7.0,1116.3,1385.0400000000002,False,False
2025,ESPN preseason-rank proxy,False,347,93250347,12,adp,12,4.0,1145.0600000000002,1489.7399999999998,False,False
2025,ESPN preseason-rank proxy,False,347,93250347,12,target_intel,9,5.0,1201.7,1614.0400000000002,False,False
2025,ESPN preseason-rank proxy,False,347,93250347,12,model_only,10,6.0,1083.7400000000002,1429.8600000000001,False,False
2025,ESPN preseason-rank proxy,False,348,93250348,1,adp,10,6.0,1100.08,1380.0400000000002,False,False
2025,ESPN preseason-rank proxy,False,348,93250348,1,target_intel,7,6.0,1201.22,1514.3399999999997,False,False
2025,ESPN preseason-rank proxy,False,348,93250348,1,model_only,4,9.0,1108.78,1461.84,True,False
2025,ESPN preseason-rank proxy,False,349,93250349,2,adp,8,6.0,1172.3000000000002,1478.5,False,False
2025,ESPN preseason-rank proxy,False,349,93250349,2,target_intel,4,7.0,1236.6000000000001,1509.98,True,False
2025,ESPN preseason-rank proxy,False,349,93250349,2,model_only,9,6.0,1183.4000000000003,1409.78,False,False
2025,ESPN preseason-rank proxy,False,350,93250350,3,adp,5,8.0,1132.46,1500.78,True,False
2025,ESPN preseason-rank proxy,False,350,93250350,3,target_intel,6,6.0,1254.1000000000001,1568.68,True,False
2025,ESPN preseason-rank proxy,False,350,93250350,3,model_only,10,5.0,1285.0200000000002,1457.5,False,False
2025,ESPN preseason-rank proxy,False,351,93250351,4,adp,8,7.0,1111.24,1559.42,False,False
2025,ESPN preseason-rank proxy,False,351,93250351,4,target_intel,2,10.0,1258.8000000000002,1641.78,True,False
2025,ESPN preseason-rank proxy,False,351,93250351,4,model_only,3,9.0,1164.4199999999998,1481.2,True,False
2025,ESPN preseason-rank proxy,False,352,93250352,5,adp,4,9.0,1136.9199999999998,1475.7399999999998,True,False
2025,ESPN preseason-rank proxy,False,352,93250352,5,target_intel,2,9.0,1306.2000000000003,1655.6800000000003,True,False
2025,ESPN preseason-rank proxy,False,352,93250352,5,model_only,10,5.0,1198.36,1463.34,False,False
2025,ESPN preseason-rank proxy,False,353,93250353,6,adp,8,6.0,1150.88,1443.7600000000002,False,False
2025,ESPN preseason-rank proxy,False,353,93250353,6,target_intel,2,9.0,1247.7,1602.98,True,True
2025,ESPN preseason-rank proxy,False,353,93250353,6,model_only,2,9.0,1243.0,1466.3400000000001,True,False
2025,ESPN preseason-rank proxy,False,354,93250354,7,adp,4,8.0,1340.0600000000002,1692.5,True,False
2025,ESPN preseason-rank proxy,False,354,93250354,7,target_intel,3,8.0,1248.78,1552.02,True,False
2025,ESPN preseason-rank proxy,False,354,93250354,7,model_only,3,8.0,1241.1000000000001,1532.94,True,False
2025,ESPN preseason-rank proxy,False,355,93250355,8,adp,2,9.0,1249.28,1620.4,True,False
2025,ESPN preseason-rank proxy,False,355,93250355,8,target_intel,1,11.0,1210.3,1560.06,True,False
2025,ESPN preseason-rank proxy,False,355,93250355,8,model_only,8,7.0,1130.8200000000002,1364.68,False,False
2025,ESPN preseason-rank proxy,False,356,93250356,9,adp,4,8.0,1140.3600000000001,1450.2,True,False
2025,ESPN preseason-rank proxy,False,356,93250356,9,target_intel,3,8.0,1343.1000000000001,1660.76,True,False
2025,ESPN preseason-rank proxy,False,356,93250356,9,model_only,4,8.0,1263.8999999999999,1556.8600000000001,True,False
2025,ESPN preseason-rank proxy,False,357,93250357,10,adp,7,6.0,1247.02,1562.22,False,False
2025,ESPN preseason-rank proxy,False,357,93250357,10,target_intel,6,7.0,1252.7000000000003,1677.14,True,True
2025,ESPN preseason-rank proxy,False,357,93250357,10,model_only,1,10.0,1278.2800000000004,1650.82,True,False
2025,ESPN preseason-rank proxy,False,358,93250358,11,adp,12,4.0,1032.24,1352.18,False,False
2025,ESPN preseason-rank proxy,False,358,93250358,11,target_intel,9,6.0,1122.32,1440.3,False,False
2025,ESPN preseason-rank proxy,False,358,93250358,11,model_only,12,3.0,1033.82,1277.0800000000004,False,False
2025,ESPN preseason-rank proxy,False,359,93250359,12,adp,9,7.0,1145.22,1523.7600000000002,False,False
2025,ESPN preseason-rank proxy,False,359,93250359,12,target_intel,9,6.0,1250.9,1561.7400000000002,False,False
2025,ESPN preseason-rank proxy,False,359,93250359,12,model_only,1,9.0,1312.1,1576.74,True,False
2025,ESPN preseason-rank proxy,False,360,93250360,1,adp,12,4.0,1123.8,1438.6999999999996,False,False
2025,ESPN preseason-rank proxy,False,360,93250360,1,target_intel,12,4.0,1081.7999999999997,1373.1000000000001,False,False
2025,ESPN preseason-rank proxy,False,360,93250360,1,model_only,10,5.0,1122.9,1383.76,False,False
2025,ESPN preseason-rank proxy,False,361,93250361,2,adp,2,10.0,1380.8200000000002,1678.8400000000001,True,False
2025,ESPN preseason-rank proxy,False,361,93250361,2,target_intel,3,9.0,1192.8400000000001,1522.94,True,False
2025,ESPN preseason-rank proxy,False,361,93250361,2,model_only,12,4.0,1116.66,1388.14,False,False
2025,ESPN preseason-rank proxy,False,362,93250362,3,adp,5,8.0,1117.4199999999998,1482.14,True,False
2025,ESPN preseason-rank proxy,False,362,93250362,3,target_intel,4,8.0,1256.3,1558.32,True,False
2025,ESPN preseason-rank proxy,False,362,93250362,3,model_only,10,5.0,1137.98,1399.4799999999998,False,False
2025,ESPN preseason-rank proxy,False,363,93250363,4,adp,1,10.0,1086.96,1305.78,True,False
2025,ESPN preseason-rank proxy,False,363,93250363,4,target_intel,2,10.0,1284.3999999999999,1582.7799999999997,True,True
2025,ESPN preseason-rank proxy,False,363,93250363,4,model_only,6,7.0,1209.3799999999999,1527.0800000000002,True,False
2025,ESPN preseason-rank proxy,False,364,93250364,5,adp,7,7.0,1255.4400000000003,1571.0200000000002,False,False
2025,ESPN preseason-rank proxy,False,364,93250364,5,target_intel,7,6.0,1209.6,1515.96,False,False
2025,ESPN preseason-rank proxy,False,364,93250364,5,model_only,4,10.0,1144.98,1428.26,True,False
2025,ESPN preseason-rank proxy,False,365,93250365,6,adp,2,11.0,1285.7799999999997,1529.08,True,False
2025,ESPN preseason-rank proxy,False,365,93250365,6,target_intel,2,9.0,1245.6000000000001,1537.6799999999998,True,False
2025,ESPN preseason-rank proxy,False,365,93250365,6,model_only,3,9.0,1203.9199999999998,1471.38,True,False
2025,ESPN preseason-rank proxy,False,366,93250366,7,adp,4,9.0,1261.3200000000002,1689.4,True,False
2025,ESPN preseason-rank proxy,False,366,93250366,7,target_intel,1,11.0,1306.2199999999998,1580.82,True,False
2025,ESPN preseason-rank proxy,False,366,93250366,7,model_only,4,8.0,1172.52,1432.08,True,False
2025,ESPN preseason-rank proxy,False,367,93250367,8,adp,8,7.0,1179.1399999999999,1470.2600000000002,False,False
2025,ESPN preseason-rank proxy,False,367,93250367,8,target_intel,10,5.0,1157.3,1511.38,False,False
2025,ESPN preseason-rank proxy,False,367,93250367,8,model_only,10,6.0,1192.88,1473.52,False,False
2025,ESPN preseason-rank proxy,False,368,93250368,9,adp,10,5.0,1302.3600000000001,1698.32,False,False
2025,ESPN preseason-rank proxy,False,368,93250368,9,target_intel,3,8.0,1263.4999999999998,1661.9799999999998,True,False
2025,ESPN preseason-rank proxy,False,368,93250368,9,model_only,12,4.0,1100.7,1451.96,False,False
2025,ESPN preseason-rank proxy,False,369,93250369,10,adp,1,12.0,1323.68,1684.5000000000002,True,False
2025,ESPN preseason-rank proxy,False,369,93250369,10,target_intel,9,7.0,1181.8000000000002,1633.6400000000003,False,False
2025,ESPN preseason-rank proxy,False,369,93250369,10,model_only,1,10.0,1271.5,1561.36,True,False
2025,ESPN preseason-rank proxy,False,370,93250370,11,adp,7,7.0,1074.3799999999999,1438.8600000000001,False,False
2025,ESPN preseason-rank proxy,False,370,93250370,11,target_intel,2,9.0,1092.1,1307.7800000000002,True,False
2025,ESPN preseason-rank proxy,False,370,93250370,11,model_only,6,8.0,1134.92,1449.4799999999998,True,False
2025,ESPN preseason-rank proxy,False,371,93250371,12,adp,7,7.0,1140.42,1426.1799999999998,False,False
2025,ESPN preseason-rank proxy,False,371,93250371,12,target_intel,5,8.0,1278.1000000000001,1615.84,True,False
2025,ESPN preseason-rank proxy,False,371,93250371,12,model_only,6,7.0,1205.2,1468.44,True,True
2025,ESPN preseason-rank proxy,False,372,93250372,1,adp,3,10.0,1138.44,1429.26,True,False
2025,ESPN preseason-rank proxy,False,372,93250372,1,target_intel,2,10.0,1155.76,1535.4400000000003,True,False
2025,ESPN preseason-rank proxy,False,372,93250372,1,model_only,1,12.0,1177.7600000000002,1428.8599999999997,True,False
2025,ESPN preseason-rank proxy,False,373,93250373,2,adp,2,10.0,1256.18,1486.9,True,False
2025,ESPN preseason-rank proxy,False,373,93250373,2,target_intel,7,7.0,1259.0,1563.9399999999998,False,False
2025,ESPN preseason-rank proxy,False,373,93250373,2,model_only,3,9.0,1198.72,1464.1200000000001,True,True
2025,ESPN preseason-rank proxy,False,374,93250374,3,adp,6,6.0,1269.2199999999998,1579.02,True,False
2025,ESPN preseason-rank proxy,False,374,93250374,3,target_intel,3,9.0,1259.96,1642.6400000000003,True,False
2025,ESPN preseason-rank proxy,False,374,93250374,3,model_only,9,6.0,1170.7,1475.7600000000002,False,False
2025,ESPN preseason-rank proxy,False,375,93250375,4,adp,2,10.0,1192.52,1492.7200000000003,True,False
2025,ESPN preseason-rank proxy,False,375,93250375,4,target_intel,8,6.0,1208.8400000000001,1514.1000000000001,False,False
2025,ESPN preseason-rank proxy,False,375,93250375,4,model_only,8,6.0,1154.26,1458.5199999999998,False,False
2025,ESPN preseason-rank proxy,False,376,93250376,5,adp,7,8.0,1370.66,1679.4600000000003,False,False
2025,ESPN preseason-rank proxy,False,376,93250376,5,target_intel,10,5.0,1169.82,1523.28,False,False
2025,ESPN preseason-rank proxy,False,376,93250376,5,model_only,10,4.0,1138.88,1382.24,False,False
2025,ESPN preseason-rank proxy,False,377,93250377,6,adp,4,8.0,1207.6600000000003,1508.3600000000001,True,False
2025,ESPN preseason-rank proxy,False,377,93250377,6,target_intel,4,8.0,1338.6799999999998,1641.06,True,False
2025,ESPN preseason-rank proxy,False,377,93250377,6,model_only,4,8.0,1260.0,1585.1599999999999,True,True
2025,ESPN preseason-rank proxy,False,378,93250378,7,adp,2,9.0,1449.3600000000004,1707.5800000000002,True,False
2025,ESPN preseason-rank proxy,False,378,93250378,7,target_intel,2,9.0,1274.88,1663.66,True,False
2025,ESPN preseason-rank proxy,False,378,93250378,7,model_only,7,6.0,1250.0199999999995,1542.28,False,False
2025,ESPN preseason-rank proxy,False,379,93250379,8,adp,1,11.0,1383.3200000000002,1567.52,True,True
2025,ESPN preseason-rank proxy,False,379,93250379,8,target_intel,1,10.0,1191.4,1560.56,True,True
2025,ESPN preseason-rank proxy,False,379,93250379,8,model_only,9,5.0,1131.8,1424.6599999999999,False,False
2025,ESPN preseason-rank proxy,False,380,93250380,9,adp,2,9.0,1279.3200000000002,1525.6200000000001,True,True
2025,ESPN preseason-rank proxy,False,380,93250380,9,target_intel,8,7.0,1118.6000000000001,1486.7599999999998,False,False
2025,ESPN preseason-rank proxy,False,380,93250380,9,model_only,7,7.0,1097.2,1413.66,False,False
2025,ESPN preseason-rank proxy,False,381,93250381,10,adp,3,9.0,1290.22,1650.7799999999997,True,False
2025,ESPN preseason-rank proxy,False,381,93250381,10,target_intel,3,8.0,1258.72,1583.4600000000003,True,True
2025,ESPN preseason-rank proxy,False,381,93250381,10,model_only,3,10.0,1187.1000000000001,1459.14,True,True
2025,ESPN preseason-rank proxy,False,382,93250382,11,adp,7,7.0,1106.96,1448.8400000000001,False,False
2025,ESPN preseason-rank proxy,False,382,93250382,11,target_intel,5,8.0,1177.48,1533.0199999999998,True,False
2025,ESPN preseason-rank proxy,False,382,93250382,11,model_only,7,7.0,1103.08,1482.92,False,False
2025,ESPN preseason-rank proxy,False,383,93250383,12,adp,7,7.0,971.7600000000002,1327.2000000000003,False,False
2025,ESPN preseason-rank proxy,False,383,93250383,12,target_intel,6,7.0,1187.3,1512.4400000000003,True,False
2025,ESPN preseason-rank proxy,False,383,93250383,12,model_only,6,7.0,1191.2,1499.7400000000002,True,False
2025,ESPN preseason-rank proxy,False,384,93250384,1,adp,3,10.0,1261.58,1660.6799999999998,True,False
2025,ESPN preseason-rank proxy,False,384,93250384,1,target_intel,3,10.0,1109.66,1482.9200000000003,True,False
2025,ESPN preseason-rank proxy,False,384,93250384,1,model_only,10,5.0,1135.52,1471.68,False,False
2025,ESPN preseason-rank proxy,False,385,93250385,2,adp,7,7.0,1251.1000000000001,1591.34,False,False
2025,ESPN preseason-rank proxy,False,385,93250385,2,target_intel,7,7.0,1143.12,1415.3399999999997,False,False
2025,ESPN preseason-rank proxy,False,385,93250385,2,model_only,5,7.0,1191.1200000000001,1497.94,True,False
2025,ESPN preseason-rank proxy,False,386,93250386,3,adp,4,8.0,1282.16,1600.0600000000002,True,False
2025,ESPN preseason-rank proxy,False,386,93250386,3,target_intel,7,7.0,1152.0,1471.0800000000002,False,False
2025,ESPN preseason-rank proxy,False,386,93250386,3,model_only,1,10.0,1142.7199999999998,1411.9199999999998,True,False
2025,ESPN preseason-rank proxy,False,387,93250387,4,adp,7,7.0,1201.9999999999998,1542.86,False,False
2025,ESPN preseason-rank proxy,False,387,93250387,4,target_intel,8,7.0,1113.42,1384.7200000000003,False,False
2025,ESPN preseason-rank proxy,False,387,93250387,4,model_only,3,9.0,1159.9600000000003,1400.5399999999997,True,False
2025,ESPN preseason-rank proxy,False,388,93250388,5,adp,10,5.0,1138.78,1439.7800000000002,False,False
2025,ESPN preseason-rank proxy,False,388,93250388,5,target_intel,2,11.0,1285.9800000000002,1621.3799999999997,True,True
2025,ESPN preseason-rank proxy,False,388,93250388,5,model_only,10,6.0,1126.2,1383.0800000000002,False,False
2025,ESPN preseason-rank proxy,False,389,93250389,6,adp,1,9.0,1358.86,1768.0600000000004,True,False
2025,ESPN preseason-rank proxy,False,389,93250389,6,target_intel,4,8.0,1261.1200000000001,1594.9800000000002,True,False
2025,ESPN preseason-rank proxy,False,389,93250389,6,model_only,3,9.0,1217.58,1494.42,True,False
2025,ESPN preseason-rank proxy,False,390,93250390,7,adp,3,9.0,1132.46,1333.3799999999999,True,False
2025,ESPN preseason-rank proxy,False,390,93250390,7,target_intel,5,7.0,1214.6000000000001,1605.44,True,False
2025,ESPN preseason-rank proxy,False,390,93250390,7,model_only,3,8.0,1241.3,1509.48,True,True
2025,ESPN preseason-rank proxy,False,391,93250391,8,adp,4,8.0,1275.3200000000002,1555.3400000000001,True,False
2025,ESPN preseason-rank proxy,False,391,93250391,8,target_intel,1,9.0,1376.08,1753.4199999999998,True,True
2025,ESPN preseason-rank proxy,False,391,93250391,8,model_only,8,6.0,1163.72,1495.1799999999998,False,False
2025,ESPN preseason-rank proxy,False,392,93250392,9,adp,9,5.0,1215.1000000000001,1561.88,False,False
2025,ESPN preseason-rank proxy,False,392,93250392,9,target_intel,3,8.0,1406.98,1803.08,True,False
2025,ESPN preseason-rank proxy,False,392,93250392,9,model_only,6,8.0,1173.42,1435.4800000000002,True,False
2025,ESPN preseason-rank proxy,False,393,93250393,10,adp,7,7.0,1326.7399999999998,1651.3999999999999,False,False
2025,ESPN preseason-rank proxy,False,393,93250393,10,target_intel,2,8.0,1262.5199999999998,1576.9,True,False
2025,ESPN preseason-rank proxy,False,393,93250393,10,model_only,7,7.0,1164.32,1391.6799999999998,False,False
2025,ESPN preseason-rank proxy,False,394,93250394,11,adp,2,9.0,1322.0,1623.2600000000002,True,False
2025,ESPN preseason-rank proxy,False,394,93250394,11,target_intel,3,9.0,1297.7200000000003,1556.8600000000004,True,False
2025,ESPN preseason-rank proxy,False,394,93250394,11,model_only,8,6.0,1197.4399999999998,1530.4199999999998,False,False
2025,ESPN preseason-rank proxy,False,395,93250395,12,adp,10,5.0,1213.22,1508.02,False,False
2025,ESPN preseason-rank proxy,False,395,93250395,12,target_intel,8,5.0,1210.6,1558.74,False,False
2025,ESPN preseason-rank proxy,False,395,93250395,12,model_only,4,8.0,1189.8000000000002,1478.24,True,False
2025,ESPN preseason-rank proxy,False,396,93250396,1,adp,11,5.0,1103.52,1335.5000000000002,False,False
2025,ESPN preseason-rank proxy,False,396,93250396,1,target_intel,10,6.0,1118.8600000000001,1543.44,False,False
2025,ESPN preseason-rank proxy,False,396,93250396,1,model_only,4,8.0,1113.84,1428.4199999999998,True,False
2025,ESPN preseason-rank proxy,False,397,93250397,2,adp,6,7.0,1204.9400000000003,1618.5400000000002,True,True
2025,ESPN preseason-rank proxy,False,397,93250397,2,target_intel,9,5.0,1077.0,1402.1799999999998,False,False
2025,ESPN preseason-rank proxy,False,397,93250397,2,model_only,4,8.0,1203.6200000000001,1434.52,True,False
2025,ESPN preseason-rank proxy,False,398,93250398,3,adp,9,6.0,1049.44,1468.2800000000002,False,False
2025,ESPN preseason-rank proxy,False,398,93250398,3,target_intel,7,7.0,1167.1,1520.4,False,False
2025,ESPN preseason-rank proxy,False,398,93250398,3,model_only,7,6.0,1130.62,1423.1,False,False
2025,ESPN preseason-rank proxy,False,399,93250399,4,adp,3,9.0,1170.6,1446.26,True,False
2025,ESPN preseason-rank proxy,False,399,93250399,4,target_intel,2,10.0,1237.8200000000002,1562.3600000000001,True,False
2025,ESPN preseason-rank proxy,False,399,93250399,4,model_only,7,7.0,1154.5800000000002,1456.0399999999997,False,False
2025,ESPN preseason-rank proxy,False,400,93250400,5,adp,5,7.0,1235.48,1599.8400000000004,True,False
2025,ESPN preseason-rank proxy,False,400,93250400,5,target_intel,9,5.0,1244.72,1537.08,False,False
2025,ESPN preseason-rank proxy,False,400,93250400,5,model_only,9,5.0,1149.96,1410.52,False,False
2025,ESPN preseason-rank proxy,False,401,93250401,6,adp,2,10.0,1181.2200000000003,1470.88,True,True
2025,ESPN preseason-rank proxy,False,401,93250401,6,target_intel,7,6.0,1070.4,1424.6999999999998,False,False
2025,ESPN preseason-rank proxy,False,401,93250401,6,model_only,11,6.0,1047.8000000000002,1404.76,False,False
2025,ESPN preseason-rank proxy,False,402,93250402,7,adp,5,7.0,1286.42,1546.2,True,False
2025,ESPN preseason-rank proxy,False,402,93250402,7,target_intel,2,9.0,1292.04,1500.66,True,False
2025,ESPN preseason-rank proxy,False,402,93250402,7,model_only,6,7.0,1248.7,1473.5800000000002,True,False
2025,ESPN preseason-rank proxy,False,403,93250403,8,adp,1,10.0,1276.82,1556.9,True,True
2025,ESPN preseason-rank proxy,False,403,93250403,8,target_intel,12,4.0,972.9200000000001,1325.6799999999996,False,False
2025,ESPN preseason-rank proxy,False,403,93250403,8,model_only,8,7.0,1039.42,1396.28,False,False
2025,ESPN preseason-rank proxy,False,404,93250404,9,adp,6,7.0,1292.1600000000003,1627.2999999999997,True,True
2025,ESPN preseason-rank proxy,False,404,93250404,9,target_intel,2,9.0,1271.68,1606.6200000000003,True,False
2025,ESPN preseason-rank proxy,False,404,93250404,9,model_only,6,7.0,1256.98,1564.8200000000002,True,False
2025,ESPN preseason-rank proxy,False,405,93250405,10,adp,5,7.0,1207.82,1606.1000000000001,True,True
2025,ESPN preseason-rank proxy,False,405,93250405,10,target_intel,1,11.0,1280.1,1708.6399999999999,True,False
2025,ESPN preseason-rank proxy,False,405,93250405,10,model_only,10,5.0,1163.1000000000001,1476.7399999999998,False,False
2025,ESPN preseason-rank proxy,False,406,93250406,11,adp,2,9.0,1346.6799999999998,1690.64,True,False
2025,ESPN preseason-rank proxy,False,406,93250406,11,target_intel,1,12.0,1384.0000000000002,1724.14,True,False
2025,ESPN preseason-rank proxy,False,406,93250406,11,model_only,6,7.0,1276.1000000000001,1596.94,True,False
2025,ESPN preseason-rank proxy,False,407,93250407,12,adp,3,9.0,1239.2,1509.08,True,False
2025,ESPN preseason-rank proxy,False,407,93250407,12,target_intel,2,9.0,1284.8799999999999,1698.52,True,False
2025,ESPN preseason-rank proxy,False,407,93250407,12,model_only,3,10.0,1375.68,1660.2200000000003,True,False
2025,ESPN preseason-rank proxy,False,408,93250408,1,adp,10,6.0,1110.0200000000002,1472.1,False,False
2025,ESPN preseason-rank proxy,False,408,93250408,1,target_intel,10,6.0,1108.6400000000003,1535.12,False,False
2025,ESPN preseason-rank proxy,False,408,93250408,1,model_only,6,8.0,1180.26,1488.1200000000001,True,False
2025,ESPN preseason-rank proxy,False,409,93250409,2,adp,6,7.0,1324.9,1649.78,True,True
2025,ESPN preseason-rank proxy,False,409,93250409,2,target_intel,3,9.0,1244.3000000000002,1593.6799999999998,True,False
2025,ESPN preseason-rank proxy,False,409,93250409,2,model_only,2,10.0,1310.5800000000002,1554.18,True,True
2025,ESPN preseason-rank proxy,False,410,93250410,3,adp,3,8.0,1317.8200000000002,1634.74,True,False
2025,ESPN preseason-rank proxy,False,410,93250410,3,target_intel,5,8.0,1138.86,1493.04,True,False
2025,ESPN preseason-rank proxy,False,410,93250410,3,model_only,5,8.0,1170.66,1375.4,True,False
2025,ESPN preseason-rank proxy,False,411,93250411,4,adp,1,10.0,1283.18,1602.42,True,False
2025,ESPN preseason-rank proxy,False,411,93250411,4,target_intel,8,7.0,1125.26,1447.48,False,False
2025,ESPN preseason-rank proxy,False,411,93250411,4,model_only,6,8.0,1167.2,1425.98,True,False
2025,ESPN preseason-rank proxy,False,412,93250412,5,adp,5,8.0,1222.08,1644.68,True,True
2025,ESPN preseason-rank proxy,False,412,93250412,5,target_intel,9,6.0,1258.2199999999998,1615.0800000000002,False,False
2025,ESPN preseason-rank proxy,False,412,93250412,5,model_only,9,6.0,1132.8799999999999,1418.8400000000001,False,False
2025,ESPN preseason-rank proxy,False,413,93250413,6,adp,1,9.0,1305.0399999999997,1601.2200000000003,True,False
2025,ESPN preseason-rank proxy,False,413,93250413,6,target_intel,1,12.0,1299.08,1601.4199999999998,True,False
2025,ESPN preseason-rank proxy,False,413,93250413,6,model_only,5,8.0,1206.3999999999999,1506.86,True,False
2025,ESPN preseason-rank proxy,False,414,93250414,7,adp,6,7.0,1221.86,1568.5600000000002,True,False
2025,ESPN preseason-rank proxy,False,414,93250414,7,target_intel,3,9.0,1186.38,1616.4199999999998,True,False
2025,ESPN preseason-rank proxy,False,414,93250414,7,model_only,8,6.0,1181.9000000000003,1479.6399999999999,False,False
2025,ESPN preseason-rank proxy,False,415,93250415,8,adp,9,6.0,1145.02,1522.82,False,False
2025,ESPN preseason-rank proxy,False,415,93250415,8,target_intel,5,8.0,1239.3999999999999,1491.96,True,False
2025,ESPN preseason-rank proxy,False,415,93250415,8,model_only,5,8.0,1219.1000000000004,1566.5600000000002,True,False
2025,ESPN preseason-rank proxy,False,416,93250416,9,adp,12,5.0,1207.48,1502.8600000000001,False,False
2025,ESPN preseason-rank proxy,False,416,93250416,9,target_intel,12,5.0,1056.32,1362.28,False,False
2025,ESPN preseason-rank proxy,False,416,93250416,9,model_only,11,4.0,1062.7,1381.9599999999998,False,False
2025,ESPN preseason-rank proxy,False,417,93250417,10,adp,3,8.0,1151.76,1558.1000000000001,True,False
2025,ESPN preseason-rank proxy,False,417,93250417,10,target_intel,4,8.0,1257.3,1621.14,True,False
2025,ESPN preseason-rank proxy,False,417,93250417,10,model_only,5,7.0,1243.0000000000002,1549.9400000000003,True,False
2025,ESPN preseason-rank proxy,False,418,93250418,11,adp,7,6.0,1200.74,1555.1000000000001,False,False
2025,ESPN preseason-rank proxy,False,418,93250418,11,target_intel,5,7.0,1271.3400000000001,1663.2199999999998,True,False
2025,ESPN preseason-rank proxy,False,418,93250418,11,model_only,8,6.0,1237.5200000000002,1515.78,False,False
2025,ESPN preseason-rank proxy,False,419,93250419,12,adp,7,7.0,1166.8600000000001,1499.02,False,False
2025,ESPN preseason-rank proxy,False,419,93250419,12,target_intel,2,10.0,1319.2999999999997,1706.94,True,False
2025,ESPN preseason-rank proxy,False,419,93250419,12,model_only,3,9.0,1216.7,1509.84,True,False
2025,ESPN preseason-rank proxy,False,420,93250420,1,adp,7,7.0,1242.8000000000002,1530.4799999999998,False,False
2025,ESPN preseason-rank proxy,False,420,93250420,1,target_intel,11,4.0,1118.9,1531.78,False,False
2025,ESPN preseason-rank proxy,False,420,93250420,1,model_only,10,6.0,1141.98,1385.82,False,False
2025,ESPN preseason-rank proxy,False,421,93250421,2,adp,1,11.0,1251.0000000000002,1469.5200000000002,True,True
2025,ESPN preseason-rank proxy,False,421,93250421,2,target_intel,4,8.0,1163.64,1433.66,True,False
2025,ESPN preseason-rank proxy,False,421,93250421,2,model_only,6,8.0,1135.54,1413.6200000000001,True,True
2025,ESPN preseason-rank proxy,False,422,93250422,3,adp,3,10.0,1265.44,1621.78,True,False
2025,ESPN preseason-rank proxy,False,422,93250422,3,target_intel,3,9.0,1283.2800000000002,1615.7600000000002,True,False
2025,ESPN preseason-rank proxy,False,422,93250422,3,model_only,1,10.0,1244.0400000000002,1576.28,True,False
2025,ESPN preseason-rank proxy,False,423,93250423,4,adp,7,6.0,1284.3000000000002,1677.1000000000001,False,False
2025,ESPN preseason-rank proxy,False,423,93250423,4,target_intel,8,7.0,1149.22,1456.2600000000002,False,False
2025,ESPN preseason-rank proxy,False,423,93250423,4,model_only,10,6.0,1195.6399999999999,1486.44,False,False
2025,ESPN preseason-rank proxy,False,424,93250424,5,adp,8,6.0,1184.2799999999997,1494.8999999999999,False,False
2025,ESPN preseason-rank proxy,False,424,93250424,5,target_intel,6,7.0,1240.2399999999998,1455.7399999999998,True,False
2025,ESPN preseason-rank proxy,False,424,93250424,5,model_only,1,11.0,1226.04,1505.32,True,False
2025,ESPN preseason-rank proxy,False,425,93250425,6,adp,7,7.0,1101.94,1468.06,False,False
2025,ESPN preseason-rank proxy,False,425,93250425,6,target_intel,8,7.0,1145.3599999999997,1546.48,False,False
2025,ESPN preseason-rank proxy,False,425,93250425,6,model_only,9,5.0,1111.1000000000001,1388.86,False,False
2025,ESPN preseason-rank proxy,False,426,93250426,7,adp,2,10.0,1281.14,1674.74,True,True
2025,ESPN preseason-rank proxy,False,426,93250426,7,target_intel,2,10.0,1272.2,1655.6599999999999,True,False
2025,ESPN preseason-rank proxy,False,426,93250426,7,model_only,1,10.0,1278.2000000000003,1542.3600000000001,True,False
2025,ESPN preseason-rank proxy,False,427,93250427,8,adp,1,12.0,1338.88,1587.8600000000004,True,False
2025,ESPN preseason-rank proxy,False,427,93250427,8,target_intel,3,8.0,1215.9999999999998,1528.38,True,False
2025,ESPN preseason-rank proxy,False,427,93250427,8,model_only,6,7.0,1168.5000000000002,1489.6000000000001,True,False
2025,ESPN preseason-rank proxy,False,428,93250428,9,adp,5,7.0,1331.7600000000002,1680.8,True,False
2025,ESPN preseason-rank proxy,False,428,93250428,9,target_intel,8,6.0,1357.4,1696.14,False,False
2025,ESPN preseason-rank proxy,False,428,93250428,9,model_only,7,7.0,1182.8000000000002,1438.4399999999998,False,False
2025,ESPN preseason-rank proxy,False,429,93250429,10,adp,4,9.0,1257.68,1530.5800000000002,True,False
2025,ESPN preseason-rank proxy,False,429,93250429,10,target_intel,1,10.0,1332.1,1668.9400000000003,True,False
2025,ESPN preseason-rank proxy,False,429,93250429,10,model_only,5,8.0,1192.1799999999998,1536.8200000000002,True,False
2025,ESPN preseason-rank proxy,False,430,93250430,11,adp,6,8.0,1222.2400000000002,1590.0000000000002,True,False
2025,ESPN preseason-rank proxy,False,430,93250430,11,target_intel,10,5.0,1120.68,1495.9200000000003,False,False
2025,ESPN preseason-rank proxy,False,430,93250430,11,model_only,12,3.0,1070.5000000000002,1368.74,False,False
2025,ESPN preseason-rank proxy,False,431,93250431,12,adp,1,10.0,1383.6599999999999,1659.8400000000001,True,False
2025,ESPN preseason-rank proxy,False,431,93250431,12,target_intel,3,9.0,1264.16,1605.14,True,False
2025,ESPN preseason-rank proxy,False,431,93250431,12,model_only,11,5.0,1133.2,1434.24,False,False
2025,ESPN preseason-rank proxy,False,432,93250432,1,adp,8,6.0,1195.3400000000001,1545.02,False,False
2025,ESPN preseason-rank proxy,False,432,93250432,1,target_intel,8,7.0,1156.68,1482.28,False,False
2025,ESPN preseason-rank proxy,False,432,93250432,1,model_only,9,6.0,1142.68,1468.3,False,False
2025,ESPN preseason-rank proxy,False,433,93250433,2,adp,9,6.0,1050.34,1425.36,False,False
2025,ESPN preseason-rank proxy,False,433,93250433,2,target_intel,2,10.0,1283.7000000000003,1597.5,True,False
2025,ESPN preseason-rank proxy,False,433,93250433,2,model_only,2,10.0,1194.9,1538.82,True,True
2025,ESPN preseason-rank proxy,False,434,93250434,3,adp,6,7.0,1243.2599999999998,1644.82,True,False
2025,ESPN preseason-rank proxy,False,434,93250434,3,target_intel,5,8.0,1254.3,1569.3799999999999,True,False
2025,ESPN preseason-rank proxy,False,434,93250434,3,model_only,3,9.0,1222.26,1447.9199999999998,True,False
2025,ESPN preseason-rank proxy,False,435,93250435,4,adp,9,6.0,1187.68,1485.88,False,False
2025,ESPN preseason-rank proxy,False,435,93250435,4,target_intel,6,7.0,1304.1000000000001,1555.78,True,False
2025,ESPN preseason-rank proxy,False,435,93250435,4,model_only,8,6.0,1165.28,1526.6599999999999,False,False
2025,ESPN preseason-rank proxy,False,436,93250436,5,adp,2,9.0,1208.74,1509.1,True,True
2025,ESPN preseason-rank proxy,False,436,93250436,5,target_intel,9,6.0,1110.0000000000002,1441.18,False,False
2025,ESPN preseason-rank proxy,False,436,93250436,5,model_only,4,8.0,1142.6799999999998,1458.06,True,True
2025,ESPN preseason-rank proxy,False,437,93250437,6,adp,11,4.0,1224.8599999999997,1523.8600000000001,False,False
2025,ESPN preseason-rank proxy,False,437,93250437,6,target_intel,1,13.0,1490.5199999999998,1790.2800000000002,True,False
2025,ESPN preseason-rank proxy,False,437,93250437,6,model_only,5,9.0,1214.2200000000003,1510.78,True,False
2025,ESPN preseason-rank proxy,False,438,93250438,7,adp,1,10.0,1254.42,1527.22,True,False
2025,ESPN preseason-rank proxy,False,438,93250438,7,target_intel,9,6.0,1210.4199999999998,1508.88,False,False
2025,ESPN preseason-rank proxy,False,438,93250438,7,model_only,6,7.0,1148.6399999999999,1461.4199999999998,True,False
2025,ESPN preseason-rank proxy,False,439,93250439,8,adp,1,10.0,1422.18,1710.4200000000005,True,False
2025,ESPN preseason-rank proxy,False,439,93250439,8,target_intel,1,10.0,1266.4,1548.6800000000003,True,False
2025,ESPN preseason-rank proxy,False,439,93250439,8,model_only,2,9.0,1232.8,1567.3399999999997,True,False
2025,ESPN preseason-rank proxy,False,440,93250440,9,adp,2,10.0,1379.0799999999997,1659.2,True,True
2025,ESPN preseason-rank proxy,False,440,93250440,9,target_intel,5,7.0,1372.18,1775.82,True,False
2025,ESPN preseason-rank proxy,False,440,93250440,9,model_only,3,8.0,1326.08,1603.5200000000002,True,False
2025,ESPN preseason-rank proxy,False,441,93250441,10,adp,6,7.0,1328.2,1583.92,True,False
2025,ESPN preseason-rank proxy,False,441,93250441,10,target_intel,8,6.0,1139.6000000000001,1566.8400000000001,False,False
2025,ESPN preseason-rank proxy,False,441,93250441,10,model_only,12,2.0,948.68,1268.4200000000003,False,False
2025,ESPN preseason-rank proxy,False,442,93250442,11,adp,7,7.0,1157.42,1533.08,False,False
2025,ESPN preseason-rank proxy,False,442,93250442,11,target_intel,4,7.0,1255.8000000000002,1653.74,True,False
2025,ESPN preseason-rank proxy,False,442,93250442,11,model_only,8,6.0,1110.8000000000002,1418.04,False,False
2025,ESPN preseason-rank proxy,False,443,93250443,12,adp,7,7.0,1203.5600000000002,1483.12,False,False
2025,ESPN preseason-rank proxy,False,443,93250443,12,target_intel,10,6.0,1185.8999999999999,1521.4400000000003,False,False
2025,ESPN preseason-rank proxy,False,443,93250443,12,model_only,2,9.0,1214.8000000000002,1576.2400000000002,True,True
2025,ESPN preseason-rank proxy,False,444,93250444,1,adp,8,7.0,1061.88,1530.04,False,False
2025,ESPN preseason-rank proxy,False,444,93250444,1,target_intel,2,9.0,1140.86,1457.46,True,True
2025,ESPN preseason-rank proxy,False,444,93250444,1,model_only,10,6.0,1175.34,1457.64,False,False
2025,ESPN preseason-rank proxy,False,445,93250445,2,adp,5,8.0,1183.9399999999998,1505.4199999999998,True,False
2025,ESPN preseason-rank proxy,False,445,93250445,2,target_intel,9,7.0,1127.1599999999999,1517.0400000000004,False,False
2025,ESPN preseason-rank proxy,False,445,93250445,2,model_only,4,9.0,1196.18,1462.6599999999999,True,False
2025,ESPN preseason-rank proxy,False,446,93250446,3,adp,7,7.0,1270.26,1570.24,False,False
2025,ESPN preseason-rank proxy,False,446,93250446,3,target_intel,12,3.0,1193.46,1593.8400000000001,False,False
2025,ESPN preseason-rank proxy,False,446,93250446,3,model_only,10,5.0,1221.06,1467.1,False,False
2025,ESPN preseason-rank proxy,False,447,93250447,4,adp,6,7.0,1240.56,1530.46,True,False
2025,ESPN preseason-rank proxy,False,447,93250447,4,target_intel,2,8.0,1267.5800000000002,1603.9600000000003,True,False
2025,ESPN preseason-rank proxy,False,447,93250447,4,model_only,2,9.0,1216.02,1485.28,True,False
2025,ESPN preseason-rank proxy,False,448,93250448,5,adp,3,8.0,1351.8,1737.36,True,False
2025,ESPN preseason-rank proxy,False,448,93250448,5,target_intel,1,11.0,1413.0800000000002,1690.2599999999998,True,False
2025,ESPN preseason-rank proxy,False,448,93250448,5,model_only,6,8.0,1181.5,1530.36,True,False
2025,ESPN preseason-rank proxy,False,449,93250449,6,adp,7,7.0,1087.94,1401.08,False,False
2025,ESPN preseason-rank proxy,False,449,93250449,6,target_intel,9,5.0,1239.3999999999999,1561.5400000000004,False,False
2025,ESPN preseason-rank proxy,False,449,93250449,6,model_only,5,8.0,1165.72,1409.58,True,False
2025,ESPN preseason-rank proxy,False,450,93250450,7,adp,12,5.0,1189.1599999999999,1428.5599999999997,False,False
2025,ESPN preseason-rank proxy,False,450,93250450,7,target_intel,5,8.0,1284.6999999999998,1627.2800000000002,True,False
2025,ESPN preseason-rank proxy,False,450,93250450,7,model_only,8,6.0,1205.6000000000001,1477.54,False,False
2025,ESPN preseason-rank proxy,False,451,93250451,8,adp,3,9.0,1395.8000000000002,1638.54,True,True
2025,ESPN preseason-rank proxy,False,451,93250451,8,target_intel,4,8.0,1200.8,1585.64,True,False
2025,ESPN preseason-rank proxy,False,451,93250451,8,model_only,3,8.0,1203.32,1494.58,True,False
2025,ESPN preseason-rank proxy,False,452,93250452,9,adp,3,9.0,1354.2999999999997,1728.5400000000002,True,False
2025,ESPN preseason-rank proxy,False,452,93250452,9,target_intel,6,7.0,1271.7,1588.84,True,False
2025,ESPN preseason-rank proxy,False,452,93250452,9,model_only,11,4.0,1213.6,1548.0400000000002,False,False
2025,ESPN preseason-rank proxy,False,453,93250453,10,adp,2,9.0,1362.02,1668.34,True,False
2025,ESPN preseason-rank proxy,False,453,93250453,10,target_intel,5,8.0,1237.2800000000002,1597.5200000000002,True,False
2025,ESPN preseason-rank proxy,False,453,93250453,10,model_only,7,8.0,1214.3799999999999,1521.7200000000003,False,False
2025,ESPN preseason-rank proxy,False,454,93250454,11,adp,1,10.0,1292.9200000000003,1631.52,True,False
2025,ESPN preseason-rank proxy,False,454,93250454,11,target_intel,1,10.0,1275.2999999999997,1718.54,True,False
2025,ESPN preseason-rank proxy,False,454,93250454,11,model_only,1,9.0,1289.0,1568.74,True,False
2025,ESPN preseason-rank proxy,False,455,93250455,12,adp,3,9.0,1469.7000000000003,1790.66,True,False
2025,ESPN preseason-rank proxy,False,455,93250455,12,target_intel,5,7.0,1222.9399999999998,1602.72,True,False
2025,ESPN preseason-rank proxy,False,455,93250455,12,model_only,5,8.0,1122.6,1382.84,True,False
2025,ESPN preseason-rank proxy,False,456,93250456,1,adp,6,8.0,1063.68,1400.9200000000003,True,False
2025,ESPN preseason-rank proxy,False,456,93250456,1,target_intel,4,8.0,1267.92,1599.54,True,False
2025,ESPN preseason-rank proxy,False,456,93250456,1,model_only,8,7.0,1121.4599999999998,1455.42,False,False
2025,ESPN preseason-rank proxy,False,457,93250457,2,adp,10,5.0,1138.8000000000002,1514.58,False,False
2025,ESPN preseason-rank proxy,False,457,93250457,2,target_intel,12,4.0,1003.7,1423.78,False,False
2025,ESPN preseason-rank proxy,False,457,93250457,2,model_only,9,6.0,1151.48,1463.24,False,False
2025,ESPN preseason-rank proxy,False,458,93250458,3,adp,9,6.0,1157.6000000000001,1565.6799999999998,False,False
2025,ESPN preseason-rank proxy,False,458,93250458,3,target_intel,5,8.0,1177.5,1504.08,True,False
2025,ESPN preseason-rank proxy,False,458,93250458,3,model_only,4,9.0,1136.12,1357.82,True,False
2025,ESPN preseason-rank proxy,False,459,93250459,4,adp,2,9.0,1341.14,1638.94,True,False
2025,ESPN preseason-rank proxy,False,459,93250459,4,target_intel,1,11.0,1344.42,1691.68,True,False
2025,ESPN preseason-rank proxy,False,459,93250459,4,model_only,10,5.0,1168.22,1456.9800000000002,False,False
2025,ESPN preseason-rank proxy,False,460,93250460,5,adp,11,4.0,1195.3,1632.86,False,False
2025,ESPN preseason-rank proxy,False,460,93250460,5,target_intel,1,9.0,1313.0799999999997,1690.18,True,False
2025,ESPN preseason-rank proxy,False,460,93250460,5,model_only,10,5.0,1216.8000000000002,1489.68,False,False
2025,ESPN preseason-rank proxy,False,461,93250461,6,adp,4,8.0,1291.68,1604.5,True,True
2025,ESPN preseason-rank proxy,False,461,93250461,6,target_intel,2,10.0,1318.4200000000003,1641.08,True,False
2025,ESPN preseason-rank proxy,False,461,93250461,6,model_only,2,10.0,1243.1000000000001,1506.8600000000004,True,False
2025,ESPN preseason-rank proxy,False,462,93250462,7,adp,6,7.0,1342.3799999999999,1629.8,True,True
2025,ESPN preseason-rank proxy,False,462,93250462,7,target_intel,5,8.0,1227.9199999999998,1661.8999999999999,True,False
2025,ESPN preseason-rank proxy,False,462,93250462,7,model_only,1,10.0,1261.62,1476.98,True,False
2025,ESPN preseason-rank proxy,False,463,93250463,8,adp,8,6.0,1158.14,1431.0200000000002,False,False
2025,ESPN preseason-rank proxy,False,463,93250463,8,target_intel,10,6.0,1056.8200000000002,1407.26,False,False
2025,ESPN preseason-rank proxy,False,463,93250463,8,model_only,11,6.0,1124.3000000000002,1428.5400000000002,False,False
2025,ESPN preseason-rank proxy,False,464,93250464,9,adp,4,9.0,1288.86,1575.0600000000002,True,False
2025,ESPN preseason-rank proxy,False,464,93250464,9,target_intel,10,6.0,1142.1,1508.64,False,False
2025,ESPN preseason-rank proxy,False,464,93250464,9,model_only,4,8.0,1172.92,1405.72,True,False
2025,ESPN preseason-rank proxy,False,465,93250465,10,adp,3,8.0,1131.58,1423.5800000000002,True,False
2025,ESPN preseason-rank proxy,False,465,93250465,10,target_intel,5,8.0,1209.6,1542.9599999999998,True,False
2025,ESPN preseason-rank proxy,False,465,93250465,10,model_only,1,10.0,1202.9,1544.84,True,False
2025,ESPN preseason-rank proxy,False,466,93250466,11,adp,9,6.0,1303.7600000000002,1562.7800000000002,False,False
2025,ESPN preseason-rank proxy,False,466,93250466,11,target_intel,11,5.0,1216.8000000000002,1556.9399999999998,False,False
2025,ESPN preseason-rank proxy,False,466,93250466,11,model_only,7,7.0,1185.32,1463.18,False,False
2025,ESPN preseason-rank proxy,False,467,93250467,12,adp,7,7.0,1158.4199999999998,1468.3600000000004,False,False
2025,ESPN preseason-rank proxy,False,467,93250467,12,target_intel,12,2.0,1046.8999999999999,1391.04,False,False
2025,ESPN preseason-rank proxy,False,467,93250467,12,model_only,12,4.0,1051.8999999999999,1379.34,False,False
2025,ESPN preseason-rank proxy,False,468,93250468,1,adp,8,7.0,1152.7199999999998,1390.0600000000002,False,False
2025,ESPN preseason-rank proxy,False,468,93250468,1,target_intel,11,5.0,1158.7,1450.4,False,False
2025,ESPN preseason-rank proxy,False,468,93250468,1,model_only,10,4.0,1122.3600000000001,1452.04,False,False
2025,ESPN preseason-rank proxy,False,469,93250469,2,adp,2,9.0,1237.6999999999998,1593.4,True,False
2025,ESPN preseason-rank proxy,False,469,93250469,2,target_intel,6,8.0,1181.3600000000001,1598.14,True,False
2025,ESPN preseason-rank proxy,False,469,93250469,2,model_only,8,7.0,1213.58,1501.5600000000002,False,False
2025,ESPN preseason-rank proxy,False,470,93250470,3,adp,9,6.0,1120.28,1481.12,False,False
2025,ESPN preseason-rank proxy,False,470,93250470,3,target_intel,9,7.0,1061.98,1385.9999999999998,False,False
2025,ESPN preseason-rank proxy,False,470,93250470,3,model_only,8,7.0,1118.74,1402.66,False,False
2025,ESPN preseason-rank proxy,False,471,93250471,4,adp,3,8.0,1313.2,1573.4,True,False
2025,ESPN preseason-rank proxy,False,471,93250471,4,target_intel,11,6.0,1132.5200000000002,1473.52,False,False
2025,ESPN preseason-rank proxy,False,471,93250471,4,model_only,1,10.0,1115.18,1416.26,True,False
2025,ESPN preseason-rank proxy,False,472,93250472,5,adp,2,9.0,1338.6200000000001,1692.0,True,False
2025,ESPN preseason-rank proxy,False,472,93250472,5,target_intel,7,7.0,1171.92,1523.6799999999998,False,False
2025,ESPN preseason-rank proxy,False,472,93250472,5,model_only,2,8.0,1201.22,1532.1000000000001,True,False
2025,ESPN preseason-rank proxy,False,473,93250473,6,adp,5,8.0,1267.62,1556.36,True,False
2025,ESPN preseason-rank proxy,False,473,93250473,6,target_intel,2,10.0,1349.9,1698.2600000000002,True,True
2025,ESPN preseason-rank proxy,False,473,93250473,6,model_only,2,9.0,1252.7000000000003,1541.8600000000001,True,False
2025,ESPN preseason-rank proxy,False,474,93250474,7,adp,2,8.0,1297.78,1629.8400000000001,True,False
2025,ESPN preseason-rank proxy,False,474,93250474,7,target_intel,1,10.0,1267.5800000000004,1577.66,True,True
2025,ESPN preseason-rank proxy,False,474,93250474,7,model_only,3,9.0,1250.7,1507.4600000000005,True,False
2025,ESPN preseason-rank proxy,False,475,93250475,8,adp,1,12.0,1254.4800000000002,1654.42,True,True
2025,ESPN preseason-rank proxy,False,475,93250475,8,target_intel,3,9.0,1265.5199999999998,1553.58,True,False
2025,ESPN preseason-rank proxy,False,475,93250475,8,model_only,8,6.0,1150.12,1475.0800000000002,False,False
2025,ESPN preseason-rank proxy,False,476,93250476,9,adp,6,8.0,1226.42,1570.9,True,False
2025,ESPN preseason-rank proxy,False,476,93250476,9,target_intel,9,6.0,1162.2200000000003,1521.08,False,False
2025,ESPN preseason-rank proxy,False,476,93250476,9,model_only,2,9.0,1218.7000000000003,1518.86,True,False
2025,ESPN preseason-rank proxy,False,477,93250477,10,adp,3,8.0,1327.4,1721.14,True,False
2025,ESPN preseason-rank proxy,False,477,93250477,10,target_intel,7,6.0,1170.28,1466.0200000000002,False,False
2025,ESPN preseason-rank proxy,False,477,93250477,10,model_only,3,9.0,1192.8,1475.66,True,False
2025,ESPN preseason-rank proxy,False,478,93250478,11,adp,10,4.0,1096.86,1401.9600000000003,False,False
2025,ESPN preseason-rank proxy,False,478,93250478,11,target_intel,10,6.0,1139.1,1518.1400000000003,False,False
2025,ESPN preseason-rank proxy,False,478,93250478,11,model_only,10,5.0,1187.3999999999999,1513.04,False,False
2025,ESPN preseason-rank proxy,False,479,93250479,12,adp,3,9.0,1353.52,1646.42,True,False
2025,ESPN preseason-rank proxy,False,479,93250479,12,target_intel,9,5.0,1200.4,1544.3400000000004,False,False
2025,ESPN preseason-rank proxy,False,479,93250479,12,model_only,10,5.0,1233.1999999999998,1520.5399999999995,False,False
2025,ESPN preseason-rank proxy,False,480,93250480,1,adp,6,7.0,1114.88,1375.3999999999999,True,False
2025,ESPN preseason-rank proxy,False,480,93250480,1,target_intel,9,5.0,1126.04,1405.7600000000002,False,False
2025,ESPN preseason-rank proxy,False,480,93250480,1,model_only,7,6.0,1160.6000000000001,1433.3000000000002,False,False
2025,ESPN preseason-rank proxy,False,481,93250481,2,adp,7,7.0,1161.4,1447.68,False,False
2025,ESPN preseason-rank proxy,False,481,93250481,2,target_intel,12,3.0,1003.52,1306.98,False,False
2025,ESPN preseason-rank proxy,False,481,93250481,2,model_only,2,9.0,1168.34,1478.72,True,False
2025,ESPN preseason-rank proxy,False,482,93250482,3,adp,3,10.0,1266.54,1637.1800000000003,True,False
2025,ESPN preseason-rank proxy,False,482,93250482,3,target_intel,5,7.0,1139.54,1433.22,True,False
2025,ESPN preseason-rank proxy,False,482,93250482,3,model_only,5,8.0,1149.78,1456.04,True,False
2025,ESPN preseason-rank proxy,False,483,93250483,4,adp,8,6.0,1018.72,1360.6000000000001,False,False
2025,ESPN preseason-rank proxy,False,483,93250483,4,target_intel,10,4.0,1093.58,1411.5800000000002,False,False
2025,ESPN preseason-rank proxy,False,483,93250483,4,model_only,6,8.0,1185.9,1472.6,True,False
2025,ESPN preseason-rank proxy,False,484,93250484,5,adp,9,6.0,1034.6000000000001,1446.84,False,False
2025,ESPN preseason-rank proxy,False,484,93250484,5,target_intel,3,9.0,1281.3999999999999,1563.7800000000002,True,True
2025,ESPN preseason-rank proxy,False,484,93250484,5,model_only,4,8.0,1150.6,1445.3600000000001,True,False
2025,ESPN preseason-rank proxy,False,485,93250485,6,adp,2,10.0,1207.74,1564.64,True,True
2025,ESPN preseason-rank proxy,False,485,93250485,6,target_intel,8,7.0,1194.2800000000002,1537.82,False,False
2025,ESPN preseason-rank proxy,False,485,93250485,6,model_only,7,6.0,1272.3799999999999,1580.42,False,False
2025,ESPN preseason-rank proxy,False,486,93250486,7,adp,3,8.0,1273.54,1578.34,True,False
2025,ESPN preseason-rank proxy,False,486,93250486,7,target_intel,2,10.0,1333.9800000000002,1705.52,True,False
2025,ESPN preseason-rank proxy,False,486,93250486,7,model_only,4,8.0,1266.9799999999998,1546.6200000000001,True,False
2025,ESPN preseason-rank proxy,False,487,93250487,8,adp,1,9.0,1314.52,1613.1799999999998,True,False
2025,ESPN preseason-rank proxy,False,487,93250487,8,target_intel,8,6.0,1224.6,1541.78,False,False
2025,ESPN preseason-rank proxy,False,487,93250487,8,model_only,5,7.0,1199.3200000000002,1502.9800000000002,True,False
2025,ESPN preseason-rank proxy,False,488,93250488,9,adp,6,7.0,1315.06,1664.4600000000003,True,False
2025,ESPN preseason-rank proxy,False,488,93250488,9,target_intel,8,6.0,1113.52,1604.7600000000002,False,False
2025,ESPN preseason-rank proxy,False,488,93250488,9,model_only,10,4.0,1100.38,1438.3200000000002,False,False
2025,ESPN preseason-rank proxy,False,489,93250489,10,adp,8,7.0,1353.6599999999996,1740.18,False,False
2025,ESPN preseason-rank proxy,False,489,93250489,10,target_intel,12,4.0,1050.8200000000002,1446.26,False,False
2025,ESPN preseason-rank proxy,False,489,93250489,10,model_only,4,8.0,1131.38,1459.72,True,False
2025,ESPN preseason-rank proxy,False,490,93250490,11,adp,6,7.0,1201.64,1587.8200000000002,True,False
2025,ESPN preseason-rank proxy,False,490,93250490,11,target_intel,11,5.0,1071.2800000000002,1410.9399999999998,False,False
2025,ESPN preseason-rank proxy,False,490,93250490,11,model_only,12,4.0,1041.42,1400.98,False,False
2025,ESPN preseason-rank proxy,False,491,93250491,12,adp,8,6.0,1117.8,1425.8,False,False
2025,ESPN preseason-rank proxy,False,491,93250491,12,target_intel,11,4.0,1082.92,1412.3799999999999,False,False
2025,ESPN preseason-rank proxy,False,491,93250491,12,model_only,9,6.0,1130.46,1386.9,False,False
2025,ESPN preseason-rank proxy,False,492,93250492,1,adp,11,6.0,1139.5999999999997,1461.8600000000004,False,False
2025,ESPN preseason-rank proxy,False,492,93250492,1,target_intel,4,8.0,1193.1200000000001,1526.8000000000002,True,False
2025,ESPN preseason-rank proxy,False,492,93250492,1,model_only,11,5.0,1154.6999999999998,1407.2,False,False
2025,ESPN preseason-rank proxy,False,493,93250493,2,adp,3,8.0,1232.46,1592.22,True,False
2025,ESPN preseason-rank proxy,False,493,93250493,2,target_intel,5,8.0,1183.3799999999999,1472.28,True,False
2025,ESPN preseason-rank proxy,False,493,93250493,2,model_only,7,7.0,1122.3799999999999,1373.0200000000002,False,False
2025,ESPN preseason-rank proxy,False,494,93250494,3,adp,10,5.0,1086.1200000000001,1350.0,False,False
2025,ESPN preseason-rank proxy,False,494,93250494,3,target_intel,4,9.0,1177.1,1617.4800000000002,True,False
2025,ESPN preseason-rank proxy,False,494,93250494,3,model_only,10,4.0,1109.86,1358.2200000000003,False,False
2025,ESPN preseason-rank proxy,False,495,93250495,4,adp,1,11.0,1264.22,1541.38,True,False
2025,ESPN preseason-rank proxy,False,495,93250495,4,target_intel,1,9.0,1195.0,1486.0,True,False
2025,ESPN preseason-rank proxy,False,495,93250495,4,model_only,6,8.0,1135.02,1473.5,True,False
2025,ESPN preseason-rank proxy,False,496,93250496,5,adp,1,10.0,1383.54,1680.32,True,False
2025,ESPN preseason-rank proxy,False,496,93250496,5,target_intel,1,10.0,1249.4199999999998,1534.88,True,True
2025,ESPN preseason-rank proxy,False,496,93250496,5,model_only,4,8.0,1172.52,1383.32,True,False
2025,ESPN preseason-rank proxy,False,497,93250497,6,adp,7,7.0,1224.3400000000001,1527.58,False,False
2025,ESPN preseason-rank proxy,False,497,93250497,6,target_intel,6,8.0,1161.38,1513.48,True,False
2025,ESPN preseason-rank proxy,False,497,93250497,6,model_only,3,9.0,1223.48,1521.16,True,False
2025,ESPN preseason-rank proxy,False,498,93250498,7,adp,11,6.0,1085.5,1439.2599999999998,False,False
2025,ESPN preseason-rank proxy,False,498,93250498,7,target_intel,4,9.0,1268.2,1596.3600000000001,True,True
2025,ESPN preseason-rank proxy,False,498,93250498,7,model_only,4,8.0,1199.5199999999998,1482.78,True,False
2025,ESPN preseason-rank proxy,False,499,93250499,8,adp,1,10.0,1414.6599999999999,1714.2599999999998,True,False
2025,ESPN preseason-rank proxy,False,499,93250499,8,target_intel,7,7.0,1289.6,1672.98,False,False
2025,ESPN preseason-rank proxy,False,499,93250499,8,model_only,8,6.0,1105.7,1392.5599999999997,False,False
