season,seed,seat,arm,points,rank,top3,win,field_avg
2019,0,0,ADP order,1755.36,5,0,0,1773.7300000000002
2019,0,0,ADP value,1615.9399999999998,11,0,0,1770.8766666666668
2019,0,0,Model,1799.1999999999998,6,0,0,1771.4766666666667
2019,0,0,Blend,1750.72,5,0,0,1741.835
2019,0,1,ADP order,1580.1999999999996,10,0,0,1765.6016666666662
2019,0,1,ADP value,1636.0799999999995,11,0,0,1773.2016666666666
2019,0,1,Model,1734.1000000000001,6,0,0,1777.3716666666667
2019,0,1,Blend,2013.76,2,1,0,1748.4583333333333
2019,0,2,ADP order,1914.6799999999998,2,1,0,1764.4350000000002
2019,0,2,ADP value,1928.1800000000003,3,1,0,1779.1666666666667
2019,0,2,Model,1734.1000000000001,6,0,0,1777.3716666666662
2019,0,2,Blend,2013.76,2,1,0,1748.4583333333333
2019,0,3,ADP order,1707.9400000000003,8,0,0,1767.2733333333333
2019,0,3,ADP value,1826.7800000000002,5,0,0,1781.265
2019,0,3,Model,1688.8799999999997,7,0,0,1778.6933333333334
2019,0,3,Blend,1877.64,3,1,0,1744.7949999999998
2019,0,4,ADP order,1707.9400000000003,8,0,0,1767.2733333333333
2019,0,4,ADP value,1848.7599999999998,3,1,0,1771.4416666666666
2019,0,4,Model,1693.2799999999997,7,0,0,1778.5016666666663
2019,0,4,Blend,1838.14,3,1,0,1762.9233333333332
2019,0,5,ADP order,1728.7200000000003,8,0,0,1762.2600000000002
2019,0,5,ADP value,1828.2599999999998,4,0,0,1773.945
2019,0,5,Model,1693.2799999999997,7,0,0,1778.5016666666663
2019,0,5,Blend,1859.14,3,1,0,1764.6149999999998
2019,0,6,ADP order,1612.9199999999998,9,0,0,1756.905
2019,0,6,ADP value,1887.46,3,1,0,1785.665
2019,0,6,Model,1773.28,5,0,0,1775.993333333333
2019,0,6,Blend,1733.64,4,0,0,1757.345
2019,0,7,ADP order,1612.9199999999998,9,0,0,1756.905
2019,0,7,ADP value,1887.46,3,1,0,1785.665
2019,0,7,Model,1643.7800000000002,11,0,0,1761.668333333333
2019,0,7,Blend,1692.98,7,0,0,1766.168333333333
2019,0,8,ADP order,1795.0199999999998,5,0,0,1783.5949999999996
2019,0,8,ADP value,1777.3799999999999,7,0,0,1788.3616666666665
2019,0,8,Model,1643.7800000000002,11,0,0,1761.6683333333333
2019,0,8,Blend,1795.46,3,1,0,1756.2250000000004
2019,0,9,ADP order,1817.52,5,0,0,1782.761666666667
2019,0,9,ADP value,1791.68,5,0,0,1786.8300000000002
2019,0,9,Model,1643.7800000000002,11,0,0,1761.6683333333333
2019,0,9,Blend,1793.96,3,1,0,1767.115
2019,0,10,ADP order,1780.42,6,0,0,1782.1833333333332
2019,0,10,ADP value,1828.5600000000002,5,0,0,1782.5500000000002
2019,0,10,Model,1643.7800000000002,11,0,0,1761.6683333333333
2019,0,10,Blend,1793.96,3,1,0,1767.115
2019,0,11,ADP order,1780.42,6,0,0,1782.1833333333332
2019,0,11,ADP value,1891.28,2,1,0,1782.2849999999999
2019,0,11,Model,1739.32,6,0,0,1762.5349999999999
2019,0,11,Blend,1793.96,3,1,0,1767.115
2019,1,0,ADP order,1691.2399999999998,10,0,0,1767.8833333333334
2019,1,0,ADP value,1741.24,8,0,0,1772.4483333333335
2019,1,0,Model,1694.3000000000002,9,0,0,1763.3883333333333
2019,1,0,Blend,1803.4399999999996,6,0,0,1754.8866666666665
2019,1,1,ADP order,1761.66,7,0,0,1776.0483333333334
2019,1,1,ADP value,1679.8600000000001,9,0,0,1760.7366666666665
2019,1,1,Model,1666.6999999999998,9,0,0,1757.5449999999994
2019,1,1,Blend,1998.5400000000004,1,1,1,1755.695
2019,1,2,ADP order,1855.2600000000002,5,0,0,1780.8150000000003
2019,1,2,ADP value,1692.2599999999998,9,0,0,1759.006666666667
2019,1,2,Model,1768.02,4,0,0,1753.5616666666665
2019,1,2,Blend,1790.08,6,0,0,1738.0249999999999
2019,1,3,ADP order,1992.7600000000002,1,1,1,1780.9733333333334
2019,1,3,ADP value,1781.3600000000001,4,0,0,1753.7116666666664
2019,1,3,Model,1782.8200000000004,4,0,0,1737.4283333333335
2019,1,3,Blend,1862.1000000000001,3,1,0,1746.9733333333334
2019,1,4,ADP order,1670.3400000000001,9,0,0,1762.8650000000005
2019,1,4,ADP value,1752.4400000000003,4,0,0,1744.6416666666667
2019,1,4,Model,1781.72,4,0,0,1737.8950000000002
2019,1,4,Blend,1889.72,3,1,0,1744.2816666666668
2019,1,5,ADP order,1889.54,1,1,1,1756.1449999999998
2019,1,5,ADP value,1746.3399999999997,6,0,0,1754.0483333333334
2019,1,5,Model,1843.42,3,1,0,1742.0116666666665
2019,1,5,Blend,1859.02,4,0,0,1750.6066666666666
2019,1,6,ADP order,1900.5399999999997,1,1,1,1755.3249999999998
2019,1,6,ADP value,1750.44,4,0,0,1758.9283333333335
2019,1,6,Model,1716.7600000000002,9,0,0,1763.2133333333331
2019,1,6,Blend,1848.6200000000003,4,0,0,1737.9133333333332
2019,1,7,ADP order,2047.44,1,1,1,1744.4083333333335
2019,1,7,ADP value,1718.24,7,0,0,1759.4866666666667
2019,1,7,Model,1625.8600000000001,11,0,0,1761.955
2019,1,7,Blend,1848.6200000000003,4,0,0,1737.9133333333332
2019,1,8,ADP order,1962.24,2,1,0,1753.3816666666664
2019,1,8,ADP value,1705.6399999999999,7,0,0,1754.8833333333332
2019,1,8,Model,1795.12,4,0,0,1757.04
2019,1,8,Blend,1816.9,4,0,0,1739.1033333333335
2019,1,9,ADP order,1969.48,1,1,1,1731.9816666666666
2019,1,9,ADP value,1746.7400000000002,5,0,0,1756.2850000000005
2019,1,9,Model,1795.12,4,0,0,1757.04
2019,1,9,Blend,1790.4,5,0,0,1745.4016666666669
2019,1,10,ADP order,2077.7799999999997,1,1,1,1732.5649999999998
2019,1,10,ADP value,1746.7400000000002,5,0,0,1756.2850000000005
2019,1,10,Model,1795.12,4,0,0,1757.04
2019,1,10,Blend,1790.4,5,0,0,1745.4016666666669
2019,1,11,ADP order,2055.74,1,1,1,1746.9483333333337
2019,1,11,ADP value,1711.1399999999999,7,0,0,1752.835
2019,1,11,Model,1795.12,4,0,0,1757.04
2019,1,11,Blend,1672.78,8,0,0,1743.0566666666664
2019,2,0,ADP order,1867.6400000000003,4,0,0,1746.6733333333334
2019,2,0,ADP value,1502.72,12,0,0,1760.8216666666665
2019,2,0,Model,1831.5800000000002,5,0,0,1741.2766666666669
2019,2,0,Blend,1941.98,3,1,0,1738.9600000000003
2019,2,1,ADP order,1857.4600000000005,4,0,0,1745.89
2019,2,1,ADP value,1522.3600000000001,10,0,0,1753.7166666666665
2019,2,1,Model,1811.88,5,0,0,1749.9433333333336
2019,2,1,Blend,2125.88,1,1,1,1745.051666666667
2019,2,2,ADP order,2014.12,1,1,1,1732.0183333333332
2019,2,2,ADP value,1657.8399999999997,8,0,0,1763.4666666666665
2019,2,2,Model,1811.88,5,0,0,1749.9433333333336
2019,2,2,Blend,2125.88,1,1,1,1745.051666666667
2019,2,3,ADP order,2015.52,1,1,1,1731.0933333333332
2019,2,3,ADP value,1776.82,6,0,0,1747.5633333333333
2019,2,3,Model,1787.6800000000003,4,0,0,1751.2583333333332
2019,2,3,Blend,2015.98,1,1,1,1747.8100000000002
2019,2,4,ADP order,2159.56,1,1,1,1735.2716666666665
2019,2,4,ADP value,1877.3400000000004,4,0,0,1752.7983333333334
2019,2,4,Model,1770.0800000000002,6,0,0,1754.76
2019,2,4,Blend,1939.9600000000003,2,1,0,1728.2616666666665
2019,2,5,ADP order,1997.62,3,1,0,1744.3033333333335
2019,2,5,ADP value,1711.1200000000001,8,0,0,1742.6783333333333
2019,2,5,Model,1839.6800000000003,4,0,0,1739.9733333333334
2019,2,5,Blend,1731.5600000000004,5,0,0,1723.4516666666666
2019,2,6,ADP order,1892.62,2,1,0,1741.3916666666667
2019,2,6,ADP value,1616.92,9,0,0,1746.2949999999998
2019,2,6,Model,1740.4799999999998,4,0,0,1744.4899999999998
2019,2,6,Blend,1780.48,5,0,0,1732.5683333333336
2019,2,7,ADP order,1892.62,2,1,0,1741.3916666666667
2019,2,7,ADP value,1644.74,9,0,0,1754.216666666667
2019,2,7,Model,1754.76,5,0,0,1746.6716666666664
2019,2,7,Blend,1755.9799999999998,8,0,0,1736.2766666666669
2019,2,8,ADP order,1897.32,1,1,1,1747.7933333333333
2019,2,8,ADP value,1616.7200000000003,10,0,0,1754.1883333333333
2019,2,8,Model,1754.76,5,0,0,1746.6716666666664
2019,2,8,Blend,1755.9799999999998,8,0,0,1736.2766666666669
2019,2,9,ADP order,1892.8200000000002,4,0,0,1734.4683333333332
2019,2,9,ADP value,1625.24,10,0,0,1740.246666666667
2019,2,9,Model,1754.76,5,0,0,1746.6716666666664
2019,2,9,Blend,1818.78,5,0,0,1736.3600000000004
2019,2,10,ADP order,1958.8200000000004,2,1,0,1748.2666666666664
2019,2,10,ADP value,1774.5400000000004,6,0,0,1742.5883333333331
2019,2,10,Model,1835.98,4,0,0,1741.0649999999998
2019,2,10,Blend,1818.78,5,0,0,1736.36
2019,2,11,ADP order,2114.02,1,1,1,1755.5433333333333
2019,2,11,ADP value,1772.04,6,0,0,1739.4333333333334
2019,2,11,Model,1709.9800000000002,5,0,0,1743.2466666666667
2019,2,11,Blend,1818.78,5,0,0,1736.36
2019,3,0,ADP order,1661.22,9,0,0,1762.8666666666668
2019,3,0,ADP value,1686.1599999999999,8,0,0,1754.986666666667
2019,3,0,Model,1710.3999999999999,7,0,0,1769.135
2019,3,0,Blend,1857.1000000000001,4,0,0,1781.158333333333
2019,3,1,ADP order,1517.6,11,0,0,1750.9516666666666
2019,3,1,ADP value,1654.1400000000003,9,0,0,1754.2833333333338
2019,3,1,Model,1682.6999999999998,9,0,0,1754.8583333333333
2019,3,1,Blend,2022.6,3,1,0,1778.9166666666667
2019,3,2,ADP order,1772.2000000000005,8,0,0,1760.665
2019,3,2,ADP value,1839.0400000000002,5,0,0,1745.256666666667
2019,3,2,Model,1597.3799999999999,10,0,0,1750.9016666666666
2019,3,2,Blend,1796.42,7,0,0,1761.8166666666668
2019,3,3,ADP order,1772.7400000000002,8,0,0,1762.2433333333336
2019,3,3,ADP value,1839.0400000000002,5,0,0,1745.256666666667
2019,3,3,Model,1597.3799999999999,10,0,0,1750.9016666666666
2019,3,3,Blend,1796.42,7,0,0,1761.8166666666668
2019,3,4,ADP order,1677.9199999999998,8,0,0,1759.6266666666668
2019,3,4,ADP value,1950.58,3,1,0,1760.5233333333333
2019,3,4,Model,1688.8,10,0,0,1764.9666666666665
2019,3,4,Blend,1984.2600000000002,3,1,0,1755.1466666666668
2019,3,5,ADP order,1463.5200000000002,11,0,0,1751.7283333333335
2019,3,5,ADP value,1595.54,9,0,0,1745.551666666667
2019,3,5,Model,1688.8,10,0,0,1764.9666666666665
2019,3,5,Blend,1861.5,3,1,0,1750.3099999999997
2019,3,6,ADP order,1182.52,12,0,0,1754.2450000000001
2019,3,6,ADP value,1382.74,12,0,0,1738.9083333333335
2019,3,6,Model,1619.18,10,0,0,1758.0233333333335
2019,3,6,Blend,1735.9399999999998,6,0,0,1753.71
2019,3,7,ADP order,1404.32,12,0,0,1744.3533333333332
2019,3,7,ADP value,1578.5399999999997,10,0,0,1749.1499999999999
2019,3,7,Model,1619.18,10,0,0,1765.755
2019,3,7,Blend,1836.92,6,0,0,1738.0183333333334
2019,3,8,ADP order,1494.26,11,0,0,1764.095
2019,3,8,ADP value,1578.5399999999997,10,0,0,1749.1500000000003
2019,3,8,Model,1598.2800000000002,10,0,0,1770.0649999999998
2019,3,8,Blend,1806.62,6,0,0,1746.703333333333
2019,3,9,ADP order,1661.0000000000005,9,0,0,1762.3216666666667
2019,3,9,ADP value,1578.5399999999997,10,0,0,1749.1500000000003
2019,3,9,Model,1692.7600000000002,7,0,0,1766.8483333333336
2019,3,9,Blend,1710.06,9,0,0,1772.501666666667
2019,3,10,ADP order,1735.66,7,0,0,1757.7433333333336
2019,3,10,ADP value,1500.64,10,0,0,1746.3083333333334
2019,3,10,Model,1718.4200000000003,9,0,0,1774.4350000000002
2019,3,10,Blend,1804.22,6,0,0,1764.1166666666668
2019,3,11,ADP order,1750.9599999999998,6,0,0,1760.0783333333336
2019,3,11,ADP value,1774.4800000000002,6,0,0,1754.9066666666668
2019,3,11,Model,1800.32,6,0,0,1770.1066666666666
2019,3,11,Blend,1833.54,4,0,0,1752.9533333333331
2019,4,0,ADP order,1581.9000000000003,10,0,0,1771.4650000000001
2019,4,0,ADP value,1587.16,10,0,0,1759.3100000000002
2019,4,0,Model,1807.6000000000001,5,0,0,1756.128333333333
2019,4,0,Blend,1697.5400000000002,9,0,0,1757.0833333333337
2019,4,1,ADP order,1826.3,4,0,0,1764.7666666666667
2019,4,1,ADP value,1745.02,5,0,0,1768.5416666666667
2019,4,1,Model,1696.98,7,0,0,1761.6166666666668
2019,4,1,Blend,1984.0600000000002,1,1,1,1764.9016666666666
2019,4,2,ADP order,1828.8000000000002,4,0,0,1754.0966666666666
2019,4,2,ADP value,1754.52,5,0,0,1768.283333333333
2019,4,2,Model,1616.38,9,0,0,1754.8583333333333
2019,4,2,Blend,1778.8799999999997,5,0,0,1762.5349999999999
2019,4,3,ADP order,1667.5,9,0,0,1758.721666666667
2019,4,3,ADP value,1712.48,8,0,0,1762.7200000000003
2019,4,3,Model,1630.4799999999998,9,0,0,1760.175
2019,4,3,Blend,1725.26,7,0,0,1778.0883333333334
2019,4,4,ADP order,1757.24,6,0,0,1763.7699999999998
2019,4,4,ADP value,1549.16,11,0,0,1753.655
2019,4,4,Model,1752.6000000000001,4,0,0,1755.3616666666667
2019,4,4,Blend,1768.9200000000003,6,0,0,1747.4316666666664
2019,4,5,ADP order,1391.7600000000002,12,0,0,1752.9250000000002
2019,4,5,ADP value,1589.96,11,0,0,1753.8216666666667
2019,4,5,Model,1751.8,6,0,0,1758.6549999999997
2019,4,5,Blend,1768.9200000000003,6,0,0,1747.4316666666664
2019,4,6,ADP order,1367.2,12,0,0,1737.155
2019,4,6,ADP value,1648.6599999999999,10,0,0,1757.1466666666665
2019,4,6,Model,1710.0000000000002,8,0,0,1745.7166666666665
2019,4,6,Blend,1685.9,6,0,0,1738.0199999999995
2019,4,7,ADP order,1519.98,11,0,0,1747.6833333333332
2019,4,7,ADP value,1510.16,11,0,0,1754.8133333333335
2019,4,7,Model,1695.7000000000003,8,0,0,1750.1583333333335
2019,4,7,Blend,1651.8000000000002,11,0,0,1758.7683333333337
2019,4,8,ADP order,1395.98,12,0,0,1753.555
2019,4,8,ADP value,1451.96,12,0,0,1765.675
2019,4,8,Model,1601.88,11,0,0,1749.8783333333333
2019,4,8,Blend,1651.8000000000002,11,0,0,1758.7683333333334
2019,4,9,ADP order,1299.3200000000002,12,0,0,1753.88
2019,4,9,ADP value,1497.0,12,0,0,1745.9766666666665
2019,4,9,Model,1601.88,11,0,0,1749.8783333333333
2019,4,9,Blend,1739.1000000000001,7,0,0,1759.825
2019,4,10,ADP order,1504.54,11,0,0,1772.0983333333336
2019,4,10,ADP value,1623.5000000000005,9,0,0,1748.6066666666666
2019,4,10,Model,1684.8999999999999,8,0,0,1752.0450000000003
2019,4,10,Blend,1739.1000000000001,7,0,0,1759.8249999999998
2019,4,11,ADP order,1874.44,3,1,0,1766.7066666666667
2019,4,11,ADP value,1622.6000000000004,9,0,0,1749.5816666666663
2019,4,11,Model,1630.5,10,0,0,1782.0733333333335
2019,4,11,Blend,1718.2,9,0,0,1749.6450000000002
2019,5,0,ADP order,1815.2200000000003,5,0,0,1748.655
2019,5,0,ADP value,1722.3399999999997,8,0,0,1747.825
2019,5,0,Model,1882.5800000000002,3,1,0,1762.9600000000003
2019,5,0,Blend,1943.4599999999998,2,1,0,1737.743333333333
2019,5,1,ADP order,1944.74,2,1,0,1752.666666666667
2019,5,1,ADP value,1843.96,4,0,0,1746.0416666666667
2019,5,1,Model,1762.8799999999999,7,0,0,1770.6066666666666
2019,5,1,Blend,1978.7600000000002,2,1,0,1743.6783333333333
2019,5,2,ADP order,2131.08,1,1,1,1739.753333333333
2019,5,2,ADP value,2067.96,1,1,1,1744.7266666666665
2019,5,2,Model,1709.6599999999999,9,0,0,1774.5683333333334
2019,5,2,Blend,2053.0599999999995,1,1,1,1745.57
2019,5,3,ADP order,2019.92,1,1,1,1747.8916666666667
2019,5,3,ADP value,1945.8200000000002,2,1,0,1772.8966666666665
2019,5,3,Model,1799.3799999999997,7,0,0,1761.9799999999998
2019,5,3,Blend,1955.5400000000002,1,1,1,1745.8766666666663
2019,5,4,ADP order,2073.02,1,1,1,1751.4616666666664
2019,5,4,ADP value,1965.44,2,1,0,1772.7366666666667
2019,5,4,Model,1799.3799999999997,7,0,0,1761.9799999999998
2019,5,4,Blend,1930.3600000000001,2,1,0,1761.0866666666661
2019,5,5,ADP order,1810.92,4,0,0,1754.76
2019,5,5,ADP value,1724.8399999999997,9,0,0,1763.6300000000003
2019,5,5,Model,1799.3799999999997,7,0,0,1761.9799999999998
2019,5,5,Blend,1849.9999999999998,4,0,0,1752.345
2019,5,6,ADP order,1772.54,6,0,0,1747.22
2019,5,6,ADP value,1694.4400000000003,8,0,0,1760.1300000000003
2019,5,6,Model,1811.52,6,0,0,1750.9449999999997
2019,5,6,Blend,1776.8000000000002,6,0,0,1754.2333333333333
2019,5,7,ADP order,1655.24,10,0,0,1750.8833333333332
2019,5,7,ADP value,1699.74,8,0,0,1758.7366666666667
2019,5,7,Model,1731.2,5,0,0,1740.6399999999996
2019,5,7,Blend,1845.9000000000003,4,0,0,1754.4583333333333
2019,5,8,ADP order,1694.9399999999996,7,0,0,1746.3949999999998
2019,5,8,ADP value,1631.0399999999997,10,0,0,1750.1366666666665
2019,5,8,Model,1731.2,5,0,0,1740.64
2019,5,8,Blend,1816.22,4,0,0,1734.841666666667
2019,5,9,ADP order,1656.24,11,0,0,1765.42
2019,5,9,ADP value,1569.2400000000002,12,0,0,1755.825
2019,5,9,Model,1630.0000000000002,10,0,0,1757.42
2019,5,9,Blend,1816.22,4,0,0,1734.841666666667
2019,5,10,ADP order,1646.9399999999996,11,0,0,1769.9449999999997
2019,5,10,ADP value,1576.14,12,0,0,1752.1899999999998
2019,5,10,Model,1630.0000000000002,10,0,0,1757.42
2019,5,10,Blend,1735.9199999999998,5,0,0,1724.5116666666665
2019,5,11,ADP order,1746.78,7,0,0,1761.8999999999999
2019,5,11,ADP value,1634.88,11,0,0,1748.515
2019,5,11,Model,1630.0000000000002,10,0,0,1757.42
2019,5,11,Blend,1747.4199999999998,6,0,0,1728.1199999999997
2019,6,0,ADP order,1612.18,10,0,0,1758.9883333333335
2019,6,0,ADP value,1475.42,12,0,0,1748.7816666666665
2019,6,0,Model,1685.9999999999998,9,0,0,1762.3933333333332
2019,6,0,Blend,1805.3399999999997,4,0,0,1771.2983333333334
2019,6,1,ADP order,1612.6999999999998,11,0,0,1767.221666666667
2019,6,1,ADP value,1513.14,11,0,0,1764.3483333333331
2019,6,1,Model,1687.0,11,0,0,1768.3433333333332
2019,6,1,Blend,2001.84,1,1,1,1758.4733333333331
2019,6,2,ADP order,1764.5799999999997,7,0,0,1761.5216666666665
2019,6,2,ADP value,1825.2399999999998,4,0,0,1771.3466666666664
2019,6,2,Model,1687.0,11,0,0,1768.3433333333332
2019,6,2,Blend,1976.1399999999999,1,1,1,1762.3683333333336
2019,6,3,ADP order,1956.9799999999998,2,1,0,1765.6116666666667
2019,6,3,ADP value,1791.04,6,0,0,1772.386666666667
2019,6,3,Model,1659.8,10,0,0,1765.7916666666667
2019,6,3,Blend,2053.5400000000004,1,1,1,1754.9000000000003
2019,6,4,ADP order,1710.2800000000002,9,0,0,1761.6983333333335
2019,6,4,ADP value,1604.22,10,0,0,1759.4366666666665
2019,6,4,Model,1659.8,10,0,0,1765.7916666666667
2019,6,4,Blend,1845.1800000000003,4,0,0,1767.305
2019,6,5,ADP order,1586.3799999999999,10,0,0,1753.1883333333333
2019,6,5,ADP value,1512.6200000000001,11,0,0,1755.7366666666667
2019,6,5,Model,1606.6999999999998,12,0,0,1769.073333333333
2019,6,5,Blend,1787.18,6,0,0,1756.9483333333335
2019,6,6,ADP order,1776.16,8,0,0,1745.7300000000002
2019,6,6,ADP value,1537.9399999999998,11,0,0,1758.1416666666664
2019,6,6,Model,1606.6999999999998,12,0,0,1769.0733333333335
2019,6,6,Blend,1787.18,6,0,0,1756.9483333333335
2019,6,7,ADP order,1711.8799999999999,9,0,0,1753.2833333333335
2019,6,7,ADP value,1537.9399999999998,11,0,0,1758.1416666666664
2019,6,7,Model,1563.68,12,0,0,1774.1083333333333
2019,6,7,Blend,1828.48,4,0,0,1769.4416666666668
2019,6,8,ADP order,1805.0800000000002,5,0,0,1761.7683333333334
2019,6,8,ADP value,1542.62,11,0,0,1769.53
2019,6,8,Model,1664.66,9,0,0,1765.6650000000002
2019,6,8,Blend,1828.48,4,0,0,1769.4416666666666
2019,6,9,ADP order,1769.3799999999997,9,0,0,1768.6916666666666
2019,6,9,ADP value,1766.3199999999997,7,0,0,1766.2633333333333
2019,6,9,Model,1664.66,9,0,0,1765.6650000000002
2019,6,9,Blend,1921.88,2,1,0,1767.5
2019,6,10,ADP order,1913.4999999999998,3,1,0,1776.9533333333336
2019,6,10,ADP value,1818.38,4,0,0,1757.2933333333333
2019,6,10,Model,1596.18,12,0,0,1783.79
2019,6,10,Blend,1945.2400000000002,1,1,1,1778.4383333333333
2019,6,11,ADP order,2057.58,1,1,1,1769.1083333333336
2019,6,11,ADP value,1812.6800000000003,4,0,0,1753.2983333333334
2019,6,11,Model,1674.98,10,0,0,1773.9449999999997
2019,6,11,Blend,1929.5000000000005,3,1,0,1783.7816666666665
2019,7,0,ADP order,1571.38,9,0,0,1730.6350000000002
2019,7,0,ADP value,1379.34,12,0,0,1743.8216666666665
2019,7,0,Model,1889.2,2,1,0,1731.5
2019,7,0,Blend,1945.3,2,1,0,1727.176666666667
2019,7,1,ADP order,1768.8199999999997,7,0,0,1738.2450000000001
2019,7,1,ADP value,1369.2600000000002,12,0,0,1743.555
2019,7,1,Model,1855.6,2,1,0,1729.5666666666666
2019,7,1,Blend,2121.0000000000005,1,1,1,1727.7266666666671
2019,7,2,ADP order,1768.8199999999997,7,0,0,1738.2450000000001
2019,7,2,ADP value,1491.2399999999998,12,0,0,1747.0683333333334
2019,7,2,Model,1784.98,7,0,0,1751.1883333333333
2019,7,2,Blend,1733.18,7,0,0,1751.0516666666665
2019,7,3,ADP order,1823.84,5,0,0,1747.3350000000003
2019,7,3,ADP value,1719.3199999999997,8,0,0,1745.3950000000002
2019,7,3,Model,1784.98,7,0,0,1751.1883333333333
2019,7,3,Blend,1952.3400000000001,1,1,1,1738.3383333333334
2019,7,4,ADP order,1640.2800000000004,8,0,0,1739.641666666667
2019,7,4,ADP value,1597.4199999999998,12,0,0,1731.6366666666665
2019,7,4,Model,1784.98,7,0,0,1751.1883333333333
2019,7,4,Blend,1908.18,2,1,0,1740.6133333333335
2019,7,5,ADP order,1794.3400000000001,6,0,0,1743.1016666666667
2019,7,5,ADP value,1577.5400000000004,10,0,0,1735.1950000000004
2019,7,5,Model,1869.4799999999998,2,1,0,1732.1000000000001
2019,7,5,Blend,1936.4,1,1,1,1735.6416666666667
2019,7,6,ADP order,1792.6799999999998,6,0,0,1748.1383333333333
2019,7,6,ADP value,1506.14,12,0,0,1739.0216666666665
2019,7,6,Model,1840.3799999999999,2,1,0,1736.425
2019,7,6,Blend,1917.0,2,1,0,1732.4883333333335
2019,7,7,ADP order,1564.22,11,0,0,1749.4783333333335
2019,7,7,ADP value,1362.14,12,0,0,1738.1216666666667
2019,7,7,Model,1939.7,1,1,1,1740.096666666667
2019,7,7,Blend,1828.68,3,1,0,1732.1616666666666
2019,7,8,ADP order,1539.12,11,0,0,1758.1783333333333
2019,7,8,ADP value,1402.2399999999998,12,0,0,1727.4850000000004
2019,7,8,Model,1773.1000000000001,5,0,0,1721.7816666666665
2019,7,8,Blend,1828.68,3,1,0,1732.1616666666666
2019,7,9,ADP order,1903.28,3,1,0,1745.7
2019,7,9,ADP value,1622.9800000000002,8,0,0,1726.9433333333336
2019,7,9,Model,1773.1000000000001,5,0,0,1721.7816666666665
2019,7,9,Blend,1824.0,3,1,0,1756.0283333333334
2019,7,10,ADP order,1735.4,6,0,0,1744.1483333333335
2019,7,10,ADP value,1711.1799999999998,6,0,0,1741.9366666666665
2019,7,10,Model,1693.4799999999998,10,0,0,1732.7216666666664
2019,7,10,Blend,1937.9000000000003,3,1,0,1748.461666666667
2019,7,11,ADP order,1778.1999999999998,5,0,0,1733.556666666667
2019,7,11,ADP value,1726.4800000000002,4,0,0,1734.3099999999997
2019,7,11,Model,1679.42,10,0,0,1743.6449999999998
2019,7,11,Blend,1937.9000000000003,3,1,0,1748.461666666667
2019,8,0,ADP order,1786.2800000000002,6,0,0,1751.2316666666666
2019,8,0,ADP value,1644.54,9,0,0,1740.9400000000003
2019,8,0,Model,1806.88,5,0,0,1743.1116666666667
2019,8,0,Blend,1628.6599999999999,10,0,0,1739.03
2019,8,1,ADP order,2024.48,1,1,1,1746.61
2019,8,1,ADP value,1799.1399999999999,4,0,0,1734.3583333333336
2019,8,1,Model,1843.28,5,0,0,1753.4366666666665
2019,8,1,Blend,1673.4600000000003,8,0,0,1733.8100000000002
2019,8,2,ADP order,1976.8999999999999,1,1,1,1751.7933333333333
2019,8,2,ADP value,1789.06,5,0,0,1733.3000000000002
2019,8,2,Model,1732.28,10,0,0,1749.5033333333333
2019,8,2,Blend,1806.48,5,0,0,1748.4233333333334
2019,8,3,ADP order,1883.3200000000004,3,1,0,1749.7766666666666
2019,8,3,ADP value,1865.7400000000005,2,1,0,1735.3083333333336
2019,8,3,Model,1732.28,10,0,0,1749.5033333333333
2019,8,3,Blend,1883.1599999999999,3,1,0,1751.015
2019,8,4,ADP order,1788.02,6,0,0,1750.388333333333
2019,8,4,ADP value,1789.74,6,0,0,1733.2766666666666
2019,8,4,Model,1664.98,9,0,0,1756.3566666666668
2019,8,4,Blend,1700.1000000000001,8,0,0,1746.4850000000004
2019,8,5,ADP order,1675.26,10,0,0,1749.0216666666668
2019,8,5,ADP value,1693.6200000000001,7,0,0,1734.8300000000002
2019,8,5,Model,1664.98,9,0,0,1756.3566666666668
2019,8,5,Blend,1770.24,4,0,0,1729.3183333333334
2019,8,6,ADP order,1592.22,11,0,0,1762.9983333333332
2019,8,6,ADP value,1700.9400000000003,7,0,0,1735.2883333333336
2019,8,6,Model,1579.9800000000002,11,0,0,1762.551666666667
2019,8,6,Blend,1804.2200000000003,5,0,0,1747.9616666666664
2019,8,7,ADP order,1599.28,11,0,0,1751.2233333333334
2019,8,7,ADP value,1729.7600000000002,7,0,0,1736.6516666666669
2019,8,7,Model,1579.9800000000002,11,0,0,1762.551666666667
2019,8,7,Blend,1804.2200000000003,5,0,0,1747.9616666666664
2019,8,8,ADP order,1540.5200000000002,12,0,0,1752.743333333333
2019,8,8,ADP value,1836.76,4,0,0,1758.2350000000004
2019,8,8,Model,1579.9800000000002,11,0,0,1762.551666666667
2019,8,8,Blend,1745.2999999999997,5,0,0,1720.305
2019,8,9,ADP order,1878.5199999999998,4,0,0,1765.2683333333327
2019,8,9,ADP value,1818.2,5,0,0,1761.825
2019,8,9,Model,1579.9800000000002,11,0,0,1762.551666666667
2019,8,9,Blend,1745.2999999999997,5,0,0,1720.305
2019,8,10,ADP order,1837.2199999999998,4,0,0,1740.0216666666668
2019,8,10,ADP value,1818.2,5,0,0,1761.825
2019,8,10,Model,1547.48,11,0,0,1748.5183333333334
2019,8,10,Blend,1671.4799999999998,8,0,0,1725.4033333333334
2019,8,11,ADP order,1756.22,8,0,0,1755.1050000000002
2019,8,11,ADP value,1818.2,5,0,0,1761.825
2019,8,11,Model,1626.7000000000003,8,0,0,1750.7499999999998
2019,8,11,Blend,1551.38,10,0,0,1724.301666666667
2019,9,0,ADP order,1826.8600000000001,6,0,0,1771.825
2019,9,0,ADP value,1764.56,7,0,0,1766.0983333333331
2019,9,0,Model,1785.6,7,0,0,1786.6183333333336
2019,9,0,Blend,1909.54,2,1,0,1778.553333333334
2019,9,1,ADP order,1842.86,6,0,0,1770.3666666666668
2019,9,1,ADP value,1705.56,8,0,0,1765.0083333333334
2019,9,1,Model,1785.6,7,0,0,1786.6183333333336
2019,9,1,Blend,1909.54,2,1,0,1778.553333333334
2019,9,2,ADP order,1699.3600000000004,8,0,0,1768.9583333333333
2019,9,2,ADP value,1709.66,7,0,0,1767.3916666666667
2019,9,2,Model,1774.4,7,0,0,1768.39
2019,9,2,Blend,1905.7399999999998,3,1,0,1779.8616666666667
2019,9,3,ADP order,1890.18,4,0,0,1778.875
2019,9,3,ADP value,1824.56,4,0,0,1760.3983333333333
2019,9,3,Model,1739.4,8,0,0,1772.3149999999998
2019,9,3,Blend,1864.74,2,1,0,1773.4616666666668
2019,9,4,ADP order,1685.1800000000003,8,0,0,1774.4283333333333
2019,9,4,ADP value,1580.9399999999998,10,0,0,1759.0083333333332
2019,9,4,Model,1788.56,6,0,0,1774.6983333333335
2019,9,4,Blend,1732.18,6,0,0,1765.2233333333334
2019,9,5,ADP order,1747.9,7,0,0,1773.118333333333
2019,9,5,ADP value,1625.02,10,0,0,1758.9966666666662
2019,9,5,Model,1738.0600000000002,8,0,0,1757.9466666666665
2019,9,5,Blend,1710.68,7,0,0,1752.4233333333334
2019,9,6,ADP order,1837.8000000000002,4,0,0,1773.3766666666668
2019,9,6,ADP value,1506.42,11,0,0,1767.5316666666665
2019,9,6,Model,1738.0600000000002,8,0,0,1757.9466666666665
2019,9,6,Blend,1710.68,7,0,0,1752.4233333333334
2019,9,7,ADP order,1743.26,7,0,0,1770.823333333333
2019,9,7,ADP value,1439.84,12,0,0,1773.7799999999997
2019,9,7,Model,1767.0600000000004,7,0,0,1771.3466666666666
2019,9,7,Blend,1710.68,7,0,0,1752.4233333333334
2019,9,8,ADP order,1698.6599999999999,9,0,0,1765.5916666666665
2019,9,8,ADP value,1439.84,12,0,0,1773.7799999999997
2019,9,8,Model,1767.0600000000004,7,0,0,1771.3466666666666
2019,9,8,Blend,1706.0599999999997,7,0,0,1752.3016666666663
2019,9,9,ADP order,1649.38,9,0,0,1773.6149999999998
2019,9,9,ADP value,1567.2399999999998,10,0,0,1775.515
2019,9,9,Model,1707.06,8,0,0,1773.3700000000001
2019,9,9,Blend,1773.36,7,0,0,1749.3466666666666
2019,9,10,ADP order,1676.56,9,0,0,1769.8483333333334
2019,9,10,ADP value,1619.34,10,0,0,1777.54
2019,9,10,Model,1707.06,8,0,0,1773.3700000000001
2019,9,10,Blend,1826.9599999999998,3,1,0,1759.4316666666666
2019,9,11,ADP order,1711.16,7,0,0,1766.24
2019,9,11,ADP value,1654.04,9,0,0,1778.04
2019,9,11,Model,1707.06,8,0,0,1773.3700000000001
2019,9,11,Blend,1726.9599999999998,7,0,0,1748.585
2019,10,0,ADP order,1867.4400000000003,6,0,0,1767.9799999999998
2019,10,0,ADP value,1479.64,12,0,0,1758.675
2019,10,0,Model,1799.4000000000003,4,0,0,1766.8333333333333
2019,10,0,Blend,1811.6,6,0,0,1771.4816666666668
2019,10,1,ADP order,1945.4600000000003,3,1,0,1765.6883333333333
2019,10,1,ADP value,1650.46,9,0,0,1766.8650000000005
2019,10,1,Model,1766.6000000000001,6,0,0,1758.4833333333333
2019,10,1,Blend,2068.96,1,1,1,1778.2366666666667
2019,10,2,ADP order,2108.9400000000005,1,1,1,1773.9050000000004
2019,10,2,ADP value,1855.6399999999999,3,1,0,1775.6233333333337
2019,10,2,Model,1698.7,6,0,0,1754.1566666666668
2019,10,2,Blend,2053.6599999999994,1,1,1,1767.8216666666665
2019,10,3,ADP order,2084.32,2,1,0,1773.6966666666667
2019,10,3,ADP value,1800.2399999999998,6,0,0,1782.4416666666666
2019,10,3,Model,1698.7,6,0,0,1754.1566666666668
2019,10,3,Blend,2030.6399999999999,1,1,1,1763.1883333333333
2019,10,4,ADP order,1955.9400000000003,2,1,0,1766.136666666667
2019,10,4,ADP value,1871.2400000000002,4,0,0,1787.4583333333337
2019,10,4,Model,1698.7,6,0,0,1754.1566666666668
2019,10,4,Blend,2030.8600000000001,1,1,1,1768.4533333333336
2019,10,5,ADP order,1580.8399999999997,11,0,0,1779.455
2019,10,5,ADP value,1659.6200000000003,10,0,0,1776.8099999999997
2019,10,5,Model,1766.7999999999997,6,0,0,1766.0866666666668
2019,10,5,Blend,1813.0800000000002,4,0,0,1761.3900000000003
2019,10,6,ADP order,1590.94,11,0,0,1780.045
2019,10,6,ADP value,1639.72,10,0,0,1780.3849999999995
2019,10,6,Model,1766.7999999999997,6,0,0,1766.0866666666668
2019,10,6,Blend,1834.1999999999998,3,1,0,1756.2849999999999
2019,10,7,ADP order,1637.94,9,0,0,1751.878333333333
2019,10,7,ADP value,1526.14,11,0,0,1781.9416666666664
2019,10,7,Model,1656.9599999999998,9,0,0,1773.265
2019,10,7,Blend,1782.18,4,0,0,1747.2266666666667
2019,10,8,ADP order,1521.26,12,0,0,1765.705
2019,10,8,ADP value,1526.14,11,0,0,1781.9416666666664
2019,10,8,Model,1658.06,9,0,0,1760.12
2019,10,8,Blend,1775.6799999999998,5,0,0,1751.0716666666667
2019,10,9,ADP order,1437.2599999999995,12,0,0,1760.5933333333332
2019,10,9,ADP value,1551.24,12,0,0,1774.9000000000003
2019,10,9,Model,1658.06,9,0,0,1760.12
2019,10,9,Blend,1721.8199999999997,9,0,0,1730.2699999999998
2019,10,10,ADP order,1700.94,8,0,0,1764.6433333333332
2019,10,10,ADP value,1574.64,12,0,0,1764.1666666666663
2019,10,10,Model,1658.06,9,0,0,1760.1200000000001
2019,10,10,Blend,1721.8199999999997,9,0,0,1730.2699999999998
2019,10,11,ADP order,1771.3,7,0,0,1768.1933333333334
2019,10,11,ADP value,1816.54,5,0,0,1775.7716666666668
2019,10,11,Model,1700.8399999999997,9,0,0,1761.0233333333335
2019,10,11,Blend,1759.58,7,0,0,1740.8833333333332
2019,11,0,ADP order,1703.2199999999998,7,0,0,1754.053333333333
2019,11,0,ADP value,1743.9600000000003,8,0,0,1742.3416666666665
2019,11,0,Model,1768.2800000000002,7,0,0,1780.6433333333334
2019,11,0,Blend,1733.8400000000004,8,0,0,1760.5783333333336
2019,11,1,ADP order,1875.1200000000001,3,1,0,1749.4566666666667
2019,11,1,ADP value,1743.9600000000003,8,0,0,1742.3416666666665
2019,11,1,Model,1768.2800000000002,7,0,0,1780.6433333333334
2019,11,1,Blend,1733.8400000000004,8,0,0,1760.5783333333336
2019,11,2,ADP order,1766.56,8,0,0,1755.7733333333333
2019,11,2,ADP value,1805.52,8,0,0,1758.4483333333335
2019,11,2,Model,1800.58,6,0,0,1758.87
2019,11,2,Blend,1795.2000000000005,6,0,0,1765.5083333333332
2019,11,3,ADP order,1773.32,6,0,0,1764.136666666667
2019,11,3,ADP value,1681.1399999999999,8,0,0,1745.555
2019,11,3,Model,1798.2800000000002,6,0,0,1755.1049999999998
2019,11,3,Blend,1803.1800000000003,5,0,0,1766.6433333333334
2019,11,4,ADP order,1481.6200000000001,11,0,0,1761.5450000000003
2019,11,4,ADP value,1512.54,10,0,0,1759.1966666666667
2019,11,4,Model,1770.08,7,0,0,1759.5183333333332
2019,11,4,Blend,1699.4199999999998,8,0,0,1753.2966666666669
2019,11,5,ADP order,1504.92,11,0,0,1774.3199999999997
2019,11,5,ADP value,1512.54,10,0,0,1759.1966666666667
2019,11,5,Model,1770.08,7,0,0,1759.5183333333332
2019,11,5,Blend,1699.4199999999998,8,0,0,1753.2966666666669
2019,11,6,ADP order,1499.16,10,0,0,1752.3416666666665
2019,11,6,ADP value,1442.6399999999999,11,0,0,1758.513333333333
2019,11,6,Model,1770.08,7,0,0,1759.5183333333332
2019,11,6,Blend,1699.4199999999998,8,0,0,1753.2966666666669
2019,11,7,ADP order,1442.76,11,0,0,1762.325
2019,11,7,ADP value,1431.04,11,0,0,1751.2583333333334
2019,11,7,Model,1660.88,9,0,0,1785.1149999999998
2019,11,7,Blend,1633.1000000000004,9,0,0,1774.6483333333333
2019,11,8,ADP order,1502.48,11,0,0,1769.5016666666668
2019,11,8,ADP value,1549.94,8,0,0,1752.6083333333336
2019,11,8,Model,1677.1600000000005,8,0,0,1764.92
2019,11,8,Blend,1693.8999999999999,9,0,0,1775.2233333333334
2019,11,9,ADP order,1644.0600000000002,9,0,0,1776.0749999999998
2019,11,9,ADP value,1549.94,8,0,0,1752.6083333333336
2019,11,9,Model,1677.1600000000005,8,0,0,1764.92
2019,11,9,Blend,1708.4,8,0,0,1763.0616666666667
2019,11,10,ADP order,1620.2600000000002,9,0,0,1761.3383333333334
2019,11,10,ADP value,1558.8400000000001,8,0,0,1742.743333333333
2019,11,10,Model,1748.66,7,0,0,1768.035
2019,11,10,Blend,1735.1999999999996,7,0,0,1768.8350000000003
2019,11,11,ADP order,1620.2600000000002,9,0,0,1761.3383333333331
2019,11,11,ADP value,1645.3800000000003,9,0,0,1730.321666666667
2019,11,11,Model,1731.1,7,0,0,1755.96
2019,11,11,Blend,1832.1000000000001,5,0,0,1767.8433333333332
2019,12,0,ADP order,1827.5600000000004,5,0,0,1771.6583333333335
2019,12,0,ADP value,1832.9000000000003,4,0,0,1769.8633333333337
2019,12,0,Model,1776.7600000000002,6,0,0,1763.9199999999998
2019,12,0,Blend,1833.6200000000001,5,0,0,1772.5249999999996
2019,12,1,ADP order,1890.9399999999998,4,0,0,1768.6250000000002
2019,12,1,ADP value,1811.6200000000003,6,0,0,1768.4300000000003
2019,12,1,Model,1815.38,5,0,0,1773.0216666666668
2019,12,1,Blend,1990.4600000000003,1,1,1,1763.7366666666665
2019,12,2,ADP order,2145.5199999999995,1,1,1,1769.6083333333336
2019,12,2,ADP value,2003.9200000000003,1,1,1,1757.5716666666667
2019,12,2,Model,1835.6200000000001,6,0,0,1757.3316666666667
2019,12,2,Blend,1991.8600000000001,1,1,1,1761.778333333333
2019,12,3,ADP order,2124.44,1,1,1,1768.8216666666667
2019,12,3,ADP value,1956.82,2,1,0,1772.2833333333335
2019,12,3,Model,1835.6200000000001,6,0,0,1757.3316666666667
2019,12,3,Blend,2053.3599999999997,1,1,1,1753.7950000000003
2019,12,4,ADP order,2083.14,1,1,1,1766.325
2019,12,4,ADP value,1956.82,2,1,0,1772.2833333333335
2019,12,4,Model,1748.2,7,0,0,1768.5250000000003
2019,12,4,Blend,2029.9599999999998,1,1,1,1766.5966666666666
2019,12,5,ADP order,1799.52,6,0,0,1764.6400000000003
2019,12,5,ADP value,1763.8199999999997,5,0,0,1764.9216666666664
2019,12,5,Model,1748.2,7,0,0,1768.5250000000003
2019,12,5,Blend,1821.7999999999997,6,0,0,1774.4633333333334
2019,12,6,ADP order,1707.42,7,0,0,1778.8300000000002
2019,12,6,ADP value,1756.4200000000003,7,0,0,1779.536666666667
2019,12,6,Model,1744.0,7,0,0,1755.0983333333334
2019,12,6,Blend,1831.2199999999998,6,0,0,1769.6966666666667
2019,12,7,ADP order,1548.8400000000001,11,0,0,1767.1900000000003
2019,12,7,ADP value,1610.94,10,0,0,1764.4933333333336
2019,12,7,Model,1786.6599999999999,7,0,0,1759.2066666666667
2019,12,7,Blend,1831.2199999999998,6,0,0,1769.6966666666667
2019,12,8,ADP order,1448.84,12,0,0,1768.9250000000002
2019,12,8,ADP value,1438.8400000000001,12,0,0,1770.2216666666666
2019,12,8,Model,1711.7599999999998,8,0,0,1756.295
2019,12,8,Blend,1873.4599999999998,4,0,0,1769.9283333333333
2019,12,9,ADP order,1476.74,12,0,0,1773.0833333333333
2019,12,9,ADP value,1438.8400000000001,12,0,0,1770.2216666666666
2019,12,9,Model,1772.6599999999999,6,0,0,1753.8533333333332
2019,12,9,Blend,1799.9800000000002,6,0,0,1754.8033333333335
2019,12,10,ADP order,1442.7399999999998,12,0,0,1772.6016666666667
2019,12,10,ADP value,1429.04,12,0,0,1769.6916666666668
2019,12,10,Model,1666.7600000000002,10,0,0,1766.0466666666669
2019,12,10,Blend,1799.9800000000002,6,0,0,1754.8033333333335
2019,12,11,ADP order,1569.3400000000001,12,0,0,1772.8683333333336
2019,12,11,ADP value,1429.04,12,0,0,1769.6916666666668
2019,12,11,Model,1666.7600000000002,10,0,0,1766.046666666667
2019,12,11,Blend,1702.0800000000002,7,0,0,1770.7583333333334
2019,13,0,ADP order,1989.74,3,1,0,1760.665
2019,13,0,ADP value,1835.2600000000002,6,0,0,1758.3999999999999
2019,13,0,Model,1850.6799999999998,5,0,0,1765.0349999999996
2019,13,0,Blend,1999.38,1,1,1,1770.6066666666668
2019,13,1,ADP order,1809.9999999999998,4,0,0,1753.8349999999998
2019,13,1,ADP value,1776.0799999999997,5,0,0,1759.8566666666668
2019,13,1,Model,1859.98,5,0,0,1760.093333333333
2019,13,1,Blend,2116.4400000000005,1,1,1,1766.1750000000002
2019,13,2,ADP order,1799.9,4,0,0,1750.793333333333
2019,13,2,ADP value,1700.5799999999997,8,0,0,1755.5233333333329
2019,13,2,Model,1820.3,4,0,0,1756.7549999999999
2019,13,2,Blend,1920.6599999999999,2,1,0,1764.3083333333334
2019,13,3,ADP order,1904.84,3,1,0,1761.875
2019,13,3,ADP value,1745.1599999999999,7,0,0,1776.841666666667
2019,13,3,Model,1820.3,4,0,0,1756.7549999999999
2019,13,3,Blend,1911.04,3,1,0,1762.3266666666666
2019,13,4,ADP order,1932.62,2,1,0,1741.6999999999998
2019,13,4,ADP value,1806.26,6,0,0,1765.9183333333333
2019,13,4,Model,1824.0200000000002,5,0,0,1765.0566666666666
2019,13,4,Blend,1884.92,3,1,0,1761.5699999999997
2019,13,5,ADP order,1961.3400000000001,1,1,1,1741.5216666666665
2019,13,5,ADP value,1857.4599999999998,4,0,0,1768.715
2019,13,5,Model,1836.42,5,0,0,1771.7399999999998
2019,13,5,Blend,1895.62,3,1,0,1760.6616666666666
2019,13,6,ADP order,1693.7600000000002,8,0,0,1756.5783333333336
2019,13,6,ADP value,1828.9599999999998,6,0,0,1759.2516666666668
2019,13,6,Model,1734.2,6,0,0,1749.8583333333336
2019,13,6,Blend,1893.1199999999997,3,1,0,1749.03
2019,13,7,ADP order,1788.4800000000002,5,0,0,1755.3700000000001
2019,13,7,ADP value,1744.96,7,0,0,1766.6733333333334
2019,13,7,Model,1848.42,4,0,0,1770.7150000000001
2019,13,7,Blend,1876.0199999999998,2,1,0,1751.8766666666663
2019,13,8,ADP order,1798.26,5,0,0,1762.5200000000002
2019,13,8,ADP value,1744.96,7,0,0,1766.6733333333334
2019,13,8,Model,1848.42,4,0,0,1770.7150000000001
2019,13,8,Blend,1876.0199999999998,2,1,0,1751.8766666666668
2019,13,9,ADP order,1943.56,1,1,1,1772.6883333333335
2019,13,9,ADP value,1620.54,11,0,0,1770.761666666667
2019,13,9,Model,1848.42,4,0,0,1770.7150000000001
2019,13,9,Blend,1876.0199999999998,2,1,0,1751.8766666666668
2019,13,10,ADP order,1920.0400000000004,3,1,0,1770.9883333333337
2019,13,10,ADP value,1569.4399999999998,11,0,0,1764.8183333333334
2019,13,10,Model,1783.3999999999999,6,0,0,1757.5716666666667
2019,13,10,Blend,1841.8199999999997,3,1,0,1751.985
2019,13,11,ADP order,1895.2000000000005,2,1,0,1763.1466666666668
2019,13,11,ADP value,1837.2399999999996,4,0,0,1756.5233333333333
2019,13,11,Model,1800.3,5,0,0,1744.5166666666664
2019,13,11,Blend,1815.9599999999996,4,0,0,1761.425
2019,14,0,ADP order,1772.8,8,0,0,1743.1550000000004
2019,14,0,ADP value,1616.0799999999997,10,0,0,1731.7816666666668
2019,14,0,Model,1743.8000000000002,8,0,0,1752.5816666666663
2019,14,0,Blend,1937.5600000000002,2,1,0,1753.1483333333333
2019,14,1,ADP order,1934.9199999999998,1,1,1,1730.0283333333334
2019,14,1,ADP value,1653.4199999999998,10,0,0,1739.8550000000002
2019,14,1,Model,1723.1000000000004,9,0,0,1760.6766666666663
2019,14,1,Blend,2091.06,1,1,1,1729.8516666666667
2019,14,2,ADP order,2272.4799999999996,1,1,1,1757.2883333333336
2019,14,2,ADP value,1920.72,2,1,0,1747.68
2019,14,2,Model,1723.1000000000004,9,0,0,1760.6766666666663
2019,14,2,Blend,2154.96,1,1,1,1729.6016666666667
2019,14,3,ADP order,2233.86,1,1,1,1754.8383333333334
2019,14,3,ADP value,1976.84,1,1,1,1740.1800000000003
2019,14,3,Model,1775.12,7,0,0,1766.2449999999997
2019,14,3,Blend,2124.36,1,1,1,1743.9483333333337
2019,14,4,ADP order,2136.88,1,1,1,1742.655
2019,14,4,ADP value,1922.4400000000003,2,1,0,1732.4633333333331
2019,14,4,Model,1775.12,7,0,0,1766.2449999999997
2019,14,4,Blend,2015.8600000000001,1,1,1,1743.7766666666666
2019,14,5,ADP order,1966.3000000000002,2,1,0,1749.2283333333335
2019,14,5,ADP value,1733.92,6,0,0,1729.5066666666664
2019,14,5,Model,1676.9,9,0,0,1747.515
2019,14,5,Blend,1889.3600000000001,2,1,0,1733.2500000000002
2019,14,6,ADP order,1755.94,6,0,0,1744.83
2019,14,6,ADP value,1755.12,7,0,0,1735.6566666666665
2019,14,6,Model,1676.9,9,0,0,1747.515
2019,14,6,Blend,1889.3600000000001,2,1,0,1733.2500000000002
2019,14,7,ADP order,1794.8999999999996,4,0,0,1744.4183333333337
2019,14,7,ADP value,1678.6200000000001,8,0,0,1732.4166666666667
2019,14,7,Model,1695.8000000000002,9,0,0,1749.9816666666666
2019,14,7,Blend,1889.3600000000001,2,1,0,1733.2500000000002
2019,14,8,ADP order,1698.1,10,0,0,1749.7616666666665
2019,14,8,ADP value,1561.1799999999998,11,0,0,1747.6050000000002
2019,14,8,Model,1679.98,10,0,0,1748.1849999999995
2019,14,8,Blend,1876.9,2,1,0,1750.2966666666669
2019,14,9,ADP order,1545.6399999999999,11,0,0,1731.5883333333331
2019,14,9,ADP value,1529.4399999999998,12,0,0,1740.7016666666666
2019,14,9,Model,1692.26,9,0,0,1756.965
2019,14,9,Blend,1857.8000000000002,3,1,0,1750.1866666666667
2019,14,10,ADP order,1657.5399999999997,8,0,0,1732.1233333333332
2019,14,10,ADP value,1583.7800000000002,12,0,0,1751.4566666666663
2019,14,10,Model,1750.9999999999998,7,0,0,1752.0483333333332
2019,14,10,Blend,1857.8000000000002,3,1,0,1750.1866666666667
2019,14,11,ADP order,1819.54,4,0,0,1742.8750000000002
2019,14,11,ADP value,1774.7799999999997,6,0,0,1756.2816666666665
2019,14,11,Model,1776.3000000000002,6,0,0,1757.6833333333332
2019,14,11,Blend,1857.8000000000002,3,1,0,1750.1866666666667
2019,15,0,ADP order,1744.6000000000001,6,0,0,1753.1733333333334
2019,15,0,ADP value,1594.32,10,0,0,1763.6766666666665
2019,15,0,Model,1906.92,2,1,0,1757.4250000000002
2019,15,0,Blend,1865.76,4,0,0,1752.765
2019,15,1,ADP order,1824.2,5,0,0,1759.0116666666665
2019,15,1,ADP value,1697.0199999999998,7,0,0,1756.5083333333334
2019,15,1,Model,1879.0199999999998,2,1,0,1757.6499999999999
2019,15,1,Blend,1865.76,4,0,0,1752.765
2019,15,2,ADP order,1817.1,5,0,0,1766.8583333333333
2019,15,2,ADP value,1694.32,7,0,0,1753.3433333333332
2019,15,2,Model,1740.6600000000003,8,0,0,1749.676666666667
2019,15,2,Blend,1787.3199999999997,4,0,0,1745.7466666666667
2019,15,3,ADP order,1788.8200000000004,5,0,0,1763.16
2019,15,3,ADP value,1780.6399999999999,6,0,0,1758.3950000000002
2019,15,3,Model,1740.6600000000003,8,0,0,1749.676666666667
2019,15,3,Blend,1823.64,3,1,0,1743.5916666666665
2019,15,4,ADP order,1738.1400000000003,6,0,0,1758.5866666666668
2019,15,4,ADP value,1707.3400000000001,8,0,0,1758.2383333333335
2019,15,4,Model,1709.96,8,0,0,1742.86
2019,15,4,Blend,1789.08,4,0,0,1742.6100000000004
2019,15,5,ADP order,1520.06,11,0,0,1752.1183333333336
2019,15,5,ADP value,1680.1399999999999,10,0,0,1765.2300000000002
2019,15,5,Model,1649.9799999999998,8,0,0,1757.0783333333331
2019,15,5,Blend,1857.8800000000003,2,1,0,1747.7083333333333
2019,15,6,ADP order,1734.2400000000005,6,0,0,1751.8583333333336
2019,15,6,ADP value,1657.34,10,0,0,1760.4683333333332
2019,15,6,Model,1720.5599999999997,7,0,0,1766.948333333333
2019,15,6,Blend,1857.8800000000003,2,1,0,1747.7083333333333
2019,15,7,ADP order,1785.52,5,0,0,1735.22
2019,15,7,ADP value,1714.5400000000002,9,0,0,1752.5883333333331
2019,15,7,Model,1677.9599999999998,8,0,0,1759.7733333333333
2019,15,7,Blend,1835.6,2,1,0,1746.665
2019,15,8,ADP order,1834.8600000000001,3,1,0,1741.1066666666668
2019,15,8,ADP value,1737.1399999999999,8,0,0,1749.8616666666667
2019,15,8,Model,1800.32,5,0,0,1753.6333333333332
2019,15,8,Blend,1821.3200000000002,5,0,0,1749.2516666666668
2019,15,9,ADP order,1834.8600000000001,3,1,0,1741.1066666666668
2019,15,9,ADP value,1896.5400000000002,2,1,0,1745.111666666667
2019,15,9,Model,1800.32,5,0,0,1753.6333333333334
2019,15,9,Blend,1910.5600000000002,3,1,0,1746.7866666666666
2019,15,10,ADP order,1822.1599999999999,5,0,0,1735.8733333333332
2019,15,10,ADP value,1896.5400000000002,2,1,0,1745.111666666667
2019,15,10,Model,1800.32,5,0,0,1753.6333333333334
2019,15,10,Blend,1936.8600000000001,3,1,0,1749.2783333333334
2019,15,11,ADP order,1713.7600000000004,8,0,0,1737.331666666667
2019,15,11,ADP value,1892.14,2,1,0,1748.2250000000001
2019,15,11,Model,1800.32,5,0,0,1753.6333333333334
2019,15,11,Blend,1834.36,4,0,0,1761.4433333333334
2019,16,0,ADP order,1779.86,5,0,0,1759.8949999999998
2019,16,0,ADP value,1494.14,11,0,0,1762.9533333333331
2019,16,0,Model,1750.4000000000005,6,0,0,1741.1666666666667
2019,16,0,Blend,1588.78,10,0,0,1761.1083333333336
2019,16,1,ADP order,1846.8799999999997,4,0,0,1768.97
2019,16,1,ADP value,1591.5599999999997,11,0,0,1762.7616666666665
2019,16,1,Model,1676.98,11,0,0,1770.245
2019,16,1,Blend,1875.2800000000002,4,0,0,1764.8500000000001
2019,16,2,ADP order,2004.1600000000003,2,1,0,1771.6449999999998
2019,16,2,ADP value,1852.7400000000002,3,1,0,1762.7699999999998
2019,16,2,Model,1676.98,11,0,0,1770.245
2019,16,2,Blend,1875.2800000000002,4,0,0,1764.8500000000001
2019,16,3,ADP order,1852.5600000000002,5,0,0,1768.33
2019,16,3,ADP value,1751.42,7,0,0,1763.2366666666665
2019,16,3,Model,1692.5799999999997,11,0,0,1772.9449999999997
2019,16,3,Blend,1859.2200000000005,4,0,0,1775.7683333333332
2019,16,4,ADP order,1733.1200000000003,6,0,0,1762.5333333333335
2019,16,4,ADP value,1687.52,10,0,0,1778.9016666666666
2019,16,4,Model,1642.78,10,0,0,1777.993333333333
2019,16,4,Blend,1817.0800000000006,7,0,0,1780.4650000000001
2019,16,5,ADP order,1776.0599999999997,5,0,0,1763.4633333333334
2019,16,5,ADP value,1738.5199999999998,5,0,0,1785.5916666666665
2019,16,5,Model,1642.78,10,0,0,1777.993333333333
2019,16,5,Blend,1749.88,8,0,0,1780.5833333333337
2019,16,6,ADP order,1789.3600000000001,7,0,0,1753.1283333333333
2019,16,6,ADP value,1661.5200000000002,10,0,0,1781.325
2019,16,6,Model,1642.78,10,0,0,1777.993333333333
2019,16,6,Blend,1697.68,9,0,0,1770.8516666666667
2019,16,7,ADP order,1745.76,7,0,0,1761.5466666666669
2019,16,7,ADP value,1761.1200000000001,6,0,0,1773.3116666666665
2019,16,7,Model,1612.48,10,0,0,1775.4533333333336
2019,16,7,Blend,1719.4799999999998,9,0,0,1770.8766666666668
2019,16,8,ADP order,1726.2600000000004,7,0,0,1772.4800000000002
2019,16,8,ADP value,1737.12,5,0,0,1777.573333333333
2019,16,8,Model,1665.4799999999998,9,0,0,1771.0683333333334
2019,16,8,Blend,1707.2,8,0,0,1772.43
2019,16,9,ADP order,1829.2,5,0,0,1771.6383333333333
2019,16,9,ADP value,1737.12,5,0,0,1777.573333333333
2019,16,9,Model,1740.4800000000002,8,0,0,1771.7183333333335
2019,16,9,Blend,1707.2,8,0,0,1772.43
2019,16,10,ADP order,1721.3999999999996,8,0,0,1772.8800000000003
2019,16,10,ADP value,1703.7200000000003,6,0,0,1775.0183333333334
2019,16,10,Model,1740.4800000000002,8,0,0,1771.7183333333335
2019,16,10,Blend,1707.2,8,0,0,1772.4300000000003
2019,16,11,ADP order,1520.42,11,0,0,1751.8499999999997
2019,16,11,ADP value,1677.3200000000002,6,0,0,1770.0633333333333
2019,16,11,Model,1654.7800000000002,10,0,0,1771.955
2019,16,11,Blend,1842.6200000000001,4,0,0,1772.625
2019,17,0,ADP order,1847.7800000000002,3,1,0,1760.0883333333338
2019,17,0,ADP value,1446.44,12,0,0,1744.45
2019,17,0,Model,1808.5800000000002,5,0,0,1753.7116666666664
2019,17,0,Blend,1873.96,3,1,0,1754.08
2019,17,1,ADP order,1743.2,7,0,0,1758.5383333333332
2019,17,1,ADP value,1518.06,12,0,0,1744.9083333333335
2019,17,1,Model,1823.1200000000003,4,0,0,1747.618333333333
2019,17,1,Blend,2049.1600000000003,2,1,0,1752.5716666666665
2019,17,2,ADP order,1949.7200000000005,2,1,0,1742.7033333333331
2019,17,2,ADP value,1801.4399999999996,7,0,0,1769.131666666667
2019,17,2,Model,1823.1200000000003,4,0,0,1747.618333333333
2019,17,2,Blend,2081.7599999999998,1,1,1,1755.795
2019,17,3,ADP order,1992.84,2,1,0,1760.2583333333332
2019,17,3,ADP value,1917.16,2,1,0,1739.3866666666665
2019,17,3,Model,1823.1200000000003,4,0,0,1747.618333333333
2019,17,3,Blend,2081.7599999999998,1,1,1,1755.795
2019,17,4,ADP order,1790.64,5,0,0,1746.0083333333334
2019,17,4,ADP value,1637.5600000000002,9,0,0,1741.9983333333332
2019,17,4,Model,1823.1200000000003,4,0,0,1747.618333333333
2019,17,4,Blend,1872.6999999999998,2,1,0,1753.2500000000002
2019,17,5,ADP order,1714.04,8,0,0,1751.3466666666666
2019,17,5,ADP value,1612.7400000000005,10,0,0,1732.3850000000002
2019,17,5,Model,1761.4999999999995,6,0,0,1746.8933333333334
2019,17,5,Blend,1826.0000000000002,3,1,0,1748.4166666666667
2019,17,6,ADP order,1673.7400000000002,9,0,0,1752.0833333333333
2019,17,6,ADP value,1573.8400000000001,12,0,0,1729.7016666666668
2019,17,6,Model,1737.1999999999998,6,0,0,1746.043333333333
2019,17,6,Blend,1811.22,3,1,0,1740.045
2019,17,7,ADP order,1670.14,9,0,0,1763.46
2019,17,7,ADP value,1518.3400000000001,12,0,0,1737.8116666666665
2019,17,7,Model,1737.1999999999998,6,0,0,1746.043333333333
2019,17,7,Blend,1887.3,3,1,0,1743.1100000000004
2019,17,8,ADP order,1521.84,12,0,0,1758.7183333333332
2019,17,8,ADP value,1473.94,11,0,0,1728.035
2019,17,8,Model,1762.2199999999998,5,0,0,1750.5683333333334
2019,17,8,Blend,1862.7800000000002,3,1,0,1736.7366666666667
2019,17,9,ADP order,1614.34,11,0,0,1759.785
2019,17,9,ADP value,1473.94,11,0,0,1728.035
2019,17,9,Model,1762.2199999999998,5,0,0,1750.5683333333334
2019,17,9,Blend,1859.48,4,0,0,1751.5950000000003
2019,17,10,ADP order,1659.8400000000001,10,0,0,1755.3766666666668
2019,17,10,ADP value,1605.94,9,0,0,1726.1849999999997
2019,17,10,Model,1762.2199999999998,5,0,0,1750.5683333333334
2019,17,10,Blend,1843.6799999999998,4,0,0,1746.3616666666667
2019,17,11,ADP order,1809.94,5,0,0,1761.8100000000002
2019,17,11,ADP value,1614.3399999999997,10,0,0,1728.5683333333334
2019,17,11,Model,1762.2199999999998,5,0,0,1750.5683333333334
2019,17,11,Blend,1753.1800000000003,7,0,0,1751.3866666666665
2019,18,0,ADP order,1663.1999999999998,11,0,0,1767.4783333333335
2019,18,0,ADP value,1434.8400000000001,12,0,0,1761.0066666666664
2019,18,0,Model,1784.4,7,0,0,1753.29
2019,18,0,Blend,1798.54,5,0,0,1760.9933333333336
2019,18,1,ADP order,1685.3200000000004,10,0,0,1771.0616666666667
2019,18,1,ADP value,1382.2599999999998,12,0,0,1761.1149999999998
2019,18,1,Model,1751.18,8,0,0,1759.485
2019,18,1,Blend,1974.04,2,1,0,1765.125
2019,18,2,ADP order,1854.7,3,1,0,1770.6450000000002
2019,18,2,ADP value,1803.56,3,1,0,1758.0366666666666
2019,18,2,Model,1852.5,5,0,0,1763.79
2019,18,2,Blend,2014.42,2,1,0,1752.0616666666667
2019,18,3,ADP order,1937.74,2,1,0,1757.1183333333336
2019,18,3,ADP value,1868.56,3,1,0,1752.0249999999999
2019,18,3,Model,1852.5,5,0,0,1763.79
2019,18,3,Blend,2010.4199999999998,2,1,0,1750.6533333333336
2019,18,4,ADP order,1734.84,6,0,0,1750.586666666667
2019,18,4,ADP value,1611.6599999999999,11,0,0,1751.8999999999999
2019,18,4,Model,1753.6999999999998,6,0,0,1760.66
2019,18,4,Blend,1793.2000000000003,6,0,0,1752.0266666666669
2019,18,5,ADP order,1788.82,4,0,0,1757.3383333333331
2019,18,5,ADP value,1586.3399999999997,11,0,0,1759.3550000000002
2019,18,5,Model,1819.5200000000004,5,0,0,1756.9533333333336
2019,18,5,Blend,1817.88,4,0,0,1752.6016666666667
2019,18,6,ADP order,1650.5999999999997,8,0,0,1765.0550000000003
2019,18,6,ADP value,1485.74,11,0,0,1763.668333333333
2019,18,6,Model,1697.9599999999998,9,0,0,1767.9133333333332
2019,18,6,Blend,1667.9799999999998,11,0,0,1761.3016666666665
2019,18,7,ADP order,1698.02,7,0,0,1758.36
2019,18,7,ADP value,1485.74,11,0,0,1763.668333333333
2019,18,7,Model,1697.9599999999998,9,0,0,1767.9133333333332
2019,18,7,Blend,1741.8799999999999,6,0,0,1760.085
2019,18,8,ADP order,1767.62,5,0,0,1754.87
2019,18,8,ADP value,1401.9399999999998,12,0,0,1759.983333333333
2019,18,8,Model,1780.2600000000002,6,0,0,1771.5349999999999
2019,18,8,Blend,1751.3,6,0,0,1757.873333333333
2019,18,9,ADP order,1856.46,3,1,0,1768.5366666666669
2019,18,9,ADP value,1524.0400000000002,11,0,0,1768.2666666666664
2019,18,9,Model,1780.2600000000002,6,0,0,1771.535
2019,18,9,Blend,1751.3,6,0,0,1757.8733333333332
2019,18,10,ADP order,2086.3600000000006,1,1,1,1768.4366666666667
2019,18,10,ADP value,1564.54,11,0,0,1751.551666666667
2019,18,10,Model,1780.2600000000002,6,0,0,1771.535
2019,18,10,Blend,1751.3,6,0,0,1757.8733333333332
2019,18,11,ADP order,1962.7600000000002,2,1,0,1769.47
2019,18,11,ADP value,1801.8400000000001,4,0,0,1758.3433333333332
2019,18,11,Model,1748.66,7,0,0,1760.5183333333334
2019,18,11,Blend,1671.06,9,0,0,1767.4316666666666
2019,19,0,ADP order,1723.9800000000002,5,0,0,1762.4533333333331
2019,19,0,ADP value,1516.74,11,0,0,1745.1000000000001
2019,19,0,Model,1815.2800000000002,4,0,0,1772.3283333333336
2019,19,0,Blend,1827.08,5,0,0,1749.55
2019,19,1,ADP order,1686.7,9,0,0,1758.1366666666665
2019,19,1,ADP value,1485.2399999999998,11,0,0,1742.4916666666668
2019,19,1,Model,1815.2800000000002,4,0,0,1772.3283333333336
2019,19,1,Blend,1925.6599999999999,2,1,0,1757.4099999999996
2019,19,2,ADP order,1695.4599999999998,9,0,0,1753.6216666666667
2019,19,2,ADP value,1813.04,6,0,0,1761.0366666666669
2019,19,2,Model,1791.0799999999997,5,0,0,1765.745
2019,19,2,Blend,1822.56,4,0,0,1754.0616666666667
2019,19,3,ADP order,1744.8600000000001,6,0,0,1750.6383333333333
2019,19,3,ADP value,1883.44,4,0,0,1763.1533333333334
2019,19,3,Model,1759.8799999999999,5,0,0,1759.243333333333
2019,19,3,Blend,1828.62,7,0,0,1753.6666666666667
2019,19,4,ADP order,1635.18,11,0,0,1755.8966666666665
2019,19,4,ADP value,1752.6400000000003,6,0,0,1745.2416666666668
2019,19,4,Model,1759.8799999999999,5,0,0,1759.243333333333
2019,19,4,Blend,1669.78,9,0,0,1745.6499999999999
2019,19,5,ADP order,1441.68,12,0,0,1744.3283333333331
2019,19,5,ADP value,1713.54,8,0,0,1746.05
2019,19,5,Model,1759.8799999999999,5,0,0,1759.243333333333
2019,19,5,Blend,1669.78,9,0,0,1745.6499999999999
2019,19,6,ADP order,1461.98,12,0,0,1740.6533333333334
2019,19,6,ADP value,1739.6399999999999,7,0,0,1734.3500000000001
2019,19,6,Model,1759.8799999999999,5,0,0,1759.243333333333
2019,19,6,Blend,1814.34,5,0,0,1743.0366666666666
2019,19,7,ADP order,1628.4600000000003,11,0,0,1753.0900000000001
2019,19,7,ADP value,1690.8400000000001,8,0,0,1731.9533333333336
2019,19,7,Model,1759.8799999999999,5,0,0,1759.243333333333
2019,19,7,Blend,1875.3400000000004,4,0,0,1743.695
2019,19,8,ADP order,1647.9600000000003,10,0,0,1748.29
2019,19,8,ADP value,1690.8400000000001,8,0,0,1731.9533333333336
2019,19,8,Model,1759.8799999999999,5,0,0,1759.243333333333
2019,19,8,Blend,1875.1399999999999,4,0,0,1743.3533333333332
2019,19,9,ADP order,1702.0600000000002,7,0,0,1756.3016666666665
2019,19,9,ADP value,1550.3400000000001,11,0,0,1737.0133333333333
2019,19,9,Model,1650.46,8,0,0,1761.5766666666666
2019,19,9,Blend,1868.2400000000002,3,1,0,1739.825
2019,19,10,ADP order,1890.6599999999996,3,1,0,1752.86
2019,19,10,ADP value,1745.9399999999998,7,0,0,1735.3383333333331
2019,19,10,Model,1650.46,8,0,0,1761.5766666666666
2019,19,10,Blend,1826.84,4,0,0,1755.3316666666667
2019,19,11,ADP order,1966.2600000000004,1,1,1,1750.6850000000002
2019,19,11,ADP value,1791.44,5,0,0,1742.6366666666665
2019,19,11,Model,1650.46,8,0,0,1761.5766666666666
2019,19,11,Blend,1768.12,6,0,0,1758.3349999999998
2020,0,0,ADP order,1947.5599999999997,3,1,0,1732.1633333333332
2020,0,0,ADP value,1733.6400000000003,4,0,0,1732.93
2020,0,0,Model,1624.7800000000004,9,0,0,1745.335
2020,0,0,Blend,1631.56,9,0,0,1742.8683333333338
2020,0,1,ADP order,1947.5599999999997,3,1,0,1732.1633333333332
2020,0,1,ADP value,1733.6400000000003,4,0,0,1732.93
2020,0,1,Model,1624.7800000000004,9,0,0,1745.335
2020,0,1,Blend,1552.2399999999998,11,0,0,1746.0
2020,0,2,ADP order,1892.1200000000003,3,1,0,1724.323333333333
2020,0,2,ADP value,1859.2,4,0,0,1729.7633333333333
2020,0,2,Model,1639.5800000000002,9,0,0,1752.1183333333336
2020,0,2,Blend,1507.4399999999998,10,0,0,1744.155
2020,0,3,ADP order,2108.62,1,1,1,1722.2983333333332
2020,0,3,ADP value,1915.78,3,1,0,1751.2983333333332
2020,0,3,Model,1639.5800000000002,9,0,0,1752.1183333333336
2020,0,3,Blend,1499.54,12,0,0,1749.7333333333333
2020,0,4,ADP order,1863.7200000000003,3,1,0,1737.875
2020,0,4,ADP value,1842.8799999999999,4,0,0,1753.3483333333334
2020,0,4,Model,1639.5800000000002,9,0,0,1752.1183333333336
2020,0,4,Blend,1511.5599999999995,11,0,0,1745.9483333333328
2020,0,5,ADP order,1619.9599999999998,10,0,0,1752.408333333333
2020,0,5,ADP value,1781.4799999999998,5,0,0,1730.7383333333335
2020,0,5,Model,1639.5800000000002,9,0,0,1752.1183333333336
2020,0,5,Blend,1483.0599999999997,11,0,0,1746.7883333333332
2020,0,6,ADP order,1504.4600000000003,11,0,0,1745.1833333333334
2020,0,6,ADP value,1821.9799999999996,6,0,0,1747.8349999999998
2020,0,6,Model,1790.24,6,0,0,1745.591666666667
2020,0,6,Blend,1721.96,6,0,0,1726.9950000000001
2020,0,7,ADP order,1591.6200000000001,9,0,0,1736.613333333333
2020,0,7,ADP value,1793.2800000000002,7,0,0,1751.29
2020,0,7,Model,1790.24,6,0,0,1745.591666666667
2020,0,7,Blend,1631.8,10,0,0,1765.3183333333336
2020,0,8,ADP order,1735.0400000000002,5,0,0,1737.5316666666668
2020,0,8,ADP value,1831.58,6,0,0,1739.7683333333334
2020,0,8,Model,1790.24,6,0,0,1745.591666666667
2020,0,8,Blend,1631.8,10,0,0,1765.3183333333336
2020,0,9,ADP order,1927.04,3,1,0,1761.1900000000003
2020,0,9,ADP value,1867.1799999999998,6,0,0,1743.5199999999998
2020,0,9,Model,1790.24,6,0,0,1745.591666666667
2020,0,9,Blend,1634.12,8,0,0,1756.175
2020,0,10,ADP order,1778.76,5,0,0,1756.8216666666665
2020,0,10,ADP value,1796.8800000000003,6,0,0,1755.2816666666668
2020,0,10,Model,1683.86,9,0,0,1757.3000000000002
2020,0,10,Blend,1634.12,8,0,0,1756.175
2020,0,11,ADP order,1827.24,4,0,0,1754.8799999999999
2020,0,11,ADP value,1797.58,6,0,0,1747.4683333333335
2020,0,11,Model,1683.86,9,0,0,1757.3000000000002
2020,0,11,Blend,1675.9,8,0,0,1740.88
2020,1,0,ADP order,1834.8199999999997,5,0,0,1751.118333333333
2020,1,0,ADP value,1578.3600000000001,10,0,0,1735.8066666666666
2020,1,0,Model,1404.5599999999997,12,0,0,1726.2883333333336
2020,1,0,Blend,1412.54,12,0,0,1733.1966666666665
2020,1,1,ADP order,1811.7599999999998,6,0,0,1750.6433333333334
2020,1,1,ADP value,1441.84,12,0,0,1735.39
2020,1,1,Model,1535.1600000000003,10,0,0,1732.7300000000002
2020,1,1,Blend,1485.6600000000003,11,0,0,1745.195
2020,1,2,ADP order,1918.36,3,1,0,1737.9433333333334
2020,1,2,ADP value,1618.0399999999997,10,0,0,1741.415
2020,1,2,Model,1535.1600000000003,10,0,0,1732.7300000000002
2020,1,2,Blend,1590.56,11,0,0,1748.7366666666667
2020,1,3,ADP order,2076.7999999999997,1,1,1,1732.0883333333334
2020,1,3,ADP value,1754.8400000000001,5,0,0,1735.656666666667
2020,1,3,Model,1535.1600000000003,10,0,0,1732.7300000000002
2020,1,3,Blend,1477.3600000000001,11,0,0,1744.8116666666665
2020,1,4,ADP order,1986.9799999999998,2,1,0,1727.1250000000002
2020,1,4,ADP value,1780.2400000000002,5,0,0,1738.2733333333335
2020,1,4,Model,1535.1600000000003,10,0,0,1732.7300000000002
2020,1,4,Blend,1477.3600000000001,11,0,0,1744.8116666666665
2020,1,5,ADP order,2060.36,1,1,1,1730.121666666667
2020,1,5,ADP value,1889.84,3,1,0,1733.79
2020,1,5,Model,1570.96,8,0,0,1736.0616666666663
2020,1,5,Blend,1491.5399999999997,11,0,0,1738.09
2020,1,6,ADP order,1984.3600000000001,1,1,1,1737.7250000000001
2020,1,6,ADP value,1872.44,3,1,0,1734.2350000000004
2020,1,6,Model,1570.96,8,0,0,1736.0616666666663
2020,1,6,Blend,1491.5399999999997,11,0,0,1738.09
2020,1,7,ADP order,1789.9599999999998,6,0,0,1737.7316666666666
2020,1,7,ADP value,1862.48,4,0,0,1749.9916666666668
2020,1,7,Model,1570.96,8,0,0,1736.0616666666663
2020,1,7,Blend,1491.5399999999997,11,0,0,1738.09
2020,1,8,ADP order,1974.56,2,1,0,1749.7466666666667
2020,1,8,ADP value,1997.58,1,1,1,1730.33
2020,1,8,Model,1720.6599999999999,6,0,0,1739.0266666666664
2020,1,8,Blend,1652.1399999999999,8,0,0,1730.7549999999999
2020,1,9,ADP order,2055.1400000000003,1,1,1,1729.0633333333335
2020,1,9,ADP value,2000.88,1,1,1,1731.6866666666665
2020,1,9,Model,1756.76,6,0,0,1733.9666666666665
2020,1,9,Blend,1805.3,5,0,0,1753.1050000000002
2020,1,10,ADP order,1930.18,3,1,0,1737.2433333333336
2020,1,10,ADP value,1847.54,4,0,0,1729.131666666667
2020,1,10,Model,1756.76,6,0,0,1733.9666666666665
2020,1,10,Blend,1816.8999999999999,5,0,0,1753.6800000000003
2020,1,11,ADP order,1947.3200000000006,3,1,0,1740.9300000000003
2020,1,11,ADP value,1847.54,4,0,0,1729.131666666667
2020,1,11,Model,1756.76,6,0,0,1733.9666666666665
2020,1,11,Blend,1868.3600000000004,5,0,0,1743.168333333333
2020,2,0,ADP order,1717.3,7,0,0,1726.1366666666665
2020,2,0,ADP value,1748.7,6,0,0,1729.4783333333335
2020,2,0,Model,1690.6599999999999,8,0,0,1731.7716666666665
2020,2,0,Blend,1611.7800000000002,8,0,0,1740.1166666666666
2020,2,1,ADP order,1525.6999999999998,10,0,0,1730.9216666666669
2020,2,1,ADP value,1799.6,5,0,0,1737.3966666666668
2020,2,1,Model,1590.66,10,0,0,1743.7266666666665
2020,2,1,Blend,1542.2800000000002,11,0,0,1739.0749999999998
2020,2,2,ADP order,1831.8999999999999,5,0,0,1737.8433333333335
2020,2,2,ADP value,1984.9000000000005,1,1,1,1742.0216666666668
2020,2,2,Model,1604.4199999999998,11,0,0,1729.2516666666668
2020,2,2,Blend,1732.54,7,0,0,1742.1016666666667
2020,2,3,ADP order,1998.5199999999998,2,1,0,1748.515
2020,2,3,ADP value,1945.0599999999997,2,1,0,1727.5600000000002
2020,2,3,Model,1468.46,11,0,0,1729.735
2020,2,3,Blend,1617.8400000000004,8,0,0,1745.378333333333
2020,2,4,ADP order,2018.32,1,1,1,1746.61
2020,2,4,ADP value,1939.36,2,1,0,1727.1266666666668
2020,2,4,Model,1494.4400000000003,11,0,0,1751.36
2020,2,4,Blend,1576.88,10,0,0,1757.5966666666666
2020,2,5,ADP order,1908.76,3,1,0,1747.5683333333334
2020,2,5,ADP value,1745.4799999999998,7,0,0,1724.5833333333333
2020,2,5,Model,1520.64,11,0,0,1748.9533333333331
2020,2,5,Blend,1576.88,10,0,0,1757.5966666666666
2020,2,6,ADP order,1968.66,2,1,0,1740.4499999999998
2020,2,6,ADP value,1874.5800000000002,3,1,0,1723.4733333333334
2020,2,6,Model,1520.64,11,0,0,1748.9533333333331
2020,2,6,Blend,1576.88,10,0,0,1757.5966666666666
2020,2,7,ADP order,1917.6599999999999,2,1,0,1746.61
2020,2,7,ADP value,1875.0799999999997,2,1,0,1728.9816666666666
2020,2,7,Model,1750.8,6,0,0,1741.3549999999998
2020,2,7,Blend,1896.12,4,0,0,1749.2900000000002
2020,2,8,ADP order,1725.2,9,0,0,1733.4016666666666
2020,2,8,ADP value,1817.3799999999997,4,0,0,1724.908333333333
2020,2,8,Model,1775.7599999999998,7,0,0,1746.6849999999997
2020,2,8,Blend,1818.46,5,0,0,1746.1933333333334
2020,2,9,ADP order,1631.4199999999998,9,0,0,1737.495
2020,2,9,ADP value,1765.38,8,0,0,1735.7466666666667
2020,2,9,Model,1775.7599999999998,7,0,0,1746.6849999999997
2020,2,9,Blend,1818.46,5,0,0,1746.1933333333334
2020,2,10,ADP order,1684.8799999999997,9,0,0,1735.735
2020,2,10,ADP value,1765.38,8,0,0,1735.746666666667
2020,2,10,Model,1756.76,7,0,0,1754.7466666666662
2020,2,10,Blend,1804.9600000000003,5,0,0,1756.6466666666665
2020,2,11,ADP order,1815.0,6,0,0,1735.5883333333331
2020,2,11,ADP value,1802.9800000000005,5,0,0,1733.5466666666669
2020,2,11,Model,1756.76,7,0,0,1754.7466666666662
2020,2,11,Blend,1804.9600000000003,5,0,0,1756.6466666666665
2020,3,0,ADP order,1748.3999999999999,7,0,0,1732.1149999999998
2020,3,0,ADP value,1717.36,7,0,0,1735.7383333333335
2020,3,0,Model,1604.6000000000001,10,0,0,1740.1166666666666
2020,3,0,Blend,1662.2999999999997,9,0,0,1743.45
2020,3,1,ADP order,1810.7799999999997,5,0,0,1738.5933333333332
2020,3,1,ADP value,1647.8600000000001,9,0,0,1734.63
2020,3,1,Model,1688.1000000000001,6,0,0,1720.3
2020,3,1,Blend,1599.9800000000002,10,0,0,1741.1800000000003
2020,3,2,ADP order,1911.4799999999996,2,1,0,1736.0516666666665
2020,3,2,ADP value,1732.3000000000002,8,0,0,1736.375
2020,3,2,Model,1662.0,8,0,0,1748.2683333333334
2020,3,2,Blend,1755.1,6,0,0,1754.61
2020,3,3,ADP order,1889.42,3,1,0,1736.715
2020,3,3,ADP value,1768.1999999999998,7,0,0,1735.7916666666667
2020,3,3,Model,1662.0,8,0,0,1748.2683333333334
2020,3,3,Blend,1852.08,4,0,0,1737.59
2020,3,4,ADP order,1934.8200000000002,1,1,1,1738.3549999999998
2020,3,4,ADP value,1593.3,10,0,0,1738.8316666666667
2020,3,4,Model,1725.7399999999998,5,0,0,1739.371666666667
2020,3,4,Blend,1829.74,5,0,0,1741.3400000000001
2020,3,5,ADP order,1938.02,1,1,1,1731.83
2020,3,5,ADP value,1603.1000000000001,10,0,0,1744.5
2020,3,5,Model,1535.04,10,0,0,1732.1800000000003
2020,3,5,Blend,1649.02,10,0,0,1736.4816666666666
2020,3,6,ADP order,2151.22,1,1,1,1741.4350000000002
2020,3,6,ADP value,1709.6000000000001,6,0,0,1733.7
2020,3,6,Model,1535.04,10,0,0,1732.1800000000003
2020,3,6,Blend,1649.02,10,0,0,1736.4816666666666
2020,3,7,ADP order,1647.98,9,0,0,1751.5100000000002
2020,3,7,ADP value,1704.5800000000002,6,0,0,1735.5716666666667
2020,3,7,Model,1535.04,10,0,0,1732.1800000000003
2020,3,7,Blend,1604.3000000000002,10,0,0,1730.515
2020,3,8,ADP order,1580.6199999999997,10,0,0,1742.756666666667
2020,3,8,ADP value,1735.3799999999999,6,0,0,1710.3949999999998
2020,3,8,Model,1566.4599999999998,10,0,0,1722.8116666666667
2020,3,8,Blend,1604.3000000000002,10,0,0,1730.515
2020,3,9,ADP order,1710.3,7,0,0,1748.6866666666667
2020,3,9,ADP value,1647.0799999999995,7,0,0,1728.8666666666666
2020,3,9,Model,1719.76,7,0,0,1746.2099999999998
2020,3,9,Blend,1744.6999999999998,5,0,0,1742.9283333333333
2020,3,10,ADP order,1593.34,10,0,0,1741.615
2020,3,10,ADP value,1542.1999999999998,12,0,0,1726.5233333333333
2020,3,10,Model,1719.76,7,0,0,1746.2099999999998
2020,3,10,Blend,1744.6999999999998,5,0,0,1742.9283333333333
2020,3,11,ADP order,1452.0,12,0,0,1741.881666666667
2020,3,11,ADP value,1553.14,10,0,0,1738.945
2020,3,11,Model,1725.6799999999998,8,0,0,1755.6033333333332
2020,3,11,Blend,1744.6999999999998,5,0,0,1742.928333333333
2020,4,0,ADP order,1790.76,6,0,0,1751.6516666666666
2020,4,0,ADP value,1648.66,9,0,0,1769.8149999999998
2020,4,0,Model,1623.76,9,0,0,1756.9316666666666
2020,4,0,Blend,1651.4000000000005,8,0,0,1746.0483333333334
2020,4,1,ADP order,1628.5199999999998,11,0,0,1766.7183333333332
2020,4,1,ADP value,1573.4999999999998,11,0,0,1753.82
2020,4,1,Model,1612.86,10,0,0,1747.3066666666666
2020,4,1,Blend,1548.6999999999998,11,0,0,1740.6083333333336
2020,4,2,ADP order,1738.18,7,0,0,1763.5166666666667
2020,4,2,ADP value,1835.4,4,0,0,1765.086666666667
2020,4,2,Model,1612.86,10,0,0,1747.3066666666666
2020,4,2,Blend,1718.9999999999998,8,0,0,1746.4583333333333
2020,4,3,ADP order,1887.2000000000003,4,0,0,1761.07
2020,4,3,ADP value,1865.3999999999999,5,0,0,1761.9533333333331
2020,4,3,Model,1592.8999999999996,10,0,0,1739.8416666666665
2020,4,3,Blend,1794.1000000000001,6,0,0,1750.1466666666665
2020,4,4,ADP order,1836.4999999999995,4,0,0,1762.8866666666665
2020,4,4,ADP value,1902.28,3,1,0,1768.8033333333333
2020,4,4,Model,1592.8999999999996,10,0,0,1739.8416666666665
2020,4,4,Blend,1805.36,6,0,0,1768.9633333333334
2020,4,5,ADP order,1905.82,4,0,0,1765.3783333333333
2020,4,5,ADP value,1902.28,3,1,0,1768.8033333333333
2020,4,5,Model,1592.8999999999996,10,0,0,1739.8416666666665
2020,4,5,Blend,1744.8999999999999,6,0,0,1762.1233333333332
2020,4,6,ADP order,2012.6200000000001,1,1,1,1759.58
2020,4,6,ADP value,2068.2000000000003,1,1,1,1765.3516666666667
2020,4,6,Model,1592.8999999999996,10,0,0,1739.8416666666665
2020,4,6,Blend,1636.3200000000002,10,0,0,1740.381666666667
2020,4,7,ADP order,1765.12,8,0,0,1763.8349999999998
2020,4,7,ADP value,1976.4,2,1,0,1769.0866666666668
2020,4,7,Model,1592.8999999999996,10,0,0,1739.8416666666665
2020,4,7,Blend,1574.0000000000002,9,0,0,1745.3583333333333
2020,4,8,ADP order,1712.46,9,0,0,1756.5433333333333
2020,4,8,ADP value,1976.4,2,1,0,1769.0866666666668
2020,4,8,Model,1748.8600000000001,8,0,0,1736.5533333333335
2020,4,8,Blend,1737.4200000000003,7,0,0,1766.1833333333336
2020,4,9,ADP order,1928.6800000000003,3,1,0,1759.3716666666667
2020,4,9,ADP value,1912.78,3,1,0,1763.1516666666669
2020,4,9,Model,1751.5,8,0,0,1744.1683333333333
2020,4,9,Blend,1820.1999999999996,5,0,0,1746.1000000000001
2020,4,10,ADP order,1972.3799999999999,3,1,0,1757.7883333333336
2020,4,10,ADP value,1631.3999999999999,10,0,0,1753.841666666667
2020,4,10,Model,1751.5,8,0,0,1744.1683333333333
2020,4,10,Blend,1820.1999999999996,5,0,0,1746.1000000000001
2020,4,11,ADP order,1914.2800000000002,4,0,0,1776.235
2020,4,11,ADP value,1716.8799999999999,6,0,0,1754.8833333333332
2020,4,11,Model,1832.86,5,0,0,1747.9983333333332
2020,4,11,Blend,1820.62,5,0,0,1763.0533333333333
2020,5,0,ADP order,1706.58,9,0,0,1731.5383333333336
2020,5,0,ADP value,1606.3000000000002,11,0,0,1754.5433333333333
2020,5,0,Model,1581.9199999999998,11,0,0,1742.0699999999997
2020,5,0,Blend,1641.5200000000002,11,0,0,1743.876666666667
2020,5,1,ADP order,1661.3600000000001,10,0,0,1729.9333333333334
2020,5,1,ADP value,1458.7800000000002,12,0,0,1737.9766666666667
2020,5,1,Model,1581.9199999999998,11,0,0,1742.0699999999997
2020,5,1,Blend,1572.0200000000002,11,0,0,1743.2683333333334
2020,5,2,ADP order,1776.7599999999998,6,0,0,1751.2549999999999
2020,5,2,ADP value,1705.7799999999997,8,0,0,1737.0566666666666
2020,5,2,Model,1581.9199999999998,11,0,0,1742.0699999999997
2020,5,2,Blend,1718.9399999999996,7,0,0,1759.8933333333334
2020,5,3,ADP order,1887.7599999999998,2,1,0,1730.3066666666664
2020,5,3,ADP value,1846.2799999999997,2,1,0,1752.6016666666667
2020,5,3,Model,1668.3600000000001,9,0,0,1734.7383333333335
2020,5,3,Blend,1718.9399999999996,7,0,0,1759.8933333333334
2020,5,4,ADP order,1846.0799999999997,4,0,0,1746.8783333333333
2020,5,4,ADP value,1708.5999999999995,10,0,0,1751.36
2020,5,4,Model,1668.3600000000001,9,0,0,1734.7383333333335
2020,5,4,Blend,1718.9399999999996,7,0,0,1759.8933333333334
2020,5,5,ADP order,1962.6799999999996,2,1,0,1756.9066666666668
2020,5,5,ADP value,1706.48,8,0,0,1746.9383333333335
2020,5,5,Model,1668.3600000000001,9,0,0,1734.7383333333335
2020,5,5,Blend,1718.1600000000003,7,0,0,1750.305
2020,5,6,ADP order,1970.0599999999997,2,1,0,1747.3549999999998
2020,5,6,ADP value,1568.7599999999998,11,0,0,1751.0033333333333
2020,5,6,Model,1668.3600000000001,9,0,0,1734.7383333333335
2020,5,6,Blend,1844.3600000000001,2,1,0,1739.6499999999999
2020,5,7,ADP order,1574.1,10,0,0,1731.3933333333334
2020,5,7,ADP value,1584.5800000000002,10,0,0,1744.738333333333
2020,5,7,Model,1508.5399999999997,12,0,0,1749.8416666666665
2020,5,7,Blend,1629.4799999999998,11,0,0,1750.1866666666665
2020,5,8,ADP order,1471.7399999999998,12,0,0,1747.2966666666664
2020,5,8,ADP value,1584.5800000000002,10,0,0,1744.738333333333
2020,5,8,Model,1508.5399999999997,12,0,0,1749.8416666666665
2020,5,8,Blend,1555.1199999999997,12,0,0,1753.7049999999997
2020,5,9,ADP order,1627.6799999999996,10,0,0,1753.0333333333335
2020,5,9,ADP value,1444.4800000000002,11,0,0,1741.405
2020,5,9,Model,1548.74,11,0,0,1759.2083333333333
2020,5,9,Blend,1558.9199999999998,12,0,0,1745.7283333333332
2020,5,10,ADP order,1565.18,12,0,0,1745.251666666667
2020,5,10,ADP value,1548.88,11,0,0,1736.9383333333335
2020,5,10,Model,1695.1399999999999,8,0,0,1756.1266666666663
2020,5,10,Blend,1738.22,8,0,0,1759.9133333333339
2020,5,11,ADP order,1577.88,12,0,0,1736.5433333333333
2020,5,11,ADP value,1548.88,11,0,0,1736.9383333333335
2020,5,11,Model,1642.6400000000003,12,0,0,1755.668333333333
2020,5,11,Blend,1688.34,9,0,0,1758.9900000000005
2020,6,0,ADP order,1854.2800000000002,4,0,0,1769.9366666666667
2020,6,0,ADP value,1961.08,1,1,1,1746.3849999999995
2020,6,0,Model,1662.1000000000001,10,0,0,1749.7866666666666
2020,6,0,Blend,1749.32,9,0,0,1760.6383333333333
2020,6,1,ADP order,1836.1199999999997,5,0,0,1746.721666666667
2020,6,1,ADP value,1946.9799999999998,2,1,0,1752.4549999999997
2020,6,1,Model,1561.0,10,0,0,1736.3816666666664
2020,6,1,Blend,1679.8200000000002,9,0,0,1760.6383333333333
2020,6,2,ADP order,1642.26,9,0,0,1743.371666666667
2020,6,2,ADP value,1922.22,1,1,1,1752.1833333333332
2020,6,2,Model,1561.0,10,0,0,1736.3816666666664
2020,6,2,Blend,1783.32,5,0,0,1753.0666666666668
2020,6,3,ADP order,1652.1600000000003,9,0,0,1763.576666666667
2020,6,3,ADP value,1830.4,5,0,0,1765.2483333333332
2020,6,3,Model,1570.34,11,0,0,1741.46
2020,6,3,Blend,1853.4800000000002,5,0,0,1756.4516666666666
2020,6,4,ADP order,1747.8600000000001,8,0,0,1775.2016666666668
2020,6,4,ADP value,1804.34,6,0,0,1756.6633333333332
2020,6,4,Model,1570.34,11,0,0,1741.46
2020,6,4,Blend,1665.62,7,0,0,1742.881666666667
2020,6,5,ADP order,1847.56,4,0,0,1766.2183333333332
2020,6,5,ADP value,1916.3799999999999,2,1,0,1758.3383333333334
2020,6,5,Model,1570.34,11,0,0,1741.46
2020,6,5,Blend,1665.62,7,0,0,1742.881666666667
2020,6,6,ADP order,1978.1,2,1,0,1755.251666666667
2020,6,6,ADP value,1916.3799999999999,2,1,0,1758.3383333333334
2020,6,6,Model,1612.86,10,0,0,1754.25
2020,6,6,Blend,1669.46,8,0,0,1750.5183333333334
2020,6,7,ADP order,2029.1799999999998,2,1,0,1755.6083333333336
2020,6,7,ADP value,1866.7200000000005,5,0,0,1767.1883333333335
2020,6,7,Model,1612.86,10,0,0,1754.25
2020,6,7,Blend,1605.64,11,0,0,1750.3766666666668
2020,6,8,ADP order,1897.78,4,0,0,1773.9316666666666
2020,6,8,ADP value,1881.3200000000002,4,0,0,1770.54
2020,6,8,Model,1612.86,10,0,0,1754.25
2020,6,8,Blend,1652.4800000000002,10,0,0,1761.8133333333333
2020,6,9,ADP order,1757.1600000000003,6,0,0,1758.325
2020,6,9,ADP value,1719.4399999999998,8,0,0,1766.0283333333334
2020,6,9,Model,1612.86,10,0,0,1754.25
2020,6,9,Blend,1652.4800000000002,10,0,0,1761.8133333333333
2020,6,10,ADP order,1779.0600000000002,6,0,0,1760.3400000000004
2020,6,10,ADP value,1660.2999999999997,10,0,0,1766.7233333333334
2020,6,10,Model,1544.7400000000002,12,0,0,1749.1833333333334
2020,6,10,Blend,1646.0800000000002,10,0,0,1752.5866666666668
2020,6,11,ADP order,1452.4199999999998,12,0,0,1744.5683333333334
2020,6,11,ADP value,1653.0,11,0,0,1751.7600000000002
2020,6,11,Model,1724.74,8,0,0,1756.7150000000001
2020,6,11,Blend,1804.0800000000002,6,0,0,1771.0583333333334
2020,7,0,ADP order,1622.88,9,0,0,1748.6866666666667
2020,7,0,ADP value,1270.8999999999999,12,0,0,1736.5433333333337
2020,7,0,Model,1424.6599999999999,11,0,0,1738.4766666666667
2020,7,0,Blend,1459.5200000000002,11,0,0,1741.248333333333
2020,7,1,ADP order,1327.98,12,0,0,1730.055
2020,7,1,ADP value,1201.4,12,0,0,1735.926666666667
2020,7,1,Model,1470.86,12,0,0,1748.3166666666664
2020,7,1,Blend,1328.9199999999998,12,0,0,1732.658333333333
2020,7,2,ADP order,1614.4,9,0,0,1724.45
2020,7,2,ADP value,1691.88,9,0,0,1761.79
2020,7,2,Model,1426.24,12,0,0,1735.4149999999997
2020,7,2,Blend,1565.42,11,0,0,1729.8449999999996
2020,7,3,ADP order,1868.1799999999998,4,0,0,1737.2666666666667
2020,7,3,ADP value,1609.1200000000001,10,0,0,1733.7616666666665
2020,7,3,Model,1426.24,12,0,0,1735.4149999999997
2020,7,3,Blend,1507.0199999999998,12,0,0,1748.3866666666665
2020,7,4,ADP order,1799.5800000000006,6,0,0,1746.6233333333337
2020,7,4,ADP value,1690.96,9,0,0,1765.283333333333
2020,7,4,Model,1426.24,12,0,0,1735.4149999999997
2020,7,4,Blend,1377.9199999999998,12,0,0,1736.7616666666665
2020,7,5,ADP order,1532.2600000000002,9,0,0,1723.988333333333
2020,7,5,ADP value,1643.9799999999998,9,0,0,1742.3200000000004
2020,7,5,Model,1438.0199999999998,12,0,0,1740.9400000000003
2020,7,5,Blend,1456.1199999999997,12,0,0,1734.5400000000002
2020,7,6,ADP order,1591.48,9,0,0,1731.6116666666667
2020,7,6,ADP value,1616.36,10,0,0,1744.4633333333338
2020,7,6,Model,1775.4799999999998,7,0,0,1725.9800000000002
2020,7,6,Blend,1672.66,7,0,0,1715.38
2020,7,7,ADP order,1521.9999999999998,10,0,0,1739.0966666666664
2020,7,7,ADP value,1466.4600000000003,12,0,0,1739.4850000000004
2020,7,7,Model,1775.4799999999998,7,0,0,1725.9800000000002
2020,7,7,Blend,1672.66,7,0,0,1715.38
2020,7,8,ADP order,1808.22,7,0,0,1744.3183333333334
2020,7,8,ADP value,1546.4200000000003,11,0,0,1734.17
2020,7,8,Model,1834.22,4,0,0,1732.255
2020,7,8,Blend,1677.6999999999998,7,0,0,1726.5183333333332
2020,7,9,ADP order,1949.6200000000001,2,1,0,1749.2266666666667
2020,7,9,ADP value,1650.88,9,0,0,1715.7483333333332
2020,7,9,Model,1834.22,4,0,0,1732.255
2020,7,9,Blend,1677.6999999999998,7,0,0,1726.5183333333332
2020,7,10,ADP order,1709.6200000000003,9,0,0,1759.323333333333
2020,7,10,ADP value,1596.48,9,0,0,1728.625
2020,7,10,Model,1834.22,4,0,0,1732.255
2020,7,10,Blend,1677.6999999999998,7,0,0,1726.5183333333334
2020,7,11,ADP order,1691.54,7,0,0,1745.2016666666668
2020,7,11,ADP value,1566.04,9,0,0,1741.3733333333332
2020,7,11,Model,1834.22,4,0,0,1732.255
2020,7,11,Blend,1677.6999999999998,7,0,0,1726.5183333333334
2020,8,0,ADP order,1947.0199999999995,3,1,0,1764.7266666666665
2020,8,0,ADP value,1850.0199999999995,4,0,0,1748.4533333333331
2020,8,0,Model,1721.2999999999997,8,0,0,1758.2633333333335
2020,8,0,Blend,1852.1200000000003,5,0,0,1756.293333333333
2020,8,1,ADP order,1835.16,5,0,0,1772.0766666666666
2020,8,1,ADP value,1728.8200000000002,8,0,0,1764.1283333333333
2020,8,1,Model,1661.9000000000005,10,0,0,1762.0216666666665
2020,8,1,Blend,1782.62,7,0,0,1755.1016666666667
2020,8,2,ADP order,1703.84,8,0,0,1787.6083333333333
2020,8,2,ADP value,1728.8200000000002,8,0,0,1764.1283333333333
2020,8,2,Model,1661.9000000000005,10,0,0,1762.0216666666665
2020,8,2,Blend,1782.62,7,0,0,1755.1016666666667
2020,8,3,ADP order,1850.24,4,0,0,1779.4516666666666
2020,8,3,ADP value,2025.6799999999998,2,1,0,1777.6949999999997
2020,8,3,Model,1661.9000000000005,10,0,0,1762.0216666666665
2020,8,3,Blend,1825.92,6,0,0,1761.2549999999999
2020,8,4,ADP order,1836.5000000000005,4,0,0,1760.335
2020,8,4,ADP value,1636.68,9,0,0,1761.1116666666667
2020,8,4,Model,1611.4399999999996,10,0,0,1771.7583333333332
2020,8,4,Blend,1774.4799999999998,6,0,0,1760.805
2020,8,5,ADP order,1873.6799999999998,5,0,0,1776.215
2020,8,5,ADP value,1617.5600000000002,9,0,0,1762.3783333333333
2020,8,5,Model,1611.4399999999996,10,0,0,1771.7583333333332
2020,8,5,Blend,1703.0599999999997,8,0,0,1749.8566666666666
2020,8,6,ADP order,1888.9599999999996,3,1,0,1777.0216666666665
2020,8,6,ADP value,1685.38,9,0,0,1758.0733333333335
2020,8,6,Model,1611.4399999999996,10,0,0,1771.7583333333332
2020,8,6,Blend,1703.0599999999997,8,0,0,1749.8566666666666
2020,8,7,ADP order,1557.1800000000003,11,0,0,1769.208333333333
2020,8,7,ADP value,1763.2200000000003,6,0,0,1756.7183333333332
2020,8,7,Model,1611.4399999999996,10,0,0,1771.7583333333332
2020,8,7,Blend,1644.6399999999999,10,0,0,1755.0149999999996
2020,8,8,ADP order,1750.08,6,0,0,1772.25
2020,8,8,ADP value,1730.52,7,0,0,1759.3949999999998
2020,8,8,Model,1713.38,7,0,0,1779.45
2020,8,8,Blend,1630.5800000000002,10,0,0,1765.1166666666668
2020,8,9,ADP order,1750.08,6,0,0,1772.25
2020,8,9,ADP value,1849.0199999999998,3,1,0,1765.9116666666666
2020,8,9,Model,1713.38,7,0,0,1779.45
2020,8,9,Blend,1630.5800000000002,10,0,0,1765.1166666666668
2020,8,10,ADP order,1977.9600000000003,3,1,0,1777.2983333333332
2020,8,10,ADP value,1856.72,3,1,0,1781.4833333333336
2020,8,10,Model,1839.5600000000002,6,0,0,1777.9866666666667
2020,8,10,Blend,1762.2799999999997,8,0,0,1765.7099999999998
2020,8,11,ADP order,1933.3,4,0,0,1782.2833333333335
2020,8,11,ADP value,1934.8199999999997,2,1,0,1772.2249999999997
2020,8,11,Model,1839.5600000000002,6,0,0,1777.9866666666667
2020,8,11,Blend,1835.8600000000001,4,0,0,1762.8583333333336
2020,9,0,ADP order,1745.7,8,0,0,1763.3000000000004
2020,9,0,ADP value,1668.84,8,0,0,1766.3083333333334
2020,9,0,Model,1682.8800000000003,9,0,0,1729.3183333333334
2020,9,0,Blend,1661.6,8,0,0,1745.496666666667
2020,9,1,ADP order,1685.3,9,0,0,1767.79
2020,9,1,ADP value,1768.2399999999998,7,0,0,1764.075
2020,9,1,Model,1682.8800000000003,9,0,0,1729.3183333333334
2020,9,1,Blend,1661.6,8,0,0,1745.496666666667
2020,9,2,ADP order,1948.0000000000002,3,1,0,1772.2050000000002
2020,9,2,ADP value,2004.4399999999998,2,1,0,1762.085
2020,9,2,Model,1788.1199999999997,6,0,0,1733.1833333333332
2020,9,2,Blend,1873.5000000000002,4,0,0,1750.7216666666666
2020,9,3,ADP order,2019.7399999999998,1,1,1,1767.9933333333336
2020,9,3,ADP value,1885.3799999999999,5,0,0,1773.2933333333333
2020,9,3,Model,1664.16,9,0,0,1734.5933333333335
2020,9,3,Blend,1804.38,5,0,0,1742.803333333333
2020,9,4,ADP order,1895.2800000000004,3,1,0,1758.1816666666664
2020,9,4,ADP value,1885.3799999999999,5,0,0,1773.2933333333333
2020,9,4,Model,1664.16,9,0,0,1734.5933333333335
2020,9,4,Blend,1804.38,5,0,0,1742.803333333333
2020,9,5,ADP order,1823.22,5,0,0,1757.8516666666667
2020,9,5,ADP value,1881.0800000000004,5,0,0,1763.735
2020,9,5,Model,1562.26,9,0,0,1724.125
2020,9,5,Blend,1733.4999999999995,7,0,0,1746.2233333333334
2020,9,6,ADP order,1965.2799999999997,3,1,0,1749.958333333333
2020,9,6,ADP value,1818.68,8,0,0,1753.9483333333335
2020,9,6,Model,1607.02,10,0,0,1748.5516666666663
2020,9,6,Blend,1621.4199999999998,9,0,0,1732.918333333333
2020,9,7,ADP order,1684.88,9,0,0,1751.8466666666666
2020,9,7,ADP value,1815.18,6,0,0,1755.6883333333333
2020,9,7,Model,1607.02,10,0,0,1748.5516666666663
2020,9,7,Blend,1545.8,10,0,0,1722.033333333333
2020,9,8,ADP order,1675.5800000000002,8,0,0,1752.1250000000002
2020,9,8,ADP value,1875.4800000000002,5,0,0,1739.6966666666667
2020,9,8,Model,1491.02,11,0,0,1745.6433333333334
2020,9,8,Blend,1545.8,10,0,0,1722.033333333333
2020,9,9,ADP order,1594.5199999999998,11,0,0,1766.1016666666665
2020,9,9,ADP value,1794.34,5,0,0,1732.3266666666666
2020,9,9,Model,1491.02,11,0,0,1745.6433333333334
2020,9,9,Blend,1545.8,10,0,0,1722.033333333333
2020,9,10,ADP order,1575.22,10,0,0,1763.3016666666665
2020,9,10,ADP value,1688.1399999999999,7,0,0,1737.1483333333333
2020,9,10,Model,1641.42,9,0,0,1758.3450000000003
2020,9,10,Blend,1687.4199999999998,7,0,0,1754.4866666666665
2020,9,11,ADP order,1647.32,9,0,0,1768.6783333333333
2020,9,11,ADP value,1740.76,7,0,0,1733.7316666666666
2020,9,11,Model,1590.9399999999998,9,0,0,1757.6966666666667
2020,9,11,Blend,1716.4999999999998,7,0,0,1768.505
2020,10,0,ADP order,1936.88,3,1,0,1755.2666666666667
2020,10,0,ADP value,1738.7800000000002,6,0,0,1731.2733333333333
2020,10,0,Model,1525.68,11,0,0,1736.1466666666665
2020,10,0,Blend,1602.22,9,0,0,1752.42
2020,10,1,ADP order,1999.62,2,1,0,1739.9399999999998
2020,10,1,ADP value,1661.48,7,0,0,1738.8083333333332
2020,10,1,Model,1525.68,11,0,0,1736.1466666666665
2020,10,1,Blend,1733.2199999999998,7,0,0,1750.5183333333334
2020,10,2,ADP order,1913.4199999999998,3,1,0,1742.7666666666667
2020,10,2,ADP value,1726.5800000000002,7,0,0,1738.743333333333
2020,10,2,Model,1448.48,9,0,0,1745.8716666666667
2020,10,2,Blend,1742.2,7,0,0,1728.5749999999998
2020,10,3,ADP order,2068.22,2,1,0,1740.43
2020,10,3,ADP value,1953.3799999999999,1,1,1,1724.3616666666667
2020,10,3,Model,1545.0199999999998,12,0,0,1736.596666666667
2020,10,3,Blend,1615.9999999999998,9,0,0,1733.4333333333334
2020,10,4,ADP order,1614.42,7,0,0,1719.28
2020,10,4,ADP value,1666.5,8,0,0,1720.2733333333333
2020,10,4,Model,1545.0199999999998,12,0,0,1736.596666666667
2020,10,4,Blend,1615.9999999999998,9,0,0,1733.4333333333334
2020,10,5,ADP order,1903.9199999999998,4,0,0,1736.4466666666667
2020,10,5,ADP value,1850.5,3,1,0,1736.2883333333332
2020,10,5,Model,1545.0199999999998,12,0,0,1736.596666666667
2020,10,5,Blend,1691.8799999999997,8,0,0,1741.6100000000004
2020,10,6,ADP order,2010.6199999999997,2,1,0,1734.8216666666667
2020,10,6,ADP value,1915.1,3,1,0,1749.1783333333333
2020,10,6,Model,1545.0199999999998,12,0,0,1736.596666666667
2020,10,6,Blend,1691.8799999999997,8,0,0,1741.6100000000004
2020,10,7,ADP order,1778.62,6,0,0,1724.7633333333333
2020,10,7,ADP value,1818.92,4,0,0,1750.9866666666665
2020,10,7,Model,1520.6200000000001,12,0,0,1754.5100000000002
2020,10,7,Blend,1686.8799999999999,7,0,0,1755.3499999999997
2020,10,8,ADP order,1934.0199999999998,2,1,0,1733.9683333333332
2020,10,8,ADP value,1930.6200000000003,4,0,0,1748.7050000000002
2020,10,8,Model,1673.7800000000002,9,0,0,1738.7433333333336
2020,10,8,Blend,1836.22,4,0,0,1736.0600000000002
2020,10,9,ADP order,1981.22,2,1,0,1731.76
2020,10,9,ADP value,2013.08,2,1,0,1735.1916666666666
2020,10,9,Model,1658.52,8,0,0,1739.3266666666661
2020,10,9,Blend,1757.88,6,0,0,1731.8366666666668
2020,10,10,ADP order,2155.9,1,1,1,1741.335
2020,10,10,ADP value,2013.08,2,1,0,1735.1916666666666
2020,10,10,Model,1811.92,6,0,0,1744.8183333333336
2020,10,10,Blend,1702.3,8,0,0,1732.7699999999998
2020,10,11,ADP order,2111.6800000000003,1,1,1,1745.0333333333335
2020,10,11,ADP value,1993.6200000000003,3,1,0,1734.675
2020,10,11,Model,1811.92,6,0,0,1744.8183333333334
2020,10,11,Blend,1772.2800000000002,6,0,0,1713.2666666666667
2020,11,0,ADP order,1910.94,4,0,0,1758.5200000000002
2020,11,0,ADP value,1628.4799999999996,9,0,0,1744.2633333333333
2020,11,0,Model,1630.9200000000003,11,0,0,1749.6716666666669
2020,11,0,Blend,1715.64,8,0,0,1749.0783333333336
2020,11,1,ADP order,1756.52,8,0,0,1759.37
2020,11,1,ADP value,1600.6599999999999,10,0,0,1746.7700000000002
2020,11,1,Model,1624.1200000000001,9,0,0,1733.4483333333335
2020,11,1,Blend,1585.72,10,0,0,1750.7866666666666
2020,11,2,ADP order,1793.5200000000002,7,0,0,1754.1933333333334
2020,11,2,ADP value,1785.9599999999998,7,0,0,1752.7283333333335
2020,11,2,Model,1704.9600000000003,6,0,0,1724.7316666666666
2020,11,2,Blend,1748.92,6,0,0,1752.62
2020,11,3,ADP order,1735.02,9,0,0,1755.2933333333333
2020,11,3,ADP value,1797.4599999999998,7,0,0,1750.668333333333
2020,11,3,Model,1704.9600000000003,6,0,0,1724.7316666666666
2020,11,3,Blend,1748.92,6,0,0,1752.62
2020,11,4,ADP order,1933.0799999999997,3,1,0,1753.805
2020,11,4,ADP value,1759.92,6,0,0,1747.5616666666665
2020,11,4,Model,1876.2599999999998,2,1,0,1752.4316666666666
2020,11,4,Blend,1687.0200000000002,10,0,0,1766.8016666666665
2020,11,5,ADP order,1813.9799999999998,4,0,0,1731.8133333333333
2020,11,5,ADP value,1759.92,6,0,0,1747.5616666666665
2020,11,5,Model,1669.4599999999998,10,0,0,1753.5299999999997
2020,11,5,Blend,1593.52,10,0,0,1759.4516666666666
2020,11,6,ADP order,1906.46,3,1,0,1738.6666666666663
2020,11,6,ADP value,1836.12,4,0,0,1749.4099999999999
2020,11,6,Model,1676.7600000000002,9,0,0,1745.42
2020,11,6,Blend,1629.0200000000002,10,0,0,1751.925
2020,11,7,ADP order,1743.7799999999997,6,0,0,1747.2849999999999
2020,11,7,ADP value,1644.5400000000002,10,0,0,1758.7783333333336
2020,11,7,Model,1676.7600000000002,9,0,0,1745.42
2020,11,7,Blend,1576.9399999999998,12,0,0,1747.6416666666664
2020,11,8,ADP order,1420.2400000000002,12,0,0,1730.4733333333331
2020,11,8,ADP value,1621.22,10,0,0,1758.7700000000002
2020,11,8,Model,1607.36,10,0,0,1738.5783333333336
2020,11,8,Blend,1580.78,10,0,0,1750.0116666666665
2020,11,9,ADP order,1593.8599999999997,10,0,0,1734.426666666667
2020,11,9,ADP value,1612.3200000000002,11,0,0,1759.6033333333332
2020,11,9,Model,1547.1199999999997,12,0,0,1739.6683333333333
2020,11,9,Blend,1587.46,11,0,0,1755.6999999999998
2020,11,10,ADP order,1631.04,9,0,0,1745.9833333333333
2020,11,10,ADP value,1610.4199999999998,11,0,0,1755.8249999999996
2020,11,10,Model,1547.1199999999997,12,0,0,1739.668333333333
2020,11,10,Blend,1599.56,11,0,0,1762.7616666666665
2020,11,11,ADP order,1446.0799999999997,11,0,0,1747.68
2020,11,11,ADP value,1610.4199999999998,11,0,0,1755.8249999999996
2020,11,11,Model,1659.98,8,0,0,1765.8249999999998
2020,11,11,Blend,1745.3600000000001,5,0,0,1762.2716666666668
2020,12,0,ADP order,1846.8399999999997,6,0,0,1756.4966666666667
2020,12,0,ADP value,1770.62,7,0,0,1773.4983333333332
2020,12,0,Model,1680.8200000000002,9,0,0,1729.5283333333336
2020,12,0,Blend,1719.6200000000001,7,0,0,1728.006666666667
2020,12,1,ADP order,1747.1399999999999,6,0,0,1745.375
2020,12,1,ADP value,1770.62,7,0,0,1773.4983333333332
2020,12,1,Model,1674.0199999999995,8,0,0,1722.263333333333
2020,12,1,Blend,1716.9799999999998,7,0,0,1731.9233333333332
2020,12,2,ADP order,1746.6000000000001,7,0,0,1737.9483333333335
2020,12,2,ADP value,1676.4399999999998,9,0,0,1746.9166666666667
2020,12,2,Model,1624.4399999999996,9,0,0,1734.7766666666664
2020,12,2,Blend,1652.2199999999998,9,0,0,1722.4349999999997
2020,12,3,ADP order,1800.4,6,0,0,1737.7483333333332
2020,12,3,ADP value,1756.0400000000002,8,0,0,1750.75
2020,12,3,Model,1599.7399999999998,9,0,0,1755.448333333333
2020,12,3,Blend,1671.12,8,0,0,1752.8633333333335
2020,12,4,ADP order,1826.9199999999998,4,0,0,1750.79
2020,12,4,ADP value,1718.18,7,0,0,1736.5749999999998
2020,12,4,Model,1599.7399999999998,9,0,0,1755.448333333333
2020,12,4,Blend,1773.7199999999998,7,0,0,1747.045
2020,12,5,ADP order,1767.2199999999996,6,0,0,1745.3999999999999
2020,12,5,ADP value,1789.46,7,0,0,1745.7133333333334
2020,12,5,Model,1599.7399999999998,9,0,0,1755.448333333333
2020,12,5,Blend,1633.0199999999998,9,0,0,1741.0166666666664
2020,12,6,ADP order,1958.9199999999998,2,1,0,1742.6166666666668
2020,12,6,ADP value,1750.88,7,0,0,1748.5049999999999
2020,12,6,Model,1522.84,12,0,0,1749.2983333333332
2020,12,6,Blend,1734.12,7,0,0,1744.116666666666
2020,12,7,ADP order,1927.32,2,1,0,1745.575
2020,12,7,ADP value,1721.48,7,0,0,1740.8300000000002
2020,12,7,Model,1576.2599999999998,11,0,0,1732.878333333333
2020,12,7,Blend,1613.9599999999998,10,0,0,1750.9616666666668
2020,12,8,ADP order,1856.22,4,0,0,1753.4783333333335
2020,12,8,ADP value,1721.48,7,0,0,1740.83
2020,12,8,Model,1576.2599999999998,11,0,0,1732.8783333333333
2020,12,8,Blend,1613.9599999999998,10,0,0,1750.9616666666668
2020,12,9,ADP order,1990.5200000000002,1,1,1,1741.42
2020,12,9,ADP value,1859.8799999999999,5,0,0,1744.5283333333336
2020,12,9,Model,1576.2599999999998,11,0,0,1732.8783333333333
2020,12,9,Blend,1613.9599999999998,10,0,0,1750.9616666666668
2020,12,10,ADP order,1806.34,5,0,0,1749.8266666666666
2020,12,10,ADP value,1821.28,5,0,0,1739.2683333333332
2020,12,10,Model,1576.2599999999998,11,0,0,1732.878333333333
2020,12,10,Blend,1613.9599999999998,10,0,0,1750.9616666666668
2020,12,11,ADP order,1932.94,3,1,0,1753.6316666666664
2020,12,11,ADP value,1924.2799999999995,3,1,0,1743.8733333333332
2020,12,11,Model,1775.7599999999998,6,0,0,1757.2883333333332
2020,12,11,Blend,1800.1999999999998,5,0,0,1747.04
2020,13,0,ADP order,1763.02,5,0,0,1750.4516666666666
2020,13,0,ADP value,1464.8400000000001,12,0,0,1761.3999999999999
2020,13,0,Model,1531.32,12,0,0,1763.1633333333332
2020,13,0,Blend,1570.3799999999997,11,0,0,1777.6066666666663
2020,13,1,ADP order,1719.08,7,0,0,1758.408333333333
2020,13,1,ADP value,1499.8599999999997,10,0,0,1758.5266666666669
2020,13,1,Model,1531.32,12,0,0,1763.1633333333332
2020,13,1,Blend,1500.8799999999997,12,0,0,1776.2399999999998
2020,13,2,ADP order,1712.3999999999999,9,0,0,1767.8849999999995
2020,13,2,ADP value,1579.34,10,0,0,1758.7766666666666
2020,13,2,Model,1602.24,11,0,0,1765.755
2020,13,2,Blend,1704.6199999999997,9,0,0,1761.2633333333333
2020,13,3,ADP order,1610.72,10,0,0,1759.6483333333329
2020,13,3,ADP value,1809.22,6,0,0,1764.2899999999997
2020,13,3,Model,1579.1399999999996,11,0,0,1771.7866666666666
2020,13,3,Blend,1734.6200000000001,8,0,0,1763.538333333333
2020,13,4,ADP order,1693.8600000000001,8,0,0,1749.9766666666665
2020,13,4,ADP value,1573.58,11,0,0,1759.5316666666668
2020,13,4,Model,1579.1399999999996,11,0,0,1771.7866666666666
2020,13,4,Blend,1629.0200000000002,9,0,0,1765.0933333333335
2020,13,5,ADP order,1824.4399999999996,5,0,0,1749.3766666666663
2020,13,5,ADP value,1598.92,11,0,0,1774.7816666666665
2020,13,5,Model,1579.1399999999996,11,0,0,1771.7866666666666
2020,13,5,Blend,1629.0200000000002,9,0,0,1765.0933333333335
2020,13,6,ADP order,1732.4599999999998,8,0,0,1771.42
2020,13,6,ADP value,1512.44,12,0,0,1770.1100000000004
2020,13,6,Model,1579.1399999999996,11,0,0,1771.7866666666666
2020,13,6,Blend,1624.92,9,0,0,1764.0933333333335
2020,13,7,ADP order,1376.2599999999998,12,0,0,1765.8349999999998
2020,13,7,ADP value,1623.2800000000002,10,0,0,1779.6533333333334
2020,13,7,Model,1579.1399999999996,11,0,0,1771.7866666666666
2020,13,7,Blend,1636.6200000000001,9,0,0,1762.0666666666668
2020,13,8,ADP order,1647.7400000000002,8,0,0,1760.9650000000001
2020,13,8,ADP value,1623.2800000000002,10,0,0,1779.6533333333334
2020,13,8,Model,1761.5399999999995,7,0,0,1758.1166666666668
2020,13,8,Blend,1772.02,6,0,0,1770.9900000000005
2020,13,9,ADP order,1816.3600000000004,6,0,0,1759.361666666667
2020,13,9,ADP value,1567.94,12,0,0,1767.9333333333332
2020,13,9,Model,1822.3400000000001,5,0,0,1756.266666666667
2020,13,9,Blend,1744.12,7,0,0,1764.966666666667
2020,13,10,ADP order,1614.26,10,0,0,1760.5416666666667
2020,13,10,ADP value,1641.7799999999997,9,0,0,1768.705
2020,13,10,Model,1826.3400000000001,4,0,0,1771.835
2020,13,10,Blend,1744.12,7,0,0,1764.966666666667
2020,13,11,ADP order,1534.9199999999996,10,0,0,1746.6249999999998
2020,13,11,ADP value,1661.24,10,0,0,1771.295
2020,13,11,Model,1826.3400000000001,4,0,0,1771.835
2020,13,11,Blend,1744.12,7,0,0,1764.966666666667
2020,14,0,ADP order,1862.98,4,0,0,1771.4133333333336
2020,14,0,ADP value,1497.8999999999999,11,0,0,1763.9799999999998
2020,14,0,Model,1562.66,11,0,0,1734.1066666666666
2020,14,0,Blend,1591.2400000000002,10,0,0,1756.4950000000006
2020,14,1,ADP order,1719.6800000000003,8,0,0,1762.7816666666668
2020,14,1,ADP value,1397.2000000000003,11,0,0,1764.0800000000002
2020,14,1,Model,1562.66,11,0,0,1734.1066666666666
2020,14,1,Blend,1526.86,12,0,0,1755.9633333333334
2020,14,2,ADP order,1880.7800000000002,5,0,0,1767.9233333333334
2020,14,2,ADP value,1565.0,11,0,0,1764.58
2020,14,2,Model,1532.9000000000003,9,0,0,1734.6966666666667
2020,14,2,Blend,1696.0600000000002,7,0,0,1758.196666666667
2020,14,3,ADP order,1970.8799999999997,2,1,0,1757.9916666666666
2020,14,3,ADP value,1743.8999999999996,7,0,0,1758.508333333333
2020,14,3,Model,1710.16,8,0,0,1743.958333333333
2020,14,3,Blend,1593.1999999999998,10,0,0,1765.3916666666667
2020,14,4,ADP order,1672.7600000000002,11,0,0,1764.3966666666665
2020,14,4,ADP value,1666.2,8,0,0,1745.131666666667
2020,14,4,Model,1710.16,8,0,0,1743.958333333333
2020,14,4,Blend,1494.5599999999997,11,0,0,1766.0349999999999
2020,14,5,ADP order,1774.3399999999997,6,0,0,1764.1316666666664
2020,14,5,ADP value,1730.88,4,0,0,1728.5583333333334
2020,14,5,Model,1582.1,10,0,0,1756.1416666666667
2020,14,5,Blend,1376.6000000000001,12,0,0,1760.89
2020,14,6,ADP order,1898.6399999999996,3,1,0,1760.515
2020,14,6,ADP value,1730.88,4,0,0,1728.5583333333334
2020,14,6,Model,1582.1,10,0,0,1756.1416666666667
2020,14,6,Blend,1376.6000000000001,12,0,0,1760.89
2020,14,7,ADP order,1693.74,9,0,0,1771.1149999999998
2020,14,7,ADP value,1845.2800000000002,3,1,0,1735.3600000000004
2020,14,7,Model,1582.1,10,0,0,1756.1416666666667
2020,14,7,Blend,1642.78,10,0,0,1747.5249999999999
2020,14,8,ADP order,1627.8400000000001,10,0,0,1778.0083333333332
2020,14,8,ADP value,1849.28,3,1,0,1752.585
2020,14,8,Model,1582.1,10,0,0,1756.1416666666667
2020,14,8,Blend,1642.78,10,0,0,1747.5249999999999
2020,14,9,ADP order,1944.0800000000002,2,1,0,1778.3983333333333
2020,14,9,ADP value,1856.3999999999996,4,0,0,1765.4150000000002
2020,14,9,Model,1707.5,8,0,0,1761.705
2020,14,9,Blend,1725.0200000000002,6,0,0,1777.3533333333332
2020,14,10,ADP order,2058.2599999999998,1,1,1,1773.9366666666665
2020,14,10,ADP value,1760.0,5,0,0,1777.0566666666666
2020,14,10,Model,1707.5,8,0,0,1761.705
2020,14,10,Blend,1731.12,8,0,0,1780.328333333333
2020,14,11,ADP order,1910.6599999999999,2,1,0,1770.9783333333332
2020,14,11,ADP value,1874.6999999999998,4,0,0,1757.555
2020,14,11,Model,1650.22,10,0,0,1768.845
2020,14,11,Blend,1731.12,8,0,0,1780.328333333333
2020,15,0,ADP order,1762.14,7,0,0,1758.5366666666666
2020,15,0,ADP value,1741.3000000000002,6,0,0,1737.6166666666666
2020,15,0,Model,1752.2600000000002,5,0,0,1738.4683333333335
2020,15,0,Blend,1809.2600000000002,5,0,0,1766.0849999999998
2020,15,1,ADP order,1540.7000000000003,11,0,0,1759.9950000000001
2020,15,1,ADP value,1513.1600000000003,11,0,0,1725.591666666667
2020,15,1,Model,1645.2199999999998,8,0,0,1764.0266666666669
2020,15,1,Blend,1696.5999999999997,8,0,0,1755.765
2020,15,2,ADP order,1540.7000000000003,11,0,0,1759.9950000000001
2020,15,2,ADP value,1614.26,9,0,0,1731.5000000000002
2020,15,2,Model,1517.16,12,0,0,1753.2050000000002
2020,15,2,Blend,1559.54,11,0,0,1768.3783333333333
2020,15,3,ADP order,1627.1000000000001,8,0,0,1759.361666666667
2020,15,3,ADP value,1783.0599999999997,5,0,0,1735.71
2020,15,3,Model,1520.8400000000004,11,0,0,1749.4716666666666
2020,15,3,Blend,1731.24,8,0,0,1773.4116666666669
2020,15,4,ADP order,1638.3799999999999,9,0,0,1761.675
2020,15,4,ADP value,1763.0,6,0,0,1752.4016666666669
2020,15,4,Model,1589.12,10,0,0,1746.6699999999998
2020,15,4,Blend,1731.24,8,0,0,1773.4116666666669
2020,15,5,ADP order,1901.7799999999997,4,0,0,1762.1050000000002
2020,15,5,ADP value,1918.0,4,0,0,1753.593333333333
2020,15,5,Model,1566.4599999999998,10,0,0,1743.033333333333
2020,15,5,Blend,1520.8400000000004,11,0,0,1749.4716666666666
2020,15,6,ADP order,1838.38,6,0,0,1760.6533333333334
2020,15,6,ADP value,1854.7,6,0,0,1731.255
2020,15,6,Model,1566.4599999999998,10,0,0,1743.033333333333
2020,15,6,Blend,1555.0600000000002,11,0,0,1752.4000000000003
2020,15,7,ADP order,2006.8399999999997,2,1,0,1753.4933333333329
2020,15,7,ADP value,1910.8,5,0,0,1735.4633333333338
2020,15,7,Model,1566.4599999999998,10,0,0,1743.033333333333
2020,15,7,Blend,1555.0600000000002,11,0,0,1752.4000000000003
2020,15,8,ADP order,1982.54,3,1,0,1757.82
2020,15,8,ADP value,1910.8,5,0,0,1735.4633333333334
2020,15,8,Model,1769.46,7,0,0,1757.8899999999996
2020,15,8,Blend,1844.5599999999997,5,0,0,1759.9666666666665
2020,15,9,ADP order,2039.4599999999998,2,1,0,1753.636666666667
2020,15,9,ADP value,1902.2,4,0,0,1734.245
2020,15,9,Model,1769.46,7,0,0,1757.89
2020,15,9,Blend,1844.5599999999997,5,0,0,1759.966666666667
2020,15,10,ADP order,2014.2800000000002,2,1,0,1758.1216666666667
2020,15,10,ADP value,1835.3000000000002,4,0,0,1773.165
2020,15,10,Model,1693.3400000000001,8,0,0,1759.03
2020,15,10,Blend,1844.5599999999997,5,0,0,1759.966666666667
2020,15,11,ADP order,1789.3799999999999,6,0,0,1767.746666666667
2020,15,11,ADP value,1752.8999999999999,6,0,0,1768.3750000000002
2020,15,11,Model,1693.3400000000001,8,0,0,1759.03
2020,15,11,Blend,1844.5599999999997,5,0,0,1759.966666666667
2020,16,0,ADP order,1664.5599999999997,8,0,0,1737.5833333333333
2020,16,0,ADP value,1411.02,12,0,0,1738.783333333333
2020,16,0,Model,1495.64,11,0,0,1715.5366666666669
2020,16,0,Blend,1579.8599999999997,11,0,0,1743.2
2020,16,1,ADP order,1614.6599999999999,8,0,0,1732.6833333333334
2020,16,1,ADP value,1358.38,11,0,0,1727.8716666666667
2020,16,1,Model,1458.2199999999998,11,0,0,1725.2750000000003
2020,16,1,Blend,1536.86,11,0,0,1728.3033333333335
2020,16,2,ADP order,1789.3600000000001,7,0,0,1731.925
2020,16,2,ADP value,1688.8800000000003,8,0,0,1725.6133333333335
2020,16,2,Model,1535.04,11,0,0,1724.6433333333334
2020,16,2,Blend,1707.56,7,0,0,1727.9783333333335
2020,16,3,ADP order,2014.1799999999998,1,1,1,1726.1333333333332
2020,16,3,ADP value,1692.5600000000002,8,0,0,1725.1133333333335
2020,16,3,Model,1535.04,11,0,0,1724.6433333333334
2020,16,3,Blend,1797.9199999999996,4,0,0,1740.2483333333337
2020,16,4,ADP order,1805.8800000000003,5,0,0,1721.1616666666666
2020,16,4,ADP value,1800.2599999999998,5,0,0,1723.9349999999997
2020,16,4,Model,1535.04,11,0,0,1724.6433333333334
2020,16,4,Blend,1648.42,8,0,0,1722.6049999999998
2020,16,5,ADP order,1702.08,8,0,0,1729.0183333333334
2020,16,5,ADP value,1634.3600000000004,8,0,0,1723.266666666667
2020,16,5,Model,1535.04,11,0,0,1724.6433333333334
2020,16,5,Blend,1648.42,8,0,0,1722.6049999999998
2020,16,6,ADP order,1896.68,2,1,0,1724.5083333333332
2020,16,6,ADP value,1680.1599999999999,7,0,0,1711.6783333333333
2020,16,6,Model,1535.04,11,0,0,1724.6433333333334
2020,16,6,Blend,1583.3999999999999,10,0,0,1718.1666666666667
2020,16,7,ADP order,1877.4,3,1,0,1729.095
2020,16,7,ADP value,1648.6,9,0,0,1717.2733333333335
2020,16,7,Model,1535.04,11,0,0,1724.6433333333334
2020,16,7,Blend,1583.3999999999999,10,0,0,1718.1666666666667
2020,16,8,ADP order,1724.28,6,0,0,1721.165
2020,16,8,ADP value,1732.24,6,0,0,1732.9899999999998
2020,16,8,Model,1688.2000000000003,8,0,0,1708.9883333333335
2020,16,8,Blend,1782.54,5,0,0,1703.1616666666666
2020,16,9,ADP order,1715.84,6,0,0,1714.8700000000001
2020,16,9,ADP value,1691.14,8,0,0,1725.4349999999997
2020,16,9,Model,1693.5399999999995,8,0,0,1732.0583333333334
2020,16,9,Blend,1661.7199999999998,9,0,0,1734.285
2020,16,10,ADP order,1699.78,5,0,0,1719.6533333333334
2020,16,10,ADP value,1764.0200000000002,6,0,0,1710.8833333333332
2020,16,10,Model,1693.5399999999995,8,0,0,1732.0583333333334
2020,16,10,Blend,1729.72,7,0,0,1725.2783333333334
2020,16,11,ADP order,1707.54,7,0,0,1742.2033333333336
2020,16,11,ADP value,1830.2400000000002,3,1,0,1714.8450000000003
2020,16,11,Model,1845.04,2,1,0,1723.3266666666666
2020,16,11,Blend,1729.72,7,0,0,1725.2783333333334
2020,17,0,ADP order,2024.5000000000005,1,1,1,1755.3633333333335
2020,17,0,ADP value,1815.3199999999997,5,0,0,1742.0316666666665
2020,17,0,Model,1671.02,9,0,0,1723.0416666666667
2020,17,0,Blend,1864.2999999999995,3,1,0,1733.6166666666668
2020,17,1,ADP order,1942.7999999999997,4,0,0,1760.0883333333331
2020,17,1,ADP value,1831.62,4,0,0,1724.0516666666665
2020,17,1,Model,1671.02,9,0,0,1723.0416666666667
2020,17,1,Blend,1764.4999999999998,4,0,0,1733.0833333333333
2020,17,2,ADP order,2028.0000000000002,1,1,1,1755.4833333333333
2020,17,2,ADP value,2016.92,2,1,0,1727.61
2020,17,2,Model,1477.6600000000003,12,0,0,1747.88
2020,17,2,Blend,1798.12,7,0,0,1730.1883333333333
2020,17,3,ADP order,1966.54,2,1,0,1756.908333333333
2020,17,3,ADP value,2012.2199999999998,2,1,0,1744.9433333333334
2020,17,3,Model,1477.6600000000003,12,0,0,1747.88
2020,17,3,Blend,1798.12,7,0,0,1730.1883333333333
2020,17,4,ADP order,1945.34,2,1,0,1758.1366666666665
2020,17,4,ADP value,1964.0,2,1,0,1747.1616666666666
2020,17,4,Model,1477.6600000000003,12,0,0,1747.88
2020,17,4,Blend,1798.1200000000001,6,0,0,1743.6966666666665
2020,17,5,ADP order,1970.54,2,1,0,1752.4366666666667
2020,17,5,ADP value,1964.0,2,1,0,1747.1616666666666
2020,17,5,Model,1477.6600000000003,12,0,0,1747.88
2020,17,5,Blend,1798.1200000000001,6,0,0,1743.6966666666665
2020,17,6,ADP order,1779.2799999999997,7,0,0,1772.4399999999998
2020,17,6,ADP value,1905.1399999999996,1,1,1,1726.8466666666666
2020,17,6,Model,1603.54,10,0,0,1738.8833333333332
2020,17,6,Blend,1806.92,4,0,0,1748.4016666666666
2020,17,7,ADP order,1525.4199999999998,12,0,0,1777.6333333333334
2020,17,7,ADP value,1708.0600000000002,7,0,0,1737.7483333333332
2020,17,7,Model,1559.4400000000003,11,0,0,1743.93
2020,17,7,Blend,1665.16,8,0,0,1746.4016666666666
2020,17,8,ADP order,1731.4199999999998,9,0,0,1769.2666666666667
2020,17,8,ADP value,1819.8799999999999,4,0,0,1715.0883333333334
2020,17,8,Model,1719.6,9,0,0,1743.6516666666666
2020,17,8,Blend,1719.08,6,0,0,1744.6066666666666
2020,17,9,ADP order,1925.8,2,1,0,1753.7633333333333
2020,17,9,ADP value,1772.5800000000002,5,0,0,1717.4716666666666
2020,17,9,Model,1820.1400000000003,4,0,0,1733.5883333333334
2020,17,9,Blend,1811.02,5,0,0,1737.47
2020,17,10,ADP order,1859.5199999999998,4,0,0,1758.113333333333
2020,17,10,ADP value,1757.88,5,0,0,1728.1933333333334
2020,17,10,Model,1820.1400000000003,4,0,0,1733.5883333333334
2020,17,10,Blend,1849.1599999999999,2,1,0,1743.9616666666664
2020,17,11,ADP order,1859.5199999999998,4,0,0,1758.113333333333
2020,17,11,ADP value,1919.5800000000002,2,1,0,1734.4016666666669
2020,17,11,Model,1721.7,4,0,0,1742.7266666666667
2020,17,11,Blend,1853.0,3,1,0,1729.1083333333333
2020,18,0,ADP order,1776.1999999999998,6,0,0,1735.9416666666668
2020,18,0,ADP value,1576.1999999999996,9,0,0,1744.795
2020,18,0,Model,1681.64,9,0,0,1758.7983333333332
2020,18,0,Blend,1606.8000000000002,9,0,0,1722.0533333333333
2020,18,1,ADP order,1942.2000000000003,3,1,0,1741.1050000000002
2020,18,1,ADP value,1626.0,9,0,0,1749.3500000000001
2020,18,1,Model,1681.64,9,0,0,1758.7983333333332
2020,18,1,Blend,1537.3000000000002,11,0,0,1722.5616666666665
2020,18,2,ADP order,1587.8999999999999,10,0,0,1742.045
2020,18,2,ADP value,1626.0,9,0,0,1749.3500000000001
2020,18,2,Model,1681.64,9,0,0,1758.7983333333332
2020,18,2,Blend,1594.9,11,0,0,1732.59
2020,18,3,ADP order,1810.3200000000002,5,0,0,1751.3033333333333
2020,18,3,ADP value,1728.1200000000001,8,0,0,1741.2866666666669
2020,18,3,Model,1681.64,9,0,0,1758.7983333333332
2020,18,3,Blend,1713.5799999999997,7,0,0,1736.64
2020,18,4,ADP order,1920.2,3,1,0,1748.2033333333336
2020,18,4,ADP value,1835.4999999999998,6,0,0,1755.5783333333331
2020,18,4,Model,1572.1599999999999,11,0,0,1749.8433333333332
2020,18,4,Blend,1656.0200000000002,9,0,0,1740.1533333333334
2020,18,5,ADP order,2026.0999999999997,2,1,0,1747.1533333333334
2020,18,5,ADP value,1927.3400000000001,2,1,0,1759.6883333333335
2020,18,5,Model,1572.1599999999999,11,0,0,1749.8433333333332
2020,18,5,Blend,1636.1599999999999,9,0,0,1741.7333333333333
2020,18,6,ADP order,1798.58,5,0,0,1733.8916666666664
2020,18,6,ADP value,1605.52,8,0,0,1751.2016666666668
2020,18,6,Model,1572.1599999999999,11,0,0,1749.8433333333332
2020,18,6,Blend,1636.1599999999999,9,0,0,1741.7333333333333
2020,18,7,ADP order,1743.9199999999996,8,0,0,1742.9633333333334
2020,18,7,ADP value,1612.04,8,0,0,1749.4183333333333
2020,18,7,Model,1647.6599999999996,10,0,0,1750.995
2020,18,7,Blend,1636.1599999999999,9,0,0,1741.7333333333333
2020,18,8,ADP order,1502.72,11,0,0,1738.7666666666664
2020,18,8,ADP value,1612.04,8,0,0,1749.4183333333333
2020,18,8,Model,1647.6599999999996,10,0,0,1750.995
2020,18,8,Blend,1682.5600000000002,9,0,0,1737.0266666666666
2020,18,9,ADP order,1704.7,7,0,0,1764.0183333333334
2020,18,9,ADP value,1734.9199999999998,6,0,0,1747.068333333333
2020,18,9,Model,1592.8999999999996,11,0,0,1733.8766666666663
2020,18,9,Blend,1603.54,10,0,0,1764.6733333333332
2020,18,10,ADP order,1795.3799999999994,6,0,0,1756.4633333333331
2020,18,10,ADP value,1520.6399999999999,12,0,0,1762.2033333333331
2020,18,10,Model,1592.8999999999996,11,0,0,1733.8766666666663
2020,18,10,Blend,1603.54,10,0,0,1764.6733333333334
2020,18,11,ADP order,1576.6000000000001,12,0,0,1746.341666666667
2020,18,11,ADP value,1520.6399999999999,12,0,0,1762.2033333333331
2020,18,11,Model,1746.1999999999998,7,0,0,1739.3433333333332
2020,18,11,Blend,1797.3400000000004,5,0,0,1762.8983333333333
2020,19,0,ADP order,1397.5,12,0,0,1765.9683333333335
2020,19,0,ADP value,1818.9000000000003,5,0,0,1776.3700000000001
2020,19,0,Model,1648.56,9,0,0,1767.675
2020,19,0,Blend,1579.8600000000001,11,0,0,1774.831666666667
2020,19,1,ADP order,1756.5000000000002,7,0,0,1778.1783333333333
2020,19,1,ADP value,1818.9000000000003,5,0,0,1776.3700000000001
2020,19,1,Model,1766.48,5,0,0,1755.5716666666667
2020,19,1,Blend,1744.6400000000003,8,0,0,1770.906666666667
2020,19,2,ADP order,1879.8,4,0,0,1775.1883333333335
2020,19,2,ADP value,1944.0,1,1,1,1782.3516666666665
2020,19,2,Model,1704.9600000000003,8,0,0,1761.6783333333333
2020,19,2,Blend,1944.1399999999996,3,1,0,1764.8516666666667
2020,19,3,ADP order,2014.6,3,1,0,1775.2633333333333
2020,19,3,ADP value,2087.5999999999995,1,1,1,1772.3633333333335
2020,19,3,Model,1687.4600000000005,8,0,0,1762.0666666666668
2020,19,3,Blend,1641.52,9,0,0,1760.7466666666667
2020,19,4,ADP order,1830.74,5,0,0,1770.2866666666669
2020,19,4,ADP value,1780.9999999999998,6,0,0,1778.375
2020,19,4,Model,1687.4600000000005,8,0,0,1762.0666666666668
2020,19,4,Blend,1521.3000000000002,11,0,0,1752.3833333333332
2020,19,5,ADP order,1652.1400000000003,10,0,0,1777.198333333333
2020,19,5,ADP value,1818.8999999999999,6,0,0,1779.515
2020,19,5,Model,1687.4600000000005,8,0,0,1762.0666666666668
2020,19,5,Blend,1521.3000000000002,11,0,0,1752.3833333333332
2020,19,6,ADP order,1806.9399999999998,7,0,0,1774.5966666666664
2020,19,6,ADP value,1835.1,5,0,0,1769.8066666666666
2020,19,6,Model,1687.4600000000005,8,0,0,1762.0666666666668
2020,19,6,Blend,1553.3799999999997,10,0,0,1760.99
2020,19,7,ADP order,1694.1399999999996,10,0,0,1778.2049999999997
2020,19,7,ADP value,1813.5000000000005,6,0,0,1777.6650000000002
2020,19,7,Model,1687.4600000000005,8,0,0,1762.0666666666668
2020,19,7,Blend,1610.34,8,0,0,1749.2316666666666
2020,19,8,ADP order,1701.4199999999998,8,0,0,1769.551666666667
2020,19,8,ADP value,1912.3599999999997,3,1,0,1761.01
2020,19,8,Model,1862.7,5,0,0,1756.2399999999998
2020,19,8,Blend,1715.3799999999999,6,0,0,1761.7983333333332
2020,19,9,ADP order,1758.0199999999998,8,0,0,1773.845
2020,19,9,ADP value,1876.54,3,1,0,1745.3366666666668
2020,19,9,Model,1862.7,5,0,0,1756.2399999999998
2020,19,9,Blend,1715.3799999999999,6,0,0,1761.7983333333332
2020,19,10,ADP order,1785.9400000000003,7,0,0,1772.2266666666665
2020,19,10,ADP value,1737.4399999999998,7,0,0,1748.2216666666664
2020,19,10,Model,1862.7,5,0,0,1756.2399999999998
2020,19,10,Blend,1715.3799999999999,6,0,0,1761.7983333333332
2020,19,11,ADP order,1754.5399999999997,8,0,0,1769.4550000000002
2020,19,11,ADP value,1718.3400000000001,10,0,0,1767.3216666666667
2020,19,11,Model,1826.3400000000001,5,0,0,1753.3100000000002
2020,19,11,Blend,1744.12,5,0,0,1756.8549999999998
2021,0,0,ADP order,1745.32,6,0,0,1713.9633333333334
2021,0,0,ADP value,1582.2399999999998,10,0,0,1713.7916666666667
2021,0,0,Model,1887.7800000000002,3,1,0,1729.1366666666665
2021,0,0,Blend,1848.8799999999997,3,1,0,1713.33
2021,0,1,ADP order,1679.9200000000003,8,0,0,1710.0266666666666
2021,0,1,ADP value,1661.9399999999998,9,0,0,1719.3666666666668
2021,0,1,Model,1924.0800000000002,3,1,0,1727.7483333333332
2021,0,1,Blend,1888.18,2,1,0,1711.1383333333333
2021,0,2,ADP order,1804.02,4,0,0,1697.965
2021,0,2,ADP value,1672.9399999999998,9,0,0,1722.8833333333332
2021,0,2,Model,1924.0800000000002,3,1,0,1727.7483333333332
2021,0,2,Blend,2014.0800000000002,1,1,1,1713.5466666666664
2021,0,3,ADP order,1719.12,8,0,0,1702.5983333333334
2021,0,3,ADP value,1566.9399999999998,10,0,0,1702.1699999999998
2021,0,3,Model,1931.0400000000002,3,1,0,1727.7199999999996
2021,0,3,Blend,2013.14,1,1,1,1714.1516666666666
2021,0,4,ADP order,1601.3999999999999,10,0,0,1724.8166666666668
2021,0,4,ADP value,1667.4,9,0,0,1708.3216666666667
2021,0,4,Model,1876.34,3,1,0,1709.67
2021,0,4,Blend,1967.3799999999997,1,1,1,1704.2866666666666
2021,0,5,ADP order,1441.2399999999998,11,0,0,1699.9133333333332
2021,0,5,ADP value,1650.34,10,0,0,1716.0383333333336
2021,0,5,Model,1778.0399999999997,4,0,0,1710.8733333333332
2021,0,5,Blend,1967.3799999999997,1,1,1,1704.2866666666666
2021,0,6,ADP order,1587.7400000000005,11,0,0,1711.0383333333332
2021,0,6,ADP value,1700.14,8,0,0,1716.1133333333337
2021,0,6,Model,1784.9799999999998,3,1,0,1705.05
2021,0,6,Blend,1881.6799999999996,1,1,1,1718.6466666666668
2021,0,7,ADP order,1774.74,6,0,0,1713.9199999999998
2021,0,7,ADP value,1999.94,1,1,1,1715.4650000000001
2021,0,7,Model,1784.9799999999998,3,1,0,1705.05
2021,0,7,Blend,1881.6799999999996,1,1,1,1718.6466666666668
2021,0,8,ADP order,1664.8399999999997,10,0,0,1713.8666666666666
2021,0,8,ADP value,1954.0400000000002,1,1,1,1712.6000000000004
2021,0,8,Model,1784.9799999999998,3,1,0,1705.05
2021,0,8,Blend,1788.8000000000002,4,0,0,1712.7216666666666
2021,0,9,ADP order,1575.6799999999998,11,0,0,1706.2216666666666
2021,0,9,ADP value,1814.4399999999998,3,1,0,1713.6583333333335
2021,0,9,Model,1784.9799999999998,3,1,0,1705.05
2021,0,9,Blend,1783.1999999999998,6,0,0,1715.3233333333335
2021,0,10,ADP order,1730.8799999999999,7,0,0,1696.13
2021,0,10,ADP value,1555.04,11,0,0,1708.4983333333332
2021,0,10,Model,1784.9799999999998,3,1,0,1705.05
2021,0,10,Blend,1941.5000000000002,2,1,0,1722.0566666666666
2021,0,11,ADP order,1639.6000000000001,8,0,0,1708.0183333333332
2021,0,11,ADP value,1612.3999999999999,9,0,0,1699.6933333333336
2021,0,11,Model,1761.42,5,0,0,1713.5783333333336
2021,0,11,Blend,1941.5000000000002,2,1,0,1722.0566666666666
2021,1,0,ADP order,1498.6,10,0,0,1702.8783333333333
2021,1,0,ADP value,1623.1000000000001,10,0,0,1700.7333333333333
2021,1,0,Model,1862.42,5,0,0,1718.2666666666667
2021,1,0,Blend,1751.88,7,0,0,1713.01
2021,1,1,ADP order,1634.8999999999999,9,0,0,1702.9083333333335
2021,1,1,ADP value,1652.6000000000001,9,0,0,1693.6166666666668
2021,1,1,Model,1875.92,4,0,0,1705.985
2021,1,1,Blend,1846.2800000000002,4,0,0,1701.9633333333334
2021,1,2,ADP order,1541.6600000000005,10,0,0,1711.115
2021,1,2,ADP value,1916.64,2,1,0,1693.506666666667
2021,1,2,Model,1875.92,4,0,0,1705.985
2021,1,2,Blend,1846.2800000000002,4,0,0,1701.9633333333334
2021,1,3,ADP order,1734.9800000000002,6,0,0,1709.58
2021,1,3,ADP value,1962.9800000000002,1,1,1,1696.8216666666667
2021,1,3,Model,1875.92,4,0,0,1705.985
2021,1,3,Blend,1931.5799999999997,3,1,0,1708.03
2021,1,4,ADP order,1751.28,6,0,0,1709.8300000000002
2021,1,4,ADP value,1934.2399999999998,2,1,0,1702.886666666667
2021,1,4,Model,1875.92,4,0,0,1705.985
2021,1,4,Blend,1931.5799999999997,3,1,0,1708.03
2021,1,5,ADP order,1759.5799999999997,5,0,0,1711.9683333333332
2021,1,5,ADP value,1913.2399999999998,2,1,0,1702.845
2021,1,5,Model,1875.92,4,0,0,1705.985
2021,1,5,Blend,1931.5799999999997,3,1,0,1708.03
2021,1,6,ADP order,1829.98,5,0,0,1712.7399999999998
2021,1,6,ADP value,2050.34,2,1,0,1697.57
2021,1,6,Model,1839.6799999999998,4,0,0,1713.7816666666668
2021,1,6,Blend,1881.0000000000005,4,0,0,1701.6066666666666
2021,1,7,ADP order,1777.8799999999999,5,0,0,1721.4183333333333
2021,1,7,ADP value,1962.5399999999995,2,1,0,1702.37
2021,1,7,Model,1833.18,4,0,0,1708.6816666666666
2021,1,7,Blend,1929.74,2,1,0,1712.5183333333334
2021,1,8,ADP order,1854.2800000000002,3,1,0,1706.238333333333
2021,1,8,ADP value,1987.1399999999996,2,1,0,1704.5783333333336
2021,1,8,Model,1833.18,4,0,0,1708.6816666666666
2021,1,8,Blend,1828.2400000000002,2,1,0,1722.4683333333335
2021,1,9,ADP order,1887.08,3,1,0,1707.0633333333333
2021,1,9,ADP value,1937.0399999999997,1,1,1,1713.115
2021,1,9,Model,1833.18,4,0,0,1708.6816666666666
2021,1,9,Blend,1828.2400000000002,2,1,0,1722.4683333333335
2021,1,10,ADP order,2046.2800000000002,1,1,1,1708.205
2021,1,10,ADP value,1994.8000000000002,1,1,1,1712.9216666666664
2021,1,10,Model,1833.18,4,0,0,1708.6816666666666
2021,1,10,Blend,1884.68,2,1,0,1704.305
2021,1,11,ADP order,2158.5799999999995,1,1,1,1711.7566666666664
2021,1,11,ADP value,1998.7399999999998,1,1,1,1700.1200000000001
2021,1,11,Model,1833.18,4,0,0,1708.6816666666666
2021,1,11,Blend,2015.48,2,1,0,1701.33
2021,2,0,ADP order,1234.08,12,0,0,1722.9916666666668
2021,2,0,ADP value,1275.8,12,0,0,1717.621666666667
2021,2,0,Model,1869.8600000000001,3,1,0,1718.1333333333332
2021,2,0,Blend,1673.22,8,0,0,1720.3316666666663
2021,2,1,ADP order,1010.0000000000001,12,0,0,1702.4200000000003
2021,2,1,ADP value,1426.0,12,0,0,1711.7350000000004
2021,2,1,Model,1869.8600000000001,3,1,0,1718.1333333333332
2021,2,1,Blend,1730.0200000000002,6,0,0,1718.573333333333
2021,2,2,ADP order,1282.9599999999998,12,0,0,1720.5149999999996
2021,2,2,ADP value,1466.22,11,0,0,1710.1783333333335
2021,2,2,Model,1820.66,5,0,0,1703.2033333333331
2021,2,2,Blend,1800.7599999999998,4,0,0,1725.4016666666666
2021,2,3,ADP order,1285.6000000000001,12,0,0,1712.01
2021,2,3,ADP value,1456.52,11,0,0,1707.8616666666667
2021,2,3,Model,1760.36,5,0,0,1740.573333333333
2021,2,3,Blend,1695.16,6,0,0,1714.965
2021,2,4,ADP order,1316.76,12,0,0,1713.3016666666665
2021,2,4,ADP value,1572.18,10,0,0,1706.8783333333338
2021,2,4,Model,1760.36,5,0,0,1740.573333333333
2021,2,4,Blend,1887.6000000000001,4,0,0,1715.3500000000001
2021,2,5,ADP order,1486.4999999999998,11,0,0,1707.1383333333333
2021,2,5,ADP value,1673.9199999999998,7,0,0,1709.915
2021,2,5,Model,1795.36,6,0,0,1722.2983333333334
2021,2,5,Blend,1886.28,4,0,0,1712.135
2021,2,6,ADP order,1605.9000000000003,8,0,0,1705.9716666666666
2021,2,6,ADP value,1783.1199999999997,5,0,0,1715.2466666666667
2021,2,6,Model,1795.36,6,0,0,1722.2983333333334
2021,2,6,Blend,1867.0800000000002,4,0,0,1700.7433333333336
2021,2,7,ADP order,1411.3000000000004,12,0,0,1722.3999999999999
2021,2,7,ADP value,1700.84,7,0,0,1720.493333333333
2021,2,7,Model,1795.36,6,0,0,1722.2983333333334
2021,2,7,Blend,1865.02,5,0,0,1704.47
2021,2,8,ADP order,1569.2,10,0,0,1720.8516666666671
2021,2,8,ADP value,1709.7400000000002,7,0,0,1726.79
2021,2,8,Model,1791.62,4,0,0,1728.3216666666665
2021,2,8,Blend,1788.72,5,0,0,1711.1633333333332
2021,2,9,ADP order,1700.6,6,0,0,1719.0233333333329
2021,2,9,ADP value,1700.9400000000005,6,0,0,1720.4183333333333
2021,2,9,Model,1765.7599999999998,5,0,0,1724.8616666666667
2021,2,9,Blend,1788.72,5,0,0,1711.1633333333332
2021,2,10,ADP order,1899.3200000000002,2,1,0,1731.3633333333328
2021,2,10,ADP value,1676.1399999999999,6,0,0,1721.735
2021,2,10,Model,1765.7599999999998,5,0,0,1724.8616666666665
2021,2,10,Blend,1762.8600000000001,6,0,0,1713.5
2021,2,11,ADP order,1871.52,3,1,0,1739.5766666666668
2021,2,11,ADP value,1899.8999999999999,3,1,0,1720.086666666667
2021,2,11,Model,1780.42,5,0,0,1726.2916666666667
2021,2,11,Blend,1828.6599999999999,4,0,0,1698.5466666666669
2021,3,0,ADP order,1241.9599999999998,12,0,0,1681.9250000000002
2021,3,0,ADP value,1284.86,12,0,0,1679.9583333333333
2021,3,0,Model,1760.36,6,0,0,1714.658333333333
2021,3,0,Blend,1660.5800000000004,8,0,0,1716.11
2021,3,1,ADP order,1223.26,12,0,0,1696.7366666666667
2021,3,1,ADP value,1482.0600000000002,10,0,0,1676.5783333333331
2021,3,1,Model,1851.02,2,1,0,1706.0633333333333
2021,3,1,Blend,1769.4399999999998,6,0,0,1707.3583333333336
2021,3,2,ADP order,1525.7600000000002,11,0,0,1700.5166666666667
2021,3,2,ADP value,1589.0400000000002,9,0,0,1680.0249999999996
2021,3,2,Model,1851.02,2,1,0,1706.0633333333333
2021,3,2,Blend,1901.2999999999995,1,1,1,1706.4400000000003
2021,3,3,ADP order,1406.12,12,0,0,1687.1533333333334
2021,3,3,ADP value,1674.1200000000003,7,0,0,1673.4616666666664
2021,3,3,Model,1851.02,2,1,0,1706.0633333333333
2021,3,3,Blend,1920.7799999999997,1,1,1,1711.3933333333334
2021,3,4,ADP order,1381.36,12,0,0,1694.0983333333334
2021,3,4,ADP value,1699.1800000000003,6,0,0,1678.5199999999998
2021,3,4,Model,1820.58,4,0,0,1703.3633333333335
2021,3,4,Blend,1920.98,1,1,1,1701.6599999999999
2021,3,5,ADP order,1337.7600000000004,12,0,0,1694.6699999999998
2021,3,5,ADP value,1699.1800000000003,6,0,0,1678.5199999999998
2021,3,5,Model,1820.58,4,0,0,1703.3633333333335
2021,3,5,Blend,1873.0800000000002,2,1,0,1703.0433333333333
2021,3,6,ADP order,1428.08,11,0,0,1689.0133333333333
2021,3,6,ADP value,1653.7,9,0,0,1707.1466666666665
2021,3,6,Model,1820.58,4,0,0,1703.3633333333335
2021,3,6,Blend,1857.9800000000002,3,1,0,1710.1666666666667
2021,3,7,ADP order,1355.02,12,0,0,1689.1233333333332
2021,3,7,ADP value,1513.38,11,0,0,1687.801666666667
2021,3,7,Model,1829.1800000000005,3,1,0,1695.53
2021,3,7,Blend,1834.0800000000004,3,1,0,1693.4483333333335
2021,3,8,ADP order,1510.3600000000001,10,0,0,1685.75
2021,3,8,ADP value,1611.9400000000003,9,0,0,1674.131666666667
2021,3,8,Model,1829.1800000000005,3,1,0,1695.53
2021,3,8,Blend,1858.78,2,1,0,1699.3150000000003
2021,3,9,ADP order,1448.6999999999998,10,0,0,1689.8116666666665
2021,3,9,ADP value,1562.8399999999997,9,0,0,1677.7366666666665
2021,3,9,Model,1852.7800000000002,3,1,0,1690.84
2021,3,9,Blend,1858.78,2,1,0,1699.3150000000003
2021,3,10,ADP order,1531.0,9,0,0,1689.97
2021,3,10,ADP value,1763.9399999999996,4,0,0,1691.1716666666669
2021,3,10,Model,1852.7800000000002,3,1,0,1690.84
2021,3,10,Blend,1858.78,2,1,0,1699.3149999999998
2021,3,11,ADP order,1602.4,8,0,0,1685.2200000000003
2021,3,11,ADP value,1868.1,4,0,0,1687.79
2021,3,11,Model,1852.7800000000002,3,1,0,1690.84
2021,3,11,Blend,1861.28,1,1,1,1698.1483333333333
2021,4,0,ADP order,1589.7400000000002,11,0,0,1714.2583333333334
2021,4,0,ADP value,1807.86,4,0,0,1698.3266666666666
2021,4,0,Model,1899.2200000000003,2,1,0,1718.2783333333336
2021,4,0,Blend,1744.3600000000004,5,0,0,1697.825
2021,4,1,ADP order,1655.14,9,0,0,1716.985
2021,4,1,ADP value,1868.2599999999998,3,1,0,1698.8016666666665
2021,4,1,Model,1899.2200000000003,2,1,0,1718.2783333333336
2021,4,1,Blend,1875.6200000000003,4,0,0,1715.58
2021,4,2,ADP order,1484.6400000000003,11,0,0,1715.9866666666667
2021,4,2,ADP value,1736.7600000000002,6,0,0,1704.0483333333332
2021,4,2,Model,1877.62,2,1,0,1721.2866666666669
2021,4,2,Blend,1868.08,4,0,0,1700.1633333333332
2021,4,3,ADP order,1484.6400000000003,11,0,0,1715.9866666666667
2021,4,3,ADP value,1777.58,4,0,0,1707.486666666667
2021,4,3,Model,1877.62,2,1,0,1721.2866666666669
2021,4,3,Blend,1852.6599999999999,3,1,0,1714.9533333333336
2021,4,4,ADP order,1306.34,12,0,0,1713.39
2021,4,4,ADP value,1714.34,7,0,0,1711.141666666667
2021,4,4,Model,1831.72,2,1,0,1707.4666666666662
2021,4,4,Blend,1788.6800000000003,4,0,0,1703.1999999999998
2021,4,5,ADP order,1559.5799999999997,10,0,0,1716.0049999999999
2021,4,5,ADP value,1784.3800000000003,5,0,0,1693.806666666667
2021,4,5,Model,1742.26,7,0,0,1716.3999999999999
2021,4,5,Blend,1719.6200000000003,6,0,0,1705.8916666666667
2021,4,6,ADP order,1872.5,4,0,0,1715.363333333333
2021,4,6,ADP value,2051.02,1,1,1,1696.966666666667
2021,4,6,Model,1742.26,7,0,0,1716.3999999999999
2021,4,6,Blend,1756.1599999999996,5,0,0,1705.3716666666667
2021,4,7,ADP order,1994.1399999999999,1,1,1,1713.551666666667
2021,4,7,ADP value,2031.3399999999997,1,1,1,1700.6833333333334
2021,4,7,Model,1728.6599999999999,6,0,0,1698.6666666666667
2021,4,7,Blend,1746.0600000000002,6,0,0,1701.7383333333335
2021,4,8,ADP order,2046.9200000000003,1,1,1,1714.361666666667
2021,4,8,ADP value,1986.7399999999998,1,1,1,1707.0933333333332
2021,4,8,Model,1728.6599999999999,6,0,0,1698.6666666666663
2021,4,8,Blend,1779.26,6,0,0,1704.7466666666667
2021,4,9,ADP order,1819.4799999999998,4,0,0,1700.956666666667
2021,4,9,ADP value,1924.0399999999997,2,1,0,1684.9550000000002
2021,4,9,Model,1765.7599999999998,5,0,0,1715.8833333333332
2021,4,9,Blend,1803.4799999999998,4,0,0,1681.2116666666668
2021,4,10,ADP order,1924.16,3,1,0,1685.2283333333332
2021,4,10,ADP value,1831.2400000000002,4,0,0,1683.0133333333333
2021,4,10,Model,1765.7599999999998,5,0,0,1715.8833333333332
2021,4,10,Blend,1787.1800000000003,4,0,0,1695.2616666666665
2021,4,11,ADP order,2036.3799999999997,1,1,1,1697.3033333333335
2021,4,11,ADP value,1888.14,3,1,0,1692.9000000000003
2021,4,11,Model,1765.7599999999998,5,0,0,1715.8833333333332
2021,4,11,Blend,1737.58,5,0,0,1698.123333333333
2021,5,0,ADP order,1533.9400000000003,9,0,0,1703.3450000000003
2021,5,0,ADP value,1686.64,4,0,0,1691.78
2021,5,0,Model,1892.2599999999998,2,1,0,1709.943333333333
2021,5,0,Blend,1662.06,9,0,0,1698.7666666666664
2021,5,1,ADP order,1583.92,9,0,0,1703.7383333333337
2021,5,1,ADP value,1696.74,6,0,0,1702.7066666666667
2021,5,1,Model,1847.96,3,1,0,1714.4599999999998
2021,5,1,Blend,1907.1800000000003,2,1,0,1698.005
2021,5,2,ADP order,1590.6399999999999,9,0,0,1704.4450000000004
2021,5,2,ADP value,1820.8,3,1,0,1698.2366666666667
2021,5,2,Model,1847.96,3,1,0,1714.4599999999998
2021,5,2,Blend,1848.6599999999999,3,1,0,1704.4350000000002
2021,5,3,ADP order,1502.7199999999998,11,0,0,1702.9816666666668
2021,5,3,ADP value,1794.2999999999995,4,0,0,1698.9899999999998
2021,5,3,Model,1779.76,5,0,0,1708.8500000000001
2021,5,3,Blend,1838.9599999999998,3,1,0,1704.4933333333336
2021,5,4,ADP order,1501.94,10,0,0,1686.3850000000002
2021,5,4,ADP value,1822.1599999999996,2,1,0,1698.3066666666666
2021,5,4,Model,1779.76,5,0,0,1708.8500000000001
2021,5,4,Blend,1890.7199999999998,2,1,0,1707.9516666666668
2021,5,5,ADP order,1499.8400000000001,10,0,0,1670.805
2021,5,5,ADP value,1822.1599999999996,2,1,0,1698.3066666666666
2021,5,5,Model,1794.66,6,0,0,1708.8916666666667
2021,5,5,Blend,1903.4199999999998,2,1,0,1704.8266666666668
2021,5,6,ADP order,1991.3400000000006,2,1,0,1676.3833333333334
2021,5,6,ADP value,1940.4399999999998,2,1,0,1693.3983333333335
2021,5,6,Model,1794.66,6,0,0,1708.8916666666667
2021,5,6,Blend,1872.06,2,1,0,1694.6633333333332
2021,5,7,ADP order,1722.82,6,0,0,1686.5749999999998
2021,5,7,ADP value,1621.6799999999998,9,0,0,1712.2749999999999
2021,5,7,Model,1794.66,6,0,0,1708.8916666666667
2021,5,7,Blend,1872.96,3,1,0,1703.1066666666668
2021,5,8,ADP order,1742.02,5,0,0,1695.7500000000002
2021,5,8,ADP value,1450.5200000000002,12,0,0,1695.695
2021,5,8,Model,1761.76,5,0,0,1715.418333333333
2021,5,8,Blend,1785.7800000000002,5,0,0,1708.0183333333334
2021,5,9,ADP order,1747.0199999999998,4,0,0,1695.9983333333337
2021,5,9,ADP value,1543.6199999999997,11,0,0,1706.22
2021,5,9,Model,1753.96,6,0,0,1714.6816666666666
2021,5,9,Blend,1768.04,5,0,0,1718.7099999999998
2021,5,10,ADP order,1616.12,8,0,0,1692.1716666666664
2021,5,10,ADP value,1705.0000000000002,6,0,0,1724.385
2021,5,10,Model,1753.96,6,0,0,1714.6816666666664
2021,5,10,Blend,1700.24,8,0,0,1717.291666666667
2021,5,11,ADP order,1712.18,5,0,0,1678.9433333333334
2021,5,11,ADP value,1724.44,6,0,0,1715.5883333333331
2021,5,11,Model,1753.96,6,0,0,1714.6816666666664
2021,5,11,Blend,1700.24,8,0,0,1717.291666666667
2021,6,0,ADP order,1516.2199999999998,10,0,0,1723.5816666666667
2021,6,0,ADP value,1569.2599999999998,9,0,0,1700.8949999999998
2021,6,0,Model,1723.3799999999999,7,0,0,1720.8
2021,6,0,Blend,1597.48,9,0,0,1700.6849999999997
2021,6,1,ADP order,1769.9399999999998,5,0,0,1719.9799999999998
2021,6,1,ADP value,1614.7200000000003,9,0,0,1714.5883333333334
2021,6,1,Model,1723.3799999999999,7,0,0,1720.8
2021,6,1,Blend,1764.22,6,0,0,1696.448333333333
2021,6,2,ADP order,1539.26,10,0,0,1716.3966666666668
2021,6,2,ADP value,1585.52,9,0,0,1711.655
2021,6,2,Model,1723.3799999999999,7,0,0,1720.8
2021,6,2,Blend,1764.22,6,0,0,1696.448333333333
2021,6,3,ADP order,1597.4599999999998,9,0,0,1713.33
2021,6,3,ADP value,1575.8200000000002,9,0,0,1709.9633333333334
2021,6,3,Model,1708.8799999999997,5,0,0,1698.3416666666665
2021,6,3,Blend,1783.12,5,0,0,1686.8
2021,6,4,ADP order,1510.54,10,0,0,1711.805
2021,6,4,ADP value,1760.92,6,0,0,1711.5216666666668
2021,6,4,Model,1728.58,4,0,0,1699.0233333333333
2021,6,4,Blend,1838.6600000000005,3,1,0,1684.8333333333333
2021,6,5,ADP order,1590.7199999999998,9,0,0,1687.868333333333
2021,6,5,ADP value,1736.7800000000002,6,0,0,1720.5233333333329
2021,6,5,Model,1728.58,4,0,0,1699.0233333333333
2021,6,5,Blend,1807.3599999999997,5,0,0,1681.2899999999997
2021,6,6,ADP order,1627.84,8,0,0,1680.158333333333
2021,6,6,ADP value,1708.3,7,0,0,1714.545
2021,6,6,Model,1728.58,4,0,0,1699.0233333333333
2021,6,6,Blend,1853.1600000000003,3,1,0,1686.3916666666664
2021,6,7,ADP order,1666.1799999999998,8,0,0,1698.8199999999997
2021,6,7,ADP value,1839.74,4,0,0,1711.596666666667
2021,6,7,Model,1728.58,4,0,0,1699.0233333333333
2021,6,7,Blend,1859.26,3,1,0,1676.5833333333333
2021,6,8,ADP order,1748.6000000000004,5,0,0,1696.8966666666665
2021,6,8,ADP value,1839.74,4,0,0,1711.596666666667
2021,6,8,Model,1782.28,4,0,0,1693.4483333333335
2021,6,8,Blend,1743.2600000000002,5,0,0,1686.6666666666667
2021,6,9,ADP order,1559.56,9,0,0,1685.2233333333334
2021,6,9,ADP value,1890.94,3,1,0,1704.4883333333335
2021,6,9,Model,1776.06,4,0,0,1687.1516666666666
2021,6,9,Blend,1882.6599999999999,3,1,0,1686.625
2021,6,10,ADP order,1838.98,5,0,0,1699.5033333333333
2021,6,10,ADP value,1890.94,3,1,0,1704.4883333333335
2021,6,10,Model,1735.32,5,0,0,1695.9233333333334
2021,6,10,Blend,1831.9199999999996,5,0,0,1691.2116666666668
2021,6,11,ADP order,1791.2799999999997,5,0,0,1695.8149999999998
2021,6,11,ADP value,1615.8399999999997,7,0,0,1689.54
2021,6,11,Model,1735.32,5,0,0,1695.9233333333334
2021,6,11,Blend,1927.24,3,1,0,1701.1683333333333
2021,7,0,ADP order,1521.4799999999998,12,0,0,1714.9983333333337
2021,7,0,ADP value,1451.9800000000002,12,0,0,1715.4383333333335
2021,7,0,Model,1807.7599999999998,5,0,0,1701.5366666666666
2021,7,0,Blend,1631.3999999999999,8,0,0,1686.698333333333
2021,7,1,ADP order,1477.9199999999996,12,0,0,1724.4133333333332
2021,7,1,ADP value,1431.1800000000003,12,0,0,1710.6466666666668
2021,7,1,Model,1844.32,1,1,1,1699.8383333333331
2021,7,1,Blend,1631.3999999999999,8,0,0,1686.698333333333
2021,7,2,ADP order,1477.9199999999996,12,0,0,1724.4133333333332
2021,7,2,ADP value,1431.1800000000003,12,0,0,1710.6466666666668
2021,7,2,Model,1844.32,1,1,1,1699.8383333333331
2021,7,2,Blend,1741.5399999999995,5,0,0,1684.255
2021,7,3,ADP order,1384.0200000000002,12,0,0,1711.6533333333334
2021,7,3,ADP value,1435.66,12,0,0,1714.9383333333335
2021,7,3,Model,1844.32,1,1,1,1699.8383333333331
2021,7,3,Blend,1816.8399999999997,4,0,0,1685.8050000000003
2021,7,4,ADP order,1374.1799999999998,12,0,0,1705.5766666666668
2021,7,4,ADP value,1669.98,8,0,0,1717.0783333333336
2021,7,4,Model,1762.4799999999998,5,0,0,1694.5916666666665
2021,7,4,Blend,1882.5400000000004,2,1,0,1697.2699999999998
2021,7,5,ADP order,1483.92,11,0,0,1721.1966666666667
2021,7,5,ADP value,1548.4,11,0,0,1710.8083333333334
2021,7,5,Model,1813.8799999999997,4,0,0,1683.3083333333332
2021,7,5,Blend,1882.5400000000004,2,1,0,1697.2699999999998
2021,7,6,ADP order,1601.88,10,0,0,1701.3416666666665
2021,7,6,ADP value,1670.1800000000003,10,0,0,1703.4033333333334
2021,7,6,Model,1813.8799999999997,4,0,0,1683.3083333333332
2021,7,6,Blend,1843.9800000000002,2,1,0,1684.2649999999996
2021,7,7,ADP order,1628.5200000000004,10,0,0,1712.4316666666666
2021,7,7,ADP value,1599.5800000000002,11,0,0,1707.16
2021,7,7,Model,1780.98,6,0,0,1693.3583333333333
2021,7,7,Blend,1846.6799999999998,1,1,1,1681.2166666666665
2021,7,8,ADP order,1719.78,8,0,0,1721.7733333333333
2021,7,8,ADP value,1607.6999999999998,10,0,0,1700.4833333333336
2021,7,8,Model,1780.98,6,0,0,1693.3583333333333
2021,7,8,Blend,1869.6799999999998,1,1,1,1671.2783333333334
2021,7,9,ADP order,1612.4799999999998,9,0,0,1718.5216666666668
2021,7,9,ADP value,1570.44,11,0,0,1692.4000000000003
2021,7,9,Model,1856.2799999999997,3,1,0,1706.3816666666664
2021,7,9,Blend,1841.98,5,0,0,1699.6133333333337
2021,7,10,ADP order,1559.9800000000005,10,0,0,1718.9383333333333
2021,7,10,ADP value,1550.22,11,0,0,1710.1750000000002
2021,7,10,Model,1754.6799999999996,6,0,0,1698.8233333333337
2021,7,10,Blend,1812.54,6,0,0,1702.2933333333333
2021,7,11,ADP order,1446.4800000000002,12,0,0,1720.7433333333336
2021,7,11,ADP value,1410.9000000000003,12,0,0,1707.1350000000002
2021,7,11,Model,1754.6799999999996,6,0,0,1698.8233333333337
2021,7,11,Blend,1754.1799999999998,7,0,0,1696.405
2021,8,0,ADP order,1383.72,12,0,0,1725.5216666666668
2021,8,0,ADP value,1363.3,12,0,0,1727.0216666666665
2021,8,0,Model,1836.1799999999998,2,1,0,1731.8816666666664
2021,8,0,Blend,1727.3200000000002,5,0,0,1710.8116666666665
2021,8,1,ADP order,1298.72,12,0,0,1725.5550000000003
2021,8,1,ADP value,1437.4,12,0,0,1719.3833333333334
2021,8,1,Model,1836.1799999999998,2,1,0,1731.8816666666664
2021,8,1,Blend,1727.3200000000002,5,0,0,1710.8116666666665
2021,8,2,ADP order,1306.0200000000002,12,0,0,1711.6833333333334
2021,8,2,ADP value,1492.8999999999996,12,0,0,1723.5333333333335
2021,8,2,Model,1918.4400000000003,2,1,0,1724.9849999999997
2021,8,2,Blend,1953.2800000000002,1,1,1,1717.0950000000003
2021,8,3,ADP order,1293.34,12,0,0,1725.806666666667
2021,8,3,ADP value,1465.9,12,0,0,1722.0200000000004
2021,8,3,Model,1918.4400000000003,2,1,0,1724.9849999999997
2021,8,3,Blend,1953.2800000000002,1,1,1,1717.0950000000003
2021,8,4,ADP order,1457.2399999999998,12,0,0,1709.126666666667
2021,8,4,ADP value,1546.1999999999998,10,0,0,1727.2133333333334
2021,8,4,Model,1813.8799999999997,3,1,0,1716.4633333333331
2021,8,4,Blend,2011.82,1,1,1,1713.2799999999997
2021,8,5,ADP order,1497.44,12,0,0,1719.5300000000004
2021,8,5,ADP value,1855.6200000000001,3,1,0,1707.5166666666667
2021,8,5,Model,1813.8799999999997,3,1,0,1716.4633333333331
2021,8,5,Blend,1969.94,1,1,1,1703.67
2021,8,6,ADP order,1625.14,9,0,0,1729.4400000000003
2021,8,6,ADP value,1656.72,8,0,0,1711.5133333333333
2021,8,6,Model,1813.8799999999997,3,1,0,1716.4633333333331
2021,8,6,Blend,1975.44,1,1,1,1703.705
2021,8,7,ADP order,1910.84,1,1,1,1711.8666666666668
2021,8,7,ADP value,2032.0200000000002,1,1,1,1713.0983333333336
2021,8,7,Model,1801.94,3,1,0,1705.8100000000002
2021,8,7,Blend,1938.54,1,1,1,1705.0716666666665
2021,8,8,ADP order,1895.18,1,1,1,1723.3533333333335
2021,8,8,ADP value,1893.3799999999999,1,1,1,1720.96
2021,8,8,Model,1801.94,3,1,0,1705.8100000000002
2021,8,8,Blend,1909.1399999999996,2,1,0,1697.7450000000001
2021,8,9,ADP order,1895.5800000000002,2,1,0,1723.9450000000004
2021,8,9,ADP value,1858.58,4,0,0,1720.96
2021,8,9,Model,1827.1,4,0,0,1716.4733333333334
2021,8,9,Blend,2053.0,1,1,1,1702.6183333333336
2021,8,10,ADP order,1856.4800000000002,3,1,0,1719.5866666666668
2021,8,10,ADP value,2044.84,1,1,1,1743.1200000000001
2021,8,10,Model,1827.1,4,0,0,1716.4733333333334
2021,8,10,Blend,1893.18,3,1,0,1705.7416666666668
2021,8,11,ADP order,1904.38,2,1,0,1722.1950000000004
2021,8,11,ADP value,2015.9600000000005,1,1,1,1725.195
2021,8,11,Model,1827.1,4,0,0,1716.4733333333334
2021,8,11,Blend,1859.08,2,1,0,1711.845
2021,9,0,ADP order,1674.0399999999997,8,0,0,1705.7299999999998
2021,9,0,ADP value,1650.76,9,0,0,1700.5183333333334
2021,9,0,Model,1836.8200000000004,2,1,0,1718.0716666666665
2021,9,0,Blend,1699.4,7,0,0,1704.3499999999997
2021,9,1,ADP order,1677.84,9,0,0,1707.61
2021,9,1,ADP value,1706.64,8,0,0,1709.9750000000004
2021,9,1,Model,1804.92,5,0,0,1720.4133333333332
2021,9,1,Blend,1726.9400000000003,6,0,0,1723.5200000000002
2021,9,2,ADP order,1735.36,7,0,0,1710.2266666666665
2021,9,2,ADP value,1724.84,8,0,0,1709.3833333333332
2021,9,2,Model,1896.4199999999996,2,1,0,1713.9549999999997
2021,9,2,Blend,1846.6000000000001,4,0,0,1718.035
2021,9,3,ADP order,1757.9599999999998,6,0,0,1710.8099999999997
2021,9,3,ADP value,1794.8800000000003,5,0,0,1711.1333333333334
2021,9,3,Model,1802.1599999999999,5,0,0,1725.7700000000002
2021,9,3,Blend,1842.7,3,1,0,1709.0850000000003
2021,9,4,ADP order,1769.16,5,0,0,1713.2933333333333
2021,9,4,ADP value,1750.5400000000002,6,0,0,1714.7466666666667
2021,9,4,Model,1821.3799999999999,5,0,0,1724.3533333333335
2021,9,4,Blend,1842.7,3,1,0,1709.0849999999998
2021,9,5,ADP order,1778.1599999999999,5,0,0,1712.368333333333
2021,9,5,ADP value,1829.3599999999997,5,0,0,1731.2700000000002
2021,9,5,Model,1821.3799999999999,5,0,0,1724.3533333333335
2021,9,5,Blend,1909.0799999999997,2,1,0,1700.3100000000002
2021,9,6,ADP order,1807.3599999999997,5,0,0,1718.1266666666663
2021,9,6,ADP value,1980.8599999999997,1,1,1,1729.9733333333331
2021,9,6,Model,1821.3799999999999,5,0,0,1724.3533333333335
2021,9,6,Blend,1909.0799999999997,2,1,0,1700.3100000000002
2021,9,7,ADP order,1822.5,5,0,0,1712.7633333333335
2021,9,7,ADP value,1900.28,3,1,0,1713.9783333333332
2021,9,7,Model,1821.3799999999999,5,0,0,1724.3533333333335
2021,9,7,Blend,1881.0799999999997,2,1,0,1722.033333333333
2021,9,8,ADP order,1879.28,4,0,0,1721.7333333333336
2021,9,8,ADP value,1924.1799999999998,2,1,0,1717.118333333333
2021,9,8,Model,1835.4399999999998,4,0,0,1729.9333333333334
2021,9,8,Blend,1889.2400000000002,2,1,0,1719.3199999999997
2021,9,9,ADP order,1835.54,3,1,0,1713.8333333333333
2021,9,9,ADP value,1969.44,1,1,1,1721.4800000000002
2021,9,9,Model,1835.4399999999998,4,0,0,1729.9333333333334
2021,9,9,Blend,1871.3000000000002,3,1,0,1719.8416666666665
2021,9,10,ADP order,1655.7,9,0,0,1709.6266666666668
2021,9,10,ADP value,1969.44,1,1,1,1721.4800000000002
2021,9,10,Model,1851.5600000000002,3,1,0,1729.4433333333334
2021,9,10,Blend,1911.08,1,1,1,1715.215
2021,9,11,ADP order,1793.78,5,0,0,1720.0733333333335
2021,9,11,ADP value,1930.94,2,1,0,1723.6766666666665
2021,9,11,Model,1851.5600000000002,3,1,0,1729.4433333333334
2021,9,11,Blend,1760.6399999999999,5,0,0,1714.1849999999997
2021,10,0,ADP order,1944.2,3,1,0,1710.9083333333335
2021,10,0,ADP value,1806.52,5,0,0,1712.4966666666667
2021,10,0,Model,1931.0400000000002,1,1,1,1720.863333333333
2021,10,0,Blend,1878.8799999999997,3,1,0,1713.1433333333332
2021,10,1,ADP order,1826.54,4,0,0,1703.5566666666666
2021,10,1,ADP value,1732.1399999999999,6,0,0,1703.5716666666665
2021,10,1,Model,1931.0400000000002,1,1,1,1720.863333333333
2021,10,1,Blend,1961.08,1,1,1,1724.9499999999998
2021,10,2,ADP order,1670.9799999999998,5,0,0,1713.9566666666667
2021,10,2,ADP value,1639.24,8,0,0,1714.7016666666666
2021,10,2,Model,1931.0400000000002,1,1,1,1720.863333333333
2021,10,2,Blend,1909.48,2,1,0,1736.6283333333338
2021,10,3,ADP order,1683.7000000000003,5,0,0,1708.7783333333334
2021,10,3,ADP value,1629.5399999999997,9,0,0,1711.8183333333334
2021,10,3,Model,1889.44,2,1,0,1707.3100000000002
2021,10,3,Blend,1889.2799999999997,3,1,0,1730.0950000000003
2021,10,4,ADP order,1725.7800000000002,6,0,0,1740.2266666666667
2021,10,4,ADP value,1758.8,5,0,0,1718.16
2021,10,4,Model,1889.44,2,1,0,1707.3100000000002
2021,10,4,Blend,1918.0800000000006,2,1,0,1727.0700000000004
2021,10,5,ADP order,1684.7399999999998,6,0,0,1721.3733333333332
2021,10,5,ADP value,1819.74,4,0,0,1726.6350000000002
2021,10,5,Model,1791.14,4,0,0,1715.8166666666666
2021,10,5,Blend,1828.8,4,0,0,1706.5466666666664
2021,10,6,ADP order,1679.7,8,0,0,1739.4299999999996
2021,10,6,ADP value,1841.5399999999997,3,1,0,1718.13
2021,10,6,Model,1791.14,4,0,0,1715.8166666666666
2021,10,6,Blend,1831.4,5,0,0,1721.7933333333333
2021,10,7,ADP order,1705.4799999999996,7,0,0,1732.9133333333332
2021,10,7,ADP value,1831.8599999999997,4,0,0,1715.0
2021,10,7,Model,1778.0399999999997,4,0,0,1723.166666666667
2021,10,7,Blend,1886.7400000000005,3,1,0,1731.5966666666666
2021,10,8,ADP order,1670.5,8,0,0,1720.4216666666664
2021,10,8,ADP value,1831.86,5,0,0,1718.0249999999999
2021,10,8,Model,1778.0399999999997,4,0,0,1723.1666666666667
2021,10,8,Blend,1886.7400000000005,3,1,0,1731.5966666666666
2021,10,9,ADP order,1826.0400000000002,5,0,0,1723.1233333333337
2021,10,9,ADP value,1877.4599999999998,4,0,0,1722.375
2021,10,9,Model,1783.5400000000004,5,0,0,1712.6016666666665
2021,10,9,Blend,1886.7400000000005,3,1,0,1731.5966666666666
2021,10,10,ADP order,1826.0400000000002,5,0,0,1723.1233333333337
2021,10,10,ADP value,2011.82,3,1,0,1725.9866666666665
2021,10,10,Model,1784.9799999999998,5,0,0,1717.2133333333334
2021,10,10,Blend,1779.6799999999998,5,0,0,1701.1916666666666
2021,10,11,ADP order,2013.1000000000001,1,1,1,1727.5416666666663
2021,10,11,ADP value,1993.1400000000003,1,1,1,1717.628333333333
2021,10,11,Model,1818.4800000000002,3,1,0,1717.4016666666666
2021,10,11,Blend,1769.48,6,0,0,1718.1683333333333
2021,11,0,ADP order,1472.0600000000002,11,0,0,1715.665
2021,11,0,ADP value,1594.7999999999997,9,0,0,1720.363333333333
2021,11,0,Model,1837.0800000000004,5,0,0,1734.1666666666667
2021,11,0,Blend,1612.9,10,0,0,1700.0216666666665
2021,11,1,ADP order,1409.3200000000002,11,0,0,1714.4699999999996
2021,11,1,ADP value,1489.2999999999997,11,0,0,1722.113333333333
2021,11,1,Model,1856.18,4,0,0,1729.805
2021,11,1,Blend,1786.58,5,0,0,1715.1116666666667
2021,11,2,ADP order,1628.32,9,0,0,1717.045
2021,11,2,ADP value,1517.0,10,0,0,1725.2466666666662
2021,11,2,Model,1855.2799999999997,3,1,0,1724.5383333333332
2021,11,2,Blend,1861.4799999999998,1,1,1,1719.12
2021,11,3,ADP order,1456.8199999999997,10,0,0,1710.875
2021,11,3,ADP value,1520.1999999999998,10,0,0,1712.781666666666
2021,11,3,Model,1853.1799999999994,3,1,0,1727.3716666666667
2021,11,3,Blend,1886.1200000000003,2,1,0,1732.5266666666666
2021,11,4,ADP order,1542.2599999999998,10,0,0,1709.2716666666665
2021,11,4,ADP value,1702.26,9,0,0,1716.61
2021,11,4,Model,1862.0800000000004,5,0,0,1728.5050000000003
2021,11,4,Blend,1886.14,2,1,0,1705.9016666666666
2021,11,5,ADP order,1458.4199999999998,11,0,0,1715.8966666666665
2021,11,5,ADP value,1551.04,11,0,0,1727.8266666666666
2021,11,5,Model,1829.1800000000005,4,0,0,1722.9650000000001
2021,11,5,Blend,1929.3799999999999,2,1,0,1709.8133333333333
2021,11,6,ADP order,1510.28,11,0,0,1714.4683333333332
2021,11,6,ADP value,1548.1799999999998,11,0,0,1720.3266666666666
2021,11,6,Model,1796.08,4,0,0,1721.3149999999998
2021,11,6,Blend,1862.3799999999999,3,1,0,1702.6383333333333
2021,11,7,ADP order,1850.1000000000001,4,0,0,1710.0616666666667
2021,11,7,ADP value,1614.3799999999999,10,0,0,1721.3516666666665
2021,11,7,Model,1796.08,4,0,0,1721.3149999999998
2021,11,7,Blend,1862.3799999999999,3,1,0,1702.6383333333333
2021,11,8,ADP order,1706.5,7,0,0,1710.1366666666665
2021,11,8,ADP value,1629.44,10,0,0,1716.8149999999998
2021,11,8,Model,1833.18,3,1,0,1722.96
2021,11,8,Blend,1821.78,4,0,0,1708.5
2021,11,9,ADP order,1686.6,8,0,0,1711.5516666666663
2021,11,9,ADP value,1657.74,9,0,0,1719.4483333333335
2021,11,9,Model,1833.18,3,1,0,1722.96
2021,11,9,Blend,1750.58,7,0,0,1706.5349999999999
2021,11,10,ADP order,1686.6,8,0,0,1711.5516666666663
2021,11,10,ADP value,1864.4200000000003,2,1,0,1715.2850000000005
2021,11,10,Model,1833.18,3,1,0,1722.96
2021,11,10,Blend,1750.58,7,0,0,1706.535
2021,11,11,ADP order,1597.7999999999997,9,0,0,1710.1449999999998
2021,11,11,ADP value,1816.96,3,1,0,1717.6133333333335
2021,11,11,Model,1815.04,4,0,0,1717.3116666666667
2021,11,11,Blend,1814.8400000000001,5,0,0,1696.966666666667
2021,12,0,ADP order,1551.14,11,0,0,1713.3700000000001
2021,12,0,ADP value,1491.32,11,0,0,1712.25
2021,12,0,Model,1911.82,2,1,0,1719.5233333333333
2021,12,0,Blend,1758.9,4,0,0,1694.783333333333
2021,12,1,ADP order,1418.3999999999999,12,0,0,1716.0766666666668
2021,12,1,ADP value,1260.9200000000003,12,0,0,1702.721666666667
2021,12,1,Model,1875.92,2,1,0,1699.6733333333332
2021,12,1,Blend,1849.1999999999998,3,1,0,1690.2266666666667
2021,12,2,ADP order,1386.9,12,0,0,1708.2350000000004
2021,12,2,ADP value,1732.4600000000003,4,0,0,1677.3783333333333
2021,12,2,Model,1875.92,2,1,0,1699.6733333333332
2021,12,2,Blend,1849.1999999999998,3,1,0,1690.2266666666667
2021,12,3,ADP order,1559.56,10,0,0,1698.4116666666669
2021,12,3,ADP value,1819.4600000000003,3,1,0,1691.6750000000002
2021,12,3,Model,1810.4799999999998,5,0,0,1708.675
2021,12,3,Blend,1822.54,4,0,0,1672.1866666666672
2021,12,4,ADP order,1637.7599999999998,8,0,0,1702.695
2021,12,4,ADP value,1888.3399999999997,1,1,1,1706.5666666666668
2021,12,4,Model,1809.9600000000003,5,0,0,1699.5133333333333
2021,12,4,Blend,1822.54,4,0,0,1672.1866666666672
2021,12,5,ADP order,1581.0,10,0,0,1693.0683333333334
2021,12,5,ADP value,1903.94,1,1,1,1700.3333333333333
2021,12,5,Model,1809.9600000000003,5,0,0,1699.5133333333333
2021,12,5,Blend,1860.0800000000002,4,0,0,1676.8933333333334
2021,12,6,ADP order,1807.4600000000003,4,0,0,1709.61
2021,12,6,ADP value,1845.7,4,0,0,1702.4733333333336
2021,12,6,Model,1829.1800000000005,5,0,0,1687.3483333333334
2021,12,6,Blend,1874.2800000000002,4,0,0,1678.1850000000002
2021,12,7,ADP order,1710.8600000000001,6,0,0,1703.9433333333334
2021,12,7,ADP value,1873.04,3,1,0,1700.3133333333333
2021,12,7,Model,1856.14,3,1,0,1710.506666666667
2021,12,7,Blend,1855.38,3,1,0,1696.2566666666664
2021,12,8,ADP order,1729.2999999999997,5,0,0,1699.045
2021,12,8,ADP value,2003.1399999999999,2,1,0,1699.4216666666664
2021,12,8,Model,1796.08,5,0,0,1711.0266666666669
2021,12,8,Blend,1768.5400000000002,4,0,0,1683.1550000000004
2021,12,9,ADP order,1712.3000000000002,6,0,0,1693.6149999999998
2021,12,9,ADP value,1940.4399999999998,2,1,0,1693.3716666666667
2021,12,9,Model,1796.08,5,0,0,1711.0266666666669
2021,12,9,Blend,1768.5400000000002,4,0,0,1683.155
2021,12,10,ADP order,1621.9,8,0,0,1697.4983333333332
2021,12,10,ADP value,1797.12,4,0,0,1682.5649999999998
2021,12,10,Model,1796.08,5,0,0,1711.0266666666666
2021,12,10,Blend,1837.9800000000005,3,1,0,1694.015
2021,12,11,ADP order,1319.1200000000001,12,0,0,1686.36
2021,12,11,ADP value,1393.82,12,0,0,1708.8783333333333
2021,12,11,Model,1875.2999999999997,2,1,0,1713.8666666666666
2021,12,11,Blend,1998.4800000000005,2,1,0,1710.1866666666667
2021,13,0,ADP order,1556.5,9,0,0,1709.1383333333333
2021,13,0,ADP value,1754.2599999999998,6,0,0,1703.78
2021,13,0,Model,1831.86,4,0,0,1718.2466666666667
2021,13,0,Blend,1671.2200000000003,7,0,0,1690.253333333333
2021,13,1,ADP order,1853.7599999999998,5,0,0,1706.9583333333337
2021,13,1,ADP value,1801.0,4,0,0,1706.8416666666665
2021,13,1,Model,1840.06,3,1,0,1696.5083333333332
2021,13,1,Blend,1770.6200000000001,5,0,0,1703.368333333333
2021,13,2,ADP order,1654.1200000000003,8,0,0,1698.1016666666671
2021,13,2,ADP value,1847.1000000000004,4,0,0,1705.9916666666668
2021,13,2,Model,1840.06,3,1,0,1696.5083333333332
2021,13,2,Blend,1770.6200000000001,5,0,0,1703.368333333333
2021,13,3,ADP order,1738.0200000000002,5,0,0,1719.1716666666669
2021,13,3,ADP value,1825.8000000000002,5,0,0,1717.1533333333336
2021,13,3,Model,1826.62,4,0,0,1706.1033333333332
2021,13,3,Blend,1856.08,4,0,0,1700.5033333333333
2021,13,4,ADP order,1703.7800000000002,6,0,0,1706.6916666666673
2021,13,4,ADP value,1975.9400000000005,2,1,0,1696.9283333333335
2021,13,4,Model,1788.12,4,0,0,1712.42
2021,13,4,Blend,1834.1800000000005,5,0,0,1690.3516666666667
2021,13,5,ADP order,1734.16,5,0,0,1716.0733333333337
2021,13,5,ADP value,1833.1000000000001,5,0,0,1700.0250000000003
2021,13,5,Model,1733.4199999999998,5,0,0,1708.8033333333333
2021,13,5,Blend,1863.7199999999996,4,0,0,1702.0099999999995
2021,13,6,ADP order,1812.0600000000002,4,0,0,1708.988333333333
2021,13,6,ADP value,1908.64,2,1,0,1691.3666666666668
2021,13,6,Model,1758.8200000000002,5,0,0,1703.5533333333333
2021,13,6,Blend,1849.3599999999997,4,0,0,1698.2150000000001
2021,13,7,ADP order,1717.6599999999999,5,0,0,1707.9416666666666
2021,13,7,ADP value,1904.9400000000003,3,1,0,1698.986666666667
2021,13,7,Model,1758.8200000000002,5,0,0,1703.5533333333333
2021,13,7,Blend,1849.3599999999997,4,0,0,1698.2150000000001
2021,13,8,ADP order,1746.3400000000001,5,0,0,1715.82
2021,13,8,ADP value,1628.6399999999996,9,0,0,1694.3666666666666
2021,13,8,Model,1758.8200000000002,5,0,0,1703.5533333333333
2021,13,8,Blend,1808.3200000000002,6,0,0,1711.591666666667
2021,13,9,ADP order,1687.86,6,0,0,1711.405
2021,13,9,ADP value,1562.8200000000002,8,0,0,1677.1533333333334
2021,13,9,Model,1758.8200000000002,5,0,0,1703.5533333333335
2021,13,9,Blend,1808.3200000000002,6,0,0,1711.591666666667
2021,13,10,ADP order,1598.0400000000002,9,0,0,1706.6966666666667
2021,13,10,ADP value,1485.72,9,0,0,1679.8733333333332
2021,13,10,Model,1758.8200000000002,5,0,0,1703.5533333333333
2021,13,10,Blend,1822.7199999999998,6,0,0,1702.4683333333335
2021,13,11,ADP order,1598.0400000000002,9,0,0,1706.6966666666667
2021,13,11,ADP value,1415.52,11,0,0,1679.1233333333332
2021,13,11,Model,1758.8200000000002,5,0,0,1703.5533333333333
2021,13,11,Blend,1968.4599999999998,1,1,1,1690.0999999999997
2021,14,0,ADP order,1840.18,2,1,0,1713.0783333333336
2021,14,0,ADP value,1793.2000000000003,4,0,0,1716.5166666666664
2021,14,0,Model,1924.0800000000002,1,1,1,1713.243333333333
2021,14,0,Blend,1726.16,4,0,0,1711.4350000000002
2021,14,1,ADP order,1804.48,4,0,0,1720.9683333333332
2021,14,1,ADP value,1943.2200000000003,1,1,1,1710.7966666666669
2021,14,1,Model,1924.0800000000002,1,1,1,1713.243333333333
2021,14,1,Blend,1811.16,3,1,0,1713.985
2021,14,2,ADP order,1883.94,1,1,1,1713.6650000000002
2021,14,2,ADP value,2025.6599999999999,1,1,1,1698.4950000000001
2021,14,2,Model,1865.58,1,1,1,1718.76
2021,14,2,Blend,1798.3600000000001,3,1,0,1713.3683333333336
2021,14,3,ADP order,1789.38,6,0,0,1715.7800000000004
2021,14,3,ADP value,1902.5200000000002,1,1,1,1706.9966666666667
2021,14,3,Model,1865.58,1,1,1,1718.76
2021,14,3,Blend,1844.06,2,1,0,1713.9983333333332
2021,14,4,ADP order,1769.9400000000003,6,0,0,1718.3066666666666
2021,14,4,ADP value,1818.98,3,1,0,1715.57
2021,14,4,Model,1916.98,1,1,1,1707.4833333333336
2021,14,4,Blend,1842.5000000000005,3,1,0,1705.8533333333335
2021,14,5,ADP order,1763.1399999999999,5,0,0,1714.4216666666669
2021,14,5,ADP value,1886.6799999999998,1,1,1,1716.47
2021,14,5,Model,1882.68,1,1,1,1730.0100000000002
2021,14,5,Blend,1796.7000000000003,4,0,0,1687.7650000000003
2021,14,6,ADP order,1849.7400000000002,2,1,0,1716.8099999999997
2021,14,6,ADP value,1833.8799999999997,3,1,0,1706.5016666666668
2021,14,6,Model,1882.68,1,1,1,1730.0100000000002
2021,14,6,Blend,1870.76,2,1,0,1691.2283333333335
2021,14,7,ADP order,1873.8599999999997,2,1,0,1726.6883333333333
2021,14,7,ADP value,1777.1200000000001,5,0,0,1701.168333333333
2021,14,7,Model,1863.46,3,1,0,1716.3083333333332
2021,14,7,Blend,1870.76,2,1,0,1691.2283333333335
2021,14,8,ADP order,1845.8199999999997,3,1,0,1738.0633333333335
2021,14,8,ADP value,1754.7200000000003,6,0,0,1704.251666666667
2021,14,8,Model,1863.46,3,1,0,1716.3083333333332
2021,14,8,Blend,1866.48,2,1,0,1700.0466666666669
2021,14,9,ADP order,1801.5800000000002,4,0,0,1722.891666666667
2021,14,9,ADP value,1878.8000000000002,2,1,0,1726.78
2021,14,9,Model,1859.4600000000003,2,1,0,1725.1833333333334
2021,14,9,Blend,1866.48,2,1,0,1700.0466666666669
2021,14,10,ADP order,1857.8800000000006,2,1,0,1724.1766666666665
2021,14,10,ADP value,2039.96,1,1,1,1724.0316666666665
2021,14,10,Model,1883.2800000000002,1,1,1,1710.9866666666665
2021,14,10,Blend,1776.9199999999996,6,0,0,1722.5999999999997
2021,14,11,ADP order,1989.54,1,1,1,1723.5266666666666
2021,14,11,ADP value,1938.4,1,1,1,1714.7900000000002
2021,14,11,Model,1883.2800000000002,1,1,1,1710.9866666666665
2021,14,11,Blend,1726.7200000000003,6,0,0,1715.2633333333333
2021,15,0,ADP order,1831.96,4,0,0,1714.3549999999998
2021,15,0,ADP value,1806.4000000000003,5,0,0,1692.3900000000003
2021,15,0,Model,1816.96,4,0,0,1711.7999999999995
2021,15,0,Blend,1595.2599999999998,8,0,0,1693.6283333333333
2021,15,1,ADP order,1595.4599999999998,8,0,0,1725.763333333333
2021,15,1,ADP value,1763.4,6,0,0,1708.2199999999996
2021,15,1,Model,1788.8600000000001,4,0,0,1714.1833333333332
2021,15,1,Blend,1560.96,10,0,0,1696.3950000000002
2021,15,2,ADP order,1561.3600000000001,9,0,0,1692.7716666666665
2021,15,2,ADP value,1723.3,7,0,0,1718.7683333333334
2021,15,2,Model,1877.62,2,1,0,1716.9966666666662
2021,15,2,Blend,1774.1199999999997,4,0,0,1689.6783333333333
2021,15,3,ADP order,1481.4999999999995,10,0,0,1688.36
2021,15,3,ADP value,1812.0200000000002,3,1,0,1687.2583333333332
2021,15,3,Model,1752.6399999999999,5,0,0,1720.503333333333
2021,15,3,Blend,1768.34,6,0,0,1703.6966666666667
2021,15,4,ADP order,1503.7600000000002,11,0,0,1706.34
2021,15,4,ADP value,1846.7800000000002,3,1,0,1691.125
2021,15,4,Model,1704.7599999999998,5,0,0,1707.9833333333333
2021,15,4,Blend,1832.3800000000003,5,0,0,1708.591666666667
2021,15,5,ADP order,1559.0,9,0,0,1706.5816666666667
2021,15,5,ADP value,1853.72,3,1,0,1697.375
2021,15,5,Model,1704.7599999999998,5,0,0,1707.9833333333333
2021,15,5,Blend,1782.38,5,0,0,1715.6899999999998
2021,15,6,ADP order,1796.3000000000002,4,0,0,1698.885
2021,15,6,ADP value,1882.44,3,1,0,1709.4666666666665
2021,15,6,Model,1704.7599999999998,5,0,0,1707.9833333333333
2021,15,6,Blend,1894.6599999999999,3,1,0,1701.5233333333335
2021,15,7,ADP order,1948.24,2,1,0,1684.415
2021,15,7,ADP value,1882.44,3,1,0,1709.4666666666665
2021,15,7,Model,1765.7599999999998,3,1,0,1690.6333333333332
2021,15,7,Blend,1792.4799999999996,4,0,0,1707.4016666666666
2021,15,8,ADP order,1948.24,2,1,0,1684.415
2021,15,8,ADP value,2023.24,2,1,0,1697.675
2021,15,8,Model,1765.7599999999998,3,1,0,1690.6333333333332
2021,15,8,Blend,1792.4799999999996,4,0,0,1707.4016666666666
2021,15,9,ADP order,1909.5599999999997,3,1,0,1692.25
2021,15,9,ADP value,1892.94,3,1,0,1699.158333333333
2021,15,9,Model,1765.7599999999998,3,1,0,1690.6333333333332
2021,15,9,Blend,1732.0599999999997,4,0,0,1693.1449999999998
2021,15,10,ADP order,2009.0800000000002,2,1,0,1701.0466666666669
2021,15,10,ADP value,1892.94,3,1,0,1699.158333333333
2021,15,10,Model,1765.7599999999998,3,1,0,1690.6333333333332
2021,15,10,Blend,1732.0599999999997,4,0,0,1693.1450000000002
2021,15,11,ADP order,2087.38,1,1,1,1701.055
2021,15,11,ADP value,1887.7400000000002,4,0,0,1694.61
2021,15,11,Model,1765.7599999999998,3,1,0,1690.6333333333332
2021,15,11,Blend,1741.6800000000003,6,0,0,1697.0683333333334
2021,16,0,ADP order,1393.1399999999996,11,0,0,1667.18
2021,16,0,ADP value,1722.7800000000002,6,0,0,1687.5966666666664
2021,16,0,Model,1828.06,4,0,0,1706.8083333333336
2021,16,0,Blend,1675.06,7,0,0,1697.8216666666667
2021,16,1,ADP order,1580.1399999999999,8,0,0,1672.0716666666665
2021,16,1,ADP value,1596.1200000000001,7,0,0,1673.6016666666665
2021,16,1,Model,1828.06,4,0,0,1706.8083333333336
2021,16,1,Blend,1790.36,5,0,0,1700.0133333333333
2021,16,2,ADP order,1586.74,7,0,0,1674.6466666666665
2021,16,2,ADP value,1602.1200000000001,7,0,0,1671.5683333333334
2021,16,2,Model,1890.6200000000003,3,1,0,1705.2300000000002
2021,16,2,Blend,1862.6599999999999,2,1,0,1696.6299999999999
2021,16,3,ADP order,1836.44,3,1,0,1672.1683333333333
2021,16,3,ADP value,1770.32,4,0,0,1679.59
2021,16,3,Model,1900.32,2,1,0,1706.4216666666669
2021,16,3,Blend,1918.86,1,1,1,1695.655
2021,16,4,ADP order,1968.1199999999997,3,1,0,1679.89
2021,16,4,ADP value,2112.5999999999995,1,1,1,1673.4333333333332
2021,16,4,Model,1842.02,3,1,0,1714.241666666667
2021,16,4,Blend,1816.1600000000003,4,0,0,1686.695
2021,16,5,ADP order,1974.46,3,1,0,1681.1900000000003
2021,16,5,ADP value,2087.2400000000002,1,1,1,1668.8383333333334
2021,16,5,Model,1842.8600000000001,4,0,0,1689.43
2021,16,5,Blend,1836.5600000000002,3,1,0,1685.3066666666664
2021,16,6,ADP order,2008.9599999999998,3,1,0,1682.2400000000005
2021,16,6,ADP value,2037.2399999999998,1,1,1,1681.9166666666667
2021,16,6,Model,1813.96,4,0,0,1705.3983333333333
2021,16,6,Blend,1814.3600000000001,3,1,0,1684.1816666666664
2021,16,7,ADP order,2014.16,2,1,0,1682.6616666666669
2021,16,7,ADP value,2118.14,1,1,1,1680.825
2021,16,7,Model,1813.96,4,0,0,1705.3983333333333
2021,16,7,Blend,1827.3199999999997,3,1,0,1707.1833333333332
2021,16,8,ADP order,1994.0600000000004,2,1,0,1678.0716666666667
2021,16,8,ADP value,2118.14,1,1,1,1680.825
2021,16,8,Model,1795.82,5,0,0,1698.1483333333333
2021,16,8,Blend,1767.12,5,0,0,1701.64
2021,16,9,ADP order,1781.96,2,1,0,1666.9183333333333
2021,16,9,ADP value,2028.6399999999999,2,1,0,1670.7233333333334
2021,16,9,Model,1795.82,5,0,0,1698.1483333333333
2021,16,9,Blend,1767.8200000000002,5,0,0,1700.8466666666666
2021,16,10,ADP order,1799.9399999999996,4,0,0,1687.0583333333332
2021,16,10,ADP value,1870.8400000000004,2,1,0,1676.0983333333334
2021,16,10,Model,1747.62,5,0,0,1693.8149999999998
2021,16,10,Blend,1913.26,3,1,0,1696.678333333333
2021,16,11,ADP order,1825.68,3,1,0,1667.2016666666666
2021,16,11,ADP value,1829.1399999999999,4,0,0,1661.9366666666665
2021,16,11,Model,1747.62,5,0,0,1693.8149999999998
2021,16,11,Blend,1855.06,2,1,0,1690.2383333333335
2021,17,0,ADP order,1441.34,12,0,0,1697.4716666666664
2021,17,0,ADP value,1621.74,9,0,0,1706.3199999999997
2021,17,0,Model,1834.6799999999998,3,1,0,1688.1066666666666
2021,17,0,Blend,1664.4,8,0,0,1680.9883333333335
2021,17,1,ADP order,1515.74,10,0,0,1699.3516666666667
2021,17,1,ADP value,1716.5400000000002,5,0,0,1698.7883333333332
2021,17,1,Model,1889.0800000000004,2,1,0,1705.43
2021,17,1,Blend,1749.3999999999996,5,0,0,1682.5049999999999
2021,17,2,ADP order,1496.7400000000005,10,0,0,1692.5683333333336
2021,17,2,ADP value,1792.6400000000003,5,0,0,1688.0800000000002
2021,17,2,Model,1918.4400000000003,1,1,1,1691.7366666666667
2021,17,2,Blend,1828.8600000000001,2,1,0,1670.4233333333332
2021,17,3,ADP order,1496.7400000000005,10,0,0,1692.5683333333336
2021,17,3,ADP value,1676.3200000000002,5,0,0,1695.5500000000002
2021,17,3,Model,1918.4400000000003,1,1,1,1691.7366666666667
2021,17,3,Blend,1828.8600000000001,2,1,0,1670.4233333333332
2021,17,4,ADP order,1596.1000000000004,9,0,0,1694.4583333333337
2021,17,4,ADP value,1703.6799999999998,5,0,0,1696.2883333333332
2021,17,4,Model,1779.58,4,0,0,1697.615
2021,17,4,Blend,1915.8400000000001,2,1,0,1687.7266666666667
2021,17,5,ADP order,1566.58,10,0,0,1700.4133333333336
2021,17,5,ADP value,1958.7199999999996,3,1,0,1695.3216666666667
2021,17,5,Model,1779.58,4,0,0,1697.615
2021,17,5,Blend,1905.24,2,1,0,1680.9783333333335
2021,17,6,ADP order,1818.24,2,1,0,1694.2683333333334
2021,17,6,ADP value,1924.8399999999997,4,0,0,1696.7983333333332
2021,17,6,Model,1779.58,4,0,0,1697.615
2021,17,6,Blend,1905.24,2,1,0,1680.9783333333335
2021,17,7,ADP order,1913.5400000000004,1,1,1,1687.36
2021,17,7,ADP value,1932.38,2,1,0,1696.1566666666668
2021,17,7,Model,1779.58,4,0,0,1697.615
2021,17,7,Blend,1826.2800000000002,3,1,0,1696.05
2021,17,8,ADP order,2011.44,1,1,1,1695.0233333333333
2021,17,8,ADP value,1918.28,1,1,1,1704.5316666666665
2021,17,8,Model,1779.58,4,0,0,1697.6149999999998
2021,17,8,Blend,1784.8400000000001,5,0,0,1697.125
2021,17,9,ADP order,1895.04,2,1,0,1705.385
2021,17,9,ADP value,1954.7799999999997,2,1,0,1697.79
2021,17,9,Model,1779.58,4,0,0,1697.6149999999998
2021,17,9,Blend,1835.1000000000001,2,1,0,1687.9699999999996
2021,17,10,ADP order,1905.8799999999999,1,1,1,1702.966666666667
2021,17,10,ADP value,1925.3400000000004,2,1,0,1693.205
2021,17,10,Model,1876.34,3,1,0,1730.5816666666667
2021,17,10,Blend,1835.1000000000001,2,1,0,1687.9699999999996
2021,17,11,ADP order,2090.38,1,1,1,1695.9333333333336
2021,17,11,ADP value,1965.8400000000001,1,1,1,1692.4283333333333
2021,17,11,Model,1925.3999999999999,2,1,0,1708.6916666666666
2021,17,11,Blend,1887.5,1,1,1,1693.8700000000001
2021,18,0,ADP order,1457.2200000000003,12,0,0,1701.5200000000002
2021,18,0,ADP value,1761.64,6,0,0,1701.3466666666666
2021,18,0,Model,1780.0600000000002,5,0,0,1711.1116666666667
2021,18,0,Blend,1753.1200000000003,5,0,0,1684.5933333333332
2021,18,1,ADP order,1675.4199999999998,7,0,0,1711.2450000000001
2021,18,1,ADP value,1844.7399999999998,3,1,0,1701.5083333333334
2021,18,1,Model,1852.96,4,0,0,1706.82
2021,18,1,Blend,1919.1800000000003,1,1,1,1691.555
2021,18,2,ADP order,1722.98,5,0,0,1683.8616666666667
2021,18,2,ADP value,1788.84,3,1,0,1698.1666666666667
2021,18,2,Model,1822.9199999999998,3,1,0,1717.0816666666667
2021,18,2,Blend,1922.12,2,1,0,1688.783333333333
2021,18,3,ADP order,1816.3200000000002,3,1,0,1713.3633333333335
2021,18,3,ADP value,1794.3400000000004,3,1,0,1697.466666666667
2021,18,3,Model,1880.0199999999995,2,1,0,1724.04
2021,18,3,Blend,1965.72,2,1,0,1688.575
2021,18,4,ADP order,1691.0799999999997,6,0,0,1712.1983333333335
2021,18,4,ADP value,1868.0400000000002,2,1,0,1701.7816666666668
2021,18,4,Model,1856.26,2,1,0,1716.1816666666666
2021,18,4,Blend,2048.2200000000003,2,1,0,1693.4099999999999
2021,18,5,ADP order,1648.2600000000002,8,0,0,1701.6633333333332
2021,18,5,ADP value,1729.44,7,0,0,1709.9616666666668
2021,18,5,Model,1866.9199999999996,1,1,1,1722.715
2021,18,5,Blend,1950.74,1,1,1,1692.8783333333333
2021,18,6,ADP order,1724.9600000000003,7,0,0,1710.3366666666668
2021,18,6,ADP value,1834.9400000000003,2,1,0,1702.8000000000002
2021,18,6,Model,1791.62,4,0,0,1715.5866666666668
2021,18,6,Blend,1950.74,1,1,1,1692.8783333333333
2021,18,7,ADP order,1867.5600000000002,3,1,0,1695.176666666667
2021,18,7,ADP value,1740.6399999999999,6,0,0,1711.125
2021,18,7,Model,1791.62,4,0,0,1715.5866666666668
2021,18,7,Blend,1977.7400000000002,1,1,1,1686.3616666666667
2021,18,8,ADP order,1782.4,4,0,0,1695.505
2021,18,8,ADP value,1627.34,9,0,0,1697.341666666667
2021,18,8,Model,1791.62,4,0,0,1715.5866666666664
2021,18,8,Blend,1948.6400000000003,2,1,0,1695.1366666666665
2021,18,9,ADP order,1723.42,6,0,0,1693.0466666666669
2021,18,9,ADP value,1670.7400000000002,9,0,0,1694.0666666666668
2021,18,9,Model,1838.6799999999998,3,1,0,1719.0583333333332
2021,18,9,Blend,1887.28,2,1,0,1693.79
2021,18,10,ADP order,1828.9199999999996,4,0,0,1701.4133333333332
2021,18,10,ADP value,1723.84,6,0,0,1697.391666666667
2021,18,10,Model,1819.4599999999998,3,1,0,1720.7199999999996
2021,18,10,Blend,1929.38,1,1,1,1689.36
2021,18,11,ADP order,1576.3,9,0,0,1715.2916666666667
2021,18,11,ADP value,1790.3,3,1,0,1702.3099999999997
2021,18,11,Model,1857.96,3,1,0,1702.5183333333332
2021,18,11,Blend,1929.38,1,1,1,1689.36
2021,19,0,ADP order,1604.7399999999998,10,0,0,1696.9750000000001
2021,19,0,ADP value,1923.58,1,1,1,1693.1366666666665
2021,19,0,Model,1931.0400000000002,1,1,1,1701.8316666666667
2021,19,0,Blend,1880.2400000000002,2,1,0,1702.4383333333333
2021,19,1,ADP order,1692.98,8,0,0,1711.0116666666665
2021,19,1,ADP value,1784.8799999999999,4,0,0,1704.7833333333335
2021,19,1,Model,1931.0400000000002,1,1,1,1701.8316666666667
2021,19,1,Blend,1897.2399999999998,2,1,0,1693.591666666667
2021,19,2,ADP order,1453.6399999999996,12,0,0,1686.8499999999997
2021,19,2,ADP value,1878.8799999999997,1,1,1,1683.2683333333334
2021,19,2,Model,1931.0400000000002,1,1,1,1701.8316666666667
2021,19,2,Blend,1929.54,2,1,0,1693.4583333333337
2021,19,3,ADP order,1590.94,10,0,0,1692.8916666666664
2021,19,3,ADP value,1850.3,2,1,0,1707.466666666667
2021,19,3,Model,1931.0400000000002,1,1,1,1701.8316666666667
2021,19,3,Blend,1923.8399999999997,2,1,0,1700.8116666666663
2021,19,4,ADP order,1610.98,10,0,0,1717.7266666666665
2021,19,4,ADP value,1815.3199999999997,2,1,0,1700.9350000000002
2021,19,4,Model,1920.4399999999996,1,1,1,1700.1699999999998
2021,19,4,Blend,2090.98,1,1,1,1696.7983333333332
2021,19,5,ADP order,1728.4399999999998,8,0,0,1722.2466666666667
2021,19,5,ADP value,1758.6200000000003,6,0,0,1697.1683333333333
2021,19,5,Model,1821.3799999999999,2,1,0,1713.4350000000002
2021,19,5,Blend,1940.58,2,1,0,1689.4716666666666
2021,19,6,ADP order,1825.6399999999999,4,0,0,1715.621666666667
2021,19,6,ADP value,1840.8200000000002,1,1,1,1696.1850000000002
2021,19,6,Model,1821.3799999999999,2,1,0,1713.4350000000002
2021,19,6,Blend,1894.38,2,1,0,1693.096666666667
2021,19,7,ADP order,1873.24,2,1,0,1713.5866666666668
2021,19,7,ADP value,2156.14,1,1,1,1702.8999999999999
2021,19,7,Model,1821.3799999999999,2,1,0,1713.4350000000002
2021,19,7,Blend,1909.1399999999999,3,1,0,1715.3383333333331
2021,19,8,ADP order,1950.24,1,1,1,1713.5866666666668
2021,19,8,ADP value,2019.14,1,1,1,1702.8416666666665
2021,19,8,Model,1815.04,4,0,0,1697.3616666666667
2021,19,8,Blend,1909.1399999999999,3,1,0,1715.3383333333331
2021,19,9,ADP order,1907.94,2,1,0,1711.4883333333335
2021,19,9,ADP value,1975.04,1,1,1,1705.425
2021,19,9,Model,1815.04,4,0,0,1697.3616666666667
2021,19,9,Blend,1981.1399999999999,1,1,1,1721.3183333333334
2021,19,10,ADP order,2016.4400000000005,1,1,1,1704.7250000000001
2021,19,10,ADP value,1987.0399999999995,1,1,1,1722.175
2021,19,10,Model,1815.04,4,0,0,1697.3616666666667
2021,19,10,Blend,1956.98,2,1,0,1708.4800000000002
2021,19,11,ADP order,2001.6400000000003,1,1,1,1707.9033333333334
2021,19,11,ADP value,1970.6199999999997,1,1,1,1715.7016666666666
2021,19,11,Model,1815.04,4,0,0,1697.3616666666667
2021,19,11,Blend,1944.54,2,1,0,1691.8266666666666
2022,0,0,ADP order,1495.76,10,0,0,1691.3
2022,0,0,ADP value,1413.6999999999998,11,0,0,1669.4466666666665
2022,0,0,Model,1897.5599999999997,2,1,0,1682.345
2022,0,0,Blend,1714.1400000000003,6,0,0,1691.5166666666667
2022,0,1,ADP order,1775.76,5,0,0,1696.1666666666667
2022,0,1,ADP value,1644.12,7,0,0,1679.6999999999998
2022,0,1,Model,1944.9599999999998,2,1,0,1679.8283333333331
2022,0,1,Blend,1893.38,2,1,0,1693.3816666666664
2022,0,2,ADP order,1487.6,11,0,0,1697.2933333333333
2022,0,2,ADP value,1535.3199999999997,10,0,0,1666.878333333333
2022,0,2,Model,1983.9599999999998,1,1,1,1669.13
2022,0,2,Blend,1806.3799999999999,4,0,0,1682.8549999999998
2022,0,3,ADP order,1680.8200000000002,7,0,0,1700.1666666666667
2022,0,3,ADP value,1650.6200000000003,7,0,0,1670.4916666666666
2022,0,3,Model,1983.9599999999998,1,1,1,1669.13
2022,0,3,Blend,1749.7599999999998,4,0,0,1672.871666666667
2022,0,4,ADP order,1873.48,2,1,0,1704.3466666666666
2022,0,4,ADP value,1775.56,4,0,0,1666.9949999999997
2022,0,4,Model,1900.78,1,1,1,1686.6599999999999
2022,0,4,Blend,1938.1600000000003,1,1,1,1674.3100000000002
2022,0,5,ADP order,2072.46,1,1,1,1695.245
2022,0,5,ADP value,1849.4599999999998,2,1,0,1673.6316666666664
2022,0,5,Model,1900.78,1,1,1,1686.6599999999999
2022,0,5,Blend,1927.5800000000002,1,1,1,1666.2816666666668
2022,0,6,ADP order,2068.06,1,1,1,1684.6666666666667
2022,0,6,ADP value,1849.4599999999998,2,1,0,1673.6316666666664
2022,0,6,Model,1900.78,1,1,1,1686.6599999999999
2022,0,6,Blend,1910.72,1,1,1,1682.6899999999998
2022,0,7,ADP order,1834.52,5,0,0,1691.5666666666668
2022,0,7,ADP value,1785.26,4,0,0,1671.2899999999997
2022,0,7,Model,1900.78,1,1,1,1686.6599999999999
2022,0,7,Blend,1929.8999999999999,1,1,1,1685.4916666666668
2022,0,8,ADP order,1746.24,5,0,0,1688.0433333333337
2022,0,8,ADP value,1683.26,5,0,0,1659.5216666666668
2022,0,8,Model,1900.78,1,1,1,1686.6599999999999
2022,0,8,Blend,1929.8999999999999,1,1,1,1685.4916666666668
2022,0,9,ADP order,1706.7599999999998,5,0,0,1682.0533333333333
2022,0,9,ADP value,1592.4999999999998,7,0,0,1660.5783333333336
2022,0,9,Model,1900.78,1,1,1,1686.6599999999999
2022,0,9,Blend,1929.8999999999999,1,1,1,1685.4916666666668
2022,0,10,ADP order,1771.6599999999996,4,0,0,1709.5316666666665
2022,0,10,ADP value,1661.8600000000004,6,0,0,1645.7066666666667
2022,0,10,Model,1900.78,1,1,1,1686.6599999999999
2022,0,10,Blend,1894.6999999999996,2,1,0,1696.2283333333332
2022,0,11,ADP order,1975.0600000000002,1,1,1,1704.6750000000002
2022,0,11,ADP value,1737.46,4,0,0,1650.8233333333335
2022,0,11,Model,1900.78,1,1,1,1686.6599999999999
2022,0,11,Blend,1894.6999999999996,2,1,0,1696.2283333333332
2022,1,0,ADP order,1453.94,12,0,0,1680.6449999999998
2022,1,0,ADP value,1802.06,3,1,0,1683.8083333333334
2022,1,0,Model,1939.9799999999998,1,1,1,1682.5649999999998
2022,1,0,Blend,1878.0400000000004,3,1,0,1690.4933333333336
2022,1,1,ADP order,1621.2999999999995,7,0,0,1669.4516666666668
2022,1,1,ADP value,1968.1200000000001,1,1,1,1685.3583333333333
2022,1,1,Model,1939.9799999999998,1,1,1,1682.5649999999998
2022,1,1,Blend,2010.3999999999996,1,1,1,1685.485
2022,1,2,ADP order,1533.14,10,0,0,1683.4350000000002
2022,1,2,ADP value,1968.1200000000001,1,1,1,1685.3583333333333
2022,1,2,Model,1953.06,1,1,1,1690.0566666666666
2022,1,2,Blend,1996.5800000000002,1,1,1,1681.0333333333335
2022,1,3,ADP order,1697.8399999999997,5,0,0,1699.7466666666667
2022,1,3,ADP value,1690.7200000000003,4,0,0,1666.9750000000001
2022,1,3,Model,1906.1599999999999,1,1,1,1664.278333333333
2022,1,3,Blend,2135.06,1,1,1,1674.7733333333333
2022,1,4,ADP order,1836.8400000000004,2,1,0,1702.3466666666666
2022,1,4,ADP value,2049.42,1,1,1,1675.7249999999997
2022,1,4,Model,1968.48,1,1,1,1676.3049999999996
2022,1,4,Blend,2135.06,1,1,1,1674.7733333333333
2022,1,5,ADP order,1829.3799999999999,2,1,0,1707.013333333333
2022,1,5,ADP value,1940.36,1,1,1,1675.8666666666666
2022,1,5,Model,2074.68,1,1,1,1683.1966666666665
2022,1,5,Blend,2165.52,1,1,1,1679.6416666666667
2022,1,6,ADP order,1698.0800000000002,4,0,0,1707.2466666666667
2022,1,6,ADP value,1542.9599999999998,12,0,0,1664.8500000000001
2022,1,6,Model,2074.68,1,1,1,1683.1966666666665
2022,1,6,Blend,2133.4399999999996,1,1,1,1685.7766666666664
2022,1,7,ADP order,1582.2800000000002,11,0,0,1693.93
2022,1,7,ADP value,1666.4600000000005,7,0,0,1689.2783333333334
2022,1,7,Model,2074.68,1,1,1,1683.1966666666665
2022,1,7,Blend,2133.4399999999996,1,1,1,1685.7766666666664
2022,1,8,ADP order,1452.8799999999999,11,0,0,1693.3816666666664
2022,1,8,ADP value,1666.4600000000005,7,0,0,1689.2783333333334
2022,1,8,Model,2074.68,1,1,1,1683.1966666666665
2022,1,8,Blend,2182.2799999999997,1,1,1,1682.4333333333332
2022,1,9,ADP order,1592.94,11,0,0,1694.545
2022,1,9,ADP value,1492.46,10,0,0,1669.0399999999997
2022,1,9,Model,2074.68,1,1,1,1683.1966666666665
2022,1,9,Blend,2030.6,1,1,1,1680.9416666666666
2022,1,10,ADP order,1678.1599999999999,8,0,0,1690.1499999999999
2022,1,10,ADP value,1713.26,7,0,0,1674.3483333333331
2022,1,10,Model,2074.68,1,1,1,1683.1966666666665
2022,1,10,Blend,1949.7,1,1,1,1683.4983333333337
2022,1,11,ADP order,1546.86,11,0,0,1692.485
2022,1,11,ADP value,1721.66,4,0,0,1665.0249999999996
2022,1,11,Model,2074.68,1,1,1,1683.1966666666667
2022,1,11,Blend,1902.5800000000004,2,1,0,1681.4300000000003
2022,2,0,ADP order,1652.36,8,0,0,1695.1449999999998
2022,2,0,ADP value,1688.04,7,0,0,1683.39
2022,2,0,Model,1891.9999999999998,3,1,0,1692.3766666666668
2022,2,0,Blend,1590.8400000000001,8,0,0,1684.8733333333337
2022,2,1,ADP order,1840.22,3,1,0,1696.5866666666664
2022,2,1,ADP value,1830.9999999999995,2,1,0,1696.9533333333336
2022,2,1,Model,1891.9999999999998,3,1,0,1692.3766666666668
2022,2,1,Blend,1669.3400000000001,8,0,0,1706.3000000000002
2022,2,2,ADP order,1753.2599999999998,4,0,0,1691.8866666666665
2022,2,2,ADP value,1808.8,3,1,0,1693.621666666667
2022,2,2,Model,1934.1599999999996,3,1,0,1691.8316666666667
2022,2,2,Blend,1663.6200000000001,9,0,0,1700.1166666666668
2022,2,3,ADP order,1818.78,3,1,0,1709.7016666666666
2022,2,3,ADP value,1863.6,2,1,0,1693.495
2022,2,3,Model,1934.1599999999996,3,1,0,1691.8316666666667
2022,2,3,Blend,1864.44,1,1,1,1701.8999999999999
2022,2,4,ADP order,1728.38,4,0,0,1703.2516666666668
2022,2,4,ADP value,1843.1599999999999,2,1,0,1698.9533333333336
2022,2,4,Model,1934.2599999999995,2,1,0,1684.0566666666666
2022,2,4,Blend,1764.3799999999999,5,0,0,1695.505
2022,2,5,ADP order,1835.6000000000001,3,1,0,1697.6599999999999
2022,2,5,ADP value,1788.6599999999999,1,1,1,1692.6133333333335
2022,2,5,Model,1898.9999999999998,2,1,0,1694.6183333333336
2022,2,5,Blend,1768.66,3,1,0,1679.721666666667
2022,2,6,ADP order,1629.6,10,0,0,1699.7016666666668
2022,2,6,ADP value,1690.66,6,0,0,1678.0383333333332
2022,2,6,Model,1977.5200000000002,1,1,1,1688.1616666666666
2022,2,6,Blend,1710.84,4,0,0,1679.5783333333336
2022,2,7,ADP order,1614.4600000000003,11,0,0,1702.4716666666666
2022,2,7,ADP value,1604.46,10,0,0,1676.6449999999998
2022,2,7,Model,1977.5200000000002,1,1,1,1688.1616666666666
2022,2,7,Blend,1823.4399999999998,3,1,0,1681.9116666666666
2022,2,8,ADP order,1665.2999999999997,6,0,0,1693.2833333333328
2022,2,8,ADP value,1550.56,10,0,0,1675.5733333333335
2022,2,8,Model,1977.5200000000002,1,1,1,1688.1616666666666
2022,2,8,Blend,1823.4399999999998,3,1,0,1681.9116666666666
2022,2,9,ADP order,1593.1200000000003,9,0,0,1687.9216666666664
2022,2,9,ADP value,1490.6599999999999,10,0,0,1674.2483333333332
2022,2,9,Model,1977.5200000000002,1,1,1,1688.1616666666666
2022,2,9,Blend,1934.2599999999995,1,1,1,1673.9083333333335
2022,2,10,ADP order,1760.4,5,0,0,1696.6533333333334
2022,2,10,ADP value,1660.16,6,0,0,1662.71
2022,2,10,Model,2069.58,1,1,1,1685.6900000000003
2022,2,10,Blend,1722.1599999999999,4,0,0,1669.8000000000002
2022,2,11,ADP order,1793.8000000000002,3,1,0,1706.54
2022,2,11,ADP value,1555.6599999999999,10,0,0,1666.5633333333335
2022,2,11,Model,1993.6599999999994,2,1,0,1683.3216666666667
2022,2,11,Blend,1722.1599999999999,4,0,0,1669.8000000000002
2022,3,0,ADP order,1480.0799999999997,12,0,0,1677.3449999999996
2022,3,0,ADP value,1494.4,11,0,0,1661.6166666666668
2022,3,0,Model,1939.46,1,1,1,1679.305
2022,3,0,Blend,1915.8800000000003,2,1,0,1674.2516666666668
2022,3,1,ADP order,1580.1800000000003,9,0,0,1678.135
2022,3,1,ADP value,1566.0,8,0,0,1663.7750000000003
2022,3,1,Model,1814.8600000000001,3,1,0,1668.5049999999999
2022,3,1,Blend,1962.8600000000001,1,1,1,1676.0166666666667
2022,3,2,ADP order,1695.1399999999999,8,0,0,1686.738333333333
2022,3,2,ADP value,1732.06,5,0,0,1666.9416666666668
2022,3,2,Model,1814.8600000000001,3,1,0,1668.505
2022,3,2,Blend,2034.3199999999997,1,1,1,1661.385
2022,3,3,ADP order,1550.84,10,0,0,1687.0049999999999
2022,3,3,ADP value,1709.0600000000002,7,0,0,1680.8633333333335
2022,3,3,Model,1968.66,1,1,1,1670.1716666666669
2022,3,3,Blend,1995.7199999999998,1,1,1,1677.4683333333332
2022,3,4,ADP order,1639.64,9,0,0,1678.6249999999998
2022,3,4,ADP value,1709.0600000000002,7,0,0,1680.8633333333335
2022,3,4,Model,1867.0599999999997,2,1,0,1669.5633333333333
2022,3,4,Blend,1904.9599999999998,2,1,0,1663.9433333333336
2022,3,5,ADP order,1862.48,2,1,0,1698.868333333333
2022,3,5,ADP value,1577.44,9,0,0,1677.0633333333333
2022,3,5,Model,1867.0599999999997,2,1,0,1669.5633333333333
2022,3,5,Blend,1904.9599999999998,2,1,0,1663.9433333333336
2022,3,6,ADP order,1751.3599999999997,4,0,0,1694.195
2022,3,6,ADP value,1619.66,9,0,0,1675.7816666666665
2022,3,6,Model,1867.0599999999997,2,1,0,1669.5633333333335
2022,3,6,Blend,1921.1,1,1,1,1684.4216666666669
2022,3,7,ADP order,1567.6000000000001,9,0,0,1674.1283333333333
2022,3,7,ADP value,1663.8599999999997,7,0,0,1678.1083333333333
2022,3,7,Model,1867.0599999999997,2,1,0,1669.5633333333335
2022,3,7,Blend,1839.82,2,1,0,1693.41
2022,3,8,ADP order,1506.3000000000002,10,0,0,1680.9816666666668
2022,3,8,ADP value,1663.8599999999997,7,0,0,1678.1083333333333
2022,3,8,Model,1923.28,2,1,0,1685.8300000000002
2022,3,8,Blend,1751.0799999999997,7,0,0,1690.845
2022,3,9,ADP order,1568.7000000000003,9,0,0,1679.5566666666666
2022,3,9,ADP value,1642.06,8,0,0,1666.4483333333335
2022,3,9,Model,1983.0799999999997,2,1,0,1676.0683333333336
2022,3,9,Blend,1835.3799999999999,2,1,0,1683.8066666666664
2022,3,10,ADP order,1665.86,7,0,0,1690.0550000000003
2022,3,10,ADP value,1765.1600000000003,3,1,0,1677.408333333333
2022,3,10,Model,1983.0799999999997,2,1,0,1676.0683333333334
2022,3,10,Blend,1808.54,4,0,0,1677.073333333333
2022,3,11,ADP order,1686.9799999999996,8,0,0,1694.2616666666665
2022,3,11,ADP value,1671.46,7,0,0,1667.875
2022,3,11,Model,1983.0799999999997,2,1,0,1676.0683333333334
2022,3,11,Blend,2039.4199999999998,1,1,1,1685.3716666666667
2022,4,0,ADP order,1682.5,8,0,0,1696.2749999999999
2022,4,0,ADP value,1727.3,6,0,0,1678.4266666666665
2022,4,0,Model,1902.5599999999997,2,1,0,1685.1633333333332
2022,4,0,Blend,1777.68,4,0,0,1685.0983333333334
2022,4,1,ADP order,1657.5600000000002,10,0,0,1691.966666666667
2022,4,1,ADP value,1820.56,4,0,0,1680.9700000000003
2022,4,1,Model,1983.58,1,1,1,1684.7816666666668
2022,4,1,Blend,1885.8799999999999,1,1,1,1679.5
2022,4,2,ADP order,1698.34,6,0,0,1693.18
2022,4,2,ADP value,1786.2599999999995,5,0,0,1683.9866666666667
2022,4,2,Model,1983.58,1,1,1,1684.7816666666668
2022,4,2,Blend,2010.9000000000005,1,1,1,1673.1416666666667
2022,4,3,ADP order,1883.3600000000001,1,1,1,1710.0933333333332
2022,4,3,ADP value,1875.7600000000004,2,1,0,1688.4800000000002
2022,4,3,Model,2046.3799999999999,1,1,1,1685.1350000000002
2022,4,3,Blend,1947.3799999999999,1,1,1,1674.405
2022,4,4,ADP order,1920.3999999999999,1,1,1,1680.5283333333334
2022,4,4,ADP value,1914.4,2,1,0,1686.5383333333332
2022,4,4,Model,2027.9799999999998,1,1,1,1685.545
2022,4,4,Blend,1887.2399999999998,1,1,1,1678.5033333333333
2022,4,5,ADP order,1955.8000000000002,1,1,1,1689.1983333333335
2022,4,5,ADP value,1879.6999999999998,2,1,0,1694.49
2022,4,5,Model,2000.6799999999996,1,1,1,1687.5033333333333
2022,4,5,Blend,1936.08,2,1,0,1681.1616666666662
2022,4,6,ADP order,2036.4,1,1,1,1680.4749999999997
2022,4,6,ADP value,1955.4400000000005,1,1,1,1694.9083333333335
2022,4,6,Model,2000.6799999999996,1,1,1,1687.5033333333333
2022,4,6,Blend,2004.7800000000002,1,1,1,1677.2849999999999
2022,4,7,ADP order,1982.66,1,1,1,1700.045
2022,4,7,ADP value,1932.6399999999999,1,1,1,1676.7849999999999
2022,4,7,Model,1998.0800000000002,1,1,1,1690.4033333333334
2022,4,7,Blend,2004.7800000000002,1,1,1,1677.2849999999999
2022,4,8,ADP order,1927.26,1,1,1,1696.168333333333
2022,4,8,ADP value,1884.84,2,1,0,1684.7849999999999
2022,4,8,Model,2051.9799999999996,1,1,1,1680.845
2022,4,8,Blend,1980.7800000000002,1,1,1,1682.8350000000003
2022,4,9,ADP order,1851.04,2,1,0,1693.8866666666663
2022,4,9,ADP value,1878.34,2,1,0,1672.7133333333331
2022,4,9,Model,2051.9799999999996,1,1,1,1680.845
2022,4,9,Blend,1939.7800000000002,1,1,1,1681.3116666666665
2022,4,10,ADP order,1851.04,2,1,0,1693.8866666666663
2022,4,10,ADP value,1846.9599999999996,1,1,1,1678.995
2022,4,10,Model,2051.9799999999996,1,1,1,1680.845
2022,4,10,Blend,1901.8,3,1,0,1678.3583333333333
2022,4,11,ADP order,1883.94,1,1,1,1695.1616666666666
2022,4,11,ADP value,1699.76,7,0,0,1687.5766666666666
2022,4,11,Model,2051.9799999999996,1,1,1,1680.845
2022,4,11,Blend,1901.8,3,1,0,1678.3583333333333
2022,5,0,ADP order,1790.8000000000002,2,1,0,1678.1449999999998
2022,5,0,ADP value,1643.3,6,0,0,1679.4399999999998
2022,5,0,Model,2051.56,1,1,1,1672.2616666666665
2022,5,0,Blend,1840.12,2,1,0,1683.1649999999997
2022,5,1,ADP order,1853.0600000000004,2,1,0,1693.2966666666669
2022,5,1,ADP value,1909.4599999999998,1,1,1,1685.7250000000001
2022,5,1,Model,1989.1599999999999,1,1,1,1669.07
2022,5,1,Blend,2089.18,1,1,1,1663.7233333333334
2022,5,2,ADP order,1836.96,3,1,0,1681.455
2022,5,2,ADP value,1739.46,5,0,0,1691.2199999999996
2022,5,2,Model,2002.26,1,1,1,1667.0950000000003
2022,5,2,Blend,2089.18,1,1,1,1663.7233333333334
2022,5,3,ADP order,1865.4599999999998,2,1,0,1678.41
2022,5,3,ADP value,1656.5600000000002,8,0,0,1688.5866666666668
2022,5,3,Model,2002.26,1,1,1,1667.0950000000003
2022,5,3,Blend,2139.3799999999997,1,1,1,1665.6900000000003
2022,5,4,ADP order,1865.4599999999998,2,1,0,1678.41
2022,5,4,ADP value,1853.1599999999999,2,1,0,1685.745
2022,5,4,Model,2014.0799999999997,1,1,1,1679.8450000000003
2022,5,4,Blend,2137.28,1,1,1,1672.8916666666667
2022,5,5,ADP order,1845.46,2,1,0,1659.4166666666667
2022,5,5,ADP value,1786.6200000000006,4,0,0,1704.1500000000003
2022,5,5,Model,1983.58,1,1,1,1673.136666666667
2022,5,5,Blend,2137.28,1,1,1,1672.8916666666667
2022,5,6,ADP order,1852.3,2,1,0,1681.8483333333336
2022,5,6,ADP value,1786.6200000000006,4,0,0,1704.1500000000003
2022,5,6,Model,1983.58,1,1,1,1673.136666666667
2022,5,6,Blend,2125.3,1,1,1,1679.1683333333333
2022,5,7,ADP order,1943.5400000000002,2,1,0,1687.8100000000002
2022,5,7,ADP value,1864.42,2,1,0,1703.5083333333332
2022,5,7,Model,1983.58,1,1,1,1673.136666666667
2022,5,7,Blend,2031.34,1,1,1,1681.2516666666668
2022,5,8,ADP order,2102.34,1,1,1,1682.926666666667
2022,5,8,ADP value,1864.42,2,1,0,1703.5083333333332
2022,5,8,Model,1983.58,1,1,1,1673.136666666667
2022,5,8,Blend,2031.34,1,1,1,1681.2516666666668
2022,5,9,ADP order,2006.84,1,1,1,1665.7066666666667
2022,5,9,ADP value,1748.62,6,0,0,1700.3283333333331
2022,5,9,Model,2083.9799999999996,1,1,1,1670.4399999999998
2022,5,9,Blend,2118.4399999999996,1,1,1,1678.2916666666663
2022,5,10,ADP order,1852.7799999999997,2,1,0,1680.493333333333
2022,5,10,ADP value,1619.96,9,0,0,1700.403333333333
2022,5,10,Model,2083.9799999999996,1,1,1,1670.4399999999998
2022,5,10,Blend,2118.4399999999996,1,1,1,1678.2916666666663
2022,5,11,ADP order,2027.12,1,1,1,1681.3783333333333
2022,5,11,ADP value,1718.6599999999999,5,0,0,1687.6899999999998
2022,5,11,Model,2083.9799999999996,1,1,1,1670.4399999999998
2022,5,11,Blend,2152.56,1,1,1,1685.6650000000006
2022,6,0,ADP order,1718.28,6,0,0,1695.0799999999997
2022,6,0,ADP value,1852.48,1,1,1,1706.0599999999997
2022,6,0,Model,1988.5599999999997,1,1,1,1695.5183333333334
2022,6,0,Blend,1931.9200000000003,1,1,1,1694.5033333333338
2022,6,1,ADP order,1851.6400000000003,2,1,0,1695.2716666666665
2022,6,1,ADP value,1979.5399999999997,1,1,1,1706.968333333333
2022,6,1,Model,1988.5599999999997,1,1,1,1695.5183333333334
2022,6,1,Blend,1813.98,4,0,0,1687.1533333333336
2022,6,2,ADP order,1683.06,6,0,0,1687.7583333333334
2022,6,2,ADP value,2150.02,1,1,1,1693.9350000000002
2022,6,2,Model,1904.56,3,1,0,1704.3733333333332
2022,6,2,Blend,1829.8800000000003,4,0,0,1687.9283333333335
2022,6,3,ADP order,1926.0,1,1,1,1697.323333333333
2022,6,3,ADP value,1867.8800000000003,2,1,0,1707.4216666666664
2022,6,3,Model,1904.56,3,1,0,1704.3733333333332
2022,6,3,Blend,1723.12,6,0,0,1679.4116666666669
2022,6,4,ADP order,1716.7999999999997,6,0,0,1683.8999999999999
2022,6,4,ADP value,1954.8599999999997,1,1,1,1695.8116666666667
2022,6,4,Model,1967.6799999999996,2,1,0,1693.41
2022,6,4,Blend,1764.8199999999997,6,0,0,1692.918333333333
2022,6,5,ADP order,1765.6999999999998,3,1,0,1672.6833333333334
2022,6,5,ADP value,1708.5599999999997,6,0,0,1701.7700000000002
2022,6,5,Model,1967.6799999999996,2,1,0,1693.41
2022,6,5,Blend,1978.66,1,1,1,1686.5699999999997
2022,6,6,ADP order,1473.9999999999998,10,0,0,1661.4883333333335
2022,6,6,ADP value,1916.2600000000002,1,1,1,1693.0283333333334
2022,6,6,Model,1926.8200000000002,2,1,0,1696.1383333333333
2022,6,6,Blend,1978.66,1,1,1,1686.5699999999997
2022,6,7,ADP order,1847.7800000000002,3,1,0,1692.745
2022,6,7,ADP value,1748.66,6,0,0,1690.0150000000003
2022,6,7,Model,1926.8200000000002,2,1,0,1696.1383333333333
2022,6,7,Blend,1867.86,3,1,0,1686.863333333333
2022,6,8,ADP order,1943.04,1,1,1,1692.8466666666666
2022,6,8,ADP value,1801.3600000000001,4,0,0,1686.4516666666668
2022,6,8,Model,1926.8200000000002,2,1,0,1696.1383333333333
2022,6,8,Blend,1867.86,3,1,0,1686.8633333333335
2022,6,9,ADP order,1837.6800000000003,3,1,0,1684.9016666666664
2022,6,9,ADP value,1859.06,3,1,0,1686.626666666667
2022,6,9,Model,2042.6800000000003,1,1,1,1685.5949999999996
2022,6,9,Blend,2003.7600000000002,1,1,1,1686.4316666666666
2022,6,10,ADP order,1719.08,6,0,0,1682.5766666666666
2022,6,10,ADP value,1747.1599999999999,5,0,0,1664.7066666666667
2022,6,10,Model,2042.6800000000003,1,1,1,1685.595
2022,6,10,Blend,2003.7600000000002,1,1,1,1686.4316666666664
2022,6,11,ADP order,1727.1799999999998,6,0,0,1681.9183333333333
2022,6,11,ADP value,1756.3599999999997,4,0,0,1670.7033333333331
2022,6,11,Model,1986.76,1,1,1,1686.138333333333
2022,6,11,Blend,1964.4599999999998,1,1,1,1685.6149999999998
2022,7,0,ADP order,1317.38,12,0,0,1692.2733333333338
2022,7,0,ADP value,1616.4400000000003,9,0,0,1678.1350000000002
2022,7,0,Model,1913.06,1,1,1,1702.03
2022,7,0,Blend,1980.5199999999998,1,1,1,1674.7750000000003
2022,7,1,ADP order,1614.24,10,0,0,1683.6350000000002
2022,7,1,ADP value,1778.3999999999999,2,1,0,1676.545
2022,7,1,Model,1875.5999999999997,3,1,0,1680.6783333333333
2022,7,1,Blend,2038.9800000000002,1,1,1,1687.735
2022,7,2,ADP order,1696.04,7,0,0,1685.2849999999999
2022,7,2,ADP value,1880.7,1,1,1,1679.6866666666667
2022,7,2,Model,1875.5999999999997,3,1,0,1680.6783333333333
2022,7,2,Blend,2038.9800000000002,1,1,1,1687.735
2022,7,3,ADP order,1608.24,10,0,0,1693.531666666667
2022,7,3,ADP value,1784.6399999999999,1,1,1,1695.631666666667
2022,7,3,Model,1977.5200000000002,1,1,1,1679.905
2022,7,3,Blend,2132.8199999999997,1,1,1,1673.9016666666669
2022,7,4,ADP order,1669.96,6,0,0,1682.39
2022,7,4,ADP value,1888.74,1,1,1,1695.1816666666666
2022,7,4,Model,1977.5200000000002,1,1,1,1679.905
2022,7,4,Blend,2265.92,1,1,1,1675.5483333333339
2022,7,5,ADP order,1657.1600000000003,7,0,0,1681.755
2022,7,5,ADP value,1909.4999999999998,1,1,1,1683.9466666666667
2022,7,5,Model,1977.5200000000002,1,1,1,1679.905
2022,7,5,Blend,2173.02,1,1,1,1675.1316666666664
2022,7,6,ADP order,1723.4,3,1,0,1684.03
2022,7,6,ADP value,2010.74,1,1,1,1689.2200000000003
2022,7,6,Model,1977.5200000000002,1,1,1,1679.905
2022,7,6,Blend,2080.7,1,1,1,1675.5433333333333
2022,7,7,ADP order,1653.5,8,0,0,1686.5716666666667
2022,7,7,ADP value,1500.26,11,0,0,1673.631666666667
2022,7,7,Model,1977.5200000000002,1,1,1,1679.905
2022,7,7,Blend,2080.7,1,1,1,1675.5433333333333
2022,7,8,ADP order,1722.0799999999997,5,0,0,1674.7849999999999
2022,7,8,ADP value,1572.3599999999997,11,0,0,1683.8883333333333
2022,7,8,Model,1977.5200000000002,1,1,1,1679.905
2022,7,8,Blend,2046.9000000000003,1,1,1,1690.22
2022,7,9,ADP order,1750.18,3,1,0,1673.6566666666665
2022,7,9,ADP value,1671.4599999999998,8,0,0,1684.346666666667
2022,7,9,Model,2023.4799999999996,1,1,1,1676.243333333333
2022,7,9,Blend,1966.2,1,1,1,1685.2383333333335
2022,7,10,ADP order,1702.8200000000004,7,0,0,1682.54
2022,7,10,ADP value,1598.6599999999999,11,0,0,1671.5383333333336
2022,7,10,Model,2023.4799999999996,1,1,1,1676.243333333333
2022,7,10,Blend,1966.2,1,1,1,1685.2383333333335
2022,7,11,ADP order,1762.62,4,0,0,1678.2066666666667
2022,7,11,ADP value,1607.7600000000002,8,0,0,1667.5133333333335
2022,7,11,Model,1992.0800000000002,1,1,1,1669.8950000000002
2022,7,11,Blend,2007.46,1,1,1,1682.5383333333336
2022,8,0,ADP order,1850.7000000000003,2,1,0,1691.7583333333332
2022,8,0,ADP value,1715.34,7,0,0,1692.5516666666665
2022,8,0,Model,1960.16,1,1,1,1673.3083333333334
2022,8,0,Blend,1951.5,1,1,1,1687.5349999999999
2022,8,1,ADP order,1860.56,2,1,0,1689.715
2022,8,1,ADP value,1780.5399999999997,4,0,0,1667.1966666666667
2022,8,1,Model,1960.16,1,1,1,1673.3083333333334
2022,8,1,Blend,1898.4,1,1,1,1670.2266666666665
2022,8,2,ADP order,1899.7199999999998,1,1,1,1690.45
2022,8,2,ADP value,1811.72,3,1,0,1665.4333333333334
2022,8,2,Model,1960.16,1,1,1,1673.3083333333334
2022,8,2,Blend,1906.16,1,1,1,1645.6449999999998
2022,8,3,ADP order,1676.3200000000002,8,0,0,1696.6816666666666
2022,8,3,ADP value,1742.12,4,0,0,1665.9633333333331
2022,8,3,Model,1917.6599999999999,2,1,0,1702.2800000000004
2022,8,3,Blend,1906.16,1,1,1,1645.6449999999998
2022,8,4,ADP order,1891.3799999999999,1,1,1,1678.3950000000002
2022,8,4,ADP value,1879.5,2,1,0,1673.8433333333332
2022,8,4,Model,1913.06,2,1,0,1701.9300000000003
2022,8,4,Blend,1906.16,1,1,1,1645.6449999999998
2022,8,5,ADP order,1869.7800000000002,3,1,0,1687.8783333333333
2022,8,5,ADP value,1870.0000000000002,2,1,0,1675.4016666666666
2022,8,5,Model,1934.38,1,1,1,1687.9233333333332
2022,8,5,Blend,1820.36,2,1,0,1653.6666666666667
2022,8,6,ADP order,1923.6800000000003,1,1,1,1678.3116666666667
2022,8,6,ADP value,1822.7399999999998,3,1,0,1676.515
2022,8,6,Model,1934.38,1,1,1,1687.9233333333339
2022,8,6,Blend,1820.36,2,1,0,1653.6666666666667
2022,8,7,ADP order,1799.5800000000002,5,0,0,1690.7383333333337
2022,8,7,ADP value,1723.5400000000002,5,0,0,1684.3516666666667
2022,8,7,Model,2068.58,1,1,1,1681.2816666666668
2022,8,7,Blend,1718.1800000000003,6,0,0,1661.74
2022,8,8,ADP order,1723.7800000000002,5,0,0,1686.3550000000002
2022,8,8,ADP value,1740.74,5,0,0,1662.0433333333337
2022,8,8,Model,2068.58,1,1,1,1681.2816666666668
2022,8,8,Blend,1868.24,2,1,0,1672.4416666666668
2022,8,9,ADP order,1687.7799999999997,7,0,0,1680.0633333333335
2022,8,9,ADP value,1597.6599999999999,9,0,0,1656.3933333333334
2022,8,9,Model,2068.58,1,1,1,1681.2816666666668
2022,8,9,Blend,1868.24,2,1,0,1672.4416666666668
2022,8,10,ADP order,1660.2800000000004,8,0,0,1664.0966666666666
2022,8,10,ADP value,1626.7599999999998,8,0,0,1660.0366666666669
2022,8,10,Model,2048.48,1,1,1,1688.181666666667
2022,8,10,Blend,2019.3799999999999,1,1,1,1676.6366666666665
2022,8,11,ADP order,1645.1799999999998,9,0,0,1681.4800000000002
2022,8,11,ADP value,1586.8600000000001,9,0,0,1663.9866666666667
2022,8,11,Model,2048.48,1,1,1,1688.181666666667
2022,8,11,Blend,1994.7799999999997,1,1,1,1658.6166666666668
2022,9,0,ADP order,1718.76,6,0,0,1669.956666666667
2022,9,0,ADP value,1572.2,9,0,0,1670.283333333333
2022,9,0,Model,1967.08,1,1,1,1679.1816666666666
2022,9,0,Blend,1843.48,3,1,0,1684.3500000000001
2022,9,1,ADP order,1828.1199999999997,2,1,0,1663.2716666666668
2022,9,1,ADP value,1690.26,5,0,0,1671.118333333333
2022,9,1,Model,1890.0799999999997,2,1,0,1672.6233333333332
2022,9,1,Blend,1947.34,1,1,1,1674.9333333333332
2022,9,2,ADP order,1937.6000000000004,2,1,0,1686.8950000000004
2022,9,2,ADP value,1644.7200000000003,9,0,0,1684.1883333333335
2022,9,2,Model,1890.0799999999997,2,1,0,1672.6233333333332
2022,9,2,Blend,1909.1199999999994,2,1,0,1680.3933333333334
2022,9,3,ADP order,1676.1200000000003,6,0,0,1678.1450000000002
2022,9,3,ADP value,1701.6200000000003,5,0,0,1674.6316666666664
2022,9,3,Model,1890.0799999999997,2,1,0,1672.6233333333332
2022,9,3,Blend,1909.1199999999994,2,1,0,1680.3933333333334
2022,9,4,ADP order,1777.3,2,1,0,1677.9450000000004
2022,9,4,ADP value,1817.62,2,1,0,1673.04
2022,9,4,Model,1960.08,2,1,0,1675.9366666666667
2022,9,4,Blend,1909.1199999999994,2,1,0,1680.3933333333334
2022,9,5,ADP order,1920.7000000000003,1,1,1,1677.8100000000002
2022,9,5,ADP value,1828.9199999999996,2,1,0,1667.55
2022,9,5,Model,2064.38,1,1,1,1685.0033333333333
2022,9,5,Blend,1909.1199999999994,2,1,0,1680.3933333333334
2022,9,6,ADP order,1952.8000000000002,1,1,1,1681.4016666666669
2022,9,6,ADP value,1828.9199999999996,2,1,0,1667.55
2022,9,6,Model,2048.1599999999994,1,1,1,1690.363333333333
2022,9,6,Blend,2223.54,1,1,1,1684.3033333333333
2022,9,7,ADP order,1578.04,9,0,0,1688.6500000000003
2022,9,7,ADP value,1731.46,4,0,0,1671.2666666666667
2022,9,7,Model,2048.1599999999994,1,1,1,1690.363333333333
2022,9,7,Blend,1961.7599999999998,2,1,0,1668.8099999999997
2022,9,8,ADP order,1503.2399999999996,10,0,0,1683.1416666666664
2022,9,8,ADP value,1598.7600000000004,7,0,0,1661.1450000000002
2022,9,8,Model,2048.1599999999994,1,1,1,1690.3633333333335
2022,9,8,Blend,1961.7599999999998,2,1,0,1668.8099999999997
2022,9,9,ADP order,1478.4800000000002,11,0,0,1675.8100000000002
2022,9,9,ADP value,1603.4600000000003,8,0,0,1681.7783333333334
2022,9,9,Model,2048.1599999999994,1,1,1,1690.363333333333
2022,9,9,Blend,1961.7599999999998,2,1,0,1668.8099999999997
2022,9,10,ADP order,1484.9199999999998,11,0,0,1681.68
2022,9,10,ADP value,1539.2600000000002,7,0,0,1658.09
2022,9,10,Model,1955.0799999999997,1,1,1,1672.64
2022,9,10,Blend,1748.8200000000002,4,0,0,1670.3216666666665
2022,9,11,ADP order,1604.6399999999999,8,0,0,1690.5133333333333
2022,9,11,ADP value,1634.68,5,0,0,1648.67
2022,9,11,Model,1880.52,1,1,1,1680.1283333333333
2022,9,11,Blend,1748.8200000000002,4,0,0,1670.3216666666665
2022,10,0,ADP order,1681.3999999999999,6,0,0,1685.698333333333
2022,10,0,ADP value,1661.7999999999997,7,0,0,1687.86
2022,10,0,Model,1844.0599999999997,3,1,0,1688.3799999999999
2022,10,0,Blend,1932.9399999999998,2,1,0,1676.1766666666663
2022,10,1,ADP order,1842.0599999999995,4,0,0,1681.7699999999998
2022,10,1,ADP value,1680.52,7,0,0,1662.4233333333332
2022,10,1,Model,1844.0599999999997,3,1,0,1688.3799999999999
2022,10,1,Blend,2027.3000000000002,1,1,1,1665.4599999999998
2022,10,2,ADP order,1783.2199999999998,4,0,0,1702.7816666666665
2022,10,2,ADP value,1655.0200000000002,8,0,0,1660.8649999999998
2022,10,2,Model,1873.8799999999997,2,1,0,1691.198333333333
2022,10,2,Blend,2072.1,1,1,1,1666.8433333333332
2022,10,3,ADP order,1681.6400000000003,7,0,0,1689.2466666666667
2022,10,3,ADP value,1625.02,8,0,0,1663.5133333333333
2022,10,3,Model,1873.8799999999997,2,1,0,1691.198333333333
2022,10,3,Blend,2120.94,1,1,1,1672.58
2022,10,4,ADP order,1752.24,6,0,0,1694.2300000000002
2022,10,4,ADP value,1640.5200000000002,7,0,0,1658.9466666666667
2022,10,4,Model,1873.8799999999997,2,1,0,1691.198333333333
2022,10,4,Blend,2078.94,1,1,1,1677.113333333333
2022,10,5,ADP order,1549.4199999999998,10,0,0,1683.9683333333332
2022,10,5,ADP value,1544.5600000000002,10,0,0,1661.4133333333332
2022,10,5,Model,1873.8799999999997,2,1,0,1691.198333333333
2022,10,5,Blend,1979.62,1,1,1,1679.0699999999997
2022,10,6,ADP order,1825.96,3,1,0,1672.8
2022,10,6,ADP value,1568.1600000000003,8,0,0,1665.0883333333331
2022,10,6,Model,1873.8799999999997,2,1,0,1691.198333333333
2022,10,6,Blend,1918.02,1,1,1,1691.1616666666669
2022,10,7,ADP order,1862.44,3,1,0,1685.9633333333334
2022,10,7,ADP value,1539.36,8,0,0,1661.9983333333337
2022,10,7,Model,1908.08,2,1,0,1690.6649999999997
2022,10,7,Blend,1918.02,1,1,1,1691.1616666666669
2022,10,8,ADP order,1618.42,9,0,0,1685.3683333333338
2022,10,8,ADP value,1463.8599999999997,12,0,0,1658.1533333333334
2022,10,8,Model,1851.42,3,1,0,1681.0016666666663
2022,10,8,Blend,1813.84,2,1,0,1685.5600000000002
2022,10,9,ADP order,1602.5199999999998,9,0,0,1684.3933333333337
2022,10,9,ADP value,1457.2599999999998,11,0,0,1666.1116666666667
2022,10,9,Model,1851.42,3,1,0,1681.0016666666663
2022,10,9,Blend,1902.7400000000002,1,1,1,1685.131666666667
2022,10,10,ADP order,1764.0400000000002,4,0,0,1691.341666666667
2022,10,10,ADP value,1698.66,7,0,0,1695.9216666666664
2022,10,10,Model,1851.42,3,1,0,1681.0016666666668
2022,10,10,Blend,1859.24,1,1,1,1683.8566666666668
2022,10,11,ADP order,1698.96,6,0,0,1697.3366666666668
2022,10,11,ADP value,1808.4599999999996,2,1,0,1676.4683333333332
2022,10,11,Model,1851.42,3,1,0,1681.0016666666663
2022,10,11,Blend,1955.92,1,1,1,1681.4733333333334
2022,11,0,ADP order,1706.7000000000005,4,0,0,1651.8133333333335
2022,11,0,ADP value,1618.4,8,0,0,1679.2866666666666
2022,11,0,Model,1960.26,1,1,1,1663.0149999999996
2022,11,0,Blend,2025.8799999999999,1,1,1,1681.5416666666667
2022,11,1,ADP order,1518.18,11,0,0,1698.7483333333332
2022,11,1,ADP value,1500.3999999999996,11,0,0,1681.5199999999998
2022,11,1,Model,1960.26,1,1,1,1663.0149999999996
2022,11,1,Blend,1953.5800000000002,1,1,1,1684.0833333333333
2022,11,2,ADP order,1805.1399999999999,3,1,0,1679.8783333333333
2022,11,2,ADP value,1746.96,3,1,0,1688.9783333333332
2022,11,2,Model,1937.0600000000002,1,1,1,1671.1266666666668
2022,11,2,Blend,2041.4200000000003,1,1,1,1670.7
2022,11,3,ADP order,1989.74,2,1,0,1698.6999999999998
2022,11,3,ADP value,1719.2599999999998,4,0,0,1688.6616666666666
2022,11,3,Model,1937.0600000000002,1,1,1,1671.1266666666668
2022,11,3,Blend,2106.8199999999997,1,1,1,1668.3133333333333
2022,11,4,ADP order,2118.8,1,1,1,1684.2333333333333
2022,11,4,ADP value,1654.3799999999999,8,0,0,1685.4333333333334
2022,11,4,Model,1937.0600000000002,1,1,1,1671.1266666666668
2022,11,4,Blend,2084.92,1,1,1,1680.4766666666665
2022,11,5,ADP order,2039.6000000000004,1,1,1,1682.7166666666665
2022,11,5,ADP value,1774.52,4,0,0,1684.4083333333335
2022,11,5,Model,1937.0600000000002,1,1,1,1671.1266666666668
2022,11,5,Blend,2062.2200000000003,1,1,1,1683.3616666666665
2022,11,6,ADP order,2034.0400000000002,1,1,1,1702.5383333333332
2022,11,6,ADP value,1719.52,6,0,0,1690.6000000000001
2022,11,6,Model,2024.56,1,1,1,1694.0983333333334
2022,11,6,Blend,2062.2200000000003,1,1,1,1683.3616666666665
2022,11,7,ADP order,1680.4400000000003,7,0,0,1702.5049999999999
2022,11,7,ADP value,1734.8600000000001,6,0,0,1708.0783333333331
2022,11,7,Model,2024.56,1,1,1,1694.0983333333334
2022,11,7,Blend,2094.48,1,1,1,1692.0783333333336
2022,11,8,ADP order,1922.1200000000001,2,1,0,1701.4166666666667
2022,11,8,ADP value,1801.5600000000002,4,0,0,1677.325
2022,11,8,Model,2024.56,1,1,1,1694.0983333333334
2022,11,8,Blend,2055.24,1,1,1,1692.4616666666661
2022,11,9,ADP order,1940.4400000000003,2,1,0,1702.6616666666666
2022,11,9,ADP value,1801.5600000000002,4,0,0,1677.325
2022,11,9,Model,2055.58,1,1,1,1658.7666666666667
2022,11,9,Blend,2056.2200000000003,1,1,1,1676.7583333333332
2022,11,10,ADP order,1974.4600000000003,2,1,0,1696.5816666666667
2022,11,10,ADP value,1859.1600000000003,2,1,0,1694.006666666667
2022,11,10,Model,2055.58,1,1,1,1658.7666666666667
2022,11,10,Blend,1995.0200000000002,1,1,1,1662.6333333333332
2022,11,11,ADP order,2018.6600000000003,1,1,1,1700.3566666666668
2022,11,11,ADP value,2005.36,2,1,0,1693.131666666667
2022,11,11,Model,2055.58,1,1,1,1658.7666666666664
2022,11,11,Blend,1995.0200000000002,1,1,1,1662.6333333333334
2022,12,0,ADP order,1542.72,11,0,0,1687.8066666666666
2022,12,0,ADP value,1447.6,12,0,0,1662.1633333333336
2022,12,0,Model,1943.5600000000004,1,1,1,1693.9000000000003
2022,12,0,Blend,1997.02,1,1,1,1685.3016666666665
2022,12,1,ADP order,1691.92,6,0,0,1690.2883333333332
2022,12,1,ADP value,1406.3000000000002,12,0,0,1662.2800000000004
2022,12,1,Model,1901.9799999999996,1,1,1,1693.8400000000001
2022,12,1,Blend,1954.48,1,1,1,1671.1983333333335
2022,12,2,ADP order,1745.1800000000003,5,0,0,1706.78
2022,12,2,ADP value,1559.6599999999999,10,0,0,1707.22
2022,12,2,Model,1980.4799999999998,1,1,1,1693.7383333333335
2022,12,2,Blend,2227.04,1,1,1,1670.5483333333334
2022,12,3,ADP order,1788.38,5,0,0,1715.13
2022,12,3,ADP value,1546.0599999999997,10,0,0,1700.426666666667
2022,12,3,Model,2063.2599999999998,1,1,1,1693.595
2022,12,3,Blend,2186.3799999999997,1,1,1,1692.1916666666666
2022,12,4,ADP order,1736.5200000000002,4,0,0,1681.4216666666669
2022,12,4,ADP value,1791.46,3,1,0,1689.2583333333334
2022,12,4,Model,2061.08,1,1,1,1693.1966666666667
2022,12,4,Blend,2090.62,1,1,1,1685.9116666666666
2022,12,5,ADP order,1757.92,5,0,0,1703.035
2022,12,5,ADP value,1658.36,8,0,0,1688.1333333333334
2022,12,5,Model,2061.08,1,1,1,1693.1966666666667
2022,12,5,Blend,2090.62,1,1,1,1685.9116666666666
2022,12,6,ADP order,1665.1200000000003,8,0,0,1703.5516666666665
2022,12,6,ADP value,1545.7600000000002,10,0,0,1654.3166666666668
2022,12,6,Model,2061.08,1,1,1,1693.1966666666667
2022,12,6,Blend,2090.62,1,1,1,1685.9116666666666
2022,12,7,ADP order,1676.3799999999999,8,0,0,1709.9883333333335
2022,12,7,ADP value,1481.96,10,0,0,1660.1050000000005
2022,12,7,Model,2061.08,1,1,1,1693.1966666666667
2022,12,7,Blend,2090.62,1,1,1,1685.9116666666666
2022,12,8,ADP order,1772.6200000000001,3,1,0,1706.4066666666668
2022,12,8,ADP value,1521.3599999999997,10,0,0,1658.7800000000004
2022,12,8,Model,2061.08,1,1,1,1693.1966666666667
2022,12,8,Blend,1950.9200000000003,1,1,1,1664.1033333333332
2022,12,9,ADP order,1737.8800000000003,6,0,0,1698.545
2022,12,9,ADP value,1497.36,12,0,0,1662.3666666666668
2022,12,9,Model,2145.2799999999993,1,1,1,1676.3933333333332
2022,12,9,Blend,1834.7199999999998,3,1,0,1686.0650000000003
2022,12,10,ADP order,1612.38,9,0,0,1700.1300000000003
2022,12,10,ADP value,1493.5200000000002,12,0,0,1670.9383333333335
2022,12,10,Model,2145.2799999999993,1,1,1,1676.3933333333332
2022,12,10,Blend,1801.2199999999996,3,1,0,1690.9683333333335
2022,12,11,ADP order,1644.38,8,0,0,1692.0616666666665
2022,12,11,ADP value,1429.72,12,0,0,1677.1233333333337
2022,12,11,Model,2128.58,1,1,1,1685.8100000000002
2022,12,11,Blend,1778.0,4,0,0,1665.5600000000002
2022,13,0,ADP order,1504.6800000000003,10,0,0,1690.1449999999998
2022,13,0,ADP value,1650.2199999999998,7,0,0,1675.5383333333336
2022,13,0,Model,2023.0600000000004,2,1,0,1677.14
2022,13,0,Blend,2097.38,1,1,1,1682.66
2022,13,1,ADP order,1551.78,10,0,0,1698.1350000000002
2022,13,1,ADP value,1834.2800000000002,2,1,0,1679.7300000000002
2022,13,1,Model,2013.6599999999999,2,1,0,1690.9616666666668
2022,13,1,Blend,2148.22,1,1,1,1687.7616666666665
2022,13,2,ADP order,1551.78,10,0,0,1698.1350000000002
2022,13,2,ADP value,1834.2800000000002,2,1,0,1679.7300000000002
2022,13,2,Model,2013.6599999999999,2,1,0,1690.9616666666668
2022,13,2,Blend,2148.22,1,1,1,1687.7616666666665
2022,13,3,ADP order,1657.24,8,0,0,1679.6033333333332
2022,13,3,ADP value,1801.3999999999999,5,0,0,1694.8316666666663
2022,13,3,Model,2013.6599999999999,2,1,0,1690.9616666666668
2022,13,3,Blend,2191.62,1,1,1,1679.0716666666665
2022,13,4,ADP order,1820.54,4,0,0,1678.3199999999997
2022,13,4,ADP value,2003.3600000000001,1,1,1,1685.1449999999998
2022,13,4,Model,2013.6599999999999,2,1,0,1690.9616666666668
2022,13,4,Blend,2191.62,1,1,1,1679.0716666666665
2022,13,5,ADP order,1717.48,7,0,0,1678.4433333333334
2022,13,5,ADP value,1849.2799999999995,1,1,1,1661.7149999999995
2022,13,5,Model,2013.6599999999999,2,1,0,1690.9616666666668
2022,13,5,Blend,2107.2,1,1,1,1680.2733333333333
2022,13,6,ADP order,1710.6399999999999,6,0,0,1672.9833333333333
2022,13,6,ADP value,1889.3,1,1,1,1685.845
2022,13,6,Model,2013.6599999999999,2,1,0,1690.9616666666668
2022,13,6,Blend,2107.2,1,1,1,1680.2733333333333
2022,13,7,ADP order,1926.4600000000003,2,1,0,1670.3300000000002
2022,13,7,ADP value,1889.8,3,1,0,1685.755
2022,13,7,Model,2013.6599999999999,2,1,0,1690.9616666666668
2022,13,7,Blend,2107.2,1,1,1,1680.2733333333333
2022,13,8,ADP order,1786.3999999999999,5,0,0,1660.205
2022,13,8,ADP value,1737.7,5,0,0,1681.9633333333334
2022,13,8,Model,2013.6599999999999,2,1,0,1690.9616666666668
2022,13,8,Blend,2107.2,1,1,1,1680.2733333333333
2022,13,9,ADP order,1771.6999999999998,5,0,0,1686.4966666666662
2022,13,9,ADP value,1760.74,5,0,0,1682.0283333333334
2022,13,9,Model,2013.6599999999999,2,1,0,1690.9616666666668
2022,13,9,Blend,2070.2000000000003,1,1,1,1686.956666666667
2022,13,10,ADP order,1792.0399999999997,5,0,0,1689.2800000000004
2022,13,10,ADP value,1652.2599999999998,7,0,0,1663.5516666666665
2022,13,10,Model,2013.6599999999999,2,1,0,1690.9616666666668
2022,13,10,Blend,2070.2000000000003,1,1,1,1686.956666666667
2022,13,11,ADP order,1770.3400000000004,4,0,0,1688.6850000000002
2022,13,11,ADP value,1801.3600000000001,4,0,0,1683.4166666666667
2022,13,11,Model,2013.6599999999999,2,1,0,1690.9616666666668
2022,13,11,Blend,2001.8,2,1,0,1688.3283333333336
2022,14,0,ADP order,1915.1999999999998,3,1,0,1671.1733333333332
2022,14,0,ADP value,1626.96,6,0,0,1670.5483333333334
2022,14,0,Model,2060.68,1,1,1,1703.3883333333333
2022,14,0,Blend,2038.8400000000001,1,1,1,1712.4799999999998
2022,14,1,ADP order,2029.86,1,1,1,1669.581666666667
2022,14,1,ADP value,1773.6999999999998,3,1,0,1685.8716666666667
2022,14,1,Model,2060.68,1,1,1,1703.3883333333333
2022,14,1,Blend,2117.5999999999995,1,1,1,1706.655
2022,14,2,ADP order,2021.56,1,1,1,1670.9816666666668
2022,14,2,ADP value,1816.4000000000003,4,0,0,1680.1333333333332
2022,14,2,Model,1955.0599999999997,2,1,0,1694.2916666666667
2022,14,2,Blend,2117.5999999999995,1,1,1,1706.655
2022,14,3,ADP order,1963.12,1,1,1,1672.4233333333339
2022,14,3,ADP value,1858.8999999999999,2,1,0,1666.2116666666668
2022,14,3,Model,2014.0799999999997,1,1,1,1698.9416666666666
2022,14,3,Blend,2111.3999999999996,1,1,1,1707.2133333333331
2022,14,4,ADP order,2119.28,1,1,1,1686.14
2022,14,4,ADP value,2006.42,2,1,0,1660.263333333333
2022,14,4,Model,2014.0799999999997,1,1,1,1698.9416666666666
2022,14,4,Blend,2125.1,1,1,1,1708.505
2022,14,5,ADP order,2157.68,1,1,1,1692.3883333333333
2022,14,5,ADP value,1943.2199999999998,2,1,0,1666.405
2022,14,5,Model,2014.0799999999997,1,1,1,1698.9416666666666
2022,14,5,Blend,2144.5,1,1,1,1706.6883333333333
2022,14,6,ADP order,2021.28,1,1,1,1665.5983333333331
2022,14,6,ADP value,1943.2199999999998,2,1,0,1666.405
2022,14,6,Model,2022.6799999999996,1,1,1,1698.8916666666664
2022,14,6,Blend,2085.7999999999997,1,1,1,1705.8083333333334
2022,14,7,ADP order,1853.6799999999998,2,1,0,1667.4199999999998
2022,14,7,ADP value,1785.4599999999998,2,1,0,1653.11
2022,14,7,Model,2022.6799999999996,1,1,1,1698.8916666666664
2022,14,7,Blend,1978.8400000000001,1,1,1,1709.5083333333334
2022,14,8,ADP order,1801.6200000000003,3,1,0,1668.071666666667
2022,14,8,ADP value,1845.6599999999999,2,1,0,1666.4683333333332
2022,14,8,Model,2022.6799999999996,1,1,1,1698.8916666666667
2022,14,8,Blend,1986.2399999999996,1,1,1,1708.255
2022,14,9,ADP order,1907.2399999999998,1,1,1,1660.3716666666667
2022,14,9,ADP value,1907.06,2,1,0,1685.8533333333332
2022,14,9,Model,1931.36,2,1,0,1691.1933333333334
2022,14,9,Blend,1986.2399999999996,1,1,1,1708.2549999999999
2022,14,10,ADP order,1983.4399999999998,1,1,1,1661.905
2022,14,10,ADP value,1955.7400000000002,1,1,1,1674.0100000000002
2022,14,10,Model,1939.06,1,1,1,1705.71
2022,14,10,Blend,1994.6799999999998,1,1,1,1698.791666666667
2022,14,11,ADP order,1767.2200000000003,4,0,0,1673.631666666667
2022,14,11,ADP value,1738.8400000000001,5,0,0,1662.785
2022,14,11,Model,1986.76,1,1,1,1694.6099999999997
2022,14,11,Blend,2026.7799999999997,1,1,1,1690.8049999999996
2022,15,0,ADP order,1552.14,8,0,0,1677.4916666666668
2022,15,0,ADP value,1601.54,8,0,0,1679.6483333333333
2022,15,0,Model,1956.0000000000002,1,1,1,1677.7949999999998
2022,15,0,Blend,1864.2400000000002,3,1,0,1687.3983333333335
2022,15,1,ADP order,1375.5000000000002,12,0,0,1667.8100000000004
2022,15,1,ADP value,1542.9999999999995,11,0,0,1688.3766666666663
2022,15,1,Model,1947.86,1,1,1,1667.0166666666667
2022,15,1,Blend,1899.6399999999999,3,1,0,1680.4899999999998
2022,15,2,ADP order,1771.5400000000002,6,0,0,1703.1916666666666
2022,15,2,ADP value,1689.76,5,0,0,1673.1733333333332
2022,15,2,Model,1979.56,1,1,1,1672.9250000000002
2022,15,2,Blend,1875.38,1,1,1,1683.6283333333333
2022,15,3,ADP order,1862.7,2,1,0,1695.0900000000001
2022,15,3,ADP value,2075.1600000000003,2,1,0,1674.1249999999998
2022,15,3,Model,2046.58,1,1,1,1671.5266666666669
2022,15,3,Blend,2007.28,1,1,1,1694.675
2022,15,4,ADP order,1919.8400000000004,2,1,0,1679.0399999999997
2022,15,4,ADP value,1869.46,2,1,0,1670.6816666666666
2022,15,4,Model,2046.58,1,1,1,1671.5266666666669
2022,15,4,Blend,2114.1800000000003,1,1,1,1694.8166666666666
2022,15,5,ADP order,1839.5,2,1,0,1678.373333333333
2022,15,5,ADP value,1836.1599999999999,4,0,0,1657.8349999999998
2022,15,5,Model,2046.58,1,1,1,1671.5266666666669
2022,15,5,Blend,2129.9,1,1,1,1691.235
2022,15,6,ADP order,1704.7400000000002,5,0,0,1677.1649999999997
2022,15,6,ADP value,1735.0000000000002,4,0,0,1660.2016666666666
2022,15,6,Model,2046.58,1,1,1,1671.5266666666669
2022,15,6,Blend,2029.6399999999999,1,1,1,1692.368333333333
2022,15,7,ADP order,1690.26,6,0,0,1697.583333333333
2022,15,7,ADP value,1845.2,3,1,0,1674.043333333333
2022,15,7,Model,2033.08,1,1,1,1664.3249999999998
2022,15,7,Blend,2072.72,1,1,1,1679.11
2022,15,8,ADP order,1698.8199999999997,6,0,0,1691.75
2022,15,8,ADP value,1842.3200000000002,3,1,0,1694.1816666666664
2022,15,8,Model,2033.08,1,1,1,1664.325
2022,15,8,Blend,2072.72,1,1,1,1679.1099999999997
2022,15,9,ADP order,1730.6599999999996,5,0,0,1692.5333333333335
2022,15,9,ADP value,1786.86,4,0,0,1687.9383333333333
2022,15,9,Model,2033.08,1,1,1,1664.325
2022,15,9,Blend,2076.98,1,1,1,1695.0083333333332
2022,15,10,ADP order,1619.86,7,0,0,1675.7183333333335
2022,15,10,ADP value,1786.86,4,0,0,1687.9383333333335
2022,15,10,Model,2033.08,1,1,1,1664.325
2022,15,10,Blend,2063.88,1,1,1,1676.0883333333334
2022,15,11,ADP order,1549.32,8,0,0,1676.165
2022,15,11,ADP value,1846.26,3,1,0,1684.8483333333334
2022,15,11,Model,2064.38,1,1,1,1665.135
2022,15,11,Blend,2064.7200000000003,1,1,1,1678.78
2022,16,0,ADP order,1403.2799999999997,12,0,0,1694.5616666666665
2022,16,0,ADP value,1832.0600000000002,3,1,0,1692.5383333333336
2022,16,0,Model,1990.2599999999998,1,1,1,1693.5816666666663
2022,16,0,Blend,1794.9400000000003,3,1,0,1689.918333333333
2022,16,1,ADP order,1496.0599999999997,11,0,0,1689.878333333333
2022,16,1,ADP value,1934.42,2,1,0,1694.4050000000004
2022,16,1,Model,1990.2599999999998,1,1,1,1693.5816666666663
2022,16,1,Blend,1945.8799999999997,1,1,1,1691.5583333333332
2022,16,2,ADP order,1578.3000000000002,11,0,0,1689.74
2022,16,2,ADP value,1685.66,8,0,0,1704.945
2022,16,2,Model,1988.5599999999997,1,1,1,1678.0833333333333
2022,16,2,Blend,2026.4800000000002,1,1,1,1689.4016666666664
2022,16,3,ADP order,1649.8,10,0,0,1694.5366666666666
2022,16,3,ADP value,1895.9600000000005,1,1,1,1689.8333333333337
2022,16,3,Model,1966.2600000000002,1,1,1,1677.0
2022,16,3,Blend,2026.4800000000002,1,1,1,1689.4016666666664
2022,16,4,ADP order,1620.2,9,0,0,1685.5316666666668
2022,16,4,ADP value,1777.36,3,1,0,1679.5816666666663
2022,16,4,Model,2000.46,1,1,1,1689.8249999999998
2022,16,4,Blend,2026.4800000000002,1,1,1,1689.4016666666666
2022,16,5,ADP order,1737.4999999999995,5,0,0,1697.1899999999998
2022,16,5,ADP value,1885.2199999999996,1,1,1,1699.8066666666664
2022,16,5,Model,1959.0599999999997,1,1,1,1699.033333333333
2022,16,5,Blend,2026.4800000000002,1,1,1,1689.4016666666666
2022,16,6,ADP order,1641.1399999999999,8,0,0,1685.4933333333336
2022,16,6,ADP value,1742.16,6,0,0,1700.075
2022,16,6,Model,1931.8599999999997,1,1,1,1699.7583333333334
2022,16,6,Blend,1966.02,1,1,1,1680.218333333333
2022,16,7,ADP order,1630.3000000000002,9,0,0,1698.3266666666666
2022,16,7,ADP value,1664.6600000000003,8,0,0,1696.1633333333332
2022,16,7,Model,2046.3799999999999,1,1,1,1700.7083333333333
2022,16,7,Blend,1925.72,2,1,0,1680.0266666666664
2022,16,8,ADP order,1564.8600000000001,11,0,0,1709.7766666666669
2022,16,8,ADP value,1608.92,9,0,0,1690.9099999999999
2022,16,8,Model,2027.78,1,1,1,1701.6899999999998
2022,16,8,Blend,2039.7399999999998,1,1,1,1692.1316666666664
2022,16,9,ADP order,1749.3999999999999,6,0,0,1724.4216666666669
2022,16,9,ADP value,1780.0600000000004,3,1,0,1678.5383333333332
2022,16,9,Model,2027.78,1,1,1,1701.6899999999996
2022,16,9,Blend,2039.7399999999998,1,1,1,1692.1316666666664
2022,16,10,ADP order,1605.5000000000002,9,0,0,1724.3383333333334
2022,16,10,ADP value,1715.16,6,0,0,1678.055
2022,16,10,Model,2001.68,1,1,1,1702.8066666666666
2022,16,10,Blend,2039.7399999999998,1,1,1,1692.131666666667
2022,16,11,ADP order,1521.38,12,0,0,1721.335
2022,16,11,ADP value,1828.46,3,1,0,1672.9350000000002
2022,16,11,Model,2001.68,1,1,1,1702.8066666666666
2022,16,11,Blend,2026.54,1,1,1,1684.3033333333333
2022,17,0,ADP order,1864.58,2,1,0,1678.8483333333334
2022,17,0,ADP value,1306.3,12,0,0,1677.8200000000004
2022,17,0,Model,1882.9599999999998,1,1,1,1656.7583333333332
2022,17,0,Blend,1979.18,1,1,1,1661.1700000000008
2022,17,1,ADP order,1699.9800000000002,6,0,0,1697.5366666666669
2022,17,1,ADP value,1271.4000000000005,12,0,0,1673.636666666667
2022,17,1,Model,1942.36,2,1,0,1673.153333333333
2022,17,1,Blend,1979.48,1,1,1,1665.6700000000003
2022,17,2,ADP order,1942.5400000000004,2,1,0,1697.2250000000001
2022,17,2,ADP value,1545.6,11,0,0,1673.38
2022,17,2,Model,1942.36,2,1,0,1673.153333333333
2022,17,2,Blend,1959.1199999999997,1,1,1,1656.985
2022,17,3,ADP order,1719.28,4,0,0,1654.0983333333334
2022,17,3,ADP value,1649.9,7,0,0,1673.9799999999998
2022,17,3,Model,1942.36,2,1,0,1673.153333333333
2022,17,3,Blend,1979.42,1,1,1,1658.2466666666667
2022,17,4,ADP order,1608.4800000000002,9,0,0,1669.1200000000001
2022,17,4,ADP value,1649.9,7,0,0,1673.9799999999998
2022,17,4,Model,2014.5799999999997,1,1,1,1678.388333333333
2022,17,4,Blend,2028.72,1,1,1,1657.905
2022,17,5,ADP order,2149.3799999999997,1,1,1,1678.0183333333334
2022,17,5,ADP value,1744.3999999999994,3,1,0,1676.47
2022,17,5,Model,2014.5799999999997,1,1,1,1678.388333333333
2022,17,5,Blend,2191.94,1,1,1,1666.515
2022,17,6,ADP order,1837.9599999999996,1,1,1,1660.4733333333334
2022,17,6,ADP value,1651.6200000000003,9,0,0,1678.7416666666668
2022,17,6,Model,2083.9799999999996,1,1,1,1670.7033333333331
2022,17,6,Blend,2171.62,1,1,1,1667.39
2022,17,7,ADP order,1841.3399999999997,3,1,0,1690.1783333333333
2022,17,7,ADP value,1365.46,12,0,0,1661.891666666667
2022,17,7,Model,2013.2599999999998,1,1,1,1662.7316666666666
2022,17,7,Blend,2033.5399999999997,1,1,1,1680.493333333333
2022,17,8,ADP order,1703.6399999999999,7,0,0,1693.2283333333332
2022,17,8,ADP value,1365.46,12,0,0,1661.891666666667
2022,17,8,Model,2013.2599999999998,1,1,1,1662.7316666666668
2022,17,8,Blend,2082.52,1,1,1,1676.761666666667
2022,17,9,ADP order,1752.5199999999998,7,0,0,1698.8500000000001
2022,17,9,ADP value,1340.8199999999997,12,0,0,1661.7716666666668
2022,17,9,Model,2013.2599999999998,1,1,1,1662.7316666666666
2022,17,9,Blend,2082.52,1,1,1,1676.7616666666665
2022,17,10,ADP order,1672.8799999999997,6,0,0,1672.295
2022,17,10,ADP value,1442.3199999999997,10,0,0,1661.7066666666663
2022,17,10,Model,2013.2599999999998,1,1,1,1662.7316666666666
2022,17,10,Blend,1935.4,1,1,1,1670.9116666666669
2022,17,11,ADP order,1611.2999999999997,10,0,0,1674.43
2022,17,11,ADP value,1598.4600000000003,10,0,0,1675.8966666666668
2022,17,11,Model,2013.2599999999998,1,1,1,1662.7316666666666
2022,17,11,Blend,1909.1599999999999,1,1,1,1678.6816666666666
2022,18,0,ADP order,1647.8400000000001,7,0,0,1683.9383333333333
2022,18,0,ADP value,1659.3400000000004,7,0,0,1688.76
2022,18,0,Model,1953.2799999999997,2,1,0,1674.0449999999998
2022,18,0,Blend,1852.7200000000003,3,1,0,1668.2233333333336
2022,18,1,ADP order,1642.4,8,0,0,1688.5016666666668
2022,18,1,ADP value,1689.2600000000002,5,0,0,1678.3950000000002
2022,18,1,Model,1773.18,3,1,0,1664.2316666666666
2022,18,1,Blend,2036.16,1,1,1,1670.596666666667
2022,18,2,ADP order,2016.3200000000002,1,1,1,1699.6100000000004
2022,18,2,ADP value,1860.84,2,1,0,1683.46
2022,18,2,Model,1899.3799999999999,2,1,0,1673.0816666666667
2022,18,2,Blend,2036.16,1,1,1,1670.596666666667
2022,18,3,ADP order,1756.0200000000002,4,0,0,1682.6783333333333
2022,18,3,ADP value,1897.1399999999999,3,1,0,1690.0433333333333
2022,18,3,Model,1879.68,2,1,0,1671.9233333333332
2022,18,3,Blend,1772.2000000000003,4,0,0,1665.7083333333333
2022,18,4,ADP order,1786.46,4,0,0,1681.9866666666667
2022,18,4,ADP value,1914.48,1,1,1,1682.3433333333335
2022,18,4,Model,1947.4199999999998,3,1,0,1659.4733333333334
2022,18,4,Blend,1694.42,4,0,0,1678.5883333333334
2022,18,5,ADP order,1717.16,5,0,0,1682.9683333333335
2022,18,5,ADP value,1829.8400000000001,3,1,0,1679.6433333333334
2022,18,5,Model,1947.4199999999998,3,1,0,1659.4733333333334
2022,18,5,Blend,2076.44,1,1,1,1667.5233333333333
2022,18,6,ADP order,1757.8600000000001,4,0,0,1680.586666666667
2022,18,6,ADP value,1907.34,2,1,0,1678.118333333333
2022,18,6,Model,2075.98,1,1,1,1660.9383333333335
2022,18,6,Blend,1830.3200000000002,3,1,0,1671.2916666666663
2022,18,7,ADP order,1946.8599999999997,1,1,1,1677.6516666666666
2022,18,7,ADP value,1779.5400000000004,4,0,0,1678.6633333333336
2022,18,7,Model,2075.98,1,1,1,1660.9383333333335
2022,18,7,Blend,1830.3200000000002,3,1,0,1671.2916666666663
2022,18,8,ADP order,1601.12,8,0,0,1669.07
2022,18,8,ADP value,1804.34,3,1,0,1679.8966666666668
2022,18,8,Model,2075.98,1,1,1,1660.9383333333328
2022,18,8,Blend,1942.4599999999998,2,1,0,1665.4683333333335
2022,18,9,ADP order,1566.1000000000004,9,0,0,1670.8683333333336
2022,18,9,ADP value,1806.9200000000003,4,0,0,1667.2700000000002
2022,18,9,Model,2075.98,1,1,1,1660.9383333333328
2022,18,9,Blend,1911.36,2,1,0,1653.8033333333333
2022,18,10,ADP order,1408.7800000000002,11,0,0,1683.3133333333335
2022,18,10,ADP value,1809.3200000000002,3,1,0,1679.3566666666666
2022,18,10,Model,2000.6000000000001,2,1,0,1687.868333333333
2022,18,10,Blend,1897.9199999999996,2,1,0,1663.5266666666666
2022,18,11,ADP order,1579.2600000000002,9,0,0,1667.3150000000005
2022,18,11,ADP value,1844.16,2,1,0,1681.4216666666669
2022,18,11,Model,2000.6000000000001,2,1,0,1687.868333333333
2022,18,11,Blend,1969.7599999999998,2,1,0,1672.2016666666666
2022,19,0,ADP order,1592.1,9,0,0,1670.7516666666668
2022,19,0,ADP value,1592.0600000000002,9,0,0,1666.8666666666666
2022,19,0,Model,1964.46,1,1,1,1662.9150000000002
2022,19,0,Blend,1980.8400000000001,1,1,1,1671.33
2022,19,1,ADP order,1457.1,11,0,0,1678.3283333333331
2022,19,1,ADP value,1592.0600000000002,9,0,0,1666.8666666666666
2022,19,1,Model,1964.46,1,1,1,1662.9150000000002
2022,19,1,Blend,1903.6800000000003,2,1,0,1684.9816666666666
2022,19,2,ADP order,1649.86,7,0,0,1678.62
2022,19,2,ADP value,1731.62,6,0,0,1656.215
2022,19,2,Model,1970.6599999999996,1,1,1,1677.4633333333334
2022,19,2,Blend,2019.64,1,1,1,1678.7183333333332
2022,19,3,ADP order,1800.2,3,1,0,1681.4350000000002
2022,19,3,ADP value,1815.4199999999998,2,1,0,1658.0116666666665
2022,19,3,Model,1972.6599999999999,1,1,1,1676.4383333333337
2022,19,3,Blend,1994.7599999999998,1,1,1,1672.7333333333333
2022,19,4,ADP order,1767.9999999999998,4,0,0,1675.12
2022,19,4,ADP value,1910.22,2,1,0,1655.8283333333331
2022,19,4,Model,1943.4799999999998,1,1,1,1681.6000000000001
2022,19,4,Blend,1974.36,1,1,1,1665.533333333333
2022,19,5,ADP order,1691.22,5,0,0,1678.4416666666666
2022,19,5,ADP value,1834.1199999999997,2,1,0,1655.1516666666664
2022,19,5,Model,1943.4799999999998,1,1,1,1681.6000000000001
2022,19,5,Blend,1955.5999999999997,1,1,1,1675.573333333333
2022,19,6,ADP order,1534.44,11,0,0,1669.6683333333333
2022,19,6,ADP value,1779.06,2,1,0,1655.1099999999997
2022,19,6,Model,1943.4799999999998,1,1,1,1681.6000000000001
2022,19,6,Blend,1908.24,1,1,1,1682.3466666666666
2022,19,7,ADP order,1670.2199999999998,8,0,0,1674.3916666666667
2022,19,7,ADP value,1704.0600000000002,3,1,0,1657.2500000000002
2022,19,7,Model,1989.6799999999998,1,1,1,1671.1816666666666
2022,19,7,Blend,1940.1000000000004,1,1,1,1673.8949999999998
2022,19,8,ADP order,1620.3199999999997,9,0,0,1674.8649999999998
2022,19,8,ADP value,1674.06,3,1,0,1654.6733333333332
2022,19,8,Model,2055.58,1,1,1,1648.5316666666665
2022,19,8,Blend,1940.1000000000004,1,1,1,1673.8949999999998
2022,19,9,ADP order,1773.1200000000001,4,0,0,1666.9933333333336
2022,19,9,ADP value,1668.8399999999997,6,0,0,1636.0749999999998
2022,19,9,Model,2055.58,1,1,1,1648.5316666666668
2022,19,9,Blend,2015.62,1,1,1,1676.11
2022,19,10,ADP order,1770.0200000000002,4,0,0,1670.36
2022,19,10,ADP value,1544.64,10,0,0,1649.9533333333336
2022,19,10,Model,2055.58,1,1,1,1648.5316666666668
2022,19,10,Blend,1974.92,1,1,1,1658.3100000000002
2022,19,11,ADP order,1657.12,6,0,0,1665.4383333333333
2022,19,11,ADP value,1649.14,8,0,0,1651.82
2022,19,11,Model,2055.58,1,1,1,1648.531666666667
2022,19,11,Blend,1974.92,1,1,1,1658.3100000000002
2023,0,0,ADP order,1554.34,8,0,0,1679.5083333333332
2023,0,0,ADP value,1551.3799999999999,9,0,0,1674.5816666666667
2023,0,0,Model,1765.02,5,0,0,1673.8166666666666
2023,0,0,Blend,1686.9599999999998,5,0,0,1686.333333333333
2023,0,1,ADP order,1540.3999999999999,10,0,0,1686.0749999999998
2023,0,1,ADP value,1551.3799999999999,9,0,0,1674.5816666666667
2023,0,1,Model,1740.7799999999997,5,0,0,1668.5
2023,0,1,Blend,1649.24,6,0,0,1691.4783333333335
2023,0,2,ADP order,1638.9599999999998,7,0,0,1700.9783333333335
2023,0,2,ADP value,1664.1799999999998,8,0,0,1689.3566666666666
2023,0,2,Model,1723.74,5,0,0,1669.5
2023,0,2,Blend,1678.6000000000001,7,0,0,1691.111666666667
2023,0,3,ADP order,1584.1,9,0,0,1684.2299999999998
2023,0,3,ADP value,1536.5,8,0,0,1692.2100000000003
2023,0,3,Model,1853.8600000000004,3,1,0,1678.4283333333333
2023,0,3,Blend,1846.6199999999997,5,0,0,1689.175
2023,0,4,ADP order,1657.1,8,0,0,1685.9216666666664
2023,0,4,ADP value,1607.48,8,0,0,1675.4933333333336
2023,0,4,Model,1853.8600000000004,3,1,0,1678.4283333333333
2023,0,4,Blend,1835.7199999999998,5,0,0,1688.1999999999998
2023,0,5,ADP order,1945.9599999999998,1,1,1,1686.1299999999999
2023,0,5,ADP value,1838.1800000000003,4,0,0,1684.7683333333337
2023,0,5,Model,1752.26,4,0,0,1650.0783333333331
2023,0,5,Blend,2002.3400000000001,1,1,1,1689.13
2023,0,6,ADP order,1704.26,4,0,0,1676.2316666666668
2023,0,6,ADP value,1725.5599999999997,5,0,0,1680.035
2023,0,6,Model,1888.6599999999999,2,1,0,1654.5933333333332
2023,0,6,Blend,1796.2399999999998,4,0,0,1680.445
2023,0,7,ADP order,1765.1599999999999,5,0,0,1672.5983333333334
2023,0,7,ADP value,1560.3600000000001,7,0,0,1661.756666666667
2023,0,7,Model,1879.5599999999995,2,1,0,1686.8
2023,0,7,Blend,1885.0600000000002,4,0,0,1676.93
2023,0,8,ADP order,1943.6600000000003,2,1,0,1681.4233333333332
2023,0,8,ADP value,1561.3600000000001,9,0,0,1679.615
2023,0,8,Model,1850.74,3,1,0,1699.4666666666665
2023,0,8,Blend,2005.6600000000003,2,1,0,1669.6499999999999
2023,0,9,ADP order,1812.0400000000004,3,1,0,1667.1566666666665
2023,0,9,ADP value,1724.5600000000002,5,0,0,1662.8833333333334
2023,0,9,Model,1836.54,2,1,0,1702.3933333333332
2023,0,9,Blend,2005.6600000000003,2,1,0,1669.6499999999999
2023,0,10,ADP order,1766.54,4,0,0,1664.7183333333332
2023,0,10,ADP value,1752.46,5,0,0,1662.5833333333333
2023,0,10,Model,1836.54,2,1,0,1702.3933333333334
2023,0,10,Blend,2005.6600000000003,2,1,0,1669.6500000000003
2023,0,11,ADP order,1869.64,3,1,0,1672.2116666666664
2023,0,11,ADP value,1752.46,5,0,0,1662.5833333333333
2023,0,11,Model,1869.54,3,1,0,1696.1100000000004
2023,0,11,Blend,2005.6600000000003,2,1,0,1669.6499999999999
2023,1,0,ADP order,1821.04,5,0,0,1672.8916666666667
2023,1,0,ADP value,1693.7,7,0,0,1658.515
2023,1,0,Model,1675.32,5,0,0,1677.4483333333335
2023,1,0,Blend,1736.6799999999998,5,0,0,1660.2366666666667
2023,1,1,ADP order,2034.7399999999998,1,1,1,1681.8083333333332
2023,1,1,ADP value,1940.2200000000003,1,1,1,1703.4616666666664
2023,1,1,Model,1675.32,5,0,0,1677.4483333333335
2023,1,1,Blend,1893.6800000000005,3,1,0,1667.6850000000002
2023,1,2,ADP order,1566.7399999999998,10,0,0,1661.5049999999999
2023,1,2,ADP value,1735.5200000000002,6,0,0,1700.5283333333334
2023,1,2,Model,1912.6799999999998,2,1,0,1695.236666666667
2023,1,2,Blend,1867.9399999999998,5,0,0,1674.1783333333333
2023,1,3,ADP order,1557.7199999999998,11,0,0,1663.5783333333331
2023,1,3,ADP value,1824.4199999999998,3,1,0,1679.035
2023,1,3,Model,1872.38,3,1,0,1661.3683333333336
2023,1,3,Blend,1892.4600000000003,2,1,0,1670.6200000000001
2023,1,4,ADP order,1806.3999999999999,3,1,0,1678.1149999999998
2023,1,4,ADP value,1674.4999999999998,6,0,0,1698.1933333333334
2023,1,4,Model,1872.38,3,1,0,1661.3683333333336
2023,1,4,Blend,2001.06,1,1,1,1671.9250000000002
2023,1,5,ADP order,1806.3999999999999,3,1,0,1678.1149999999998
2023,1,5,ADP value,1757.5200000000004,5,0,0,1674.6083333333333
2023,1,5,Model,1888.3600000000001,1,1,1,1681.3
2023,1,5,Blend,2010.44,1,1,1,1674.1849999999997
2023,1,6,ADP order,1875.6000000000001,3,1,0,1670.1350000000002
2023,1,6,ADP value,1820.3200000000002,4,0,0,1673.3816666666664
2023,1,6,Model,1888.3600000000001,1,1,1,1681.3
2023,1,6,Blend,2010.44,1,1,1,1674.1849999999997
2023,1,7,ADP order,1770.8999999999999,4,0,0,1680.4016666666666
2023,1,7,ADP value,1592.3400000000001,9,0,0,1685.131666666667
2023,1,7,Model,1888.3600000000001,1,1,1,1681.3
2023,1,7,Blend,1936.6400000000003,1,1,1,1674.3933333333332
2023,1,8,ADP order,1483.1399999999999,11,0,0,1686.5383333333336
2023,1,8,ADP value,1408.6,12,0,0,1680.28
2023,1,8,Model,1852.3600000000004,2,1,0,1694.841666666667
2023,1,8,Blend,1881.4799999999998,3,1,0,1688.5533333333333
2023,1,9,ADP order,1548.94,11,0,0,1684.7116666666668
2023,1,9,ADP value,1496.0599999999997,11,0,0,1697.926666666667
2023,1,9,Model,1807.66,5,0,0,1685.5599999999997
2023,1,9,Blend,1979.5600000000002,1,1,1,1674.9583333333333
2023,1,10,ADP order,1576.0,10,0,0,1684.5166666666667
2023,1,10,ADP value,1475.7600000000002,11,0,0,1690.8016666666665
2023,1,10,Model,1869.1599999999999,3,1,0,1686.2849999999999
2023,1,10,Blend,2031.5800000000004,1,1,1,1669.0983333333336
2023,1,11,ADP order,1526.2199999999998,11,0,0,1677.945
2023,1,11,ADP value,1418.5600000000002,12,0,0,1688.041666666667
2023,1,11,Model,1869.1599999999999,3,1,0,1686.2849999999999
2023,1,11,Blend,2024.9600000000003,1,1,1,1669.3983333333335
2023,2,0,ADP order,1703.24,7,0,0,1663.078333333333
2023,2,0,ADP value,1597.5800000000002,8,0,0,1659.4983333333332
2023,2,0,Model,1698.28,7,0,0,1665.2049999999997
2023,2,0,Blend,1878.2400000000002,2,1,0,1677.2016666666666
2023,2,1,ADP order,1750.84,5,0,0,1667.8949999999998
2023,2,1,ADP value,1440.38,12,0,0,1665.6333333333332
2023,2,1,Model,1617.84,8,0,0,1649.2566666666664
2023,2,1,Blend,1899.36,2,1,0,1674.0900000000001
2023,2,2,ADP order,2022.6999999999998,1,1,1,1663.543333333333
2023,2,2,ADP value,1767.4800000000002,4,0,0,1670.8483333333334
2023,2,2,Model,1617.84,8,0,0,1649.2566666666664
2023,2,2,Blend,2143.06,1,1,1,1679.553333333333
2023,2,3,ADP order,1804.6399999999999,3,1,0,1655.2366666666665
2023,2,3,ADP value,1328.4799999999998,12,0,0,1673.53
2023,2,3,Model,1801.56,5,0,0,1666.9133333333332
2023,2,3,Blend,2070.56,1,1,1,1675.3983333333335
2023,2,4,ADP order,1744.7,6,0,0,1679.0716666666665
2023,2,4,ADP value,1598.16,9,0,0,1652.6850000000002
2023,2,4,Model,1860.6599999999999,3,1,0,1668.4250000000002
2023,2,4,Blend,2008.56,1,1,1,1674.495
2023,2,5,ADP order,1649.8,8,0,0,1672.72
2023,2,5,ADP value,1598.16,9,0,0,1652.6850000000002
2023,2,5,Model,1774.7600000000004,5,0,0,1681.3916666666667
2023,2,5,Blend,2049.0,1,1,1,1653.2966666666664
2023,2,6,ADP order,1711.8000000000002,7,0,0,1687.67
2023,2,6,ADP value,1644.76,9,0,0,1667.908333333333
2023,2,6,Model,1842.2600000000004,3,1,0,1685.716666666667
2023,2,6,Blend,1958.4400000000003,1,1,1,1679.7716666666665
2023,2,7,ADP order,1513.4399999999998,10,0,0,1672.7166666666665
2023,2,7,ADP value,1644.76,9,0,0,1667.908333333333
2023,2,7,Model,1881.4400000000003,1,1,1,1668.5716666666667
2023,2,7,Blend,1809.08,3,1,0,1652.3033333333335
2023,2,8,ADP order,1757.1599999999999,4,0,0,1675.6533333333334
2023,2,8,ADP value,1663.1000000000001,7,0,0,1673.08
2023,2,8,Model,1804.34,4,0,0,1646.7566666666664
2023,2,8,Blend,1962.5200000000004,1,1,1,1655.6350000000002
2023,2,9,ADP order,1711.26,6,0,0,1673.4983333333332
2023,2,9,ADP value,1431.82,11,0,0,1672.6016666666667
2023,2,9,Model,1804.34,4,0,0,1646.7566666666664
2023,2,9,Blend,1962.5200000000004,1,1,1,1655.6350000000002
2023,2,10,ADP order,1763.0400000000002,5,0,0,1676.7783333333334
2023,2,10,ADP value,1487.3200000000002,10,0,0,1665.135
2023,2,10,Model,1804.34,4,0,0,1646.7566666666664
2023,2,10,Blend,1888.2799999999997,1,1,1,1670.4383333333333
2023,2,11,ADP order,1808.4399999999998,5,0,0,1682.5466666666669
2023,2,11,ADP value,1487.3200000000002,10,0,0,1665.135
2023,2,11,Model,1804.34,4,0,0,1646.7566666666664
2023,2,11,Blend,1888.2799999999997,1,1,1,1670.4383333333333
2023,3,0,ADP order,1548.2800000000002,11,0,0,1683.7733333333335
2023,3,0,ADP value,1551.7799999999997,11,0,0,1696.7099999999998
2023,3,0,Model,1587.8,8,0,0,1686.6166666666668
2023,3,0,Blend,1672.3999999999999,6,0,0,1698.6833333333332
2023,3,1,ADP order,1508.3200000000002,10,0,0,1680.3566666666666
2023,3,1,ADP value,1499.68,11,0,0,1691.8433333333335
2023,3,1,Model,1575.9599999999998,10,0,0,1699.245
2023,3,1,Blend,1662.2200000000003,7,0,0,1701.0833333333333
2023,3,2,ADP order,1727.38,6,0,0,1685.4516666666668
2023,3,2,ADP value,1673.58,9,0,0,1705.2683333333334
2023,3,2,Model,1627.7599999999998,8,0,0,1687.1449999999998
2023,3,2,Blend,1818.3199999999997,3,1,0,1697.2083333333333
2023,3,3,ADP order,1539.04,11,0,0,1694.1366666666665
2023,3,3,ADP value,1572.28,10,0,0,1689.61
2023,3,3,Model,1614.4600000000003,8,0,0,1667.618333333333
2023,3,3,Blend,1692.9,6,0,0,1677.38
2023,3,4,ADP order,1731.0199999999998,5,0,0,1679.7583333333332
2023,3,4,ADP value,1521.06,10,0,0,1673.793333333333
2023,3,4,Model,1571.24,10,0,0,1688.756666666667
2023,3,4,Blend,1762.6,5,0,0,1681.9316666666664
2023,3,5,ADP order,1623.6200000000001,7,0,0,1676.6233333333337
2023,3,5,ADP value,1411.52,11,0,0,1688.4350000000002
2023,3,5,Model,1571.24,10,0,0,1688.756666666667
2023,3,5,Blend,1817.6,5,0,0,1679.278333333333
2023,3,6,ADP order,1648.4599999999998,8,0,0,1683.0483333333334
2023,3,6,ADP value,1756.92,4,0,0,1680.0200000000002
2023,3,6,Model,1571.24,10,0,0,1688.756666666667
2023,3,6,Blend,1817.6,5,0,0,1679.278333333333
2023,3,7,ADP order,1615.2600000000004,7,0,0,1688.7150000000001
2023,3,7,ADP value,1756.92,4,0,0,1680.0200000000002
2023,3,7,Model,1571.24,10,0,0,1688.756666666667
2023,3,7,Blend,1817.6,5,0,0,1679.278333333333
2023,3,8,ADP order,1618.56,8,0,0,1685.5316666666668
2023,3,8,ADP value,1532.1599999999999,9,0,0,1680.1366666666665
2023,3,8,Model,1571.24,10,0,0,1688.7566666666664
2023,3,8,Blend,1773.5,5,0,0,1677.3366666666664
2023,3,9,ADP order,1354.3,11,0,0,1675.38
2023,3,9,ADP value,1424.4199999999998,12,0,0,1683.8716666666667
2023,3,9,Model,1623.24,8,0,0,1678.4766666666667
2023,3,9,Blend,1658.3399999999997,8,0,0,1680.3433333333332
2023,3,10,ADP order,1357.06,12,0,0,1679.8483333333334
2023,3,10,ADP value,1424.4199999999998,12,0,0,1683.8716666666667
2023,3,10,Model,1663.6399999999999,8,0,0,1675.195
2023,3,10,Blend,1658.3399999999997,8,0,0,1680.3433333333332
2023,3,11,ADP order,1357.06,12,0,0,1679.8483333333334
2023,3,11,ADP value,1424.4199999999998,12,0,0,1683.8716666666667
2023,3,11,Model,1657.0399999999997,9,0,0,1679.1116666666667
2023,3,11,Blend,1503.4399999999996,10,0,0,1679.7433333333336
2023,4,0,ADP order,1638.6000000000001,9,0,0,1695.8550000000002
2023,4,0,ADP value,1534.56,10,0,0,1694.9883333333335
2023,4,0,Model,1792.0400000000002,5,0,0,1685.5449999999998
2023,4,0,Blend,1770.0600000000002,5,0,0,1708.41
2023,4,1,ADP order,1688.8000000000002,8,0,0,1700.3966666666668
2023,4,1,ADP value,1562.8600000000001,10,0,0,1676.875
2023,4,1,Model,1926.6399999999999,1,1,1,1684.6866666666667
2023,4,1,Blend,1740.44,6,0,0,1691.1899999999998
2023,4,2,ADP order,1669.1999999999998,9,0,0,1697.8050000000003
2023,4,2,ADP value,1471.3600000000004,11,0,0,1674.0416666666667
2023,4,2,Model,1904.44,1,1,1,1685.4366666666672
2023,4,2,Blend,1711.2400000000002,6,0,0,1691.3566666666666
2023,4,3,ADP order,1642.6999999999998,9,0,0,1706.1383333333335
2023,4,3,ADP value,1387.14,12,0,0,1706.0616666666667
2023,4,3,Model,1904.44,1,1,1,1685.4366666666672
2023,4,3,Blend,1669.44,7,0,0,1704.466666666667
2023,4,4,ADP order,1742.5999999999997,4,0,0,1704.5383333333336
2023,4,4,ADP value,1454.1600000000003,12,0,0,1706.8916666666664
2023,4,4,Model,1904.44,1,1,1,1685.4366666666667
2023,4,4,Blend,1667.04,7,0,0,1704.1750000000004
2023,4,5,ADP order,1809.76,3,1,0,1697.5599999999997
2023,4,5,ADP value,1495.16,12,0,0,1691.5
2023,4,5,Model,1894.7400000000002,1,1,1,1682.5849999999998
2023,4,5,Blend,2021.2600000000004,1,1,1,1687.3266666666668
2023,4,6,ADP order,1809.76,3,1,0,1697.5599999999997
2023,4,6,ADP value,1559.26,11,0,0,1699.4916666666668
2023,4,6,Model,1883.7399999999998,2,1,0,1671.075
2023,4,6,Blend,1974.9600000000003,1,1,1,1689.3933333333337
2023,4,7,ADP order,1704.36,6,0,0,1686.915
2023,4,7,ADP value,1374.7800000000002,12,0,0,1695.4599999999998
2023,4,7,Model,1883.7399999999998,2,1,0,1671.075
2023,4,7,Blend,1974.9600000000003,1,1,1,1689.3933333333337
2023,4,8,ADP order,1608.06,8,0,0,1689.756666666667
2023,4,8,ADP value,1242.2399999999998,12,0,0,1679.2299999999998
2023,4,8,Model,1926.0400000000004,1,1,1,1691.8566666666666
2023,4,8,Blend,1744.8799999999999,5,0,0,1687.5883333333331
2023,4,9,ADP order,1796.2000000000003,5,0,0,1698.3666666666668
2023,4,9,ADP value,1410.08,12,0,0,1698.805
2023,4,9,Model,1926.0400000000004,1,1,1,1691.8566666666666
2023,4,9,Blend,1909.7800000000002,1,1,1,1698.6116666666667
2023,4,10,ADP order,1750.56,5,0,0,1707.2650000000003
2023,4,10,ADP value,1501.8799999999997,11,0,0,1698.545
2023,4,10,Model,1929.9199999999998,1,1,1,1701.7416666666668
2023,4,10,Blend,1909.7800000000002,1,1,1,1698.6116666666667
2023,4,11,ADP order,1767.3799999999999,4,0,0,1700.6783333333335
2023,4,11,ADP value,1501.8799999999997,11,0,0,1698.545
2023,4,11,Model,1923.32,1,1,1,1688.7900000000002
2023,4,11,Blend,1898.5800000000004,1,1,1,1685.575
2023,5,0,ADP order,1835.3400000000004,1,1,1,1674.5883333333338
2023,5,0,ADP value,1652.6599999999999,8,0,0,1684.9516666666668
2023,5,0,Model,1855.74,1,1,1,1671.1483333333333
2023,5,0,Blend,1807.36,4,0,0,1676.5766666666668
2023,5,1,ADP order,1717.9400000000003,5,0,0,1676.5550000000003
2023,5,1,ADP value,1557.8600000000004,9,0,0,1677.881666666667
2023,5,1,Model,1869.3600000000004,1,1,1,1699.3050000000003
2023,5,1,Blend,1855.5599999999997,1,1,1,1671.0866666666668
2023,5,2,ADP order,1648.7399999999998,7,0,0,1669.2233333333334
2023,5,2,ADP value,1767.5600000000004,3,1,0,1672.2816666666668
2023,5,2,Model,1856.8999999999999,1,1,1,1689.5966666666666
2023,5,2,Blend,1724.42,6,0,0,1681.7733333333335
2023,5,3,ADP order,1648.7399999999998,7,0,0,1669.2233333333334
2023,5,3,ADP value,1736.4600000000003,5,0,0,1692.1933333333334
2023,5,3,Model,1856.8999999999999,1,1,1,1689.5966666666666
2023,5,3,Blend,1724.42,6,0,0,1681.7733333333335
2023,5,4,ADP order,1683.28,8,0,0,1680.6533333333336
2023,5,4,ADP value,1689.3000000000002,6,0,0,1702.1716666666664
2023,5,4,Model,1893.48,1,1,1,1663.403333333333
2023,5,4,Blend,1695.62,8,0,0,1685.335
2023,5,5,ADP order,1740.58,7,0,0,1701.945
2023,5,5,ADP value,1667.1000000000001,7,0,0,1693.4733333333334
2023,5,5,Model,1920.6800000000005,2,1,0,1677.1083333333333
2023,5,5,Blend,1822.52,4,0,0,1682.8433333333332
2023,5,6,ADP order,1740.58,7,0,0,1701.945
2023,5,6,ADP value,1667.1000000000001,7,0,0,1693.4733333333334
2023,5,6,Model,1911.86,2,1,0,1674.706666666667
2023,5,6,Blend,1980.7599999999998,1,1,1,1676.9450000000004
2023,5,7,ADP order,1835.8799999999997,2,1,0,1701.7283333333335
2023,5,7,ADP value,1633.9000000000003,7,0,0,1704.8483333333334
2023,5,7,Model,1806.04,3,1,0,1658.015
2023,5,7,Blend,1968.6800000000003,2,1,0,1679.6883333333335
2023,5,8,ADP order,1785.2800000000002,5,0,0,1696.5533333333333
2023,5,8,ADP value,1597.42,8,0,0,1684.745
2023,5,8,Model,1806.04,3,1,0,1658.015
2023,5,8,Blend,1968.6800000000003,2,1,0,1679.6883333333335
2023,5,9,ADP order,1815.42,2,1,0,1684.9316666666664
2023,5,9,ADP value,1593.8199999999997,8,0,0,1686.153333333333
2023,5,9,Model,1996.5599999999997,1,1,1,1684.591666666667
2023,5,9,Blend,1906.2800000000002,2,1,0,1679.0983333333327
2023,5,10,ADP order,1612.82,9,0,0,1686.4966666666667
2023,5,10,ADP value,1607.1200000000001,8,0,0,1692.8633333333335
2023,5,10,Model,1996.5599999999997,1,1,1,1684.591666666667
2023,5,10,Blend,1786.78,5,0,0,1690.5649999999998
2023,5,11,ADP order,1569.9199999999998,10,0,0,1680.6083333333333
2023,5,11,ADP value,1550.02,7,0,0,1678.035
2023,5,11,Model,1986.1,1,1,1,1680.0366666666666
2023,5,11,Blend,1815.18,5,0,0,1676.7150000000001
2023,6,0,ADP order,1534.2799999999997,10,0,0,1666.5383333333332
2023,6,0,ADP value,1626.0200000000004,7,0,0,1696.5583333333334
2023,6,0,Model,1790.1600000000003,4,0,0,1693.5400000000002
2023,6,0,Blend,1639.0799999999997,7,0,0,1678.3150000000003
2023,6,1,ADP order,1497.8799999999999,10,0,0,1667.1883333333333
2023,6,1,ADP value,1534.22,10,0,0,1686.6299999999999
2023,6,1,Model,1790.1600000000003,4,0,0,1693.5400000000002
2023,6,1,Blend,1817.8800000000003,4,0,0,1694.4899999999998
2023,6,2,ADP order,1476.6799999999996,10,0,0,1667.6299999999999
2023,6,2,ADP value,1551.6,8,0,0,1681.083333333333
2023,6,2,Model,1531.7600000000002,11,0,0,1704.7699999999998
2023,6,2,Blend,1716.46,5,0,0,1683.3200000000004
2023,6,3,ADP order,1437.9799999999998,11,0,0,1680.695
2023,6,3,ADP value,1581.6599999999999,6,0,0,1665.9666666666665
2023,6,3,Model,1588.5400000000002,9,0,0,1707.1483333333333
2023,6,3,Blend,1812.2999999999997,4,0,0,1696.2283333333335
2023,6,4,ADP order,1639.46,9,0,0,1668.583333333333
2023,6,4,ADP value,1616.08,6,0,0,1669.425
2023,6,4,Model,1603.5600000000002,8,0,0,1687.6933333333334
2023,6,4,Blend,1876.1200000000003,2,1,0,1677.49
2023,6,5,ADP order,1656.9999999999995,6,0,0,1663.4516666666666
2023,6,5,ADP value,1609.6999999999998,6,0,0,1676.1999999999996
2023,6,5,Model,1556.2200000000003,10,0,0,1692.7249999999997
2023,6,5,Blend,1876.1200000000003,2,1,0,1677.49
2023,6,6,ADP order,1653.4599999999998,8,0,0,1674.9816666666666
2023,6,6,ADP value,1651.5800000000002,7,0,0,1694.3116666666665
2023,6,6,Model,1556.2200000000003,10,0,0,1692.7249999999997
2023,6,6,Blend,1876.1200000000003,2,1,0,1677.49
2023,6,7,ADP order,1261.7600000000002,12,0,0,1707.6483333333335
2023,6,7,ADP value,1375.86,12,0,0,1695.915
2023,6,7,Model,1556.2200000000003,10,0,0,1692.7249999999997
2023,6,7,Blend,1773.7200000000003,4,0,0,1678.3500000000001
2023,6,8,ADP order,1358.7399999999998,12,0,0,1702.2666666666664
2023,6,8,ADP value,1474.9000000000003,11,0,0,1687.551666666667
2023,6,8,Model,1607.54,9,0,0,1680.1183333333336
2023,6,8,Blend,1615.16,8,0,0,1672.305
2023,6,9,ADP order,1382.84,12,0,0,1695.6083333333336
2023,6,9,ADP value,1474.9000000000003,11,0,0,1687.551666666667
2023,6,9,Model,1607.54,9,0,0,1680.1183333333336
2023,6,9,Blend,1863.62,3,1,0,1697.9799999999996
2023,6,10,ADP order,1443.5200000000002,11,0,0,1668.7966666666669
2023,6,10,ADP value,1461.8000000000002,11,0,0,1681.6483333333329
2023,6,10,Model,1607.54,9,0,0,1680.1183333333336
2023,6,10,Blend,1863.62,3,1,0,1697.9799999999996
2023,6,11,ADP order,1486.1,11,0,0,1673.9466666666667
2023,6,11,ADP value,1513.64,10,0,0,1675.2733333333333
2023,6,11,Model,1753.1999999999998,3,1,0,1686.2016666666668
2023,6,11,Blend,1902.7200000000003,3,1,0,1695.4216666666664
2023,7,0,ADP order,1732.1799999999998,7,0,0,1700.485
2023,7,0,ADP value,1336.6999999999998,12,0,0,1686.9716666666666
2023,7,0,Model,1522.24,11,0,0,1696.9749999999997
2023,7,0,Blend,1617.1599999999994,9,0,0,1676.7283333333335
2023,7,1,ADP order,1789.9199999999998,5,0,0,1700.823333333333
2023,7,1,ADP value,1360.16,12,0,0,1681.1183333333336
2023,7,1,Model,1522.24,11,0,0,1696.9749999999997
2023,7,1,Blend,1730.4,7,0,0,1686.5649999999998
2023,7,2,ADP order,1828.1199999999997,4,0,0,1687.878333333333
2023,7,2,ADP value,1303.7799999999997,12,0,0,1683.2933333333333
2023,7,2,Model,1572.0200000000002,10,0,0,1709.3316666666667
2023,7,2,Blend,1730.4,7,0,0,1686.5649999999998
2023,7,3,ADP order,1803.8200000000004,4,0,0,1694.67
2023,7,3,ADP value,1388.28,11,0,0,1684.3933333333334
2023,7,3,Model,1616.4800000000002,10,0,0,1714.3866666666663
2023,7,3,Blend,1815.9399999999998,4,0,0,1688.3816666666664
2023,7,4,ADP order,2065.0200000000004,1,1,1,1702.9883333333335
2023,7,4,ADP value,1500.7800000000002,10,0,0,1699.135
2023,7,4,Model,1709.7,6,0,0,1714.3416666666665
2023,7,4,Blend,2051.7,2,1,0,1700.6683333333333
2023,7,5,ADP order,1912.64,2,1,0,1695.0166666666664
2023,7,5,ADP value,1379.1000000000001,12,0,0,1694.5183333333332
2023,7,5,Model,1709.7,6,0,0,1714.3416666666665
2023,7,5,Blend,1984.62,2,1,0,1701.7516666666668
2023,7,6,ADP order,1610.4399999999998,8,0,0,1704.095
2023,7,6,ADP value,1379.1000000000001,12,0,0,1694.5183333333332
2023,7,6,Model,1605.9800000000002,8,0,0,1693.1100000000004
2023,7,6,Blend,1984.62,2,1,0,1701.7516666666668
2023,7,7,ADP order,1598.7800000000002,10,0,0,1701.9399999999998
2023,7,7,ADP value,1305.1800000000003,12,0,0,1701.2583333333332
2023,7,7,Model,1675.7800000000002,6,0,0,1692.701666666667
2023,7,7,Blend,1932.1200000000001,2,1,0,1709.261666666667
2023,7,8,ADP order,1457.08,12,0,0,1699.3783333333333
2023,7,8,ADP value,1342.7799999999997,12,0,0,1693.7666666666664
2023,7,8,Model,1702.3800000000003,7,0,0,1697.7016666666668
2023,7,8,Blend,1932.1200000000001,2,1,0,1709.261666666667
2023,7,9,ADP order,1453.8000000000004,11,0,0,1689.7816666666668
2023,7,9,ADP value,1342.7799999999997,12,0,0,1693.7666666666664
2023,7,9,Model,1702.3800000000003,7,0,0,1697.7016666666668
2023,7,9,Blend,1932.1200000000001,2,1,0,1709.2616666666665
2023,7,10,ADP order,1338.8,12,0,0,1693.7233333333334
2023,7,10,ADP value,1533.8799999999997,12,0,0,1706.4616666666668
2023,7,10,Model,1799.88,3,1,0,1696.218333333334
2023,7,10,Blend,1965.7200000000003,2,1,0,1683.1833333333334
2023,7,11,ADP order,1405.7800000000002,12,0,0,1682.0349999999999
2023,7,11,ADP value,1483.9800000000002,11,0,0,1699.5399999999997
2023,7,11,Model,1683.7600000000002,6,0,0,1691.4066666666665
2023,7,11,Blend,1965.7200000000003,2,1,0,1683.1833333333334
2023,8,0,ADP order,1782.4599999999996,4,0,0,1683.405
2023,8,0,ADP value,1663.2599999999995,8,0,0,1679.7783333333334
2023,8,0,Model,1748.04,4,0,0,1671.5166666666664
2023,8,0,Blend,2018.26,1,1,1,1681.5866666666668
2023,8,1,ADP order,1941.7799999999997,1,1,1,1688.0550000000003
2023,8,1,ADP value,1974.8799999999997,1,1,1,1672.5083333333332
2023,8,1,Model,1748.04,4,0,0,1671.5166666666664
2023,8,1,Blend,1966.5600000000004,2,1,0,1693.6283333333333
2023,8,2,ADP order,1880.0599999999997,1,1,1,1683.4799999999998
2023,8,2,ADP value,1765.2799999999997,4,0,0,1702.9933333333336
2023,8,2,Model,1709.5,7,0,0,1689.4716666666666
2023,8,2,Blend,1901.1,2,1,0,1689.5133333333333
2023,8,3,ADP order,1604.66,9,0,0,1683.6366666666665
2023,8,3,ADP value,1520.5800000000004,11,0,0,1681.138333333333
2023,8,3,Model,1739.3800000000006,6,0,0,1695.5116666666665
2023,8,3,Blend,1657.8199999999997,8,0,0,1682.0783333333336
2023,8,4,ADP order,1579.6399999999999,10,0,0,1688.1983333333335
2023,8,4,ADP value,1619.48,7,0,0,1663.6666666666663
2023,8,4,Model,1739.3800000000006,6,0,0,1695.5116666666665
2023,8,4,Blend,1657.8199999999997,8,0,0,1682.0783333333336
2023,8,5,ADP order,1463.38,11,0,0,1677.488333333333
2023,8,5,ADP value,1619.48,7,0,0,1663.6666666666663
2023,8,5,Model,1739.3800000000006,6,0,0,1695.5116666666665
2023,8,5,Blend,1682.82,6,0,0,1671.7866666666666
2023,8,6,ADP order,1603.6799999999996,10,0,0,1679.3383333333331
2023,8,6,ADP value,1754.74,3,1,0,1649.8833333333332
2023,8,6,Model,1739.3800000000006,6,0,0,1695.5116666666665
2023,8,6,Blend,1900.32,1,1,1,1674.2366666666667
2023,8,7,ADP order,1784.2000000000003,3,1,0,1687.1883333333333
2023,8,7,ADP value,1754.74,3,1,0,1649.8833333333332
2023,8,7,Model,1739.3800000000006,6,0,0,1695.5116666666665
2023,8,7,Blend,1789.2199999999998,3,1,0,1671.62
2023,8,8,ADP order,1571.0000000000002,10,0,0,1693.155
2023,8,8,ADP value,1492.68,10,0,0,1661.115
2023,8,8,Model,1717.48,5,0,0,1687.08
2023,8,8,Blend,1700.6000000000001,4,0,0,1673.6366666666665
2023,8,9,ADP order,1513.24,12,0,0,1695.3249999999998
2023,8,9,ADP value,1386.9799999999998,12,0,0,1651.2616666666665
2023,8,9,Model,1692.5800000000002,7,0,0,1691.5550000000003
2023,8,9,Blend,1622.5800000000002,9,0,0,1670.6083333333336
2023,8,10,ADP order,1520.4,12,0,0,1697.7
2023,8,10,ADP value,1482.58,11,0,0,1658.4650000000001
2023,8,10,Model,1685.18,6,0,0,1684.9233333333334
2023,8,10,Blend,1622.5800000000002,9,0,0,1670.6083333333336
2023,8,11,ADP order,1495.3200000000002,12,0,0,1697.1850000000002
2023,8,11,ADP value,1497.28,11,0,0,1671.6316666666664
2023,8,11,Model,1685.18,6,0,0,1684.9233333333334
2023,8,11,Blend,1606.98,10,0,0,1678.2516666666668
2023,9,0,ADP order,1894.6800000000003,2,1,0,1687.1849999999997
2023,9,0,ADP value,1608.16,9,0,0,1694.8249999999998
2023,9,0,Model,1600.8000000000002,8,0,0,1681.2366666666665
2023,9,0,Blend,1799.24,5,0,0,1686.783333333333
2023,9,1,ADP order,1891.9400000000003,2,1,0,1681.6516666666664
2023,9,1,ADP value,1608.16,9,0,0,1694.8249999999998
2023,9,1,Model,1778.6399999999999,3,1,0,1684.5533333333333
2023,9,1,Blend,1826.3400000000001,4,0,0,1690.4000000000003
2023,9,2,ADP order,1931.24,1,1,1,1709.265
2023,9,2,ADP value,1910.34,2,1,0,1698.9749999999997
2023,9,2,Model,1710.6999999999996,5,0,0,1678.8216666666667
2023,9,2,Blend,1914.5800000000004,2,1,0,1693.1133333333335
2023,9,3,ADP order,1964.4,2,1,0,1706.8016666666663
2023,9,3,ADP value,1726.6400000000003,7,0,0,1683.8466666666666
2023,9,3,Model,1713.4799999999996,7,0,0,1682.3583333333336
2023,9,3,Blend,1941.44,2,1,0,1684.5049999999999
2023,9,4,ADP order,1903.42,1,1,1,1703.6216666666667
2023,9,4,ADP value,1649.94,8,0,0,1679.0233333333333
2023,9,4,Model,1674.18,6,0,0,1689.4250000000002
2023,9,4,Blend,1980.5399999999997,2,1,0,1685.8116666666665
2023,9,5,ADP order,1952.8599999999997,1,1,1,1695.6633333333332
2023,9,5,ADP value,1516.96,10,0,0,1675.085
2023,9,5,Model,1674.18,6,0,0,1689.4250000000002
2023,9,5,Blend,2031.1399999999999,1,1,1,1695.503333333333
2023,9,6,ADP order,1956.56,1,1,1,1700.1500000000003
2023,9,6,ADP value,1718.6600000000003,6,0,0,1691.8683333333336
2023,9,6,Model,1655.0800000000002,7,0,0,1688.925
2023,9,6,Blend,2008.6399999999999,1,1,1,1691.2616666666663
2023,9,7,ADP order,1621.26,8,0,0,1694.111666666667
2023,9,7,ADP value,1737.54,5,0,0,1697.8983333333333
2023,9,7,Model,1655.0800000000002,7,0,0,1688.925
2023,9,7,Blend,1939.4399999999998,2,1,0,1686.883333333333
2023,9,8,ADP order,1487.9600000000003,10,0,0,1701.878333333333
2023,9,8,ADP value,1468.14,11,0,0,1703.41
2023,9,8,Model,1655.0800000000002,7,0,0,1688.925
2023,9,8,Blend,1932.6400000000003,2,1,0,1688.55
2023,9,9,ADP order,1462.46,11,0,0,1706.8433333333335
2023,9,9,ADP value,1391.5599999999997,12,0,0,1695.47
2023,9,9,Model,1706.4800000000002,7,0,0,1677.4016666666666
2023,9,9,Blend,1932.1399999999999,2,1,0,1685.8583333333333
2023,9,10,ADP order,1665.2600000000004,8,0,0,1714.1150000000005
2023,9,10,ADP value,1518.8200000000002,10,0,0,1689.3083333333334
2023,9,10,Model,1822.44,4,0,0,1694.333333333333
2023,9,10,Blend,1932.1399999999999,2,1,0,1685.8583333333333
2023,9,11,ADP order,1657.06,9,0,0,1711.8833333333334
2023,9,11,ADP value,1669.3600000000006,8,0,0,1697.7150000000001
2023,9,11,Model,1822.44,4,0,0,1694.333333333333
2023,9,11,Blend,1932.1399999999999,2,1,0,1685.8583333333333
2023,10,0,ADP order,1742.26,7,0,0,1707.493333333333
2023,10,0,ADP value,1558.1799999999998,9,0,0,1673.4233333333332
2023,10,0,Model,1858.9399999999998,2,1,0,1686.485
2023,10,0,Blend,1892.74,1,1,1,1704.5616666666667
2023,10,1,ADP order,1661.9,8,0,0,1689.0016666666663
2023,10,1,ADP value,1577.9800000000002,9,0,0,1674.8149999999998
2023,10,1,Model,2020.48,1,1,1,1703.6383333333333
2023,10,1,Blend,1944.4399999999998,1,1,1,1692.3766666666668
2023,10,2,ADP order,1906.8200000000002,1,1,1,1719.7016666666668
2023,10,2,ADP value,1808.28,4,0,0,1701.76
2023,10,2,Model,2020.48,1,1,1,1703.6383333333333
2023,10,2,Blend,2146.9399999999996,1,1,1,1692.3933333333327
2023,10,3,ADP order,1653.0000000000002,11,0,0,1710.3799999999999
2023,10,3,ADP value,1685.9800000000005,7,0,0,1705.9633333333331
2023,10,3,Model,2020.48,1,1,1,1703.6383333333333
2023,10,3,Blend,1990.6599999999999,1,1,1,1694.4916666666666
2023,10,4,ADP order,1879.8999999999999,2,1,0,1702.7883333333332
2023,10,4,ADP value,1632.68,10,0,0,1702.0166666666667
2023,10,4,Model,2020.48,1,1,1,1703.6383333333333
2023,10,4,Blend,2147.56,1,1,1,1696.4433333333334
2023,10,5,ADP order,1879.8999999999999,2,1,0,1702.7883333333332
2023,10,5,ADP value,1632.68,10,0,0,1702.0166666666667
2023,10,5,Model,2053.3799999999997,1,1,1,1692.735
2023,10,5,Blend,2147.56,1,1,1,1696.4433333333334
2023,10,6,ADP order,1825.52,2,1,0,1715.5749999999998
2023,10,6,ADP value,1557.48,11,0,0,1695.7116666666668
2023,10,6,Model,2073.08,1,1,1,1699.1766666666665
2023,10,6,Blend,2147.56,1,1,1,1696.4433333333334
2023,10,7,ADP order,1775.1000000000001,4,0,0,1703.8783333333333
2023,10,7,ADP value,1667.3799999999999,8,0,0,1690.8533333333335
2023,10,7,Model,2100.88,1,1,1,1697.6016666666667
2023,10,7,Blend,1964.3600000000001,1,1,1,1704.2250000000001
2023,10,8,ADP order,1795.0399999999997,3,1,0,1702.4883333333335
2023,10,8,ADP value,1667.3799999999999,8,0,0,1690.8533333333335
2023,10,8,Model,2100.88,1,1,1,1697.6016666666671
2023,10,8,Blend,1964.3600000000001,1,1,1,1704.2250000000001
2023,10,9,ADP order,1795.0399999999997,3,1,0,1702.4883333333335
2023,10,9,ADP value,1672.78,9,0,0,1693.8150000000003
2023,10,9,Model,2100.88,1,1,1,1697.6016666666671
2023,10,9,Blend,1921.2400000000002,1,1,1,1700.08
2023,10,10,ADP order,1807.74,3,1,0,1702.3966666666668
2023,10,10,ADP value,1790.4800000000002,4,0,0,1719.3833333333332
2023,10,10,Model,2100.88,1,1,1,1697.6016666666671
2023,10,10,Blend,1864.6399999999999,1,1,1,1706.263333333333
2023,10,11,ADP order,1684.9199999999998,6,0,0,1685.3549999999998
2023,10,11,ADP value,1712.78,6,0,0,1707.9566666666667
2023,10,11,Model,2100.88,1,1,1,1697.6016666666671
2023,10,11,Blend,1847.18,2,1,0,1706.2583333333334
2023,11,0,ADP order,1724.8200000000002,7,0,0,1694.3850000000002
2023,11,0,ADP value,1649.18,8,0,0,1682.505
2023,11,0,Model,1921.5999999999997,1,1,1,1666.4733333333331
2023,11,0,Blend,1840.8199999999997,2,1,0,1661.2216666666666
2023,11,1,ADP order,1686.46,7,0,0,1696.9016666666669
2023,11,1,ADP value,1538.8000000000002,10,0,0,1666.6366666666663
2023,11,1,Model,1900.0,2,1,0,1664.3149999999998
2023,11,1,Blend,1904.1999999999996,2,1,0,1659.13
2023,11,2,ADP order,1723.2600000000002,7,0,0,1691.2683333333334
2023,11,2,ADP value,1585.94,9,0,0,1681.1566666666668
2023,11,2,Model,1951.1399999999999,1,1,1,1652.9116666666669
2023,11,2,Blend,1719.8000000000002,4,0,0,1656.3233333333335
2023,11,3,ADP order,1857.2600000000002,3,1,0,1685.2016666666668
2023,11,3,ADP value,1787.4399999999998,5,0,0,1685.8483333333334
2023,11,3,Model,1916.54,1,1,1,1659.7533333333333
2023,11,3,Blend,1810.1399999999999,4,0,0,1648.9433333333334
2023,11,4,ADP order,1519.7799999999997,10,0,0,1673.8216666666667
2023,11,4,ADP value,1456.86,11,0,0,1666.5649999999998
2023,11,4,Model,1916.54,1,1,1,1659.7533333333333
2023,11,4,Blend,1641.6399999999999,8,0,0,1649.1266666666668
2023,11,5,ADP order,1674.5800000000002,7,0,0,1669.8166666666668
2023,11,5,ADP value,1427.6599999999999,11,0,0,1656.8316666666667
2023,11,5,Model,1868.5400000000002,2,1,0,1659.8366666666668
2023,11,5,Blend,1845.8000000000002,1,1,1,1645.5866666666668
2023,11,6,ADP order,1783.6599999999999,5,0,0,1668.9216666666664
2023,11,6,ADP value,1427.6599999999999,11,0,0,1656.8316666666667
2023,11,6,Model,1585.9399999999998,8,0,0,1643.613333333333
2023,11,6,Blend,1845.8000000000002,1,1,1,1645.5866666666668
2023,11,7,ADP order,1714.4799999999998,7,0,0,1685.5883333333331
2023,11,7,ADP value,1709.4800000000002,6,0,0,1678.93
2023,11,7,Model,1582.2399999999998,8,0,0,1643.4799999999998
2023,11,7,Blend,1845.8000000000002,1,1,1,1645.5866666666668
2023,11,8,ADP order,1714.4799999999998,7,0,0,1685.5883333333331
2023,11,8,ADP value,1687.3800000000003,6,0,0,1668.993333333333
2023,11,8,Model,1634.6400000000003,7,0,0,1643.4133333333336
2023,11,8,Blend,1896.42,1,1,1,1641.735
2023,11,9,ADP order,1740.7799999999997,6,0,0,1685.74
2023,11,9,ADP value,1671.98,7,0,0,1652.4766666666665
2023,11,9,Model,1634.6400000000003,7,0,0,1643.4133333333332
2023,11,9,Blend,1745.7000000000003,4,0,0,1650.915
2023,11,10,ADP order,1640.78,8,0,0,1688.87
2023,11,10,ADP value,1644.2599999999998,7,0,0,1651.9766666666665
2023,11,10,Model,1744.6800000000003,2,1,0,1654.9166666666667
2023,11,10,Blend,1882.2599999999998,1,1,1,1644.8749999999998
2023,11,11,ADP order,1620.2799999999997,7,0,0,1678.4583333333333
2023,11,11,ADP value,1647.3599999999997,8,0,0,1672.5083333333334
2023,11,11,Model,1665.9199999999998,7,0,0,1646.6516666666666
2023,11,11,Blend,1866.44,1,1,1,1654.2933333333333
2023,12,0,ADP order,1958.6000000000001,1,1,1,1699.28
2023,12,0,ADP value,1641.78,6,0,0,1679.1850000000002
2023,12,0,Model,1864.7799999999997,3,1,0,1691.03
2023,12,0,Blend,1723.1399999999999,6,0,0,1672.3549999999998
2023,12,1,ADP order,1958.6000000000001,1,1,1,1699.28
2023,12,1,ADP value,1532.1799999999996,10,0,0,1676.1683333333333
2023,12,1,Model,1803.82,5,0,0,1677.18
2023,12,1,Blend,1723.1399999999999,6,0,0,1672.3549999999998
2023,12,2,ADP order,1838.8,3,1,0,1685.2466666666667
2023,12,2,ADP value,1532.1799999999996,10,0,0,1676.1683333333333
2023,12,2,Model,1803.82,5,0,0,1677.18
2023,12,2,Blend,1723.1399999999999,6,0,0,1672.3549999999998
2023,12,3,ADP order,1821.3,2,1,0,1680.2299999999998
2023,12,3,ADP value,1581.16,9,0,0,1689.6666666666667
2023,12,3,Model,1803.82,5,0,0,1677.18
2023,12,3,Blend,1805.86,3,1,0,1696.9216666666669
2023,12,4,ADP order,1907.56,1,1,1,1664.7216666666666
2023,12,4,ADP value,1783.5600000000004,4,0,0,1704.2733333333335
2023,12,4,Model,1910.8799999999999,3,1,0,1701.833333333333
2023,12,4,Blend,1960.24,1,1,1,1686.6666666666667
2023,12,5,ADP order,1885.5600000000002,3,1,0,1658.9933333333336
2023,12,5,ADP value,1731.5600000000002,5,0,0,1704.5233333333333
2023,12,5,Model,1929.6799999999998,2,1,0,1695.7250000000001
2023,12,5,Blend,1961.1200000000001,2,1,0,1682.3749999999998
2023,12,6,ADP order,1672.5600000000002,5,0,0,1662.6266666666668
2023,12,6,ADP value,1531.46,10,0,0,1703.4566666666667
2023,12,6,Model,1595.1400000000003,8,0,0,1672.5633333333333
2023,12,6,Blend,1890.52,3,1,0,1662.2250000000001
2023,12,7,ADP order,1808.1600000000003,4,0,0,1667.0183333333334
2023,12,7,ADP value,1414.28,11,0,0,1683.3983333333333
2023,12,7,Model,1661.9999999999998,8,0,0,1675.0999999999997
2023,12,7,Blend,1882.22,3,1,0,1652.0166666666667
2023,12,8,ADP order,1764.76,5,0,0,1666.5016666666668
2023,12,8,ADP value,1414.3799999999999,11,0,0,1684.0749999999998
2023,12,8,Model,1686.8999999999999,5,0,0,1670.8466666666666
2023,12,8,Blend,1954.7000000000003,2,1,0,1656.8600000000004
2023,12,9,ADP order,1783.56,5,0,0,1675.7666666666667
2023,12,9,ADP value,1414.3799999999999,11,0,0,1684.0749999999998
2023,12,9,Model,1629.6,7,0,0,1666.4733333333334
2023,12,9,Blend,1954.7000000000003,2,1,0,1656.86
2023,12,10,ADP order,1618.0399999999997,8,0,0,1671.7133333333331
2023,12,10,ADP value,1821.3799999999999,3,1,0,1683.5833333333337
2023,12,10,Model,1569.58,9,0,0,1654.8633333333335
2023,12,10,Blend,1954.7000000000003,2,1,0,1656.86
2023,12,11,ADP order,1590.4400000000003,8,0,0,1666.413333333333
2023,12,11,ADP value,1405.7800000000002,12,0,0,1699.3383333333331
2023,12,11,Model,1569.58,9,0,0,1654.8633333333335
2023,12,11,Blend,1906.5000000000002,3,1,0,1657.176666666667
2023,13,0,ADP order,1401.26,10,0,0,1649.0383333333332
2023,13,0,ADP value,1570.5,8,0,0,1672.301666666667
2023,13,0,Model,1552.2599999999998,10,0,0,1673.465
2023,13,0,Blend,1546.08,8,0,0,1679.1083333333333
2023,13,1,ADP order,1401.26,10,0,0,1649.0383333333332
2023,13,1,ADP value,1539.3,8,0,0,1665.0533333333333
2023,13,1,Model,1730.42,3,1,0,1684.28
2023,13,1,Blend,1687.4199999999998,7,0,0,1677.7283333333335
2023,13,2,ADP order,1411.5599999999997,10,0,0,1655.1833333333334
2023,13,2,ADP value,1386.3,12,0,0,1666.3466666666666
2023,13,2,Model,1594.7200000000003,9,0,0,1677.6783333333335
2023,13,2,Blend,1541.8799999999997,10,0,0,1666.1816666666666
2023,13,3,ADP order,1547.9599999999998,9,0,0,1657.8916666666667
2023,13,3,ADP value,1549.6000000000001,10,0,0,1675.0266666666669
2023,13,3,Model,1594.7200000000003,9,0,0,1677.6783333333335
2023,13,3,Blend,1657.1799999999998,6,0,0,1664.8149999999998
2023,13,4,ADP order,1547.86,9,0,0,1678.0316666666665
2023,13,4,ADP value,1578.4399999999996,9,0,0,1681.57
2023,13,4,Model,1594.7200000000003,9,0,0,1677.6783333333335
2023,13,4,Blend,1726.52,4,0,0,1686.3700000000001
2023,13,5,ADP order,1575.5799999999997,8,0,0,1659.9849999999997
2023,13,5,ADP value,1578.4399999999996,9,0,0,1681.57
2023,13,5,Model,1594.7200000000003,9,0,0,1677.6783333333335
2023,13,5,Blend,1726.52,4,0,0,1686.3700000000001
2023,13,6,ADP order,1541.0200000000002,9,0,0,1643.3966666666665
2023,13,6,ADP value,1540.66,9,0,0,1672.3316666666667
2023,13,6,Model,1594.7200000000003,9,0,0,1677.6783333333335
2023,13,6,Blend,1645.4,8,0,0,1676.3766666666668
2023,13,7,ADP order,1575.3799999999999,7,0,0,1667.868333333333
2023,13,7,ADP value,1675.0,7,0,0,1680.5050000000003
2023,13,7,Model,1594.7200000000003,9,0,0,1677.6783333333335
2023,13,7,Blend,1634.3800000000003,8,0,0,1685.5266666666666
2023,13,8,ADP order,1450.8599999999997,11,0,0,1669.168333333333
2023,13,8,ADP value,1642.1,7,0,0,1671.4733333333334
2023,13,8,Model,1594.7200000000003,9,0,0,1677.6783333333335
2023,13,8,Blend,1722.2999999999997,7,0,0,1684.1399999999996
2023,13,9,ADP order,1598.32,7,0,0,1676.6483333333333
2023,13,9,ADP value,1758.6,5,0,0,1675.8216666666667
2023,13,9,Model,1793.74,2,1,0,1690.7666666666664
2023,13,9,Blend,1887.6000000000001,2,1,0,1701.1949999999997
2023,13,10,ADP order,1661.3199999999997,7,0,0,1681.9316666666664
2023,13,10,ADP value,1729.4199999999996,4,0,0,1669.7266666666665
2023,13,10,Model,1877.94,2,1,0,1692.0566666666666
2023,13,10,Blend,1885.4199999999998,2,1,0,1695.423333333333
2023,13,11,ADP order,1607.8600000000001,9,0,0,1670.1350000000002
2023,13,11,ADP value,1832.16,2,1,0,1666.2766666666666
2023,13,11,Model,1877.94,2,1,0,1692.0566666666666
2023,13,11,Blend,1920.9399999999998,1,1,1,1696.4983333333332
2023,14,0,ADP order,1782.0999999999997,4,0,0,1706.87
2023,14,0,ADP value,1413.98,12,0,0,1696.415
2023,14,0,Model,1751.14,4,0,0,1670.1983333333335
2023,14,0,Blend,1690.96,6,0,0,1704.5233333333333
2023,14,1,ADP order,1635.5600000000002,8,0,0,1710.5883333333331
2023,14,1,ADP value,1444.4800000000002,11,0,0,1688.168333333333
2023,14,1,Model,1852.6399999999999,2,1,0,1711.2450000000001
2023,14,1,Blend,1746.9599999999998,5,0,0,1704.3566666666666
2023,14,2,ADP order,1767.3600000000001,4,0,0,1704.4633333333331
2023,14,2,ADP value,1550.2799999999997,11,0,0,1694.7249999999997
2023,14,2,Model,1852.6399999999999,2,1,0,1711.2450000000001
2023,14,2,Blend,1867.3599999999997,3,1,0,1699.6066666666668
2023,14,3,ADP order,1780.0600000000002,2,1,0,1703.6783333333333
2023,14,3,ADP value,1479.9199999999996,10,0,0,1694.7983333333334
2023,14,3,Model,1852.6399999999999,2,1,0,1711.2450000000001
2023,14,3,Blend,1778.4000000000003,5,0,0,1716.5616666666665
2023,14,4,ADP order,1715.32,6,0,0,1708.4716666666666
2023,14,4,ADP value,1543.9200000000003,10,0,0,1685.868333333333
2023,14,4,Model,1886.0400000000002,2,1,0,1693.6350000000002
2023,14,4,Blend,1926.1000000000001,2,1,0,1707.3533333333335
2023,14,5,ADP order,1664.02,8,0,0,1713.4866666666667
2023,14,5,ADP value,1499.5200000000002,10,0,0,1689.7066666666667
2023,14,5,Model,1886.0400000000002,2,1,0,1693.6350000000002
2023,14,5,Blend,1876.4799999999998,2,1,0,1727.2166666666662
2023,14,6,ADP order,1654.9599999999998,8,0,0,1706.1833333333334
2023,14,6,ADP value,1482.5800000000002,11,0,0,1698.0766666666668
2023,14,6,Model,1918.1399999999996,2,1,0,1715.6149999999998
2023,14,6,Blend,1977.86,1,1,1,1697.595
2023,14,7,ADP order,1671.6599999999999,7,0,0,1685.9783333333332
2023,14,7,ADP value,1361.8000000000002,12,0,0,1701.5666666666668
2023,14,7,Model,1918.1399999999996,2,1,0,1715.6149999999998
2023,14,7,Blend,1920.6800000000003,3,1,0,1708.003333333333
2023,14,8,ADP order,1671.6599999999999,7,0,0,1685.9783333333332
2023,14,8,ADP value,1379.3,11,0,0,1694.6866666666665
2023,14,8,Model,1918.1399999999996,2,1,0,1715.6149999999998
2023,14,8,Blend,1920.6800000000003,3,1,0,1708.0033333333333
2023,14,9,ADP order,1655.46,8,0,0,1694.455
2023,14,9,ADP value,1379.3,11,0,0,1694.6866666666665
2023,14,9,Model,1983.2599999999998,1,1,1,1698.79
2023,14,9,Blend,1952.8599999999997,2,1,0,1713.2399999999998
2023,14,10,ADP order,1655.46,8,0,0,1694.455
2023,14,10,ADP value,1396.8000000000002,11,0,0,1686.9399999999998
2023,14,10,Model,1983.2599999999998,1,1,1,1698.7899999999997
2023,14,10,Blend,1952.8599999999997,2,1,0,1713.24
2023,14,11,ADP order,1520.0199999999998,11,0,0,1695.3933333333332
2023,14,11,ADP value,1407.08,11,0,0,1695.328333333333
2023,14,11,Model,1846.2400000000002,3,1,0,1693.6383333333335
2023,14,11,Blend,1948.4399999999998,2,1,0,1723.9349999999997
2023,15,0,ADP order,1630.2599999999998,7,0,0,1676.6433333333334
2023,15,0,ADP value,1441.8600000000004,12,0,0,1680.7633333333333
2023,15,0,Model,1895.24,3,1,0,1669.3133333333333
2023,15,0,Blend,1841.96,2,1,0,1673.1916666666664
2023,15,1,ADP order,1812.16,3,1,0,1667.3316666666667
2023,15,1,ADP value,1694.9600000000003,6,0,0,1683.5633333333335
2023,15,1,Model,1764.1400000000003,3,1,0,1686.0333333333335
2023,15,1,Blend,1937.1599999999999,1,1,1,1691.0249999999996
2023,15,2,ADP order,1837.3600000000001,3,1,0,1668.2483333333332
2023,15,2,ADP value,1695.68,5,0,0,1690.9533333333336
2023,15,2,Model,1783.94,3,1,0,1686.591666666667
2023,15,2,Blend,1948.0600000000002,1,1,1,1678.3416666666665
2023,15,3,ADP order,1679.0200000000002,6,0,0,1667.2583333333334
2023,15,3,ADP value,1505.1799999999998,11,0,0,1666.921666666667
2023,15,3,Model,1750.92,2,1,0,1681.4166666666667
2023,15,3,Blend,1879.76,1,1,1,1683.113333333333
2023,15,4,ADP order,1679.0200000000002,6,0,0,1667.2583333333334
2023,15,4,ADP value,1505.1799999999998,11,0,0,1666.921666666667
2023,15,4,Model,1750.92,2,1,0,1681.4166666666667
2023,15,4,Blend,1881.9599999999998,1,1,1,1667.846666666667
2023,15,5,ADP order,1777.8799999999999,3,1,0,1691.9650000000001
2023,15,5,ADP value,1473.38,11,0,0,1674.1066666666666
2023,15,5,Model,1840.1399999999999,2,1,0,1678.2183333333332
2023,15,5,Blend,1868.64,3,1,0,1670.7500000000002
2023,15,6,ADP order,1804.8600000000004,4,0,0,1681.7483333333332
2023,15,6,ADP value,1409.0800000000002,12,0,0,1670.4733333333334
2023,15,6,Model,1840.1399999999999,2,1,0,1678.2183333333332
2023,15,6,Blend,1896.44,3,1,0,1672.2916666666667
2023,15,7,ADP order,1822.2599999999998,2,1,0,1681.948333333333
2023,15,7,ADP value,1575.5800000000002,11,0,0,1671.0850000000003
2023,15,7,Model,1840.1399999999999,2,1,0,1678.2183333333332
2023,15,7,Blend,1971.74,1,1,1,1670.0249999999999
2023,15,8,ADP order,1767.7199999999998,3,1,0,1685.7483333333332
2023,15,8,ADP value,1599.7799999999997,10,0,0,1669.5099999999995
2023,15,8,Model,1840.1399999999999,2,1,0,1678.2183333333332
2023,15,8,Blend,1971.74,1,1,1,1670.0250000000003
2023,15,9,ADP order,1707.5199999999998,5,0,0,1676.865
2023,15,9,ADP value,1430.4800000000002,11,0,0,1658.0883333333331
2023,15,9,Model,1840.1399999999999,2,1,0,1678.2183333333332
2023,15,9,Blend,1843.6399999999999,2,1,0,1685.0766666666666
2023,15,10,ADP order,1612.6600000000003,8,0,0,1681.745
2023,15,10,ADP value,1513.5800000000002,12,0,0,1665.6783333333335
2023,15,10,Model,1906.3600000000001,2,1,0,1681.5816666666663
2023,15,10,Blend,1879.74,1,1,1,1663.4266666666665
2023,15,11,ADP order,1791.16,3,1,0,1685.3283333333331
2023,15,11,ADP value,1513.9799999999998,10,0,0,1664.505
2023,15,11,Model,1875.24,2,1,0,1685.8500000000001
2023,15,11,Blend,1879.74,1,1,1,1663.426666666667
2023,16,0,ADP order,1975.6199999999997,1,1,1,1683.6200000000001
2023,16,0,ADP value,1439.0599999999997,11,0,0,1680.3
2023,16,0,Model,1689.64,6,0,0,1697.2333333333333
2023,16,0,Blend,1900.7400000000005,3,1,0,1703.3233333333335
2023,16,1,ADP order,1981.5199999999998,1,1,1,1683.6200000000001
2023,16,1,ADP value,1445.46,12,0,0,1694.195
2023,16,1,Model,1870.5400000000004,3,1,0,1696.3816666666664
2023,16,1,Blend,1886.8600000000001,2,1,0,1701.78
2023,16,2,ADP order,1956.22,2,1,0,1679.361666666667
2023,16,2,ADP value,1445.46,12,0,0,1694.195
2023,16,2,Model,1870.5400000000004,3,1,0,1696.3816666666664
2023,16,2,Blend,1858.64,4,0,0,1684.1299999999999
2023,16,3,ADP order,2044.4999999999998,1,1,1,1696.39
2023,16,3,ADP value,1480.36,11,0,0,1692.1383333333333
2023,16,3,Model,1870.5400000000004,3,1,0,1696.3816666666664
2023,16,3,Blend,1925.6000000000001,1,1,1,1680.118333333333
2023,16,4,ADP order,1935.86,3,1,0,1700.785
2023,16,4,ADP value,1526.38,10,0,0,1692.363333333333
2023,16,4,Model,1870.5400000000004,3,1,0,1696.3816666666664
2023,16,4,Blend,1925.6000000000001,1,1,1,1680.118333333333
2023,16,5,ADP order,1913.6599999999999,3,1,0,1698.485
2023,16,5,ADP value,1629.7800000000004,7,0,0,1694.7566666666664
2023,16,5,Model,1870.5400000000004,3,1,0,1696.3816666666664
2023,16,5,Blend,1858.0399999999997,2,1,0,1665.9733333333334
2023,16,6,ADP order,1845.6200000000003,3,1,0,1676.7633333333335
2023,16,6,ADP value,1616.3799999999999,7,0,0,1695.29
2023,16,6,Model,1870.5400000000004,3,1,0,1696.3816666666664
2023,16,6,Blend,1895.34,3,1,0,1682.7283333333335
2023,16,7,ADP order,1887.4,3,1,0,1688.346666666667
2023,16,7,ADP value,1717.28,5,0,0,1680.1216666666667
2023,16,7,Model,1853.5599999999997,2,1,0,1686.8016666666665
2023,16,7,Blend,1782.4200000000003,4,0,0,1680.9516666666668
2023,16,8,ADP order,1962.0199999999995,1,1,1,1695.5116666666665
2023,16,8,ADP value,1797.7,4,0,0,1680.5466666666669
2023,16,8,Model,1853.5599999999997,2,1,0,1686.8016666666665
2023,16,8,Blend,1864.1399999999999,1,1,1,1662.618333333333
2023,16,9,ADP order,1792.3399999999997,5,0,0,1688.175
2023,16,9,ADP value,1763.0400000000002,7,0,0,1678.5800000000002
2023,16,9,Model,1853.5599999999997,2,1,0,1686.8016666666665
2023,16,9,Blend,1766.42,3,1,0,1656.5849999999998
2023,16,10,ADP order,1946.5200000000004,2,1,0,1680.868333333333
2023,16,10,ADP value,1727.6399999999999,7,0,0,1680.2216666666666
2023,16,10,Model,1848.02,2,1,0,1690.9800000000002
2023,16,10,Blend,1766.42,3,1,0,1656.5849999999998
2023,16,11,ADP order,1951.6200000000003,2,1,0,1686.625
2023,16,11,ADP value,1700.7400000000002,7,0,0,1677.2383333333335
2023,16,11,Model,1848.02,2,1,0,1690.9800000000002
2023,16,11,Blend,1783.0199999999998,4,0,0,1681.993333333333
2023,17,0,ADP order,1834.6999999999996,4,0,0,1673.0883333333334
2023,17,0,ADP value,1542.68,9,0,0,1676.1266666666668
2023,17,0,Model,1786.6400000000003,2,1,0,1656.6483333333335
2023,17,0,Blend,1879.3800000000003,2,1,0,1667.39
2023,17,1,ADP order,1795.9399999999998,4,0,0,1671.2216666666666
2023,17,1,ADP value,1703.4199999999998,7,0,0,1686.9383333333335
2023,17,1,Model,1744.5400000000002,4,0,0,1660.5083333333334
2023,17,1,Blend,1826.5599999999997,3,1,0,1655.3833333333334
2023,17,2,ADP order,1711.7800000000004,6,0,0,1664.1816666666666
2023,17,2,ADP value,1703.4199999999998,7,0,0,1686.9383333333335
2023,17,2,Model,1738.94,4,0,0,1656.95
2023,17,2,Blend,1826.5599999999997,3,1,0,1655.3833333333334
2023,17,3,ADP order,1620.8799999999999,7,0,0,1651.281666666667
2023,17,3,ADP value,1716.92,5,0,0,1682.2983333333334
2023,17,3,Model,1866.2400000000002,2,1,0,1641.0733333333335
2023,17,3,Blend,1887.2600000000002,2,1,0,1655.0366666666662
2023,17,4,ADP order,1793.46,3,1,0,1651.631666666667
2023,17,4,ADP value,1651.7599999999998,6,0,0,1667.66
2023,17,4,Model,1905.8400000000001,2,1,0,1655.2333333333333
2023,17,4,Blend,1890.44,2,1,0,1658.0133333333333
2023,17,5,ADP order,1752.5599999999997,5,0,0,1644.7316666666666
2023,17,5,ADP value,1698.5199999999998,4,0,0,1666.1566666666668
2023,17,5,Model,1864.54,2,1,0,1650.8766666666668
2023,17,5,Blend,1810.7400000000002,2,1,0,1649.3883333333333
2023,17,6,ADP order,1734.5,5,0,0,1638.0983333333334
2023,17,6,ADP value,1624.6599999999999,9,0,0,1667.2233333333334
2023,17,6,Model,1878.3399999999997,3,1,0,1655.11
2023,17,6,Blend,2025.04,1,1,1,1661.7733333333333
2023,17,7,ADP order,1789.0199999999998,5,0,0,1679.6583333333335
2023,17,7,ADP value,1740.96,3,1,0,1660.1766666666665
2023,17,7,Model,1878.3399999999997,3,1,0,1655.11
2023,17,7,Blend,1983.6400000000003,2,1,0,1654.0733333333335
2023,17,8,ADP order,1764.4999999999998,4,0,0,1659.82
2023,17,8,ADP value,1756.6599999999999,3,1,0,1659.535
2023,17,8,Model,1922.8400000000001,2,1,0,1657.87
2023,17,8,Blend,2002.14,2,1,0,1666.2783333333334
2023,17,9,ADP order,1703.1000000000001,7,0,0,1659.595
2023,17,9,ADP value,1634.04,8,0,0,1667.6416666666667
2023,17,9,Model,1922.8400000000001,2,1,0,1657.87
2023,17,9,Blend,2002.14,2,1,0,1666.2783333333334
2023,17,10,ADP order,1777.5600000000002,4,0,0,1679.001666666667
2023,17,10,ADP value,1565.2399999999998,9,0,0,1675.9049999999997
2023,17,10,Model,1922.8400000000001,2,1,0,1657.8700000000001
2023,17,10,Blend,2002.14,2,1,0,1666.2783333333334
2023,17,11,ADP order,1524.64,10,0,0,1675.0399999999997
2023,17,11,ADP value,1453.24,10,0,0,1649.8300000000002
2023,17,11,Model,1916.2400000000002,2,1,0,1660.2116666666668
2023,17,11,Blend,1904.24,2,1,0,1667.2683333333334
2023,18,0,ADP order,1835.5200000000002,5,0,0,1704.9233333333332
2023,18,0,ADP value,1623.82,10,0,0,1698.6250000000002
2023,18,0,Model,1950.88,1,1,1,1693.5199999999998
2023,18,0,Blend,1875.94,1,1,1,1687.9516666666666
2023,18,1,ADP order,1899.5800000000004,3,1,0,1678.4950000000001
2023,18,1,ADP value,1803.02,4,0,0,1697.705
2023,18,1,Model,1950.88,1,1,1,1693.5199999999998
2023,18,1,Blend,1991.6399999999999,1,1,1,1682.2766666666666
2023,18,2,ADP order,1900.14,2,1,0,1672.1983333333335
2023,18,2,ADP value,1803.02,4,0,0,1697.705
2023,18,2,Model,1950.88,1,1,1,1693.5199999999998
2023,18,2,Blend,1991.6399999999999,1,1,1,1682.2766666666666
2023,18,3,ADP order,1836.2600000000002,3,1,0,1664.2516666666668
2023,18,3,ADP value,1812.3200000000002,3,1,0,1708.1883333333333
2023,18,3,Model,1950.88,1,1,1,1693.5199999999998
2023,18,3,Blend,1991.6399999999999,1,1,1,1682.2766666666666
2023,18,4,ADP order,1969.8200000000004,1,1,1,1673.4783333333332
2023,18,4,ADP value,1834.32,3,1,0,1697.8849999999995
2023,18,4,Model,1950.88,1,1,1,1693.5199999999998
2023,18,4,Blend,1991.6399999999999,1,1,1,1682.2766666666666
2023,18,5,ADP order,1911.8200000000002,1,1,1,1674.6283333333333
2023,18,5,ADP value,1788.02,4,0,0,1688.366666666667
2023,18,5,Model,1950.88,1,1,1,1693.5199999999998
2023,18,5,Blend,1989.4400000000003,1,1,1,1678.715
2023,18,6,ADP order,1851.6200000000001,2,1,0,1693.6000000000001
2023,18,6,ADP value,1788.02,4,0,0,1688.366666666667
2023,18,6,Model,1874.7799999999997,3,1,0,1685.6916666666666
2023,18,6,Blend,1857.14,3,1,0,1683.3916666666664
2023,18,7,ADP order,1964.5199999999998,1,1,1,1702.9066666666668
2023,18,7,ADP value,1827.3799999999999,3,1,0,1696.373333333333
2023,18,7,Model,1874.7799999999997,3,1,0,1685.6916666666666
2023,18,7,Blend,1807.04,3,1,0,1684.5383333333332
2023,18,8,ADP order,1565.8600000000004,10,0,0,1686.4016666666666
2023,18,8,ADP value,1550.02,10,0,0,1699.2483333333332
2023,18,8,Model,1970.8,1,1,1,1685.045
2023,18,8,Blend,1851.48,3,1,0,1685.3333333333333
2023,18,9,ADP order,1525.88,10,0,0,1689.085
2023,18,9,ADP value,1550.02,10,0,0,1699.2483333333332
2023,18,9,Model,1879.0400000000002,2,1,0,1701.4116666666666
2023,18,9,Blend,1851.48,3,1,0,1685.3333333333333
2023,18,10,ADP order,1606.4600000000003,9,0,0,1691.36
2023,18,10,ADP value,1625.92,9,0,0,1695.7216666666666
2023,18,10,Model,1879.0400000000002,2,1,0,1701.4116666666666
2023,18,10,Blend,1827.5800000000002,4,0,0,1688.7333333333333
2023,18,11,ADP order,1589.66,9,0,0,1679.9099999999999
2023,18,11,ADP value,1718.8200000000004,7,0,0,1699.99
2023,18,11,Model,1879.0400000000002,2,1,0,1701.4116666666666
2023,18,11,Blend,1827.8400000000001,3,1,0,1675.2633333333333
2023,19,0,ADP order,1890.62,3,1,0,1702.9400000000003
2023,19,0,ADP value,1504.88,10,0,0,1678.4783333333332
2023,19,0,Model,1657.2,7,0,0,1672.4583333333333
2023,19,0,Blend,1743.5,5,0,0,1693.8049999999996
2023,19,1,ADP order,1927.2199999999998,3,1,0,1701.931666666667
2023,19,1,ADP value,1504.88,10,0,0,1678.4783333333332
2023,19,1,Model,1881.5399999999995,4,0,0,1671.0966666666666
2023,19,1,Blend,1743.5,5,0,0,1693.8049999999996
2023,19,2,ADP order,2015.54,1,1,1,1687.3916666666667
2023,19,2,ADP value,1480.68,10,0,0,1682.2283333333335
2023,19,2,Model,1942.1399999999999,2,1,0,1685.2416666666668
2023,19,2,Blend,1930.8400000000004,1,1,1,1701.6916666666666
2023,19,3,ADP order,2050.9,2,1,0,1697.9833333333336
2023,19,3,ADP value,1545.1799999999998,11,0,0,1670.4699999999996
2023,19,3,Model,1942.1399999999999,2,1,0,1685.2416666666668
2023,19,3,Blend,1943.64,1,1,1,1697.7016666666666
2023,19,4,ADP order,2081.2,1,1,1,1706.7966666666664
2023,19,4,ADP value,1654.0800000000002,7,0,0,1679.3733333333332
2023,19,4,Model,1942.1399999999999,2,1,0,1685.2416666666668
2023,19,4,Blend,1943.64,1,1,1,1697.7016666666666
2023,19,5,ADP order,2129.4,1,1,1,1688.8433333333332
2023,19,5,ADP value,1902.0800000000002,2,1,0,1689.215
2023,19,5,Model,1895.6399999999996,2,1,0,1683.993333333333
2023,19,5,Blend,2066.34,1,1,1,1698.875
2023,19,6,ADP order,1937.8199999999993,1,1,1,1688.0416666666667
2023,19,6,ADP value,1671.38,6,0,0,1673.6116666666665
2023,19,6,Model,1895.6399999999996,2,1,0,1683.993333333333
2023,19,6,Blend,2059.34,1,1,1,1680.878333333333
2023,19,7,ADP order,1767.9799999999998,4,0,0,1693.6616666666666
2023,19,7,ADP value,1602.5800000000002,7,0,0,1681.21
2023,19,7,Model,1895.6399999999996,2,1,0,1683.993333333333
2023,19,7,Blend,2085.6399999999994,1,1,1,1682.1033333333335
2023,19,8,ADP order,1791.0600000000002,3,1,0,1696.3749999999998
2023,19,8,ADP value,1664.68,6,0,0,1683.7433333333336
2023,19,8,Model,1895.6399999999996,2,1,0,1683.993333333333
2023,19,8,Blend,2034.2400000000002,1,1,1,1700.6916666666666
2023,19,9,ADP order,1651.64,7,0,0,1703.7333333333333
2023,19,9,ADP value,1718.18,5,0,0,1679.9299999999996
2023,19,9,Model,1895.6399999999996,2,1,0,1683.993333333333
2023,19,9,Blend,2030.64,1,1,1,1700.6616666666666
2023,19,10,ADP order,1470.54,12,0,0,1698.8916666666667
2023,19,10,ADP value,1584.7800000000002,10,0,0,1680.1216666666667
2023,19,10,Model,1872.6399999999996,1,1,1,1679.1016666666665
2023,19,10,Blend,1839.7399999999998,3,1,0,1690.3533333333335
2023,19,11,ADP order,1541.6599999999999,9,0,0,1689.6733333333334
2023,19,11,ADP value,1528.38,12,0,0,1683.3000000000002
2023,19,11,Model,1885.94,1,1,1,1682.7316666666668
2023,19,11,Blend,1837.6399999999996,3,1,0,1692.4433333333334
2024,0,0,ADP order,1608.0,9,0,0,1731.373333333333
2024,0,0,ADP value,1680.6800000000003,10,0,0,1757.2816666666668
2024,0,0,Model,1872.58,2,1,0,1738.1983333333335
2024,0,0,Blend,1934.36,2,1,0,1746.376666666667
2024,0,1,ADP order,1466.8000000000002,12,0,0,1728.3983333333333
2024,0,1,ADP value,1550.32,12,0,0,1745.0266666666666
2024,0,1,Model,1726.8799999999999,7,0,0,1761.3149999999998
2024,0,1,Blend,1963.3,1,1,1,1743.2916666666667
2024,0,2,ADP order,1251.62,12,0,0,1752.14
2024,0,2,ADP value,1391.42,12,0,0,1722.3799999999999
2024,0,2,Model,1741.7799999999997,6,0,0,1746.9316666666664
2024,0,2,Blend,1815.4,4,0,0,1753.5316666666668
2024,0,3,ADP order,1439.6000000000001,12,0,0,1757.2983333333334
2024,0,3,ADP value,1391.42,12,0,0,1722.3799999999999
2024,0,3,Model,1744.56,5,0,0,1748.7700000000002
2024,0,3,Blend,1744.6200000000001,6,0,0,1760.61
2024,0,4,ADP order,1552.5600000000002,12,0,0,1758.0033333333333
2024,0,4,ADP value,1523.5200000000002,12,0,0,1726.6716666666664
2024,0,4,Model,1744.56,5,0,0,1748.7700000000002
2024,0,4,Blend,1826.12,4,0,0,1761.3266666666668
2024,0,5,ADP order,1756.72,5,0,0,1745.5199999999998
2024,0,5,ADP value,1857.12,3,1,0,1739.28
2024,0,5,Model,1744.56,5,0,0,1748.7700000000002
2024,0,5,Blend,1901.1799999999998,2,1,0,1744.0633333333335
2024,0,6,ADP order,1952.72,2,1,0,1762.5749999999998
2024,0,6,ADP value,1987.12,1,1,1,1767.9866666666665
2024,0,6,Model,1779.96,6,0,0,1754.625
2024,0,6,Blend,1923.46,3,1,0,1750.0483333333334
2024,0,7,ADP order,1932.1,1,1,1,1749.2749999999996
2024,0,7,ADP value,1854.7600000000002,2,1,0,1747.8999999999999
2024,0,7,Model,1756.4600000000003,7,0,0,1739.74
2024,0,7,Blend,1896.46,3,1,0,1762.4083333333335
2024,0,8,ADP order,1880.2199999999998,1,1,1,1749.166666666666
2024,0,8,ADP value,1839.5799999999997,2,1,0,1733.8283333333336
2024,0,8,Model,1756.4600000000003,7,0,0,1739.7400000000005
2024,0,8,Blend,1930.22,3,1,0,1759.1333333333334
2024,0,9,ADP order,1919.48,1,1,1,1749.2183333333332
2024,0,9,ADP value,1938.8800000000003,3,1,0,1739.3533333333335
2024,0,9,Model,1749.76,7,0,0,1742.073333333333
2024,0,9,Blend,1930.22,3,1,0,1759.1333333333334
2024,0,10,ADP order,1885.3200000000002,3,1,0,1749.6783333333333
2024,0,10,ADP value,1734.98,7,0,0,1739.9866666666665
2024,0,10,Model,1691.3999999999999,7,0,0,1749.86
2024,0,10,Blend,1989.62,2,1,0,1745.665
2024,0,11,ADP order,1885.3200000000002,3,1,0,1749.6783333333333
2024,0,11,ADP value,1769.88,4,0,0,1739.8083333333334
2024,0,11,Model,1691.3999999999999,7,0,0,1749.86
2024,0,11,Blend,1890.32,2,1,0,1747.6716666666669
2024,1,0,ADP order,1572.0999999999997,11,0,0,1747.2766666666666
2024,1,0,ADP value,1650.88,10,0,0,1770.4899999999998
2024,1,0,Model,1464.2799999999997,12,0,0,1758.5533333333333
2024,1,0,Blend,1704.7200000000003,9,0,0,1765.2816666666668
2024,1,1,ADP order,1660.8999999999999,8,0,0,1752.1066666666666
2024,1,1,ADP value,1780.9199999999996,7,0,0,1763.6283333333333
2024,1,1,Model,1488.6599999999999,12,0,0,1765.6133333333335
2024,1,1,Blend,1893.9,1,1,1,1770.205
2024,1,2,ADP order,1717.2799999999997,8,0,0,1747.9950000000001
2024,1,2,ADP value,1679.52,9,0,0,1759.4966666666667
2024,1,2,Model,1488.6599999999999,12,0,0,1765.6133333333335
2024,1,2,Blend,1893.9,1,1,1,1770.205
2024,1,3,ADP order,1898.4,5,0,0,1740.4933333333336
2024,1,3,ADP value,1796.2199999999998,4,0,0,1747.8799999999999
2024,1,3,Model,1488.6599999999999,12,0,0,1765.6133333333335
2024,1,3,Blend,1869.0,2,1,0,1766.5966666666666
2024,1,4,ADP order,1932.6,3,1,0,1735.2366666666667
2024,1,4,ADP value,1632.6200000000001,9,0,0,1734.7466666666667
2024,1,4,Model,1488.6599999999999,12,0,0,1765.6133333333335
2024,1,4,Blend,1869.0,2,1,0,1766.5966666666664
2024,1,5,ADP order,1832.1799999999998,5,0,0,1755.9683333333332
2024,1,5,ADP value,1774.6200000000001,4,0,0,1738.8866666666665
2024,1,5,Model,1511.56,11,0,0,1764.9933333333336
2024,1,5,Blend,1944.8800000000006,1,1,1,1775.555
2024,1,6,ADP order,1661.0800000000002,9,0,0,1733.9083333333335
2024,1,6,ADP value,1808.5800000000002,3,1,0,1714.535
2024,1,6,Model,1674.98,8,0,0,1762.905
2024,1,6,Blend,1941.38,1,1,1,1756.2166666666665
2024,1,7,ADP order,1961.02,1,1,1,1735.746666666667
2024,1,7,ADP value,1924.7199999999998,2,1,0,1750.5900000000001
2024,1,7,Model,1674.98,8,0,0,1762.905
2024,1,7,Blend,1933.62,2,1,0,1769.6366666666665
2024,1,8,ADP order,1914.9800000000002,2,1,0,1741.0983333333334
2024,1,8,ADP value,1924.7199999999998,2,1,0,1750.59
2024,1,8,Model,1579.26,10,0,0,1757.4583333333333
2024,1,8,Blend,1924.6,4,0,0,1750.2050000000002
2024,1,9,ADP order,2037.68,1,1,1,1737.8983333333333
2024,1,9,ADP value,2025.92,1,1,1,1752.9400000000003
2024,1,9,Model,1579.26,10,0,0,1757.4583333333333
2024,1,9,Blend,2000.8599999999994,2,1,0,1759.3016666666663
2024,1,10,ADP order,1710.8799999999997,7,0,0,1733.631666666667
2024,1,10,ADP value,1803.0199999999998,4,0,0,1755.8000000000002
2024,1,10,Model,1654.1399999999999,9,0,0,1779.485
2024,1,10,Blend,1793.46,5,0,0,1736.0216666666665
2024,1,11,ADP order,1623.2799999999997,10,0,0,1723.8166666666666
2024,1,11,ADP value,1726.0200000000002,6,0,0,1754.4766666666667
2024,1,11,Model,1654.1399999999999,9,0,0,1779.485
2024,1,11,Blend,1882.4999999999998,3,1,0,1730.43
2024,2,0,ADP order,1698.04,8,0,0,1777.9516666666666
2024,2,0,ADP value,1591.46,10,0,0,1763.043333333333
2024,2,0,Model,1797.04,7,0,0,1772.3916666666667
2024,2,0,Blend,1939.5600000000002,3,1,0,1762.3850000000002
2024,2,1,ADP order,1921.84,3,1,0,1759.4016666666666
2024,2,1,ADP value,1920.3799999999999,4,0,0,1761.4566666666667
2024,2,1,Model,1797.04,7,0,0,1772.3916666666667
2024,2,1,Blend,1912.16,3,1,0,1760.4866666666667
2024,2,2,ADP order,1672.68,10,0,0,1770.3350000000003
2024,2,2,ADP value,1829.78,6,0,0,1761.5599999999997
2024,2,2,Model,1864.7400000000002,4,0,0,1771.825
2024,2,2,Blend,1941.14,2,1,0,1763.6549999999997
2024,2,3,ADP order,1835.88,5,0,0,1774.2316666666666
2024,2,3,ADP value,1811.0800000000002,6,0,0,1772.5933333333332
2024,2,3,Model,1925.9400000000003,2,1,0,1769.8000000000002
2024,2,3,Blend,1941.14,2,1,0,1763.6549999999997
2024,2,4,ADP order,1894.28,2,1,0,1768.995
2024,2,4,ADP value,1811.0800000000002,6,0,0,1772.5933333333332
2024,2,4,Model,1831.0399999999997,4,0,0,1745.955
2024,2,4,Blend,2027.44,2,1,0,1760.2266666666667
2024,2,5,ADP order,1993.28,1,1,1,1773.5966666666666
2024,2,5,ADP value,1927.46,3,1,0,1768.7416666666668
2024,2,5,Model,1886.2400000000002,2,1,0,1757.7066666666667
2024,2,5,Blend,2070.4199999999996,1,1,1,1759.8350000000003
2024,2,6,ADP order,1949.78,2,1,0,1761.7150000000001
2024,2,6,ADP value,1865.64,4,0,0,1764.4700000000003
2024,2,6,Model,1886.2400000000002,2,1,0,1757.7066666666667
2024,2,6,Blend,2073.22,1,1,1,1750.97
2024,2,7,ADP order,1891.18,2,1,0,1759.64
2024,2,7,ADP value,1826.84,7,0,0,1756.3033333333335
2024,2,7,Model,1978.8399999999997,1,1,1,1760.7150000000001
2024,2,7,Blend,2073.22,1,1,1,1750.97
2024,2,8,ADP order,1999.2999999999997,1,1,1,1752.5066666666664
2024,2,8,ADP value,1870.56,2,1,0,1760.5483333333334
2024,2,8,Model,1978.8399999999997,1,1,1,1760.7150000000001
2024,2,8,Blend,2006.3399999999997,2,1,0,1743.4433333333334
2024,2,9,ADP order,2088.7400000000002,1,1,1,1752.7466666666667
2024,2,9,ADP value,1864.36,4,0,0,1744.6649999999997
2024,2,9,Model,1945.9399999999998,1,1,1,1764.4399999999998
2024,2,9,Blend,2062.58,1,1,1,1746.945
2024,2,10,ADP order,1767.62,7,0,0,1759.4516666666666
2024,2,10,ADP value,1864.36,4,0,0,1744.665
2024,2,10,Model,1945.9399999999998,1,1,1,1764.4399999999998
2024,2,10,Blend,2078.38,1,1,1,1761.0466666666669
2024,2,11,ADP order,1639.7600000000002,11,0,0,1765.1050000000002
2024,2,11,ADP value,1848.9599999999998,4,0,0,1747.9233333333332
2024,2,11,Model,1915.24,2,1,0,1755.205
2024,2,11,Blend,2078.38,1,1,1,1761.0466666666669
2024,3,0,ADP order,1596.5000000000002,11,0,0,1761.4333333333334
2024,3,0,ADP value,1732.7800000000002,7,0,0,1770.0199999999998
2024,3,0,Model,1775.04,6,0,0,1758.615
2024,3,0,Blend,1924.3999999999999,4,0,0,1785.8766666666663
2024,3,1,ADP order,1534.4,11,0,0,1751.2416666666666
2024,3,1,ADP value,1666.8800000000003,10,0,0,1747.236666666667
2024,3,1,Model,1775.04,6,0,0,1758.615
2024,3,1,Blend,1939.5,4,0,0,1763.96
2024,3,2,ADP order,1509.1000000000004,11,0,0,1749.7333333333333
2024,3,2,ADP value,1629.78,10,0,0,1732.675
2024,3,2,Model,1775.04,6,0,0,1758.615
2024,3,2,Blend,1920.7,3,1,0,1767.7050000000002
2024,3,3,ADP order,1473.4,12,0,0,1750.6666666666663
2024,3,3,ADP value,1748.3799999999999,6,0,0,1738.0416666666667
2024,3,3,Model,1695.1399999999999,7,0,0,1756.5133333333335
2024,3,3,Blend,1920.7,3,1,0,1767.7050000000002
2024,3,4,ADP order,1618.3,11,0,0,1767.198333333333
2024,3,4,ADP value,1792.12,6,0,0,1753.3683333333336
2024,3,4,Model,1853.2799999999997,5,0,0,1745.49
2024,3,4,Blend,1968.3000000000002,3,1,0,1764.9300000000003
2024,3,5,ADP order,1876.8799999999999,2,1,0,1777.5716666666667
2024,3,5,ADP value,1922.9199999999996,3,1,0,1755.5516666666665
2024,3,5,Model,1665.1799999999998,8,0,0,1747.2566666666664
2024,3,5,Blend,2013.28,2,1,0,1765.4166666666667
2024,3,6,ADP order,1945.36,1,1,1,1773.79
2024,3,6,ADP value,1941.54,1,1,1,1779.2600000000002
2024,3,6,Model,1678.5800000000002,8,0,0,1748.8500000000001
2024,3,6,Blend,1923.2200000000003,3,1,0,1757.7416666666668
2024,3,7,ADP order,1923.0600000000002,1,1,1,1769.0716666666667
2024,3,7,ADP value,1941.54,1,1,1,1779.2600000000002
2024,3,7,Model,1686.68,8,0,0,1740.3150000000003
2024,3,7,Blend,1980.8400000000001,2,1,0,1769.715
2024,3,8,ADP order,1857.16,2,1,0,1772.6666666666667
2024,3,8,ADP value,1952.6400000000003,1,1,1,1779.4016666666669
2024,3,8,Model,1721.7800000000004,6,0,0,1750.073333333333
2024,3,8,Blend,1980.8400000000001,2,1,0,1769.715
2024,3,9,ADP order,1914.88,2,1,0,1761.1866666666665
2024,3,9,ADP value,1892.36,2,1,0,1772.3366666666668
2024,3,9,Model,1721.7800000000004,6,0,0,1750.073333333333
2024,3,9,Blend,1823.76,5,0,0,1761.8416666666665
2024,3,10,ADP order,2089.68,1,1,1,1773.7616666666665
2024,3,10,ADP value,2064.26,1,1,1,1773.2133333333334
2024,3,10,Model,1721.7800000000004,6,0,0,1750.073333333333
2024,3,10,Blend,1941.08,1,1,1,1772.491666666666
2024,3,11,ADP order,2045.8,1,1,1,1770.0849999999998
2024,3,11,ADP value,1972.8999999999999,1,1,1,1773.2250000000001
2024,3,11,Model,1721.7800000000004,6,0,0,1750.073333333333
2024,3,11,Blend,2036.9800000000002,2,1,0,1754.7333333333333
2024,4,0,ADP order,1525.1200000000001,9,0,0,1747.3133333333335
2024,4,0,ADP value,1547.7599999999998,9,0,0,1749.9566666666667
2024,4,0,Model,1587.8799999999999,9,0,0,1761.5833333333337
2024,4,0,Blend,1655.5000000000002,9,0,0,1757.3066666666666
2024,4,1,ADP order,1541.1200000000003,9,0,0,1760.3000000000002
2024,4,1,ADP value,1513.96,10,0,0,1753.0716666666667
2024,4,1,Model,1668.34,9,0,0,1749.1633333333332
2024,4,1,Blend,1851.4,5,0,0,1752.0233333333329
2024,4,2,ADP order,1557.98,9,0,0,1756.1049999999998
2024,4,2,ADP value,1710.7599999999995,8,0,0,1752.5
2024,4,2,Model,1660.4400000000003,9,0,0,1748.9216666666664
2024,4,2,Blend,1586.6999999999998,9,0,0,1771.9999999999998
2024,4,3,ADP order,1573.5800000000006,9,0,0,1753.6666666666663
2024,4,3,ADP value,1672.9600000000003,9,0,0,1746.6449999999998
2024,4,3,Model,1762.24,8,0,0,1756.72
2024,4,3,Blend,1876.1,6,0,0,1756.4650000000001
2024,4,4,ADP order,1599.48,8,0,0,1752.7383333333335
2024,4,4,ADP value,1652.7800000000002,9,0,0,1744.3983333333335
2024,4,4,Model,1752.24,9,0,0,1759.9616666666664
2024,4,4,Blend,1941.3999999999999,3,1,0,1759.7366666666665
2024,4,5,ADP order,1807.3600000000001,6,0,0,1744.07
2024,4,5,ADP value,1954.6599999999999,3,1,0,1745.195
2024,4,5,Model,1752.24,9,0,0,1759.9616666666664
2024,4,5,Blend,2005.2800000000002,2,1,0,1750.8149999999998
2024,4,6,ADP order,2044.9599999999998,1,1,1,1734.845
2024,4,6,ADP value,2209.56,1,1,1,1741.1200000000001
2024,4,6,Model,1752.24,9,0,0,1759.9616666666664
2024,4,6,Blend,2005.2600000000002,2,1,0,1740.8166666666666
2024,4,7,ADP order,2042.4400000000003,1,1,1,1732.0383333333332
2024,4,7,ADP value,2065.64,2,1,0,1733.6566666666665
2024,4,7,Model,1752.24,9,0,0,1759.9616666666664
2024,4,7,Blend,1911.56,3,1,0,1745.238333333333
2024,4,8,ADP order,1953.7400000000002,3,1,0,1731.5349999999999
2024,4,8,ADP value,1986.0399999999997,2,1,0,1734.8566666666666
2024,4,8,Model,1807.3400000000001,9,0,0,1757.5383333333332
2024,4,8,Blend,1821.56,5,0,0,1735.8849999999995
2024,4,9,ADP order,1996.44,2,1,0,1738.9066666666668
2024,4,9,ADP value,2093.64,1,1,1,1740.8066666666666
2024,4,9,Model,1807.3400000000001,9,0,0,1757.5383333333332
2024,4,9,Blend,1877.96,4,0,0,1731.7516666666663
2024,4,10,ADP order,2182.4600000000005,1,1,1,1743.7716666666665
2024,4,10,ADP value,2115.46,1,1,1,1737.1316666666664
2024,4,10,Model,1724.6399999999999,9,0,0,1750.6766666666665
2024,4,10,Blend,1834.38,5,0,0,1730.9266666666665
2024,4,11,ADP order,2167.66,1,1,1,1754.0966666666666
2024,4,11,ADP value,2088.06,1,1,1,1745.9066666666668
2024,4,11,Model,1724.6399999999999,9,0,0,1750.6766666666665
2024,4,11,Blend,1976.6600000000003,3,1,0,1745.0649999999998
2024,5,0,ADP order,1585.8799999999997,12,0,0,1769.97
2024,5,0,ADP value,1696.56,8,0,0,1769.7066666666663
2024,5,0,Model,1817.84,6,0,0,1758.1983333333335
2024,5,0,Blend,1784.7599999999998,6,0,0,1769.785
2024,5,1,ADP order,1969.92,1,1,1,1772.7616666666665
2024,5,1,ADP value,1952.2800000000002,3,1,0,1767.658333333333
2024,5,1,Model,1817.84,6,0,0,1758.1983333333335
2024,5,1,Blend,1854.1599999999999,5,0,0,1773.4816666666668
2024,5,2,ADP order,1819.24,4,0,0,1766.2283333333332
2024,5,2,ADP value,1833.2799999999997,6,0,0,1757.0083333333332
2024,5,2,Model,1761.84,7,0,0,1755.331666666667
2024,5,2,Blend,1854.1599999999999,5,0,0,1773.4816666666668
2024,5,3,ADP order,1897.1399999999999,4,0,0,1756.3783333333333
2024,5,3,ADP value,1905.9799999999998,6,0,0,1758.55
2024,5,3,Model,1764.64,7,0,0,1766.9350000000004
2024,5,3,Blend,1914.7399999999998,3,1,0,1753.868333333333
2024,5,4,ADP order,1911.6399999999999,3,1,0,1757.22
2024,5,4,ADP value,1736.78,6,0,0,1757.1016666666667
2024,5,4,Model,1784.0799999999997,6,0,0,1759.7633333333333
2024,5,4,Blend,1914.7399999999998,3,1,0,1753.868333333333
2024,5,5,ADP order,1974.1399999999996,1,1,1,1764.3533333333332
2024,5,5,ADP value,1818.2800000000002,6,0,0,1763.4183333333333
2024,5,5,Model,1805.6799999999994,6,0,0,1753.7883333333332
2024,5,5,Blend,1995.4199999999996,3,1,0,1755.235
2024,5,6,ADP order,1928.4999999999998,3,1,0,1752.198333333333
2024,5,6,ADP value,1749.66,6,0,0,1773.9133333333332
2024,5,6,Model,1805.6799999999994,6,0,0,1753.7883333333332
2024,5,6,Blend,1962.5199999999998,3,1,0,1763.3933333333332
2024,5,7,ADP order,1813.4600000000003,6,0,0,1783.53
2024,5,7,ADP value,1766.6599999999999,6,0,0,1773.4983333333332
2024,5,7,Model,1805.6799999999994,6,0,0,1753.7883333333332
2024,5,7,Blend,1971.8,4,0,0,1759.5216666666665
2024,5,8,ADP order,1978.12,1,1,1,1781.1083333333333
2024,5,8,ADP value,1793.4599999999998,6,0,0,1765.4399999999998
2024,5,8,Model,1616.1600000000003,9,0,0,1752.7783333333334
2024,5,8,Blend,1866.3000000000002,5,0,0,1747.4299999999996
2024,5,9,ADP order,1904.0199999999998,4,0,0,1777.8249999999998
2024,5,9,ADP value,1909.8799999999999,4,0,0,1776.6899999999998
2024,5,9,Model,1643.8000000000002,9,0,0,1746.7050000000002
2024,5,9,Blend,1762.4199999999998,8,0,0,1752.4383333333333
2024,5,10,ADP order,1916.1199999999997,4,0,0,1775.3
2024,5,10,ADP value,1879.1800000000003,5,0,0,1779.658333333333
2024,5,10,Model,1656.34,8,0,0,1745.805
2024,5,10,Blend,1762.4199999999998,8,0,0,1752.4383333333333
2024,5,11,ADP order,2017.92,2,1,0,1766.1433333333334
2024,5,11,ADP value,1823.58,5,0,0,1762.235
2024,5,11,Model,1612.04,11,0,0,1766.9333333333334
2024,5,11,Blend,1849.3199999999997,4,0,0,1748.8883333333333
2024,6,0,ADP order,1666.8,11,0,0,1755.5833333333333
2024,6,0,ADP value,1464.8200000000002,11,0,0,1756.878333333333
2024,6,0,Model,1840.1999999999998,4,0,0,1758.9833333333333
2024,6,0,Blend,1951.9600000000003,3,1,0,1759.6050000000002
2024,6,1,ADP order,1818.6999999999998,6,0,0,1762.5683333333334
2024,6,1,ADP value,1598.08,9,0,0,1752.0316666666665
2024,6,1,Model,1688.3000000000002,7,0,0,1762.585
2024,6,1,Blend,1955.9600000000003,1,1,1,1733.4099999999999
2024,6,2,ADP order,1812.3000000000002,5,0,0,1752.0433333333337
2024,6,2,ADP value,1554.18,10,0,0,1747.9983333333332
2024,6,2,Model,1688.3000000000002,7,0,0,1762.585
2024,6,2,Blend,1955.9600000000003,1,1,1,1733.4099999999999
2024,6,3,ADP order,1779.7000000000005,6,0,0,1751.0366666666669
2024,6,3,ADP value,1524.38,11,0,0,1747.6399999999996
2024,6,3,Model,1660.66,8,0,0,1759.3666666666668
2024,6,3,Blend,1891.9799999999998,2,1,0,1754.7266666666665
2024,6,4,ADP order,1822.3000000000002,6,0,0,1745.5899999999995
2024,6,4,ADP value,1735.7800000000002,6,0,0,1748.3433333333332
2024,6,4,Model,1722.9800000000002,6,0,0,1764.485
2024,6,4,Blend,2025.5000000000002,1,1,1,1758.0233333333329
2024,6,5,ADP order,1871.7,5,0,0,1753.668333333333
2024,6,5,ADP value,1910.0800000000002,4,0,0,1746.9533333333331
2024,6,5,Model,1722.9800000000002,6,0,0,1764.485
2024,6,5,Blend,2084.88,1,1,1,1759.698333333333
2024,6,6,ADP order,1823.8799999999999,7,0,0,1757.4533333333331
2024,6,6,ADP value,1752.5000000000002,6,0,0,1737.7099999999998
2024,6,6,Model,1722.9800000000002,6,0,0,1764.485
2024,6,6,Blend,2084.88,1,1,1,1759.698333333333
2024,6,7,ADP order,1805.78,5,0,0,1764.2083333333333
2024,6,7,ADP value,1749.28,8,0,0,1766.128333333333
2024,6,7,Model,1757.1,6,0,0,1771.0216666666668
2024,6,7,Blend,1789.7599999999998,6,0,0,1745.403333333333
2024,6,8,ADP order,1869.0000000000005,4,0,0,1760.4199999999998
2024,6,8,ADP value,1853.8,5,0,0,1757.9566666666667
2024,6,8,Model,1757.1,6,0,0,1771.0216666666668
2024,6,8,Blend,1763.4800000000002,7,0,0,1735.8566666666666
2024,6,9,ADP order,1985.9,1,1,1,1764.668333333333
2024,6,9,ADP value,1934.3000000000002,3,1,0,1773.3833333333332
2024,6,9,Model,1646.56,9,0,0,1752.5650000000003
2024,6,9,Blend,1870.0800000000004,3,1,0,1729.9350000000004
2024,6,10,ADP order,1761.9200000000005,6,0,0,1761.2083333333337
2024,6,10,ADP value,1731.7000000000003,8,0,0,1766.6999999999998
2024,6,10,Model,1646.56,9,0,0,1752.5650000000003
2024,6,10,Blend,1870.0800000000004,3,1,0,1729.9350000000004
2024,6,11,ADP order,1897.58,4,0,0,1758.2749999999996
2024,6,11,ADP value,1952.8,2,1,0,1777.3583333333336
2024,6,11,Model,1660.8000000000004,10,0,0,1763.3733333333332
2024,6,11,Blend,2041.78,1,1,1,1746.4233333333332
2024,7,0,ADP order,1613.5800000000002,12,0,0,1763.7166666666665
2024,7,0,ADP value,1671.6,9,0,0,1752.7983333333334
2024,7,0,Model,1835.94,6,0,0,1732.9099999999999
2024,7,0,Blend,1910.38,2,1,0,1767.3216666666667
2024,7,1,ADP order,1732.5600000000002,9,0,0,1745.2316666666666
2024,7,1,ADP value,1671.6,9,0,0,1752.7983333333334
2024,7,1,Model,1835.94,6,0,0,1732.9099999999999
2024,7,1,Blend,1910.38,2,1,0,1767.3216666666667
2024,7,2,ADP order,1756.8799999999994,7,0,0,1756.0966666666666
2024,7,2,ADP value,1857.26,3,1,0,1759.6866666666665
2024,7,2,Model,1835.94,6,0,0,1732.9099999999999
2024,7,2,Blend,1910.38,2,1,0,1767.321666666666
2024,7,3,ADP order,1704.2999999999997,7,0,0,1745.4316666666666
2024,7,3,ADP value,1807.9199999999998,4,0,0,1723.6366666666665
2024,7,3,Model,1835.94,6,0,0,1732.9099999999999
2024,7,3,Blend,1864.28,3,1,0,1762.888333333333
2024,7,4,ADP order,1735.0,6,0,0,1752.5333333333335
2024,7,4,ADP value,1811.82,4,0,0,1739.735
2024,7,4,Model,1679.94,8,0,0,1728.1133333333335
2024,7,4,Blend,1864.28,3,1,0,1762.888333333333
2024,7,5,ADP order,1619.6800000000003,11,0,0,1745.7050000000002
2024,7,5,ADP value,1872.42,3,1,0,1729.0349999999999
2024,7,5,Model,1679.94,8,0,0,1728.1133333333335
2024,7,5,Blend,1864.28,3,1,0,1762.888333333333
2024,7,6,ADP order,1859.3000000000002,4,0,0,1732.6750000000002
2024,7,6,ADP value,2017.32,2,1,0,1729.0599999999997
2024,7,6,Model,1700.3400000000001,7,0,0,1748.263333333333
2024,7,6,Blend,1938.06,2,1,0,1758.2799999999997
2024,7,7,ADP order,1860.28,3,1,0,1731.1416666666664
2024,7,7,ADP value,1895.3400000000001,2,1,0,1718.6149999999998
2024,7,7,Model,1675.2399999999998,8,0,0,1723.7416666666666
2024,7,7,Blend,1803.82,4,0,0,1716.1766666666665
2024,7,8,ADP order,2062.7999999999997,1,1,1,1750.1366666666665
2024,7,8,ADP value,1895.3400000000001,2,1,0,1718.6149999999998
2024,7,8,Model,1701.8399999999997,8,0,0,1714.613333333333
2024,7,8,Blend,1836.4200000000003,4,0,0,1738.2016666666666
2024,7,9,ADP order,2057.92,1,1,1,1746.5983333333331
2024,7,9,ADP value,2084.06,1,1,1,1749.7166666666665
2024,7,9,Model,1639.74,9,0,0,1720.6483333333333
2024,7,9,Blend,1767.3400000000001,6,0,0,1741.8516666666667
2024,7,10,ADP order,2070.44,1,1,1,1750.7733333333333
2024,7,10,ADP value,2070.78,1,1,1,1744.0749999999998
2024,7,10,Model,1639.74,9,0,0,1720.6483333333333
2024,7,10,Blend,1777.34,6,0,0,1740.5183333333332
2024,7,11,ADP order,2098.6400000000003,1,1,1,1753.3066666666664
2024,7,11,ADP value,2062.3999999999996,1,1,1,1743.293333333333
2024,7,11,Model,1603.6399999999999,10,0,0,1743.7133333333331
2024,7,11,Blend,1814.1399999999994,5,0,0,1748.368333333333
2024,8,0,ADP order,1894.7000000000005,3,1,0,1769.8249999999998
2024,8,0,ADP value,1848.08,4,0,0,1757.3
2024,8,0,Model,1880.94,1,1,1,1743.0833333333333
2024,8,0,Blend,2017.9000000000003,2,1,0,1748.4583333333333
2024,8,1,ADP order,1704.2799999999997,9,0,0,1764.1033333333332
2024,8,1,ADP value,1712.5800000000002,8,0,0,1749.3466666666666
2024,8,1,Model,1839.9399999999998,2,1,0,1749.5600000000002
2024,8,1,Blend,1940.5,2,1,0,1742.2033333333336
2024,8,2,ADP order,1943.3799999999999,1,1,1,1754.3616666666667
2024,8,2,ADP value,1940.18,1,1,1,1749.1633333333332
2024,8,2,Model,1828.04,2,1,0,1747.8849999999995
2024,8,2,Blend,1964.5800000000002,2,1,0,1743.2733333333335
2024,8,3,ADP order,1935.38,1,1,1,1761.5783333333331
2024,8,3,ADP value,1948.1799999999998,1,1,1,1756.096666666667
2024,8,3,Model,1848.74,3,1,0,1735.425
2024,8,3,Blend,1964.5800000000002,2,1,0,1743.2733333333335
2024,8,4,ADP order,1957.0800000000002,1,1,1,1749.7716666666668
2024,8,4,ADP value,1927.7799999999997,2,1,0,1759.9550000000002
2024,8,4,Model,1848.74,3,1,0,1735.425
2024,8,4,Blend,1941.08,2,1,0,1743.785
2024,8,5,ADP order,1909.3799999999999,3,1,0,1748.9833333333333
2024,8,5,ADP value,1950.42,1,1,1,1743.7
2024,8,5,Model,1638.44,10,0,0,1759.2016666666666
2024,8,5,Blend,1940.6200000000003,2,1,0,1740.4166666666667
2024,8,6,ADP order,2002.06,1,1,1,1739.0349999999999
2024,8,6,ADP value,1816.9800000000002,7,0,0,1748.5983333333334
2024,8,6,Model,1680.74,9,0,0,1761.8516666666665
2024,8,6,Blend,1920.56,2,1,0,1729.4883333333335
2024,8,7,ADP order,1954.6599999999999,2,1,0,1737.7033333333331
2024,8,7,ADP value,1748.38,7,0,0,1747.4833333333333
2024,8,7,Model,1680.74,9,0,0,1761.8516666666665
2024,8,7,Blend,1898.34,2,1,0,1740.9399999999998
2024,8,8,ADP order,1928.2599999999998,3,1,0,1734.2083333333333
2024,8,8,ADP value,1748.38,7,0,0,1747.4833333333333
2024,8,8,Model,1680.74,9,0,0,1761.8516666666665
2024,8,8,Blend,1836.24,4,0,0,1735.8566666666666
2024,8,9,ADP order,1998.4999999999998,1,1,1,1741.1666666666667
2024,8,9,ADP value,1852.1800000000005,4,0,0,1741.791666666667
2024,8,9,Model,1687.2399999999998,9,0,0,1764.7849999999999
2024,8,9,Blend,1711.4399999999998,8,0,0,1734.1066666666666
2024,8,10,ADP order,1858.28,3,1,0,1731.968333333333
2024,8,10,ADP value,1842.6800000000003,2,1,0,1726.82
2024,8,10,Model,1812.18,4,0,0,1752.4216666666669
2024,8,10,Blend,2012.42,1,1,1,1722.3083333333336
2024,8,11,ADP order,1870.4799999999998,4,0,0,1743.1233333333332
2024,8,11,ADP value,1698.6799999999998,9,0,0,1744.358333333333
2024,8,11,Model,1812.18,4,0,0,1752.4216666666669
2024,8,11,Blend,2012.42,1,1,1,1722.3083333333336
2024,9,0,ADP order,1818.9,4,0,0,1749.831666666667
2024,9,0,ADP value,1958.08,3,1,0,1745.135
2024,9,0,Model,1840.4400000000003,3,1,0,1776.0083333333332
2024,9,0,Blend,1978.7,2,1,0,1755.8500000000001
2024,9,1,ADP order,1972.8000000000002,1,1,1,1773.8933333333332
2024,9,1,ADP value,2115.7799999999997,1,1,1,1747.4683333333332
2024,9,1,Model,1624.7399999999998,10,0,0,1762.0883333333334
2024,9,1,Blend,1950.0999999999997,3,1,0,1760.3866666666665
2024,9,2,ADP order,1763.6,9,0,0,1775.8366666666664
2024,9,2,ADP value,1912.64,2,1,0,1767.8949999999998
2024,9,2,Model,1624.7399999999998,10,0,0,1762.0883333333334
2024,9,2,Blend,1950.0999999999997,3,1,0,1760.3866666666665
2024,9,3,ADP order,1819.5,4,0,0,1765.4783333333335
2024,9,3,ADP value,1934.54,2,1,0,1771.7866666666666
2024,9,3,Model,1624.7399999999998,10,0,0,1762.0883333333334
2024,9,3,Blend,1920.2,4,0,0,1764.4583333333333
2024,9,4,ADP order,1742.4999999999995,8,0,0,1774.9533333333331
2024,9,4,ADP value,1934.54,2,1,0,1771.7866666666666
2024,9,4,Model,1642.24,11,0,0,1758.9716666666664
2024,9,4,Blend,1920.2,4,0,0,1764.4583333333333
2024,9,5,ADP order,1718.82,9,0,0,1766.2916666666663
2024,9,5,ADP value,2038.8399999999997,1,1,1,1771.2949999999998
2024,9,5,Model,1629.9399999999998,10,0,0,1757.0966666666666
2024,9,5,Blend,1913.6000000000001,3,1,0,1759.4333333333336
2024,9,6,ADP order,1692.8,7,0,0,1746.93
2024,9,6,ADP value,1894.02,2,1,0,1769.6133333333335
2024,9,6,Model,1601.54,11,0,0,1754.2299999999998
2024,9,6,Blend,1934.0,3,1,0,1758.6583333333335
2024,9,7,ADP order,1694.2999999999997,8,0,0,1745.238333333333
2024,9,7,ADP value,1901.92,1,1,1,1769.2966666666664
2024,9,7,Model,1601.54,11,0,0,1754.2299999999998
2024,9,7,Blend,2016.6000000000004,1,1,1,1761.1983333333335
2024,9,8,ADP order,1726.02,6,0,0,1743.36
2024,9,8,ADP value,1712.84,8,0,0,1756.671666666667
2024,9,8,Model,1742.26,7,0,0,1754.045
2024,9,8,Blend,1853.62,4,0,0,1765.0983333333336
2024,9,9,ADP order,1824.32,4,0,0,1741.71
2024,9,9,ADP value,1892.74,3,1,0,1771.0633333333335
2024,9,9,Model,1705.86,9,0,0,1747.528333333333
2024,9,9,Blend,1853.62,4,0,0,1765.0983333333336
2024,9,10,ADP order,1841.1599999999999,3,1,0,1749.5333333333335
2024,9,10,ADP value,1987.6399999999999,1,1,1,1762.08
2024,9,10,Model,1705.86,9,0,0,1747.528333333333
2024,9,10,Blend,1853.62,4,0,0,1765.0983333333334
2024,9,11,ADP order,1831.2599999999998,5,0,0,1759.4199999999998
2024,9,11,ADP value,1892.5399999999997,4,0,0,1763.0816666666667
2024,9,11,Model,1705.86,9,0,0,1747.528333333333
2024,9,11,Blend,1880.72,4,0,0,1776.3516666666667
2024,10,0,ADP order,1887.3600000000001,4,0,0,1758.9650000000001
2024,10,0,ADP value,1823.8999999999999,7,0,0,1760.4666666666665
2024,10,0,Model,1746.5399999999997,6,0,0,1758.9449999999997
2024,10,0,Blend,1882.7000000000005,5,0,0,1752.818333333333
2024,10,1,ADP order,1912.5,3,1,0,1769.0633333333335
2024,10,1,ADP value,1813.6000000000001,8,0,0,1763.5466666666669
2024,10,1,Model,1765.4399999999998,6,0,0,1760.003333333333
2024,10,1,Blend,1893.7,4,0,0,1751.0849999999998
2024,10,2,ADP order,1677.58,10,0,0,1773.4033333333334
2024,10,2,ADP value,1727.56,7,0,0,1746.6083333333333
2024,10,2,Model,1845.44,4,0,0,1763.9533333333331
2024,10,2,Blend,1893.7,4,0,0,1751.0849999999998
2024,10,3,ADP order,1649.88,10,0,0,1765.3183333333334
2024,10,3,ADP value,1727.56,7,0,0,1746.6083333333333
2024,10,3,Model,1519.8400000000001,11,0,0,1754.4666666666665
2024,10,3,Blend,1853.3400000000001,3,1,0,1758.535
2024,10,4,ADP order,1682.14,9,0,0,1763.085
2024,10,4,ADP value,1631.1599999999999,10,0,0,1754.5449999999998
2024,10,4,Model,1519.8400000000001,11,0,0,1754.4666666666665
2024,10,4,Blend,1845.44,4,0,0,1763.9533333333331
2024,10,5,ADP order,1772.94,6,0,0,1771.1066666666668
2024,10,5,ADP value,1756.5600000000002,7,0,0,1767.9800000000002
2024,10,5,Model,1533.2399999999998,11,0,0,1742.0916666666665
2024,10,5,Blend,1898.3400000000004,4,0,0,1769.2033333333331
2024,10,6,ADP order,1787.54,6,0,0,1764.0650000000003
2024,10,6,ADP value,1903.1599999999999,2,1,0,1768.4399999999998
2024,10,6,Model,1533.2399999999998,11,0,0,1742.0916666666665
2024,10,6,Blend,1686.9199999999996,10,0,0,1753.9616666666668
2024,10,7,ADP order,2073.7599999999998,1,1,1,1759.1850000000002
2024,10,7,ADP value,1951.7599999999998,2,1,0,1761.6133333333335
2024,10,7,Model,1533.2399999999998,11,0,0,1742.0916666666665
2024,10,7,Blend,1671.12,10,0,0,1753.1783333333333
2024,10,8,ADP order,2127.7400000000002,1,1,1,1756.8683333333336
2024,10,8,ADP value,1875.3600000000001,3,1,0,1770.405
2024,10,8,Model,1524.24,11,0,0,1742.125
2024,10,8,Blend,1662.3199999999997,10,0,0,1752.6283333333333
2024,10,9,ADP order,2198.76,1,1,1,1754.6850000000002
2024,10,9,ADP value,2038.8799999999997,1,1,1,1770.3716666666667
2024,10,9,Model,1720.5400000000004,7,0,0,1739.2733333333333
2024,10,9,Blend,1817.4399999999998,4,0,0,1739.488333333333
2024,10,10,ADP order,2102.56,1,1,1,1757.7700000000002
2024,10,10,ADP value,2094.88,2,1,0,1770.9899999999998
2024,10,10,Model,1720.5400000000004,7,0,0,1739.2733333333333
2024,10,10,Blend,1817.4399999999998,4,0,0,1739.488333333333
2024,10,11,ADP order,2094.66,1,1,1,1759.2866666666666
2024,10,11,ADP value,1877.88,4,0,0,1778.551666666667
2024,10,11,Model,1787.1399999999999,5,0,0,1757.4983333333332
2024,10,11,Blend,1783.44,6,0,0,1753.033333333333
2024,11,0,ADP order,1227.9999999999998,12,0,0,1763.7849999999999
2024,11,0,ADP value,1682.8199999999997,10,0,0,1771.7766666666666
2024,11,0,Model,1648.64,10,0,0,1772.408333333333
2024,11,0,Blend,1625.0600000000002,12,0,0,1761.0466666666669
2024,11,1,ADP order,1575.3399999999997,11,0,0,1774.43
2024,11,1,ADP value,1892.8199999999997,4,0,0,1772.5516666666665
2024,11,1,Model,1626.7399999999998,11,0,0,1773.9499999999998
2024,11,1,Blend,1614.1599999999999,11,0,0,1739.635
2024,11,2,ADP order,1749.7199999999998,7,0,0,1767.2233333333336
2024,11,2,ADP value,1847.5200000000002,4,0,0,1762.1050000000002
2024,11,2,Model,1683.4399999999998,10,0,0,1772.5916666666665
2024,11,2,Blend,1713.1200000000001,8,0,0,1744.8900000000003
2024,11,3,ADP order,1919.42,3,1,0,1766.5266666666666
2024,11,3,ADP value,1847.5200000000002,4,0,0,1762.1050000000002
2024,11,3,Model,1767.14,8,0,0,1769.8066666666666
2024,11,3,Blend,1896.0200000000002,2,1,0,1757.946666666667
2024,11,4,ADP order,1863.7800000000002,2,1,0,1764.3633333333335
2024,11,4,ADP value,1984.0200000000002,2,1,0,1759.8499999999997
2024,11,4,Model,1767.14,8,0,0,1769.8066666666666
2024,11,4,Blend,1810.3200000000002,5,0,0,1751.871666666667
2024,11,5,ADP order,1907.18,2,1,0,1766.1499999999999
2024,11,5,ADP value,1855.9200000000003,3,1,0,1761.0649999999998
2024,11,5,Model,1767.14,8,0,0,1769.8066666666666
2024,11,5,Blend,1866.9199999999998,3,1,0,1751.6316666666664
2024,11,6,ADP order,2100.48,1,1,1,1762.7733333333335
2024,11,6,ADP value,1996.8600000000001,1,1,1,1771.3633333333335
2024,11,6,Model,1767.14,8,0,0,1769.8066666666666
2024,11,6,Blend,1885.6999999999998,3,1,0,1746.9149999999997
2024,11,7,ADP order,2114.84,1,1,1,1770.2983333333334
2024,11,7,ADP value,1997.1599999999999,1,1,1,1771.4216666666669
2024,11,7,Model,1811.8399999999997,3,1,0,1738.1416666666667
2024,11,7,Blend,1885.6999999999998,3,1,0,1746.9149999999997
2024,11,8,ADP order,2042.8200000000002,1,1,1,1770.4483333333335
2024,11,8,ADP value,2003.0399999999997,1,1,1,1772.655
2024,11,8,Model,1741.0400000000002,7,0,0,1745.9333333333334
2024,11,8,Blend,1885.6999999999998,3,1,0,1746.9149999999997
2024,11,9,ADP order,1941.8999999999996,2,1,0,1767.9600000000003
2024,11,9,ADP value,1922.76,3,1,0,1758.0933333333335
2024,11,9,Model,1817.6,4,0,0,1747.426666666667
2024,11,9,Blend,1875.12,3,1,0,1764.3316666666667
2024,11,10,ADP order,1874.7199999999998,3,1,0,1767.8666666666668
2024,11,10,ADP value,1882.2599999999998,3,1,0,1762.493333333333
2024,11,10,Model,1817.6,4,0,0,1747.426666666667
2024,11,10,Blend,1893.32,5,0,0,1759.5633333333333
2024,11,11,ADP order,1834.38,4,0,0,1759.7883333333332
2024,11,11,ADP value,1918.4599999999998,2,1,0,1762.1933333333334
2024,11,11,Model,1743.94,6,0,0,1751.6016666666667
2024,11,11,Blend,1953.3599999999997,2,1,0,1757.3983333333333
2024,12,0,ADP order,1821.88,5,0,0,1768.695
2024,12,0,ADP value,1712.78,10,0,0,1755.1283333333333
2024,12,0,Model,1827.2999999999997,5,0,0,1771.625
2024,12,0,Blend,2008.9,1,1,1,1766.55
2024,12,1,ADP order,1960.7,3,1,0,1773.1899999999998
2024,12,1,ADP value,2076.9800000000005,1,1,1,1762.8283333333336
2024,12,1,Model,1688.3000000000002,10,0,0,1776.095
2024,12,1,Blend,2057.4,1,1,1,1768.6083333333333
2024,12,2,ADP order,2074.4,1,1,1,1765.7133333333334
2024,12,2,ADP value,1902.2800000000002,2,1,0,1753.9316666666666
2024,12,2,Model,1688.3000000000002,10,0,0,1776.095
2024,12,2,Blend,1929.1999999999998,3,1,0,1764.0416666666663
2024,12,3,ADP order,1836.5600000000002,5,0,0,1764.29
2024,12,3,ADP value,1874.5800000000002,4,0,0,1756.3400000000001
2024,12,3,Model,1683.3999999999999,10,0,0,1771.6633333333332
2024,12,3,Blend,1985.2999999999997,1,1,1,1763.2499999999998
2024,12,4,ADP order,2028.9600000000003,1,1,1,1763.6733333333334
2024,12,4,ADP value,2073.38,1,1,1,1764.7749999999999
2024,12,4,Model,1705.0,9,0,0,1780.7716666666665
2024,12,4,Blend,2030.6000000000001,2,1,0,1759.9049999999997
2024,12,5,ADP order,1962.7600000000002,3,1,0,1761.265
2024,12,5,ADP value,2190.7799999999997,1,1,1,1765.1450000000002
2024,12,5,Model,1705.0,9,0,0,1780.7716666666665
2024,12,5,Blend,2054.58,1,1,1,1757.9133333333332
2024,12,6,ADP order,2024.6600000000003,1,1,1,1754.6566666666665
2024,12,6,ADP value,2191.7799999999997,1,1,1,1763.9300000000003
2024,12,6,Model,1684.4000000000003,10,0,0,1778.3216666666665
2024,12,6,Blend,2016.38,2,1,0,1768.471666666667
2024,12,7,ADP order,1857.4399999999998,5,0,0,1762.3266666666668
2024,12,7,ADP value,2006.62,1,1,1,1760.843333333333
2024,12,7,Model,1881.98,3,1,0,1764.091666666667
2024,12,7,Blend,2118.48,1,1,1,1769.4383333333335
2024,12,8,ADP order,1821.8600000000001,6,0,0,1765.21
2024,12,8,ADP value,1921.7400000000002,2,1,0,1758.5016666666668
2024,12,8,Model,1881.98,3,1,0,1764.091666666667
2024,12,8,Blend,1955.7399999999996,2,1,0,1775.153333333333
2024,12,9,ADP order,1791.3600000000001,7,0,0,1758.0816666666667
2024,12,9,ADP value,1921.7400000000002,2,1,0,1758.5016666666668
2024,12,9,Model,1785.68,4,0,0,1766.5166666666667
2024,12,9,Blend,1885.3400000000001,3,1,0,1781.4883333333335
2024,12,10,ADP order,1861.0599999999997,5,0,0,1746.6683333333333
2024,12,10,ADP value,1897.1200000000001,2,1,0,1765.5249999999999
2024,12,10,Model,1785.68,4,0,0,1766.5166666666667
2024,12,10,Blend,1865.08,2,1,0,1771.7766666666666
2024,12,11,ADP order,1903.1600000000003,4,0,0,1745.9183333333333
2024,12,11,ADP value,1828.5200000000002,5,0,0,1759.5733333333335
2024,12,11,Model,1715.6000000000001,9,0,0,1781.4349999999997
2024,12,11,Blend,1865.08,2,1,0,1771.7766666666666
2024,13,0,ADP order,1957.96,1,1,1,1747.24
2024,13,0,ADP value,1795.9799999999998,6,0,0,1744.378333333333
2024,13,0,Model,1804.3000000000002,4,0,0,1756.0033333333333
2024,13,0,Blend,1970.2199999999998,2,1,0,1734.4283333333333
2024,13,1,ADP order,1901.0600000000006,4,0,0,1749.79
2024,13,1,ADP value,1865.1799999999998,4,0,0,1735.2316666666666
2024,13,1,Model,1811.9600000000005,4,0,0,1752.84
2024,13,1,Blend,1879.0199999999998,3,1,0,1741.845
2024,13,2,ADP order,2011.44,1,1,1,1772.7066666666663
2024,13,2,ADP value,1943.88,2,1,0,1749.0733333333335
2024,13,2,Model,1592.46,11,0,0,1746.3516666666665
2024,13,2,Blend,1879.0199999999998,3,1,0,1741.845
2024,13,3,ADP order,2121.36,1,1,1,1743.158333333333
2024,13,3,ADP value,1853.68,5,0,0,1741.4983333333332
2024,13,3,Model,1671.8600000000001,9,0,0,1743.0166666666667
2024,13,3,Blend,1992.32,1,1,1,1745.5666666666666
2024,13,4,ADP order,1891.7599999999998,3,1,0,1741.9666666666665
2024,13,4,ADP value,1846.6799999999998,5,0,0,1749.7316666666666
2024,13,4,Model,1671.8600000000001,9,0,0,1743.0166666666667
2024,13,4,Blend,1791.1000000000001,6,0,0,1756.1850000000004
2024,13,5,ADP order,1895.98,4,0,0,1743.885
2024,13,5,ADP value,1904.48,3,1,0,1755.3933333333334
2024,13,5,Model,1746.2800000000002,7,0,0,1745.4216666666669
2024,13,5,Blend,1916.56,1,1,1,1736.8933333333332
2024,13,6,ADP order,1895.98,4,0,0,1743.885
2024,13,6,ADP value,1904.48,3,1,0,1755.3933333333334
2024,13,6,Model,1746.2800000000002,7,0,0,1745.4216666666669
2024,13,6,Blend,1916.56,1,1,1,1736.8933333333332
2024,13,7,ADP order,1812.68,6,0,0,1741.5333333333335
2024,13,7,ADP value,1816.8600000000001,6,0,0,1751.0383333333332
2024,13,7,Model,1746.2800000000002,7,0,0,1745.4216666666669
2024,13,7,Blend,1937.2400000000002,1,1,1,1735.6766666666665
2024,13,8,ADP order,1774.26,6,0,0,1757.7683333333334
2024,13,8,ADP value,1780.6599999999994,5,0,0,1743.8
2024,13,8,Model,1746.2800000000002,7,0,0,1745.4216666666669
2024,13,8,Blend,1941.0399999999997,1,1,1,1734.9849999999997
2024,13,9,ADP order,1857.3600000000001,5,0,0,1760.2766666666666
2024,13,9,ADP value,1614.7600000000002,10,0,0,1742.7916666666663
2024,13,9,Model,1799.8600000000004,6,0,0,1735.631666666667
2024,13,9,Blend,1909.04,3,1,0,1754.6816666666664
2024,13,10,ADP order,1762.7800000000002,7,0,0,1763.8483333333331
2024,13,10,ADP value,1801.98,5,0,0,1738.9166666666667
2024,13,10,Model,1799.8600000000004,6,0,0,1735.631666666667
2024,13,10,Blend,1850.5599999999997,3,1,0,1755.181666666667
2024,13,11,ADP order,1795.6599999999999,6,0,0,1772.8333333333333
2024,13,11,ADP value,1689.0600000000002,9,0,0,1741.0766666666668
2024,13,11,Model,1799.8600000000004,6,0,0,1735.631666666667
2024,13,11,Blend,1803.32,5,0,0,1760.3666666666668
2024,14,0,ADP order,1583.18,10,0,0,1765.4200000000003
2024,14,0,ADP value,1532.3600000000001,11,0,0,1762.9400000000003
2024,14,0,Model,1766.24,7,0,0,1749.4333333333332
2024,14,0,Blend,1863.0600000000002,4,0,0,1772.8266666666666
2024,14,1,ADP order,1589.58,10,0,0,1755.8266666666668
2024,14,1,ADP value,1432.2800000000002,12,0,0,1752.235
2024,14,1,Model,1585.34,10,0,0,1754.5633333333333
2024,14,1,Blend,1863.0600000000002,4,0,0,1772.8266666666666
2024,14,2,ADP order,1693.1799999999998,10,0,0,1762.0183333333332
2024,14,2,ADP value,1687.1200000000003,7,0,0,1712.76
2024,14,2,Model,1585.34,10,0,0,1754.5633333333333
2024,14,2,Blend,1863.0600000000002,4,0,0,1772.8266666666666
2024,14,3,ADP order,1819.8999999999996,6,0,0,1760.8033333333333
2024,14,3,ADP value,1671.52,8,0,0,1713.385
2024,14,3,Model,1606.1399999999999,9,0,0,1754.5466666666669
2024,14,3,Blend,1851.4400000000003,3,1,0,1756.118333333333
2024,14,4,ADP order,1761.3,7,0,0,1759.7866666666666
2024,14,4,ADP value,1820.42,5,0,0,1714.8533333333335
2024,14,4,Model,1697.8000000000002,8,0,0,1741.9383333333328
2024,14,4,Blend,1807.9400000000003,3,1,0,1754.6850000000002
2024,14,5,ADP order,1749.8799999999999,8,0,0,1752.2433333333336
2024,14,5,ADP value,1891.8799999999999,4,0,0,1770.496666666667
2024,14,5,Model,1684.3,9,0,0,1747.9833333333336
2024,14,5,Blend,1784.64,4,0,0,1759.1283333333338
2024,14,6,ADP order,1704.2599999999998,7,0,0,1755.5716666666667
2024,14,6,ADP value,1847.06,6,0,0,1771.585
2024,14,6,Model,1720.1599999999999,7,0,0,1741.3216666666667
2024,14,6,Blend,1929.04,2,1,0,1739.431666666667
2024,14,7,ADP order,1969.3999999999999,3,1,0,1756.3166666666666
2024,14,7,ADP value,1931.96,2,1,0,1768.5766666666668
2024,14,7,Model,1696.6399999999996,8,0,0,1744.5
2024,14,7,Blend,1929.04,2,1,0,1739.431666666667
2024,14,8,ADP order,2021.1000000000001,1,1,1,1754.6416666666667
2024,14,8,ADP value,1886.4600000000003,2,1,0,1758.0233333333335
2024,14,8,Model,1696.6399999999996,8,0,0,1744.5
2024,14,8,Blend,1925.6400000000003,2,1,0,1732.9149999999997
2024,14,9,ADP order,2071.88,1,1,1,1756.9899999999998
2024,14,9,ADP value,2090.46,1,1,1,1751.9783333333332
2024,14,9,Model,1696.6399999999996,8,0,0,1744.5
2024,14,9,Blend,1884.9600000000003,2,1,0,1735.1733333333332
2024,14,10,ADP order,1836.1800000000003,6,0,0,1760.2016666666666
2024,14,10,ADP value,1968.8399999999997,1,1,1,1760.2233333333334
2024,14,10,Model,1764.0,8,0,0,1745.8166666666666
2024,14,10,Blend,1852.0799999999997,3,1,0,1744.1349999999995
2024,14,11,ADP order,2034.18,1,1,1,1761.4683333333332
2024,14,11,ADP value,2064.5,1,1,1,1760.1050000000002
2024,14,11,Model,1764.0,8,0,0,1745.8166666666666
2024,14,11,Blend,1852.0799999999997,3,1,0,1744.1349999999995
2024,15,0,ADP order,1841.0200000000004,5,0,0,1747.881666666667
2024,15,0,ADP value,1757.9199999999998,6,0,0,1750.3883333333333
2024,15,0,Model,1787.08,6,0,0,1764.3583333333333
2024,15,0,Blend,1778.38,5,0,0,1756.4266666666665
2024,15,1,ADP order,2041.6199999999997,2,1,0,1738.4533333333336
2024,15,1,ADP value,1888.0199999999998,3,1,0,1744.3916666666664
2024,15,1,Model,1794.4800000000002,5,0,0,1773.9350000000002
2024,15,1,Blend,1780.8799999999999,5,0,0,1757.79
2024,15,2,ADP order,2077.6600000000003,1,1,1,1743.258333333334
2024,15,2,ADP value,2056.52,1,1,1,1726.3433333333332
2024,15,2,Model,1794.4800000000002,5,0,0,1773.9350000000002
2024,15,2,Blend,1780.8799999999999,5,0,0,1757.79
2024,15,3,ADP order,2084.66,1,1,1,1744.2333333333338
2024,15,3,ADP value,2081.1200000000003,1,1,1,1744.243333333333
2024,15,3,Model,1689.0799999999997,8,0,0,1752.7749999999999
2024,15,3,Blend,1740.18,7,0,0,1754.3149999999996
2024,15,4,ADP order,1962.6200000000001,3,1,0,1777.0466666666664
2024,15,4,ADP value,2014.3199999999997,1,1,1,1748.285
2024,15,4,Model,1677.9000000000003,9,0,0,1754.1250000000002
2024,15,4,Blend,1740.18,7,0,0,1754.3149999999996
2024,15,5,ADP order,2029.02,1,1,1,1783.3883333333333
2024,15,5,ADP value,2085.8199999999997,1,1,1,1753.625
2024,15,5,Model,1735.8999999999999,8,0,0,1752.1899999999998
2024,15,5,Blend,1885.1400000000003,3,1,0,1756.5649999999996
2024,15,6,ADP order,1865.5,3,1,0,1766.5100000000002
2024,15,6,ADP value,2008.5999999999997,2,1,0,1752.4750000000001
2024,15,6,Model,1735.8999999999999,8,0,0,1752.1899999999998
2024,15,6,Blend,2032.8200000000002,3,1,0,1763.6516666666666
2024,15,7,ADP order,2055.12,1,1,1,1750.9966666666667
2024,15,7,ADP value,2021.2999999999997,2,1,0,1749.8416666666665
2024,15,7,Model,1828.6799999999998,5,0,0,1743.0699999999997
2024,15,7,Blend,2025.22,2,1,0,1771.1666666666667
2024,15,8,ADP order,2099.12,1,1,1,1751.705
2024,15,8,ADP value,2089.8,1,1,1,1748.0
2024,15,8,Model,1758.3000000000002,8,0,0,1752.37
2024,15,8,Blend,2068.32,2,1,0,1773.5500000000002
2024,15,9,ADP order,2157.6400000000003,1,1,1,1742.2150000000001
2024,15,9,ADP value,2139.72,1,1,1,1756.6083333333333
2024,15,9,Model,1758.3000000000002,8,0,0,1752.3700000000001
2024,15,9,Blend,2025.5400000000004,2,1,0,1771.016666666667
2024,15,10,ADP order,2215.3799999999997,1,1,1,1759.881666666667
2024,15,10,ADP value,2171.7200000000003,1,1,1,1751.2216666666666
2024,15,10,Model,1729.3399999999997,7,0,0,1756.823333333333
2024,15,10,Blend,1970.5200000000004,1,1,1,1737.3833333333334
2024,15,11,ADP order,2215.3799999999997,1,1,1,1759.881666666667
2024,15,11,ADP value,2171.7200000000003,1,1,1,1751.2216666666666
2024,15,11,Model,1799.8600000000004,5,0,0,1756.2150000000001
2024,15,11,Blend,1970.5200000000004,1,1,1,1737.3833333333334
2024,16,0,ADP order,1623.86,11,0,0,1758.8416666666662
2024,16,0,ADP value,1766.94,7,0,0,1759.8416666666665
2024,16,0,Model,1629.4200000000003,10,0,0,1764.125
2024,16,0,Blend,1783.0199999999998,6,0,0,1779.305
2024,16,1,ADP order,1953.9399999999998,2,1,0,1765.4666666666665
2024,16,1,ADP value,1943.3399999999997,2,1,0,1767.6083333333333
2024,16,1,Model,1600.3200000000002,10,0,0,1766.575
2024,16,1,Blend,1757.7199999999998,6,0,0,1770.8683333333336
2024,16,2,ADP order,1960.0200000000002,2,1,0,1758.71
2024,16,2,ADP value,1764.0199999999998,6,0,0,1754.5133333333333
2024,16,2,Model,1687.2,10,0,0,1766.2
2024,16,2,Blend,1757.7199999999998,6,0,0,1770.8683333333338
2024,16,3,ADP order,2021.2199999999998,1,1,1,1770.8266666666668
2024,16,3,ADP value,1727.6199999999997,7,0,0,1764.9966666666667
2024,16,3,Model,1687.2,10,0,0,1766.2
2024,16,3,Blend,1597.64,11,0,0,1793.5866666666664
2024,16,4,ADP order,1866.1200000000001,3,1,0,1753.0016666666668
2024,16,4,ADP value,1675.36,7,0,0,1760.3733333333332
2024,16,4,Model,1812.2000000000003,4,0,0,1755.738333333333
2024,16,4,Blend,1708.98,9,0,0,1762.5366666666669
2024,16,5,ADP order,1840.92,4,0,0,1748.7433333333336
2024,16,5,ADP value,1740.3200000000002,8,0,0,1767.011666666667
2024,16,5,Model,1725.6,9,0,0,1775.8916666666667
2024,16,5,Blend,1705.7799999999997,8,0,0,1762.9000000000003
2024,16,6,ADP order,1960.6200000000001,2,1,0,1757.7133333333334
2024,16,6,ADP value,1878.92,3,1,0,1763.211666666667
2024,16,6,Model,1658.8000000000004,11,0,0,1767.9733333333331
2024,16,6,Blend,1785.4599999999998,7,0,0,1762.175
2024,16,7,ADP order,2052.5199999999995,1,1,1,1747.7733333333335
2024,16,7,ADP value,2114.96,1,1,1,1756.1933333333336
2024,16,7,Model,1658.8000000000004,11,0,0,1767.9733333333331
2024,16,7,Blend,1850.3600000000004,5,0,0,1766.6333333333332
2024,16,8,ADP order,2000.3999999999996,1,1,1,1756.4716666666666
2024,16,8,ADP value,2128.04,1,1,1,1749.4166666666667
2024,16,8,Model,1681.2000000000003,8,0,0,1755.38
2024,16,8,Blend,1850.3600000000004,5,0,0,1766.6333333333332
2024,16,9,ADP order,2112.48,1,1,1,1765.0233333333333
2024,16,9,ADP value,2198.44,1,1,1,1757.6416666666664
2024,16,9,Model,1681.2000000000003,8,0,0,1755.38
2024,16,9,Blend,2006.8399999999997,2,1,0,1761.1599999999999
2024,16,10,ADP order,2066.8,1,1,1,1767.6499999999999
2024,16,10,ADP value,2101.5200000000004,1,1,1,1774.7700000000002
2024,16,10,Model,1681.2000000000003,8,0,0,1755.3799999999999
2024,16,10,Blend,1930.34,3,1,0,1766.793333333333
2024,16,11,ADP order,2048.2200000000003,1,1,1,1749.965
2024,16,11,ADP value,2129.7200000000003,1,1,1,1754.1566666666668
2024,16,11,Model,1682.3000000000002,10,0,0,1762.2816666666668
2024,16,11,Blend,1947.5,2,1,0,1767.9416666666666
2024,17,0,ADP order,1489.5199999999998,11,0,0,1750.493333333333
2024,17,0,ADP value,1733.2799999999995,6,0,0,1747.8849999999995
2024,17,0,Model,1695.3999999999999,8,0,0,1743.2283333333335
2024,17,0,Blend,1779.5,7,0,0,1747.4116666666666
2024,17,1,ADP order,1624.38,10,0,0,1761.943333333333
2024,17,1,ADP value,1733.2799999999995,6,0,0,1747.8849999999995
2024,17,1,Model,1695.3999999999999,8,0,0,1743.2283333333335
2024,17,1,Blend,1838.4199999999998,5,0,0,1759.5883333333338
2024,17,2,ADP order,1614.4000000000005,9,0,0,1749.256666666667
2024,17,2,ADP value,1659.78,8,0,0,1741.595
2024,17,2,Model,1695.3999999999999,8,0,0,1743.2283333333335
2024,17,2,Blend,1838.4199999999998,5,0,0,1759.5883333333338
2024,17,3,ADP order,1576.68,9,0,0,1752.1233333333332
2024,17,3,ADP value,1494.52,12,0,0,1745.1866666666665
2024,17,3,Model,1699.2,7,0,0,1750.3366666666668
2024,17,3,Blend,1842.9599999999996,3,1,0,1746.4166666666667
2024,17,4,ADP order,1548.68,10,0,0,1755.6566666666668
2024,17,4,ADP value,1747.9200000000003,7,0,0,1761.3033333333333
2024,17,4,Model,1745.5999999999997,7,0,0,1752.3366666666668
2024,17,4,Blend,2026.3199999999997,2,1,0,1760.2866666666666
2024,17,5,ADP order,1747.3400000000001,6,0,0,1753.36
2024,17,5,ADP value,2048.58,2,1,0,1760.5649999999998
2024,17,5,Model,1756.3599999999997,6,0,0,1759.3316666666667
2024,17,5,Blend,2052.8,2,1,0,1758.2949999999998
2024,17,6,ADP order,1676.4200000000003,8,0,0,1752.985
2024,17,6,ADP value,1977.66,2,1,0,1760.2066666666663
2024,17,6,Model,1756.3599999999997,6,0,0,1759.3316666666667
2024,17,6,Blend,2046.02,2,1,0,1747.7399999999998
2024,17,7,ADP order,1687.5200000000002,8,0,0,1754.4350000000002
2024,17,7,ADP value,1937.16,2,1,0,1759.716666666667
2024,17,7,Model,1737.0800000000002,7,0,0,1766.7033333333331
2024,17,7,Blend,1968.2200000000003,2,1,0,1767.3950000000002
2024,17,8,ADP order,1939.82,2,1,0,1743.05
2024,17,8,ADP value,1852.48,3,1,0,1763.125
2024,17,8,Model,1769.08,6,0,0,1751.235
2024,17,8,Blend,2019.46,2,1,0,1756.0216666666665
2024,17,9,ADP order,1997.3599999999997,2,1,0,1744.7316666666666
2024,17,9,ADP value,2014.58,2,1,0,1747.3166666666666
2024,17,9,Model,1769.08,6,0,0,1751.235
2024,17,9,Blend,1954.5,3,1,0,1755.845
2024,17,10,ADP order,2078.84,2,1,0,1746.2833333333335
2024,17,10,ADP value,1988.28,2,1,0,1751.8499999999997
2024,17,10,Model,1769.08,6,0,0,1751.2349999999997
2024,17,10,Blend,1954.5,3,1,0,1755.845
2024,17,11,ADP order,1765.14,6,0,0,1754.6566666666668
2024,17,11,ADP value,1832.72,3,1,0,1748.155
2024,17,11,Model,1771.6999999999998,5,0,0,1741.67
2024,17,11,Blend,1851.0,4,0,0,1740.76
2024,18,0,ADP order,1496.4199999999998,11,0,0,1764.485
2024,18,0,ADP value,1338.0200000000002,12,0,0,1750.3199999999997
2024,18,0,Model,1583.7800000000002,10,0,0,1739.4283333333333
2024,18,0,Blend,1750.5199999999998,6,0,0,1757.1166666666666
2024,18,1,ADP order,1718.02,8,0,0,1761.5549999999996
2024,18,1,ADP value,1669.4199999999998,9,0,0,1743.0233333333333
2024,18,1,Model,1564.48,10,0,0,1734.7200000000003
2024,18,1,Blend,1702.8199999999997,9,0,0,1751.515
2024,18,2,ADP order,1610.2200000000003,11,0,0,1763.6466666666665
2024,18,2,ADP value,1584.3599999999997,11,0,0,1749.706666666667
2024,18,2,Model,1564.48,10,0,0,1734.7200000000003
2024,18,2,Blend,1702.8199999999997,9,0,0,1751.515
2024,18,3,ADP order,1609.12,12,0,0,1764.1466666666665
2024,18,3,ADP value,1614.66,10,0,0,1755.431666666667
2024,18,3,Model,1564.48,10,0,0,1734.7200000000003
2024,18,3,Blend,1827.1199999999997,6,0,0,1764.265
2024,18,4,ADP order,1682.7199999999998,9,0,0,1768.993333333333
2024,18,4,ADP value,1703.6599999999996,8,0,0,1752.2283333333335
2024,18,4,Model,1636.74,9,0,0,1766.5583333333334
2024,18,4,Blend,1855.52,3,1,0,1747.3816666666664
2024,18,5,ADP order,1816.0200000000002,4,0,0,1770.6866666666665
2024,18,5,ADP value,1936.2599999999998,1,1,1,1756.6166666666668
2024,18,5,Model,1664.6399999999999,10,0,0,1775.0933333333335
2024,18,5,Blend,1959.7,2,1,0,1750.0800000000002
2024,18,6,ADP order,2033.22,1,1,1,1765.795
2024,18,6,ADP value,1960.16,1,1,1,1767.431666666667
2024,18,6,Model,1664.6399999999999,10,0,0,1775.0933333333335
2024,18,6,Blend,1930.1,3,1,0,1758.4800000000002
2024,18,7,ADP order,2118.4,1,1,1,1756.72
2024,18,7,ADP value,2111.4399999999996,1,1,1,1769.12
2024,18,7,Model,1637.4399999999998,12,0,0,1761.4866666666667
2024,18,7,Blend,1984.7000000000003,2,1,0,1767.6433333333332
2024,18,8,ADP order,2096.18,1,1,1,1747.1933333333334
2024,18,8,ADP value,2015.0200000000002,1,1,1,1760.793333333333
2024,18,8,Model,1614.8400000000001,12,0,0,1753.7283333333335
2024,18,8,Blend,1972.6999999999998,2,1,0,1764.6599999999999
2024,18,9,ADP order,1921.2999999999997,2,1,0,1740.9399999999998
2024,18,9,ADP value,1869.7399999999998,3,1,0,1766.0933333333335
2024,18,9,Model,1614.8400000000001,12,0,0,1753.7283333333328
2024,18,9,Blend,1972.6999999999998,2,1,0,1764.6599999999999
2024,18,10,ADP order,1836.32,2,1,0,1743.6633333333336
2024,18,10,ADP value,1793.7600000000004,5,0,0,1764.5266666666673
2024,18,10,Model,1583.8400000000001,12,0,0,1757.97
2024,18,10,Blend,1933.42,2,1,0,1767.4099999999999
2024,18,11,ADP order,1944.1800000000003,2,1,0,1758.4733333333336
2024,18,11,ADP value,1826.06,5,0,0,1754.1100000000004
2024,18,11,Model,1688.14,9,0,0,1756.01
2024,18,11,Blend,1925.12,2,1,0,1767.6433333333332
2024,19,0,ADP order,1463.58,12,0,0,1739.495
2024,19,0,ADP value,1805.4,4,0,0,1762.2749999999999
2024,19,0,Model,1853.9,5,0,0,1768.471666666667
2024,19,0,Blend,1907.8599999999997,4,0,0,1774.118333333333
2024,19,1,ADP order,1582.88,11,0,0,1750.718333333333
2024,19,1,ADP value,2072.0,1,1,1,1754.3533333333335
2024,19,1,Model,1885.3799999999999,4,0,0,1756.5316666666665
2024,19,1,Blend,1907.8599999999997,4,0,0,1774.118333333333
2024,19,2,ADP order,1549.2200000000003,11,0,0,1776.1949999999997
2024,19,2,ADP value,1890.3199999999997,3,1,0,1766.5
2024,19,2,Model,1671.08,8,0,0,1771.6299999999999
2024,19,2,Blend,1908.84,5,0,0,1768.5266666666669
2024,19,3,ADP order,1674.9199999999998,9,0,0,1776.123333333333
2024,19,3,ADP value,1969.7199999999998,2,1,0,1766.095
2024,19,3,Model,1777.7800000000004,8,0,0,1782.513333333333
2024,19,3,Blend,1946.14,3,1,0,1760.8166666666666
2024,19,4,ADP order,1852.7,5,0,0,1766.1099999999997
2024,19,4,ADP value,2000.52,3,1,0,1766.575
2024,19,4,Model,1777.7800000000004,8,0,0,1782.513333333333
2024,19,4,Blend,1946.14,3,1,0,1760.8166666666666
2024,19,5,ADP order,1861.1399999999999,4,0,0,1763.2399999999998
2024,19,5,ADP value,2009.42,2,1,0,1760.4416666666668
2024,19,5,Model,1777.7800000000004,8,0,0,1782.513333333333
2024,19,5,Blend,1918.6399999999999,4,0,0,1753.9916666666666
2024,19,6,ADP order,2008.22,2,1,0,1773.2883333333332
2024,19,6,ADP value,2044.1000000000004,2,1,0,1776.9000000000003
2024,19,6,Model,1777.7800000000004,8,0,0,1782.513333333333
2024,19,6,Blend,1955.6200000000001,2,1,0,1745.7333333333333
2024,19,7,ADP order,1824.7000000000003,6,0,0,1763.7716666666668
2024,19,7,ADP value,1799.2,6,0,0,1753.445
2024,19,7,Model,1777.7800000000004,8,0,0,1782.513333333333
2024,19,7,Blend,1955.6200000000001,2,1,0,1745.7333333333333
2024,19,8,ADP order,1781.6999999999996,7,0,0,1760.905
2024,19,8,ADP value,1763.1999999999998,6,0,0,1752.8216666666667
2024,19,8,Model,1815.1800000000003,5,0,0,1758.5849999999998
2024,19,8,Blend,1878.0199999999998,3,1,0,1749.928333333333
2024,19,9,ADP order,2012.08,3,1,0,1766.875
2024,19,9,ADP value,1992.92,2,1,0,1764.3533333333335
2024,19,9,Model,1812.18,5,0,0,1762.335
2024,19,9,Blend,1878.0199999999998,3,1,0,1749.928333333333
2024,19,10,ADP order,2012.36,1,1,1,1773.615
2024,19,10,ADP value,1796.6400000000003,8,0,0,1768.7916666666663
2024,19,10,Model,1812.18,5,0,0,1762.335
2024,19,10,Blend,1862.4799999999996,3,1,0,1749.3616666666667
2024,19,11,ADP order,1726.96,7,0,0,1759.0749999999998
2024,19,11,ADP value,1614.6399999999999,9,0,0,1769.9750000000001
2024,19,11,Model,1812.18,5,0,0,1762.335
2024,19,11,Blend,1871.08,3,1,0,1740.9316666666666
2025,0,0,ADP order,1914.66,2,1,0,1677.4349999999997
2025,0,0,ADP value,1853.58,3,1,0,1706.6233333333332
2025,0,0,Model,1690.32,6,0,0,1699.4216666666669
2025,0,0,Blend,1771.2600000000002,5,0,0,1704.4233333333332
2025,0,1,ADP order,2219.36,1,1,1,1688.9749999999997
2025,0,1,ADP value,1847.0199999999998,3,1,0,1706.7150000000001
2025,0,1,Model,1745.16,4,0,0,1709.3583333333336
2025,0,1,Blend,1764.1,5,0,0,1704.9233333333332
2025,0,2,ADP order,2123.94,1,1,1,1707.3450000000003
2025,0,2,ADP value,1876.1200000000001,2,1,0,1706.5633333333335
2025,0,2,Model,1719.1599999999996,6,0,0,1723.5
2025,0,2,Blend,1752.2,5,0,0,1690.8400000000001
2025,0,3,ADP order,1820.7599999999995,3,1,0,1698.9050000000004
2025,0,3,ADP value,2111.36,2,1,0,1712.88
2025,0,3,Model,1719.1599999999996,6,0,0,1723.5
2025,0,3,Blend,1765.9,6,0,0,1703.7566666666664
2025,0,4,ADP order,1676.3600000000004,6,0,0,1687.1350000000002
2025,0,4,ADP value,2078.38,2,1,0,1708.4466666666667
2025,0,4,Model,1719.1599999999996,6,0,0,1723.5
2025,0,4,Blend,1765.9,6,0,0,1703.7566666666664
2025,0,5,ADP order,1683.66,6,0,0,1702.2099999999998
2025,0,5,ADP value,1826.2599999999998,3,1,0,1705.5999999999997
2025,0,5,Model,1719.1599999999996,6,0,0,1723.5
2025,0,5,Blend,1834.0399999999997,3,1,0,1712.448333333333
2025,0,6,ADP order,1854.7599999999998,3,1,0,1703.2849999999999
2025,0,6,ADP value,1913.7600000000002,3,1,0,1704.5666666666666
2025,0,6,Model,1599.46,10,0,0,1704.0249999999996
2025,0,6,Blend,1726.24,6,0,0,1703.7316666666666
2025,0,7,ADP order,1864.7199999999998,3,1,0,1702.87
2025,0,7,ADP value,1937.72,3,1,0,1702.0833333333333
2025,0,7,Model,1810.8600000000001,5,0,0,1710.0083333333332
2025,0,7,Blend,1733.66,6,0,0,1702.54
2025,0,8,ADP order,1820.96,4,0,0,1703.3500000000001
2025,0,8,ADP value,1972.72,2,1,0,1701.2749999999999
2025,0,8,Model,1836.86,5,0,0,1704.2766666666669
2025,0,8,Blend,1737.56,7,0,0,1706.3066666666666
2025,0,9,ADP order,1588.1199999999997,7,0,0,1693.5166666666664
2025,0,9,ADP value,1967.8200000000002,2,1,0,1697.3500000000001
2025,0,9,Model,1836.86,5,0,0,1704.2766666666669
2025,0,9,Blend,1737.56,7,0,0,1706.3066666666666
2025,0,10,ADP order,1644.2200000000003,7,0,0,1693.4733333333334
2025,0,10,ADP value,1967.8200000000002,2,1,0,1697.3500000000001
2025,0,10,Model,1890.1200000000003,3,1,0,1718.015
2025,0,10,Blend,1869.46,3,1,0,1709.256666666667
2025,0,11,ADP order,1499.0200000000002,10,0,0,1684.7483333333332
2025,0,11,ADP value,1967.8200000000002,2,1,0,1697.3500000000001
2025,0,11,Model,2010.22,1,1,1,1704.0050000000003
2025,0,11,Blend,1869.46,3,1,0,1709.256666666667
2025,1,0,ADP order,1513.86,11,0,0,1695.9866666666667
2025,1,0,ADP value,1620.9799999999998,7,0,0,1712.8633333333335
2025,1,0,Model,1695.3999999999999,8,0,0,1718.2416666666666
2025,1,0,Blend,1555.0600000000002,9,0,0,1719.7016666666666
2025,1,1,ADP order,1501.7599999999998,11,0,0,1696.12
2025,1,1,ADP value,1545.78,12,0,0,1714.0466666666669
2025,1,1,Model,1695.3999999999999,8,0,0,1718.2416666666666
2025,1,1,Blend,1486.86,10,0,0,1719.9316666666664
2025,1,2,ADP order,1576.88,9,0,0,1715.881666666667
2025,1,2,ADP value,1545.78,12,0,0,1714.0466666666669
2025,1,2,Model,1631.1999999999998,9,0,0,1712.6883333333335
2025,1,2,Blend,1499.16,11,0,0,1731.01
2025,1,3,ADP order,1680.98,7,0,0,1714.2316666666666
2025,1,3,ADP value,1581.7799999999997,9,0,0,1709.1633333333332
2025,1,3,Model,1631.1999999999998,9,0,0,1712.6883333333335
2025,1,3,Blend,1530.3600000000001,10,0,0,1720.3266666666666
2025,1,4,ADP order,1506.6999999999998,12,0,0,1700.631666666667
2025,1,4,ADP value,1618.4999999999998,8,0,0,1709.011666666667
2025,1,4,Model,1597.0599999999995,9,0,0,1707.3550000000002
2025,1,4,Blend,1472.82,12,0,0,1729.1516666666666
2025,1,5,ADP order,1629.6200000000003,8,0,0,1692.7316666666668
2025,1,5,ADP value,1536.4199999999996,10,0,0,1705.465
2025,1,5,Model,1597.0599999999995,9,0,0,1707.3550000000002
2025,1,5,Blend,1561.0400000000004,10,0,0,1726.53
2025,1,6,ADP order,1523.52,11,0,0,1698.4483333333335
2025,1,6,ADP value,1552.42,11,0,0,1710.783333333333
2025,1,6,Model,1569.0999999999997,9,0,0,1709.8050000000003
2025,1,6,Blend,1561.0400000000004,10,0,0,1726.53
2025,1,7,ADP order,1682.52,8,0,0,1724.4666666666665
2025,1,7,ADP value,1640.42,7,0,0,1717.1266666666668
2025,1,7,Model,1602.7,9,0,0,1709.165
2025,1,7,Blend,1570.94,9,0,0,1720.5449999999998
2025,1,8,ADP order,1859.7199999999996,4,0,0,1705.1766666666663
2025,1,8,ADP value,1560.3200000000002,10,0,0,1708.0349999999996
2025,1,8,Model,1602.7,9,0,0,1709.165
2025,1,8,Blend,1705.0399999999997,6,0,0,1711.2333333333333
2025,1,9,ADP order,1799.8199999999997,4,0,0,1700.91
2025,1,9,ADP value,1640.0199999999998,7,0,0,1707.0500000000002
2025,1,9,Model,1602.7,9,0,0,1709.165
2025,1,9,Blend,1713.3400000000001,7,0,0,1710.88
2025,1,10,ADP order,1825.2199999999993,5,0,0,1698.5183333333332
2025,1,10,ADP value,1737.4199999999996,6,0,0,1719.3483333333327
2025,1,10,Model,1788.6,5,0,0,1717.5066666666664
2025,1,10,Blend,1857.4600000000003,2,1,0,1704.2066666666663
2025,1,11,ADP order,1745.02,6,0,0,1693.6933333333334
2025,1,11,ADP value,1737.4199999999996,6,0,0,1719.3483333333327
2025,1,11,Model,1788.6,5,0,0,1717.5066666666664
2025,1,11,Blend,1869.92,3,1,0,1703.9599999999998
2025,2,0,ADP order,1828.0600000000004,5,0,0,1722.3383333333338
2025,2,0,ADP value,1878.04,2,1,0,1722.4116666666669
2025,2,0,Model,1711.12,8,0,0,1740.515
2025,2,0,Blend,1812.8400000000001,3,1,0,1739.0016666666668
2025,2,1,ADP order,1946.7399999999998,2,1,0,1715.0183333333334
2025,2,1,ADP value,1991.56,1,1,1,1719.705
2025,2,1,Model,1750.3199999999997,8,0,0,1747.515
2025,2,1,Blend,1905.6400000000003,1,1,1,1737.1516666666669
2025,2,2,ADP order,1970.6,2,1,0,1723.135
2025,2,2,ADP value,2028.3200000000002,1,1,1,1710.4966666666667
2025,2,2,Model,1646.8199999999995,9,0,0,1716.1750000000002
2025,2,2,Blend,1799.0600000000002,6,0,0,1733.3783333333333
2025,2,3,ADP order,1861.0999999999997,4,0,0,1722.8016666666665
2025,2,3,ADP value,1930.72,2,1,0,1711.488333333333
2025,2,3,Model,1717.6200000000001,7,0,0,1729.4516666666668
2025,2,3,Blend,1571.2,9,0,0,1733.9616666666664
2025,2,4,ADP order,1830.3200000000002,3,1,0,1712.7599999999995
2025,2,4,ADP value,2011.3399999999995,2,1,0,1712.0183333333334
2025,2,4,Model,1782.5399999999995,6,0,0,1724.4183333333333
2025,2,4,Blend,1658.6999999999998,8,0,0,1723.05
2025,2,5,ADP order,1772.8200000000002,5,0,0,1707.7183333333335
2025,2,5,ADP value,1860.44,4,0,0,1711.1433333333334
2025,2,5,Model,1917.1599999999999,3,1,0,1707.8383333333338
2025,2,5,Blend,1671.6,8,0,0,1725.0666666666664
2025,2,6,ADP order,1616.8,10,0,0,1703.5866666666668
2025,2,6,ADP value,1684.4200000000003,7,0,0,1716.2116666666668
2025,2,6,Model,1917.1599999999999,3,1,0,1707.8383333333338
2025,2,6,Blend,1671.6,8,0,0,1725.0666666666664
2025,2,7,ADP order,1674.1,8,0,0,1720.3300000000002
2025,2,7,ADP value,1705.6200000000001,6,0,0,1717.2016666666668
2025,2,7,Model,2045.3600000000006,2,1,0,1712.4133333333336
2025,2,7,Blend,1695.9999999999998,8,0,0,1729.4800000000002
2025,2,8,ADP order,1658.0999999999997,7,0,0,1719.5550000000003
2025,2,8,ADP value,1619.1000000000001,9,0,0,1718.66
2025,2,8,Model,1902.86,2,1,0,1717.7800000000004
2025,2,8,Blend,1734.2,6,0,0,1732.205
2025,2,9,ADP order,1658.0999999999997,7,0,0,1719.5550000000003
2025,2,9,ADP value,1642.2799999999997,8,0,0,1715.0633333333333
2025,2,9,Model,1877.5599999999997,2,1,0,1716.6966666666667
2025,2,9,Blend,1734.2,6,0,0,1732.205
2025,2,10,ADP order,1647.48,7,0,0,1721.8316666666667
2025,2,10,ADP value,1642.2799999999997,8,0,0,1715.0633333333333
2025,2,10,Model,1877.5599999999997,2,1,0,1716.6966666666667
2025,2,10,Blend,1734.2,6,0,0,1732.205
2025,2,11,ADP order,1790.2799999999997,6,0,0,1720.2233333333334
2025,2,11,ADP value,1785.12,6,0,0,1716.7316666666663
2025,2,11,Model,1834.1599999999994,5,0,0,1717.0133333333333
2025,2,11,Blend,1741.3600000000001,7,0,0,1738.28
2025,3,0,ADP order,1728.3200000000002,7,0,0,1727.7033333333331
2025,3,0,ADP value,1635.6200000000001,8,0,0,1717.03
2025,3,0,Model,1788.36,6,0,0,1733.0516666666665
2025,3,0,Blend,1810.9200000000005,4,0,0,1706.6083333333333
2025,3,1,ADP order,1592.22,10,0,0,1717.3316666666667
2025,3,1,ADP value,1613.52,9,0,0,1712.755
2025,3,1,Model,1788.36,6,0,0,1733.0516666666665
2025,3,1,Blend,1766.92,5,0,0,1713.8249999999998
2025,3,2,ADP order,1685.42,8,0,0,1714.3566666666668
2025,3,2,ADP value,1554.72,11,0,0,1715.9883333333335
2025,3,2,Model,1788.36,6,0,0,1733.0516666666665
2025,3,2,Blend,1868.3199999999995,4,0,0,1712.3249999999998
2025,3,3,ADP order,1770.06,4,0,0,1704.6283333333333
2025,3,3,ADP value,1590.2199999999998,9,0,0,1710.7966666666664
2025,3,3,Model,1788.36,6,0,0,1733.0516666666665
2025,3,3,Blend,1784.96,6,0,0,1714.4933333333336
2025,3,4,ADP order,1899.0600000000002,2,1,0,1711.9116666666666
2025,3,4,ADP value,1770.3000000000002,4,0,0,1700.368333333333
2025,3,4,Model,1788.36,6,0,0,1733.0516666666665
2025,3,4,Blend,1755.4000000000003,6,0,0,1699.9800000000002
2025,3,5,ADP order,1753.26,6,0,0,1727.4366666666665
2025,3,5,ADP value,1694.2999999999997,6,0,0,1699.708333333333
2025,3,5,Model,1742.8600000000001,6,0,0,1718.4233333333334
2025,3,5,Blend,1635.9399999999998,8,0,0,1722.3983333333333
2025,3,6,ADP order,1805.1800000000003,5,0,0,1723.5833333333337
2025,3,6,ADP value,1648.1,7,0,0,1702.035
2025,3,6,Model,1742.8600000000001,6,0,0,1718.4233333333334
2025,3,6,Blend,1796.64,3,1,0,1721.2016666666668
2025,3,7,ADP order,1894.6799999999998,3,1,0,1710.0166666666667
2025,3,7,ADP value,1636.4999999999998,7,0,0,1703.7766666666666
2025,3,7,Model,1757.7000000000003,6,0,0,1725.906666666667
2025,3,7,Blend,1796.64,3,1,0,1721.2016666666668
2025,3,8,ADP order,1939.4800000000002,3,1,0,1717.3033333333333
2025,3,8,ADP value,1873.7999999999997,4,0,0,1704.5416666666667
2025,3,8,Model,1757.7000000000003,6,0,0,1725.906666666667
2025,3,8,Blend,1796.64,3,1,0,1721.2016666666668
2025,3,9,ADP order,1977.98,2,1,0,1719.5983333333334
2025,3,9,ADP value,1891.1,2,1,0,1717.3366666666664
2025,3,9,Model,1678.5000000000002,7,0,0,1734.4433333333334
2025,3,9,Blend,1882.04,2,1,0,1714.1733333333332
2025,3,10,ADP order,1945.7399999999998,2,1,0,1716.3433333333332
2025,3,10,ADP value,2024.82,1,1,1,1703.6516666666666
2025,3,10,Model,1639.1000000000001,10,0,0,1732.8349999999998
2025,3,10,Blend,1687.8600000000001,7,0,0,1721.4466666666665
2025,3,11,ADP order,1842.2599999999995,4,0,0,1702.1116666666665
2025,3,11,ADP value,2002.9200000000003,1,1,1,1703.618333333333
2025,3,11,Model,1715.78,8,0,0,1726.0766666666666
2025,3,11,Blend,1687.8600000000001,7,0,0,1721.4466666666665
2025,4,0,ADP order,1743.5200000000002,7,0,0,1703.2516666666668
2025,4,0,ADP value,1515.2800000000002,10,0,0,1693.0016666666668
2025,4,0,Model,1690.94,8,0,0,1708.0916666666665
2025,4,0,Blend,1722.3600000000001,6,0,0,1726.4316666666666
2025,4,1,ADP order,1780.5199999999995,5,0,0,1702.2416666666666
2025,4,1,ADP value,1470.48,11,0,0,1692.61
2025,4,1,Model,1716.04,7,0,0,1709.0466666666669
2025,4,1,Blend,1722.3600000000001,6,0,0,1726.4316666666666
2025,4,2,ADP order,1871.9200000000003,2,1,0,1699.75
2025,4,2,ADP value,1732.5199999999998,4,0,0,1677.918333333333
2025,4,2,Model,1716.04,7,0,0,1709.0466666666669
2025,4,2,Blend,1849.66,3,1,0,1714.7900000000002
2025,4,3,ADP order,1898.1200000000003,2,1,0,1686.9166666666663
2025,4,3,ADP value,1704.52,4,0,0,1678.2266666666665
2025,4,3,Model,1751.8800000000003,8,0,0,1715.201666666667
2025,4,3,Blend,1697.3000000000004,8,0,0,1715.6133333333335
2025,4,4,ADP order,1886.12,2,1,0,1694.128333333333
2025,4,4,ADP value,1734.1,6,0,0,1713.4083333333335
2025,4,4,Model,1785.6200000000001,6,0,0,1718.4316666666666
2025,4,4,Blend,1697.3000000000004,8,0,0,1715.6133333333335
2025,4,5,ADP order,1853.0200000000002,2,1,0,1694.4699999999996
2025,4,5,ADP value,1633.7199999999998,9,0,0,1693.2016666666666
2025,4,5,Model,1785.6200000000001,6,0,0,1718.4316666666666
2025,4,5,Blend,1721.8400000000001,7,0,0,1705.7516666666663
2025,4,6,ADP order,1832.62,3,1,0,1695.4616666666664
2025,4,6,ADP value,1633.7199999999998,9,0,0,1693.2016666666666
2025,4,6,Model,1785.6200000000001,6,0,0,1718.4316666666666
2025,4,6,Blend,1744.04,5,0,0,1709.415
2025,4,7,ADP order,1802.16,4,0,0,1697.5933333333335
2025,4,7,ADP value,1736.9199999999998,3,1,0,1709.7949999999998
2025,4,7,Model,1950.88,2,1,0,1731.1049999999996
2025,4,7,Blend,1849.1399999999999,3,1,0,1717.1533333333336
2025,4,8,ADP order,1839.5599999999997,3,1,0,1720.575
2025,4,8,ADP value,1686.32,6,0,0,1711.3483333333331
2025,4,8,Model,1950.88,2,1,0,1731.1050000000002
2025,4,8,Blend,1743.36,5,0,0,1714.5783333333336
2025,4,9,ADP order,1674.9400000000003,8,0,0,1698.555
2025,4,9,ADP value,1749.7199999999998,3,1,0,1711.5066666666664
2025,4,9,Model,1950.88,2,1,0,1731.1050000000002
2025,4,9,Blend,1681.96,5,0,0,1714.3866666666665
2025,4,10,ADP order,1393.3400000000001,11,0,0,1700.7
2025,4,10,ADP value,1814.52,3,1,0,1707.6933333333334
2025,4,10,Model,1950.88,2,1,0,1731.1050000000002
2025,4,10,Blend,1681.96,5,0,0,1714.3866666666665
2025,4,11,ADP order,1354.32,12,0,0,1710.54
2025,4,11,ADP value,1677.86,7,0,0,1703.86
2025,4,11,Model,1799.0800000000002,5,0,0,1706.875
2025,4,11,Blend,1924.08,3,1,0,1730.6416666666664
2025,5,0,ADP order,1842.64,1,1,1,1686.0416666666667
2025,5,0,ADP value,1673.5,6,0,0,1688.6766666666665
2025,5,0,Model,1794.06,4,0,0,1705.6433333333332
2025,5,0,Blend,2015.7800000000002,1,1,1,1686.9033333333336
2025,5,1,ADP order,1806.5,3,1,0,1691.3800000000003
2025,5,1,ADP value,1804.4600000000003,3,1,0,1693.8099999999997
2025,5,1,Model,1794.06,4,0,0,1705.6433333333332
2025,5,1,Blend,2015.7800000000002,1,1,1,1686.9033333333336
2025,5,2,ADP order,1851.8600000000001,1,1,1,1683.666666666667
2025,5,2,ADP value,1902.9599999999998,1,1,1,1675.5866666666664
2025,5,2,Model,1738.96,5,0,0,1704.6483333333333
2025,5,2,Blend,1963.9399999999996,1,1,1,1688.1116666666667
2025,5,3,ADP order,1870.1199999999994,1,1,1,1683.3950000000002
2025,5,3,ADP value,1822.1599999999999,2,1,0,1700.9816666666666
2025,5,3,Model,1782.32,6,0,0,1694.0933333333332
2025,5,3,Blend,1945.04,1,1,1,1704.5916666666665
2025,5,4,ADP order,1945.0199999999998,1,1,1,1684.9700000000003
2025,5,4,ADP value,1822.1599999999999,2,1,0,1700.9816666666666
2025,5,4,Model,1644.0199999999995,9,0,0,1690.6699999999998
2025,5,4,Blend,1945.04,1,1,1,1704.5916666666665
2025,5,5,ADP order,1910.3,1,1,1,1689.1450000000002
2025,5,5,ADP value,1863.1600000000003,2,1,0,1696.2533333333333
2025,5,5,Model,1644.0199999999995,9,0,0,1690.6699999999998
2025,5,5,Blend,2138.58,1,1,1,1682.6050000000002
2025,5,6,ADP order,2007.22,1,1,1,1704.3366666666668
2025,5,6,ADP value,1718.1,6,0,0,1709.778333333333
2025,5,6,Model,1622.66,10,0,0,1686.0849999999998
2025,5,6,Blend,2138.58,1,1,1,1682.6050000000002
2025,5,7,ADP order,2050.9199999999996,1,1,1,1699.3816666666664
2025,5,7,ADP value,1904.3000000000002,3,1,0,1685.7333333333336
2025,5,7,Model,1622.66,10,0,0,1686.0849999999998
2025,5,7,Blend,2027.22,1,1,1,1671.8066666666666
2025,5,8,ADP order,2161.12,1,1,1,1696.1350000000002
2025,5,8,ADP value,1885.12,2,1,0,1686.4233333333334
2025,5,8,Model,1851.9599999999998,2,1,0,1695.4199999999998
2025,5,8,Blend,2027.22,1,1,1,1671.8066666666666
2025,5,9,ADP order,1978.9199999999996,1,1,1,1693.8516666666665
2025,5,9,ADP value,1842.7,1,1,1,1702.3500000000001
2025,5,9,Model,1851.9599999999998,2,1,0,1695.4199999999998
2025,5,9,Blend,2027.22,1,1,1,1671.8066666666666
2025,5,10,ADP order,1702.4000000000003,7,0,0,1697.8700000000001
2025,5,10,ADP value,1931.4,1,1,1,1701.7
2025,5,10,Model,1851.9599999999998,2,1,0,1695.4199999999998
2025,5,10,Blend,1947.16,1,1,1,1670.3116666666667
2025,5,11,ADP order,1860.0,3,1,0,1690.3716666666667
2025,5,11,ADP value,1931.4,1,1,1,1701.7
2025,5,11,Model,1926.1000000000004,2,1,0,1697.3566666666666
2025,5,11,Blend,2109.66,1,1,1,1676.38
2025,6,0,ADP order,1952.9400000000003,1,1,1,1689.3983333333333
2025,6,0,ADP value,1729.8000000000002,6,0,0,1701.3499999999997
2025,6,0,Model,1789.3600000000001,4,0,0,1677.7233333333336
2025,6,0,Blend,1721.58,7,0,0,1708.0816666666667
2025,6,1,ADP order,1970.6399999999999,1,1,1,1695.7316666666668
2025,6,1,ADP value,1787.12,5,0,0,1702.4133333333332
2025,6,1,Model,1789.3600000000001,4,0,0,1677.7233333333336
2025,6,1,Blend,1860.44,2,1,0,1693.5666666666666
2025,6,2,ADP order,1864.0400000000004,2,1,0,1700.0983333333334
2025,6,2,ADP value,1674.82,6,0,0,1702.2883333333332
2025,6,2,Model,1706.6600000000005,7,0,0,1685.6883333333335
2025,6,2,Blend,1852.44,2,1,0,1694.175
2025,6,3,ADP order,1997.1400000000008,1,1,1,1707.765
2025,6,3,ADP value,1739.2200000000003,5,0,0,1710.493333333333
2025,6,3,Model,1706.6600000000005,7,0,0,1685.6883333333335
2025,6,3,Blend,1915.1200000000001,2,1,0,1702.33
2025,6,4,ADP order,1976.1200000000003,2,1,0,1700.9766666666667
2025,6,4,ADP value,1879.28,2,1,0,1700.0583333333334
2025,6,4,Model,1706.6600000000005,7,0,0,1685.6883333333335
2025,6,4,Blend,1772.6799999999998,5,0,0,1687.415
2025,6,5,ADP order,1609.02,7,0,0,1690.0200000000002
2025,6,5,ADP value,1708.32,6,0,0,1707.1766666666665
2025,6,5,Model,1765.4599999999998,8,0,0,1693.9033333333334
2025,6,5,Blend,1665.3799999999999,8,0,0,1691.39
2025,6,6,ADP order,1555.5000000000002,9,0,0,1692.9316666666666
2025,6,6,ADP value,1708.9199999999998,6,0,0,1704.41
2025,6,6,Model,1765.4599999999998,8,0,0,1693.9033333333334
2025,6,6,Blend,1722.4799999999998,6,0,0,1679.6833333333334
2025,6,7,ADP order,1728.5000000000002,7,0,0,1702.4200000000003
2025,6,7,ADP value,1646.5199999999998,9,0,0,1704.9016666666669
2025,6,7,Model,1765.4599999999998,8,0,0,1693.9033333333334
2025,6,7,Blend,1839.6600000000003,2,1,0,1711.6599999999999
2025,6,8,ADP order,1475.9,12,0,0,1710.8983333333333
2025,6,8,ADP value,1590.32,10,0,0,1705.2266666666667
2025,6,8,Model,1919.16,2,1,0,1711.9416666666666
2025,6,8,Blend,1805.9799999999998,4,0,0,1707.0883333333331
2025,6,9,ADP order,1580.7000000000003,10,0,0,1706.9866666666667
2025,6,9,ADP value,1612.9200000000003,8,0,0,1696.1566666666665
2025,6,9,Model,1919.16,2,1,0,1711.9416666666666
2025,6,9,Blend,1805.9799999999998,4,0,0,1707.0883333333331
2025,6,10,ADP order,1840.7000000000003,4,0,0,1694.4116666666669
2025,6,10,ADP value,1655.7,9,0,0,1702.006666666667
2025,6,10,Model,1919.16,2,1,0,1711.9416666666668
2025,6,10,Blend,1805.9799999999998,4,0,0,1707.0883333333331
2025,6,11,ADP order,1639.0,7,0,0,1689.1333333333332
2025,6,11,ADP value,1652.9999999999998,9,0,0,1698.611666666667
2025,6,11,Model,1919.16,2,1,0,1711.9416666666668
2025,6,11,Blend,1805.9799999999998,4,0,0,1707.0883333333331
2025,7,0,ADP order,1616.6599999999999,8,0,0,1692.9883333333335
2025,7,0,ADP value,1787.8999999999999,4,0,0,1707.003333333333
2025,7,0,Model,1672.8000000000002,7,0,0,1718.89
2025,7,0,Blend,1663.74,7,0,0,1691.6983333333335
2025,7,1,ADP order,1698.16,7,0,0,1694.4383333333335
2025,7,1,ADP value,1616.34,8,0,0,1694.658333333333
2025,7,1,Model,1616.7400000000002,9,0,0,1698.0383333333332
2025,7,1,Blend,1733.16,5,0,0,1700.0766666666668
2025,7,2,ADP order,1995.12,1,1,1,1706.3
2025,7,2,ADP value,1597.9399999999998,10,0,0,1699.2016666666666
2025,7,2,Model,1649.5999999999997,7,0,0,1712.5949999999996
2025,7,2,Blend,1714.8000000000002,5,0,0,1686.8783333333333
2025,7,3,ADP order,1768.7599999999998,4,0,0,1698.1233333333337
2025,7,3,ADP value,1804.5199999999998,5,0,0,1707.7016666666661
2025,7,3,Model,1649.5999999999997,7,0,0,1712.5949999999996
2025,7,3,Blend,1725.9000000000003,5,0,0,1670.7033333333331
2025,7,4,ADP order,1723.56,6,0,0,1699.1500000000003
2025,7,4,ADP value,1838.82,2,1,0,1698.6050000000002
2025,7,4,Model,1732.92,5,0,0,1709.618333333333
2025,7,4,Blend,1600.9999999999998,9,0,0,1678.6033333333335
2025,7,5,ADP order,1913.9,1,1,1,1693.8099999999997
2025,7,5,ADP value,1884.82,2,1,0,1694.9599999999998
2025,7,5,Model,1732.92,5,0,0,1709.618333333333
2025,7,5,Blend,1638.9,8,0,0,1689.861666666667
2025,7,6,ADP order,1918.2199999999998,2,1,0,1696.3266666666666
2025,7,6,ADP value,1921.6999999999998,1,1,1,1699.75
2025,7,6,Model,1732.92,5,0,0,1709.618333333333
2025,7,6,Blend,1794.4599999999998,3,1,0,1694.4399999999998
2025,7,7,ADP order,1918.3200000000002,2,1,0,1688.6166666666668
2025,7,7,ADP value,1864.8999999999996,1,1,1,1691.9666666666665
2025,7,7,Model,1880.52,2,1,0,1717.5449999999998
2025,7,7,Blend,1794.4599999999998,3,1,0,1694.4399999999998
2025,7,8,ADP order,1857.6200000000001,2,1,0,1685.0583333333334
2025,7,8,ADP value,1864.8999999999996,1,1,1,1691.966666666667
2025,7,8,Model,1880.52,2,1,0,1717.5449999999998
2025,7,8,Blend,1932.1599999999999,2,1,0,1688.3149999999998
2025,7,9,ADP order,1855.22,3,1,0,1686.66
2025,7,9,ADP value,1895.8000000000002,1,1,1,1700.8616666666667
2025,7,9,Model,1843.7200000000005,3,1,0,1708.4883333333335
2025,7,9,Blend,1917.1599999999996,2,1,0,1689.8733333333332
2025,7,10,ADP order,1711.6200000000001,7,0,0,1692.333333333333
2025,7,10,ADP value,1895.8000000000002,1,1,1,1700.8616666666667
2025,7,10,Model,1843.7200000000005,3,1,0,1708.4883333333335
2025,7,10,Blend,1917.1599999999996,2,1,0,1689.8733333333332
2025,7,11,ADP order,1768.6199999999997,5,0,0,1683.8166666666666
2025,7,11,ADP value,1909.18,2,1,0,1690.7399999999998
2025,7,11,Model,1843.7200000000005,3,1,0,1708.4883333333335
2025,7,11,Blend,1803.5199999999998,2,1,0,1704.8099999999997
2025,8,0,ADP order,1988.9199999999998,1,1,1,1715.64
2025,8,0,ADP value,1833.8199999999997,4,0,0,1694.736666666667
2025,8,0,Model,1732.1200000000001,6,0,0,1716.305
2025,8,0,Blend,1719.9800000000002,4,0,0,1702.6200000000001
2025,8,1,ADP order,2122.48,1,1,1,1699.4166666666663
2025,8,1,ADP value,1926.42,2,1,0,1696.2283333333332
2025,8,1,Model,1732.1200000000001,6,0,0,1716.305
2025,8,1,Blend,1737.6799999999998,6,0,0,1704.2283333333335
2025,8,2,ADP order,1911.26,1,1,1,1700.6633333333332
2025,8,2,ADP value,1967.2999999999997,2,1,0,1695.785
2025,8,2,Model,1776.42,3,1,0,1711.6966666666667
2025,8,2,Blend,1737.6799999999998,6,0,0,1704.2283333333335
2025,8,3,ADP order,2031.76,1,1,1,1703.0266666666666
2025,8,3,ADP value,2032.7999999999997,2,1,0,1703.5266666666666
2025,8,3,Model,1776.42,3,1,0,1711.6966666666667
2025,8,3,Blend,1771.7800000000002,6,0,0,1706.5616666666667
2025,8,4,ADP order,2031.76,1,1,1,1703.0266666666666
2025,8,4,ADP value,2059.7,2,1,0,1704.8016666666665
2025,8,4,Model,1776.42,3,1,0,1711.6966666666667
2025,8,4,Blend,1825.24,3,1,0,1714.1983333333337
2025,8,5,ADP order,2001.5,1,1,1,1707.763333333333
2025,8,5,ADP value,2059.7,2,1,0,1704.8016666666665
2025,8,5,Model,1684.58,7,0,0,1722.75
2025,8,5,Blend,1734.2799999999995,7,0,0,1704.2299999999998
2025,8,6,ADP order,1927.1000000000004,1,1,1,1718.1416666666667
2025,8,6,ADP value,1865.9399999999998,2,1,0,1712.1883333333333
2025,8,6,Model,1684.58,7,0,0,1722.75
2025,8,6,Blend,1743.08,7,0,0,1711.116666666667
2025,8,7,ADP order,1719.3399999999997,6,0,0,1712.9749999999997
2025,8,7,ADP value,1829.64,3,1,0,1709.9016666666666
2025,8,7,Model,1684.58,7,0,0,1722.75
2025,8,7,Blend,1743.08,7,0,0,1711.116666666667
2025,8,8,ADP order,1719.3399999999997,6,0,0,1712.9750000000004
2025,8,8,ADP value,1768.9999999999998,6,0,0,1716.2716666666668
2025,8,8,Model,1684.58,7,0,0,1722.7500000000002
2025,8,8,Blend,1932.6599999999999,3,1,0,1715.328333333333
2025,8,9,ADP order,1716.12,6,0,0,1714.6050000000002
2025,8,9,ADP value,1886.3200000000002,3,1,0,1711.8916666666667
2025,8,9,Model,1836.48,4,0,0,1717.9833333333333
2025,8,9,Blend,1932.6599999999999,3,1,0,1715.328333333333
2025,8,10,ADP order,1735.7799999999997,5,0,0,1682.2533333333333
2025,8,10,ADP value,1918.1199999999997,3,1,0,1709.1416666666664
2025,8,10,Model,1950.2599999999995,3,1,0,1730.7866666666666
2025,8,10,Blend,1932.6599999999999,3,1,0,1715.328333333333
2025,8,11,ADP order,1661.8600000000004,7,0,0,1699.695
2025,8,11,ADP value,1971.6999999999998,2,1,0,1709.658333333333
2025,8,11,Model,1950.2599999999995,3,1,0,1730.7866666666666
2025,8,11,Blend,1932.6599999999999,3,1,0,1715.328333333333
2025,9,0,ADP order,1793.6199999999997,4,0,0,1697.0416666666667
2025,9,0,ADP value,1598.6799999999998,10,0,0,1703.5666666666668
2025,9,0,Model,1780.0599999999997,5,0,0,1702.426666666667
2025,9,0,Blend,1710.2399999999998,6,0,0,1709.71
2025,9,1,ADP order,1767.62,4,0,0,1696.1316666666664
2025,9,1,ADP value,1653.68,7,0,0,1702.666666666667
2025,9,1,Model,1725.2600000000002,6,0,0,1703.3816666666664
2025,9,1,Blend,1741.3400000000001,6,0,0,1698.5483333333334
2025,9,2,ADP order,1708.24,5,0,0,1695.043333333333
2025,9,2,ADP value,1724.6800000000003,6,0,0,1696.5416666666667
2025,9,2,Model,1731.9599999999998,6,0,0,1698.3666666666668
2025,9,2,Blend,1761.26,5,0,0,1683.8050000000003
2025,9,3,ADP order,1767.14,4,0,0,1690.9433333333334
2025,9,3,ADP value,1724.6800000000003,6,0,0,1696.5416666666667
2025,9,3,Model,1731.9599999999998,6,0,0,1698.3666666666668
2025,9,3,Blend,1610.8000000000002,9,0,0,1689.3666666666668
2025,9,4,ADP order,1767.14,4,0,0,1690.9433333333334
2025,9,4,ADP value,1724.6800000000003,6,0,0,1696.5416666666667
2025,9,4,Model,1736.5599999999997,4,0,0,1705.2816666666665
2025,9,4,Blend,1610.8000000000002,9,0,0,1689.3666666666666
2025,9,5,ADP order,1808.6399999999999,4,0,0,1683.6850000000002
2025,9,5,ADP value,1664.6999999999998,5,0,0,1693.7066666666667
2025,9,5,Model,1736.5599999999997,4,0,0,1705.2816666666665
2025,9,5,Blend,1570.0,11,0,0,1691.8916666666667
2025,9,6,ADP order,1654.1399999999996,7,0,0,1689.0833333333333
2025,9,6,ADP value,1695.7,5,0,0,1685.2616666666665
2025,9,6,Model,1736.5599999999997,4,0,0,1705.2816666666665
2025,9,6,Blend,1539.8000000000002,10,0,0,1689.3000000000002
2025,9,7,ADP order,1915.6999999999998,3,1,0,1692.7583333333334
2025,9,7,ADP value,1805.8000000000002,3,1,0,1690.2
2025,9,7,Model,1946.2599999999998,1,1,1,1692.006666666667
2025,9,7,Blend,1771.3799999999999,3,1,0,1698.1250000000002
2025,9,8,ADP order,1984.9000000000003,1,1,1,1689.1233333333332
2025,9,8,ADP value,1790.5000000000002,3,1,0,1697.3266666666666
2025,9,8,Model,1863.7600000000002,1,1,1,1699.5233333333335
2025,9,8,Blend,1762.24,5,0,0,1700.8716666666662
2025,9,9,ADP order,1773.2399999999998,5,0,0,1686.5466666666669
2025,9,9,ADP value,1790.5000000000002,3,1,0,1697.3266666666666
2025,9,9,Model,1880.96,1,1,1,1700.3899999999996
2025,9,9,Blend,1801.5800000000002,2,1,0,1697.7583333333334
2025,9,10,ADP order,1794.0400000000002,4,0,0,1689.1616666666669
2025,9,10,ADP value,1822.7999999999997,3,1,0,1690.2349999999997
2025,9,10,Model,1929.6600000000003,1,1,1,1697.4899999999998
2025,9,10,Blend,1847.08,2,1,0,1696.0416666666663
2025,9,11,ADP order,1854.1399999999999,3,1,0,1698.7
2025,9,11,ADP value,1899.4,3,1,0,1684.5433333333337
2025,9,11,Model,1944.96,1,1,1,1698.9333333333332
2025,9,11,Blend,1847.08,2,1,0,1696.0416666666667
2025,10,0,ADP order,1946.6,1,1,1,1699.7816666666665
2025,10,0,ADP value,1788.54,4,0,0,1706.0199999999998
2025,10,0,Model,1748.0400000000004,4,0,0,1726.4833333333333
2025,10,0,Blend,1759.6000000000001,6,0,0,1714.1783333333333
2025,10,1,ADP order,1976.4600000000003,1,1,1,1694.6616666666666
2025,10,1,ADP value,1859.2400000000002,2,1,0,1691.9016666666666
2025,10,1,Model,1772.8400000000001,4,0,0,1722.7666666666667
2025,10,1,Blend,1792.0200000000002,4,0,0,1711.9466666666667
2025,10,2,ADP order,2110.56,1,1,1,1687.8249999999998
2025,10,2,ADP value,1912.9400000000003,2,1,0,1695.0883333333331
2025,10,2,Model,1772.8400000000001,4,0,0,1722.7666666666667
2025,10,2,Blend,1931.7200000000003,1,1,1,1708.1049999999998
2025,10,3,ADP order,2095.1,1,1,1,1682.7733333333333
2025,10,3,ADP value,1886.7399999999998,2,1,0,1697.8549999999998
2025,10,3,Model,1772.8400000000001,4,0,0,1722.7666666666667
2025,10,3,Blend,1916.32,1,1,1,1708.3549999999998
2025,10,4,ADP order,2011.18,1,1,1,1708.5100000000002
2025,10,4,ADP value,1822.26,3,1,0,1694.003333333333
2025,10,4,Model,1776.9199999999998,4,0,0,1709.24
2025,10,4,Blend,1729.12,5,0,0,1702.238333333333
2025,10,5,ADP order,1968.44,1,1,1,1707.4383333333333
2025,10,5,ADP value,1921.8600000000001,1,1,1,1702.528333333333
2025,10,5,Model,1923.7400000000002,2,1,0,1720.8999999999999
2025,10,5,Blend,1808.5799999999995,3,1,0,1705.7383333333335
2025,10,6,ADP order,1930.36,1,1,1,1708.9216666666664
2025,10,6,ADP value,1869.9999999999998,1,1,1,1703.7449999999997
2025,10,6,Model,1927.7399999999998,1,1,1,1720.4133333333332
2025,10,6,Blend,1757.9599999999998,3,1,0,1692.5616666666667
2025,10,7,ADP order,1999.2599999999998,1,1,1,1686.1049999999998
2025,10,7,ADP value,1941.2,1,1,1,1702.9133333333332
2025,10,7,Model,1927.7399999999998,1,1,1,1720.4133333333332
2025,10,7,Blend,1757.9599999999998,3,1,0,1692.5616666666667
2025,10,8,ADP order,1906.7599999999998,1,1,1,1692.8633333333335
2025,10,8,ADP value,1900.6,4,0,0,1701.2699999999998
2025,10,8,Model,1927.7399999999998,1,1,1,1720.4133333333332
2025,10,8,Blend,1757.9599999999998,3,1,0,1692.5616666666665
2025,10,9,ADP order,2014.5799999999997,1,1,1,1692.665
2025,10,9,ADP value,1901.5000000000002,4,0,0,1697.5699999999997
2025,10,9,Model,2007.1800000000003,1,1,1,1721.1999999999998
2025,10,9,Blend,1757.9599999999998,3,1,0,1692.5616666666665
2025,10,10,ADP order,1871.6799999999996,4,0,0,1717.8316666666667
2025,10,10,ADP value,1914.1,2,1,0,1711.7633333333333
2025,10,10,Model,1994.5800000000002,1,1,1,1718.58
2025,10,10,Blend,1899.4399999999996,1,1,1,1692.42
2025,10,11,ADP order,1839.78,3,1,0,1714.09
2025,10,11,ADP value,1914.1,2,1,0,1711.7633333333333
2025,10,11,Model,1994.5800000000002,1,1,1,1718.58
2025,10,11,Blend,1889.5400000000002,3,1,0,1693.0183333333334
2025,11,0,ADP order,1905.58,2,1,0,1695.7900000000002
2025,11,0,ADP value,1731.98,5,0,0,1691.6933333333336
2025,11,0,Model,1765.66,5,0,0,1703.8083333333334
2025,11,0,Blend,1719.08,4,0,0,1702.8733333333332
2025,11,1,ADP order,1899.58,3,1,0,1693.2833333333335
2025,11,1,ADP value,1715.98,5,0,0,1702.5366666666669
2025,11,1,Model,1796.4199999999998,4,0,0,1702.165
2025,11,1,Blend,1758.14,5,0,0,1701.29
2025,11,2,ADP order,1768.7800000000002,3,1,0,1679.4150000000002
2025,11,2,ADP value,1782.1799999999996,4,0,0,1691.2783333333336
2025,11,2,Model,1796.4199999999998,4,0,0,1702.165
2025,11,2,Blend,1619.8999999999996,8,0,0,1699.0083333333334
2025,11,3,ADP order,1667.8999999999999,6,0,0,1672.325
2025,11,3,ADP value,1761.08,5,0,0,1693.4766666666665
2025,11,3,Model,1796.4199999999998,4,0,0,1702.165
2025,11,3,Blend,1601.8000000000004,8,0,0,1699.6833333333334
2025,11,4,ADP order,1636.4,7,0,0,1673.6916666666664
2025,11,4,ADP value,1661.8000000000002,8,0,0,1692.4816666666666
2025,11,4,Model,1796.4199999999998,4,0,0,1702.165
2025,11,4,Blend,1483.2999999999997,10,0,0,1699.5250000000003
2025,11,5,ADP order,1515.6000000000001,11,0,0,1689.47
2025,11,5,ADP value,1657.22,7,0,0,1682.49
2025,11,5,Model,1906.9600000000003,2,1,0,1702.2316666666668
2025,11,5,Blend,1558.6000000000004,9,0,0,1701.5800000000002
2025,11,6,ADP order,1515.6000000000001,11,0,0,1689.47
2025,11,6,ADP value,1689.9200000000003,7,0,0,1693.3133333333333
2025,11,6,Model,1752.66,6,0,0,1704.515
2025,11,6,Blend,1558.6000000000004,9,0,0,1701.5800000000002
2025,11,7,ADP order,1689.1,7,0,0,1693.458333333333
2025,11,7,ADP value,1796.1000000000001,3,1,0,1688.6133333333335
2025,11,7,Model,1908.46,3,1,0,1699.1816666666666
2025,11,7,Blend,1744.0,5,0,0,1690.0366666666669
2025,11,8,ADP order,1726.6000000000001,6,0,0,1691.1666666666667
2025,11,8,ADP value,1796.1000000000001,3,1,0,1688.6133333333335
2025,11,8,Model,1908.46,3,1,0,1699.1816666666666
2025,11,8,Blend,1770.0,5,0,0,1702.26
2025,11,9,ADP order,1998.3999999999999,2,1,0,1695.2050000000002
2025,11,9,ADP value,1796.1000000000001,3,1,0,1688.6133333333335
2025,11,9,Model,1908.46,3,1,0,1699.1816666666666
2025,11,9,Blend,1854.7600000000002,3,1,0,1699.3166666666666
2025,11,10,ADP order,1844.0,4,0,0,1688.015
2025,11,10,ADP value,1773.7999999999997,3,1,0,1692.055
2025,11,10,Model,1870.46,3,1,0,1703.765
2025,11,10,Blend,1805.7600000000002,5,0,0,1701.9916666666668
2025,11,11,ADP order,1842.8,3,1,0,1687.3333333333333
2025,11,11,ADP value,1696.4,7,0,0,1683.6000000000001
2025,11,11,Model,1870.46,3,1,0,1703.765
2025,11,11,Blend,1805.7600000000002,5,0,0,1701.9916666666668
2025,12,0,ADP order,1754.8999999999999,6,0,0,1714.823333333333
2025,12,0,ADP value,1613.5400000000002,8,0,0,1711.9083333333335
2025,12,0,Model,1697.3600000000001,8,0,0,1717.7716666666668
2025,12,0,Blend,1764.8400000000004,3,1,0,1715.0633333333333
2025,12,1,ADP order,1877.2799999999997,4,0,0,1709.3649999999998
2025,12,1,ADP value,1807.8,5,0,0,1713.6899999999998
2025,12,1,Model,1710.3200000000002,7,0,0,1719.9616666666668
2025,12,1,Blend,1793.3400000000001,4,0,0,1709.0049999999999
2025,12,2,ADP order,1658.08,8,0,0,1707.5366666666666
2025,12,2,ADP value,1859.9,3,1,0,1708.6483333333333
2025,12,2,Model,1715.46,7,0,0,1717.3549999999998
2025,12,2,Blend,1800.66,4,0,0,1705.2450000000001
2025,12,3,ADP order,1812.7,4,0,0,1713.8166666666666
2025,12,3,ADP value,1760.9,5,0,0,1703.7733333333333
2025,12,3,Model,1733.2200000000003,7,0,0,1724.64
2025,12,3,Blend,1800.66,4,0,0,1705.2450000000001
2025,12,4,ADP order,1794.7,5,0,0,1711.78
2025,12,4,ADP value,1760.9,5,0,0,1703.7733333333333
2025,12,4,Model,1658.2,9,0,0,1727.283333333333
2025,12,4,Blend,1691.3,7,0,0,1723.0483333333334
2025,12,5,ADP order,1667.3999999999999,7,0,0,1713.3549999999998
2025,12,5,ADP value,1712.7999999999995,6,0,0,1694.5349999999999
2025,12,5,Model,1658.2,9,0,0,1727.283333333333
2025,12,5,Blend,1606.4800000000002,10,0,0,1719.3499999999997
2025,12,6,ADP order,1626.3399999999997,9,0,0,1698.205
2025,12,6,ADP value,1768.2000000000005,3,1,0,1679.7683333333334
2025,12,6,Model,1658.2,9,0,0,1727.283333333333
2025,12,6,Blend,1668.78,7,0,0,1710.0866666666668
2025,12,7,ADP order,1900.8400000000001,2,1,0,1702.255
2025,12,7,ADP value,1755.8000000000002,4,0,0,1692.6599999999999
2025,12,7,Model,1658.2,9,0,0,1727.283333333333
2025,12,7,Blend,1937.8600000000006,3,1,0,1726.095
2025,12,8,ADP order,1741.6799999999996,5,0,0,1691.7766666666666
2025,12,8,ADP value,1787.42,3,1,0,1687.7
2025,12,8,Model,1856.6000000000004,5,0,0,1730.4750000000001
2025,12,8,Blend,1937.8600000000006,3,1,0,1726.0950000000003
2025,12,9,ADP order,1843.7799999999995,5,0,0,1701.76
2025,12,9,ADP value,1720.5200000000004,4,0,0,1688.9916666666668
2025,12,9,Model,1856.6000000000004,5,0,0,1730.4749999999997
2025,12,9,Blend,1937.8600000000006,3,1,0,1726.0950000000003
2025,12,10,ADP order,1950.18,2,1,0,1700.4683333333335
2025,12,10,ADP value,1865.92,2,1,0,1684.9916666666668
2025,12,10,Model,1856.6000000000004,5,0,0,1730.4750000000001
2025,12,10,Blend,1801.12,4,0,0,1702.6483333333329
2025,12,11,ADP order,1928.7799999999993,5,0,0,1694.2516666666668
2025,12,11,ADP value,1865.92,2,1,0,1684.9916666666668
2025,12,11,Model,1880.7,4,0,0,1713.45
2025,12,11,Blend,1801.12,4,0,0,1702.6483333333329
2025,13,0,ADP order,1828.12,4,0,0,1716.756666666667
2025,13,0,ADP value,1816.0199999999998,4,0,0,1717.51
2025,13,0,Model,1618.2000000000003,9,0,0,1722.5416666666667
2025,13,0,Blend,1578.1600000000003,9,0,0,1714.9133333333336
2025,13,1,ADP order,1654.26,6,0,0,1716.7350000000004
2025,13,1,ADP value,1773.5000000000002,5,0,0,1704.1916666666666
2025,13,1,Model,1461.0,11,0,0,1698.1399999999996
2025,13,1,Blend,1585.2200000000003,11,0,0,1705.8633333333335
2025,13,2,ADP order,1677.56,5,0,0,1717.2766666666666
2025,13,2,ADP value,1818.1,5,0,0,1704.75
2025,13,2,Model,1605.9,9,0,0,1705.75
2025,13,2,Blend,1585.2200000000003,11,0,0,1705.8633333333335
2025,13,3,ADP order,1733.6599999999999,5,0,0,1713.2266666666667
2025,13,3,ADP value,1769.4000000000005,4,0,0,1699.0583333333334
2025,13,3,Model,1611.7999999999997,8,0,0,1702.9650000000001
2025,13,3,Blend,1701.72,6,0,0,1709.8300000000002
2025,13,4,ADP order,1518.46,11,0,0,1721.1233333333337
2025,13,4,ADP value,1691.3999999999999,9,0,0,1692.2766666666666
2025,13,4,Model,1611.7999999999997,8,0,0,1702.9650000000001
2025,13,4,Blend,1620.72,9,0,0,1718.3966666666668
2025,13,5,ADP order,1485.3600000000004,12,0,0,1727.9883333333337
2025,13,5,ADP value,1857.4000000000003,2,1,0,1696.26
2025,13,5,Model,1546.3000000000002,11,0,0,1701.7416666666666
2025,13,5,Blend,1705.1399999999999,6,0,0,1703.2483333333332
2025,13,6,ADP order,1495.72,11,0,0,1709.9966666666667
2025,13,6,ADP value,1943.0,1,1,1,1707.4016666666666
2025,13,6,Model,1535.96,11,0,0,1700.5649999999998
2025,13,6,Blend,1705.1399999999999,6,0,0,1703.2483333333332
2025,13,7,ADP order,1530.62,11,0,0,1714.8216666666667
2025,13,7,ADP value,1736.6,5,0,0,1707.1016666666667
2025,13,7,Model,1535.96,11,0,0,1700.5649999999998
2025,13,7,Blend,1705.1399999999999,6,0,0,1703.2483333333332
2025,13,8,ADP order,1634.8000000000002,10,0,0,1721.1916666666666
2025,13,8,ADP value,1837.6,3,1,0,1699.4400000000003
2025,13,8,Model,1535.96,11,0,0,1700.5649999999998
2025,13,8,Blend,1844.34,3,1,0,1726.6200000000001
2025,13,9,ADP order,1469.82,11,0,0,1706.4883333333335
2025,13,9,ADP value,1892.6999999999998,2,1,0,1698.8733333333332
2025,13,9,Model,1803.26,4,0,0,1721.6499999999999
2025,13,9,Blend,1737.7799999999997,4,0,0,1711.7516666666663
2025,13,10,ADP order,1655.92,7,0,0,1711.108333333333
2025,13,10,ADP value,1860.0000000000002,2,1,0,1709.1583333333335
2025,13,10,Model,1699.98,5,0,0,1705.4666666666665
2025,13,10,Blend,1758.0600000000002,6,0,0,1719.4883333333335
2025,13,11,ADP order,1578.2799999999997,10,0,0,1712.33
2025,13,11,ADP value,1638.1,7,0,0,1693.7116666666661
2025,13,11,Model,1699.98,5,0,0,1705.4666666666665
2025,13,11,Blend,1758.0600000000002,6,0,0,1719.4883333333335
2025,14,0,ADP order,1787.6000000000001,5,0,0,1702.9150000000002
2025,14,0,ADP value,1518.52,11,0,0,1673.7150000000001
2025,14,0,Model,1903.8199999999997,2,1,0,1695.03
2025,14,0,Blend,1625.22,8,0,0,1681.3699999999997
2025,14,1,ADP order,1785.7399999999998,3,1,0,1691.5883333333331
2025,14,1,ADP value,1566.0599999999997,10,0,0,1685.2683333333334
2025,14,1,Model,1845.7200000000003,4,0,0,1687.496666666667
2025,14,1,Blend,1695.22,7,0,0,1688.3400000000001
2025,14,2,ADP order,1814.4400000000003,2,1,0,1701.2383333333335
2025,14,2,ADP value,1509.6600000000003,10,0,0,1701.6916666666668
2025,14,2,Model,1899.9200000000003,1,1,1,1703.2233333333334
2025,14,2,Blend,1858.6,3,1,0,1693.6433333333334
2025,14,3,ADP order,1711.16,7,0,0,1679.9266666666665
2025,14,3,ADP value,1520.3599999999997,10,0,0,1697.4833333333336
2025,14,3,Model,1899.9200000000003,1,1,1,1703.2233333333334
2025,14,3,Blend,1841.4,3,1,0,1693.5850000000003
2025,14,4,ADP order,1821.52,3,1,0,1666.01
2025,14,4,ADP value,1731.6599999999999,4,0,0,1651.541666666667
2025,14,4,Model,1899.9200000000003,1,1,1,1703.2233333333334
2025,14,4,Blend,1739.6,5,0,0,1694.7933333333337
2025,14,5,ADP order,1890.84,2,1,0,1680.6016666666665
2025,14,5,ADP value,1713.6999999999998,5,0,0,1654.375
2025,14,5,Model,1841.16,3,1,0,1700.5466666666664
2025,14,5,Blend,1739.6,5,0,0,1694.7933333333337
2025,14,6,ADP order,2017.7600000000002,1,1,1,1681.6483333333333
2025,14,6,ADP value,1741.5200000000002,4,0,0,1661.6416666666664
2025,14,6,Model,1795.8600000000001,4,0,0,1690.385
2025,14,6,Blend,1794.9399999999998,2,1,0,1680.37
2025,14,7,ADP order,2001.3599999999997,1,1,1,1681.2566666666664
2025,14,7,ADP value,1829.2999999999997,4,0,0,1666.4666666666665
2025,14,7,Model,1751.2199999999998,4,0,0,1672.735
2025,14,7,Blend,1879.2399999999998,2,1,0,1692.4449999999997
2025,14,8,ADP order,1946.9599999999998,2,1,0,1682.6316666666664
2025,14,8,ADP value,1829.2999999999997,4,0,0,1666.4666666666665
2025,14,8,Model,1763.6999999999998,4,0,0,1679.7766666666666
2025,14,8,Blend,1879.2399999999998,2,1,0,1692.4449999999997
2025,14,9,ADP order,1778.3600000000001,3,1,0,1670.8950000000002
2025,14,9,ADP value,1752.2199999999998,6,0,0,1683.0349999999999
2025,14,9,Model,1768.94,4,0,0,1679.6550000000004
2025,14,9,Blend,1849.7399999999998,2,1,0,1692.7283333333332
2025,14,10,ADP order,1690.9600000000003,8,0,0,1672.9616666666664
2025,14,10,ADP value,1672.4199999999998,8,0,0,1684.4599999999998
2025,14,10,Model,1911.34,2,1,0,1679.1383333333335
2025,14,10,Blend,1902.34,2,1,0,1698.6533333333334
2025,14,11,ADP order,1575.5800000000002,8,0,0,1661.2816666666668
2025,14,11,ADP value,1629.62,8,0,0,1682.2183333333332
2025,14,11,Model,1911.34,2,1,0,1679.1383333333335
2025,14,11,Blend,2011.4599999999996,1,1,1,1687.9666666666665
2025,15,0,ADP order,1999.3199999999997,1,1,1,1738.7849999999999
2025,15,0,ADP value,1803.8000000000002,5,0,0,1723.4350000000002
2025,15,0,Model,1673.28,8,0,0,1695.3833333333332
2025,15,0,Blend,1724.9800000000002,8,0,0,1700.1166666666666
2025,15,1,ADP order,1961.3200000000002,1,1,1,1731.9133333333332
2025,15,1,ADP value,1901.3200000000004,2,1,0,1711.7183333333335
2025,15,1,Model,1648.48,9,0,0,1697.783333333333
2025,15,1,Blend,1759.46,6,0,0,1690.4416666666666
2025,15,2,ADP order,1641.22,10,0,0,1731.4799999999998
2025,15,2,ADP value,1794.5199999999998,5,0,0,1713.0183333333334
2025,15,2,Model,1648.48,9,0,0,1697.783333333333
2025,15,2,Blend,1714.42,6,0,0,1704.3416666666665
2025,15,3,ADP order,1821.12,5,0,0,1735.5349999999999
2025,15,3,ADP value,1702.7200000000003,6,0,0,1717.7183333333335
2025,15,3,Model,1717.38,6,0,0,1698.59
2025,15,3,Blend,1740.5600000000002,6,0,0,1707.4083333333335
2025,15,4,ADP order,1776.68,5,0,0,1736.4566666666667
2025,15,4,ADP value,1718.7199999999998,7,0,0,1711.1966666666667
2025,15,4,Model,1717.38,6,0,0,1698.59
2025,15,4,Blend,1760.3600000000001,5,0,0,1682.2333333333333
2025,15,5,ADP order,1621.9800000000002,10,0,0,1724.466666666667
2025,15,5,ADP value,1743.1200000000001,6,0,0,1704.8716666666667
2025,15,5,Model,1726.6799999999998,6,0,0,1696.4783333333335
2025,15,5,Blend,1663.7599999999995,7,0,0,1688.8666666666666
2025,15,6,ADP order,1696.96,7,0,0,1720.83
2025,15,6,ADP value,1743.1200000000001,6,0,0,1704.8716666666662
2025,15,6,Model,1726.6799999999998,6,0,0,1696.4783333333335
2025,15,6,Blend,1931.3599999999997,2,1,0,1705.21
2025,15,7,ADP order,1706.66,7,0,0,1722.5383333333332
2025,15,7,ADP value,1743.1200000000001,6,0,0,1704.8716666666662
2025,15,7,Model,1786.6800000000003,6,0,0,1691.3533333333335
2025,15,7,Blend,1895.6200000000001,3,1,0,1694.7383333333335
2025,15,8,ADP order,1728.16,8,0,0,1715.3733333333337
2025,15,8,ADP value,1743.1200000000001,6,0,0,1704.8716666666667
2025,15,8,Model,1949.0799999999997,3,1,0,1693.545
2025,15,8,Blend,1919.92,1,1,1,1690.3383333333331
2025,15,9,ADP order,1676.86,9,0,0,1722.4650000000001
2025,15,9,ADP value,1781.5199999999998,5,0,0,1704.6533333333334
2025,15,9,Model,1949.0799999999997,3,1,0,1693.545
2025,15,9,Blend,1919.92,1,1,1,1690.3383333333334
2025,15,10,ADP order,1774.5600000000002,5,0,0,1711.3983333333335
2025,15,10,ADP value,1851.1200000000003,4,0,0,1693.4233333333332
2025,15,10,Model,1941.3999999999999,3,1,0,1717.8916666666667
2025,15,10,Blend,1919.92,1,1,1,1690.3383333333334
2025,15,11,ADP order,1629.8600000000001,10,0,0,1717.89
2025,15,11,ADP value,1713.82,7,0,0,1701.2949999999998
2025,15,11,Model,1893.98,4,0,0,1696.111666666667
2025,15,11,Blend,1912.9600000000003,1,1,1,1683.4333333333332
2025,16,0,ADP order,1850.6800000000003,4,0,0,1714.2183333333332
2025,16,0,ADP value,1766.7399999999998,7,0,0,1730.8700000000001
2025,16,0,Model,1709.54,7,0,0,1719.3033333333333
2025,16,0,Blend,1612.44,10,0,0,1722.8549999999998
2025,16,1,ADP order,1850.6800000000003,4,0,0,1714.2183333333332
2025,16,1,ADP value,1716.3400000000001,7,0,0,1731.5783333333336
2025,16,1,Model,1709.54,7,0,0,1719.3033333333333
2025,16,1,Blend,1674.6399999999999,8,0,0,1712.195
2025,16,2,ADP order,1871.1800000000003,2,1,0,1713.4850000000004
2025,16,2,ADP value,1737.2600000000002,5,0,0,1729.2983333333334
2025,16,2,Model,1750.7400000000002,6,0,0,1718.8633333333335
2025,16,2,Blend,1674.6399999999999,8,0,0,1712.195
2025,16,3,ADP order,1738.4,8,0,0,1702.341666666667
2025,16,3,ADP value,1790.66,5,0,0,1711.8066666666666
2025,16,3,Model,1750.7400000000002,6,0,0,1718.8633333333335
2025,16,3,Blend,1760.56,5,0,0,1710.8416666666665
2025,16,4,ADP order,1758.3,7,0,0,1704.0166666666667
2025,16,4,ADP value,1648.8200000000002,9,0,0,1710.1266666666668
2025,16,4,Model,1750.7400000000002,6,0,0,1718.8633333333335
2025,16,4,Blend,1830.4999999999998,5,0,0,1704.05
2025,16,5,ADP order,1727.1999999999998,6,0,0,1708.0949999999996
2025,16,5,ADP value,1792.96,6,0,0,1715.8383333333334
2025,16,5,Model,1750.7400000000002,6,0,0,1718.8633333333335
2025,16,5,Blend,1733.0,8,0,0,1703.6666666666663
2025,16,6,ADP order,1480.9999999999998,12,0,0,1704.528333333333
2025,16,6,ADP value,1913.3600000000001,2,1,0,1716.4283333333333
2025,16,6,Model,1697.6399999999999,7,0,0,1717.9266666666665
2025,16,6,Blend,1823.6000000000004,6,0,0,1709.1466666666665
2025,16,7,ADP order,1797.78,5,0,0,1713.956666666667
2025,16,7,ADP value,1913.3600000000001,2,1,0,1716.4283333333333
2025,16,7,Model,1697.6399999999999,7,0,0,1717.9266666666665
2025,16,7,Blend,1823.6000000000004,6,0,0,1709.1466666666665
2025,16,8,ADP order,1857.38,2,1,0,1712.7233333333334
2025,16,8,ADP value,1886.9599999999998,2,1,0,1714.47
2025,16,8,Model,1697.6399999999999,7,0,0,1717.9266666666665
2025,16,8,Blend,1799.9,6,0,0,1706.9383333333335
2025,16,9,ADP order,1802.78,5,0,0,1712.415
2025,16,9,ADP value,1849.7999999999995,2,1,0,1716.0866666666668
2025,16,9,Model,1699.18,8,0,0,1725.47
2025,16,9,Blend,1800.9399999999998,7,0,0,1709.805
2025,16,10,ADP order,1720.68,6,0,0,1710.0900000000001
2025,16,10,ADP value,1780.2999999999997,5,0,0,1720.8533333333332
2025,16,10,Model,1699.18,8,0,0,1725.47
2025,16,10,Blend,1999.96,2,1,0,1695.6449999999998
2025,16,11,ADP order,1720.68,6,0,0,1710.0900000000001
2025,16,11,ADP value,1628.2999999999997,10,0,0,1715.0966666666664
2025,16,11,Model,1847.5800000000002,5,0,0,1702.1516666666666
2025,16,11,Blend,1999.96,2,1,0,1695.6449999999998
2025,17,0,ADP order,1916.8599999999997,1,1,1,1689.6750000000002
2025,17,0,ADP value,1843.8399999999995,3,1,0,1701.3416666666665
2025,17,0,Model,1794.6200000000001,4,0,0,1699.4633333333334
2025,17,0,Blend,1851.1599999999999,2,1,0,1674.9916666666666
2025,17,1,ADP order,2062.9399999999996,1,1,1,1701.5349999999999
2025,17,1,ADP value,1947.8399999999997,1,1,1,1719.551666666667
2025,17,1,Model,1801.7599999999998,5,0,0,1710.12
2025,17,1,Blend,1950.6599999999999,1,1,1,1680.1999999999998
2025,17,2,ADP order,1850.4599999999998,3,1,0,1706.88
2025,17,2,ADP value,1827.04,4,0,0,1718.0933333333332
2025,17,2,Model,1748.74,5,0,0,1686.1033333333332
2025,17,2,Blend,2095.18,1,1,1,1678.7033333333331
2025,17,3,ADP order,2084.36,1,1,1,1701.6833333333334
2025,17,3,ADP value,1867.9599999999996,1,1,1,1697.93
2025,17,3,Model,1632.14,6,0,0,1683.7050000000002
2025,17,3,Blend,1960.7800000000002,1,1,1,1676.2533333333333
2025,17,4,ADP order,2082.9999999999995,1,1,1,1674.7033333333331
2025,17,4,ADP value,1750.2000000000003,4,0,0,1697.0783333333331
2025,17,4,Model,1636.7799999999997,6,0,0,1682.446666666667
2025,17,4,Blend,1875.2199999999998,3,1,0,1696.9816666666666
2025,17,5,ADP order,1752.1200000000001,4,0,0,1665.1933333333334
2025,17,5,ADP value,1731.1999999999998,5,0,0,1689.465
2025,17,5,Model,1582.78,7,0,0,1686.3433333333332
2025,17,5,Blend,1789.7200000000003,5,0,0,1690.2666666666667
2025,17,6,ADP order,1871.92,1,1,1,1661.985
2025,17,6,ADP value,1811.3999999999999,2,1,0,1679.2083333333333
2025,17,6,Model,1874.18,2,1,0,1683.8916666666667
2025,17,6,Blend,1937.9600000000003,2,1,0,1684.3133333333333
2025,17,7,ADP order,1903.5200000000002,1,1,1,1716.1049999999998
2025,17,7,ADP value,1826.9,2,1,0,1696.5666666666666
2025,17,7,Model,1874.18,2,1,0,1683.8916666666667
2025,17,7,Blend,1940.96,2,1,0,1688.2966666666669
2025,17,8,ADP order,1660.82,8,0,0,1719.9383333333333
2025,17,8,ADP value,1826.9,2,1,0,1696.5666666666666
2025,17,8,Model,1874.18,2,1,0,1683.8916666666667
2025,17,8,Blend,1940.96,2,1,0,1688.2966666666669
2025,17,9,ADP order,1681.04,8,0,0,1711.3166666666668
2025,17,9,ADP value,1779.42,4,0,0,1700.0666666666666
2025,17,9,Model,1874.18,2,1,0,1683.8916666666667
2025,17,9,Blend,1962.6399999999996,2,1,0,1703.765
2025,17,10,ADP order,1493.44,12,0,0,1696.5616666666665
2025,17,10,ADP value,1723.5,6,0,0,1674.2883333333332
2025,17,10,Model,1874.18,2,1,0,1683.8916666666667
2025,17,10,Blend,1832.44,4,0,0,1699.5999999999997
2025,17,11,ADP order,1339.4199999999998,12,0,0,1683.3383333333331
2025,17,11,ADP value,1669.1,6,0,0,1677.2716666666665
2025,17,11,Model,1728.6799999999998,4,0,0,1694.7683333333334
2025,17,11,Blend,1679.44,6,0,0,1701.72
2025,18,0,ADP order,1612.34,8,0,0,1727.3483333333336
2025,18,0,ADP value,1668.2799999999997,8,0,0,1722.5
2025,18,0,Model,1596.9,9,0,0,1724.3999999999999
2025,18,0,Blend,1662.6800000000005,8,0,0,1719.878333333333
2025,18,1,ADP order,1561.86,10,0,0,1725.8000000000002
2025,18,1,ADP value,1668.2799999999997,8,0,0,1722.5
2025,18,1,Model,1629.0599999999997,8,0,0,1723.8983333333335
2025,18,1,Blend,1562.0999999999997,10,0,0,1714.1066666666666
2025,18,2,ADP order,1677.0199999999998,8,0,0,1717.511666666667
2025,18,2,ADP value,1830.9800000000002,5,0,0,1730.5399999999997
2025,18,2,Model,1679.1599999999999,6,0,0,1716.6983333333337
2025,18,2,Blend,1744.0,8,0,0,1719.2816666666665
2025,18,3,ADP order,1865.82,4,0,0,1719.7583333333334
2025,18,3,ADP value,1947.5800000000002,1,1,1,1723.7399999999998
2025,18,3,Model,1741.1599999999999,5,0,0,1710.0049999999999
2025,18,3,Blend,1854.4,3,1,0,1730.0299999999997
2025,18,4,ADP order,1855.84,3,1,0,1721.6366666666665
2025,18,4,ADP value,1747.7,6,0,0,1725.2016666666666
2025,18,4,Model,1741.1599999999999,5,0,0,1710.0049999999999
2025,18,4,Blend,1660.9999999999998,9,0,0,1731.33
2025,18,5,ADP order,1441.46,12,0,0,1718.2583333333334
2025,18,5,ADP value,1759.48,6,0,0,1723.9700000000003
2025,18,5,Model,1741.1599999999999,5,0,0,1710.0049999999999
2025,18,5,Blend,1691.2,9,0,0,1736.113333333333
2025,18,6,ADP order,1365.0,12,0,0,1724.925
2025,18,6,ADP value,1706.1799999999998,8,0,0,1717.8516666666667
2025,18,6,Model,1861.8799999999999,2,1,0,1726.0233333333335
2025,18,6,Blend,1596.2,10,0,0,1711.3983333333335
2025,18,7,ADP order,1509.48,11,0,0,1722.0966666666664
2025,18,7,ADP value,1620.88,10,0,0,1727.573333333333
2025,18,7,Model,1861.8799999999999,2,1,0,1726.0233333333335
2025,18,7,Blend,1596.2,10,0,0,1711.3983333333335
2025,18,8,ADP order,1945.3999999999996,2,1,0,1720.9799999999998
2025,18,8,ADP value,1624.98,8,0,0,1710.1716666666669
2025,18,8,Model,1884.5999999999995,2,1,0,1722.668333333333
2025,18,8,Blend,1914.7600000000004,2,1,0,1721.745
2025,18,9,ADP order,1941.3999999999999,2,1,0,1730.0449999999998
2025,18,9,ADP value,1760.18,4,0,0,1698.465
2025,18,9,Model,1884.5999999999995,2,1,0,1722.668333333333
2025,18,9,Blend,1914.7600000000004,2,1,0,1721.7450000000001
2025,18,10,ADP order,1799.9000000000003,3,1,0,1731.503333333333
2025,18,10,ADP value,1760.18,4,0,0,1698.465
2025,18,10,Model,1884.5999999999995,2,1,0,1722.668333333333
2025,18,10,Blend,1914.7600000000004,2,1,0,1721.7450000000001
2025,18,11,ADP order,1620.0,11,0,0,1733.3533333333335
2025,18,11,ADP value,1727.08,7,0,0,1720.7600000000002
2025,18,11,Model,1945.1999999999998,1,1,1,1727.51
2025,18,11,Blend,1914.7600000000004,2,1,0,1721.7450000000001
2025,19,0,ADP order,1693.48,6,0,0,1711.3066666666666
2025,19,0,ADP value,1772.5,5,0,0,1717.4650000000001
2025,19,0,Model,1821.04,3,1,0,1706.7216666666666
2025,19,0,Blend,1873.18,2,1,0,1711.0399999999997
2025,19,1,ADP order,1892.8799999999999,3,1,0,1717.881666666667
2025,19,1,ADP value,1773.1000000000004,5,0,0,1717.7900000000002
2025,19,1,Model,1821.04,3,1,0,1706.7216666666666
2025,19,1,Blend,1922.6800000000003,1,1,1,1692.58
2025,19,2,ADP order,1709.88,5,0,0,1707.8233333333335
2025,19,2,ADP value,1771.6599999999999,4,0,0,1704.0266666666664
2025,19,2,Model,1967.4800000000002,1,1,1,1706.4583333333333
2025,19,2,Blend,1922.6800000000003,1,1,1,1692.58
2025,19,3,ADP order,1860.08,3,1,0,1725.0283333333334
2025,19,3,ADP value,1826.96,3,1,0,1715.068333333333
2025,19,3,Model,1967.4800000000002,1,1,1,1706.4583333333333
2025,19,3,Blend,1930.38,1,1,1,1694.9966666666667
2025,19,4,ADP order,1671.1799999999998,9,0,0,1724.5583333333332
2025,19,4,ADP value,1544.8000000000002,11,0,0,1715.3366666666664
2025,19,4,Model,1967.4800000000002,1,1,1,1706.4583333333337
2025,19,4,Blend,1769.58,4,0,0,1701.67
2025,19,5,ADP order,1847.7799999999995,4,0,0,1729.175
2025,19,5,ADP value,1512.1,12,0,0,1705.4049999999995
2025,19,5,Model,1967.4800000000002,1,1,1,1706.4583333333337
2025,19,5,Blend,1756.2000000000003,5,0,0,1711.4966666666667
2025,19,6,ADP order,1782.96,6,0,0,1726.9333333333334
2025,19,6,ADP value,1591.0,11,0,0,1720.6266666666668
2025,19,6,Model,2024.6799999999996,1,1,1,1724.9366666666667
2025,19,6,Blend,1756.2000000000003,5,0,0,1711.4966666666667
2025,19,7,ADP order,1995.7799999999997,2,1,0,1723.2799999999997
2025,19,7,ADP value,1591.0,11,0,0,1720.6266666666668
2025,19,7,Model,2088.68,1,1,1,1725.8799999999999
2025,19,7,Blend,2028.22,1,1,1,1711.778333333333
2025,19,8,ADP order,2178.38,1,1,1,1713.9833333333336
2025,19,8,ADP value,1678.0999999999997,7,0,0,1716.9299999999996
2025,19,8,Model,1930.48,2,1,0,1736.4499999999998
2025,19,8,Blend,2028.22,1,1,1,1711.778333333333
2025,19,9,ADP order,1914.9799999999998,3,1,0,1709.9366666666667
2025,19,9,ADP value,1802.6000000000004,4,0,0,1722.6716666666664
2025,19,9,Model,1930.48,2,1,0,1736.4499999999998
2025,19,9,Blend,1917.78,1,1,1,1697.546666666667
2025,19,10,ADP order,1967.6799999999998,2,1,0,1728.5849999999998
2025,19,10,ADP value,1727.4999999999998,7,0,0,1724.8766666666663
2025,19,10,Model,1854.14,5,0,0,1727.905
2025,19,10,Blend,1898.68,1,1,1,1713.6450000000002
2025,19,11,ADP order,1673.9,8,0,0,1713.6650000000002
2025,19,11,ADP value,1727.4999999999998,7,0,0,1724.8766666666663
2025,19,11,Model,1854.14,5,0,0,1727.905
2025,19,11,Blend,1852.42,4,0,0,1724.7249999999997
