forecast_year,name,player_id,position,team,is_rookie,l1_games,y_std,y_half,y_ppr,l1_fantasy_points,l1_fantasy_points_half,l1_fantasy_points_ppr,pred_std,pred_half,pred_ppr,p10_half,p90_half,screen_hgb_std
2019,Patrick Mahomes,00-0033873,QB,KC,0,16.0,287.04,287.04,287.04,417.08,417.08,417.08,263.0,262.89,261.37,67.95,327.09,184.44
2019,Corey Davis,00-0033871,WR,TEN,0,16.0,72.1,93.6,115.1,118.6,151.1,183.6,107.63,130.92,149.05,13.66,189.71,99.98
2019,Mitchell Trubisky,00-0033869,QB,CHI,0,14.0,202.82,202.82,202.82,263.02,263.02,263.02,234.4,234.58,248.07,110.18,299.54,168.86
2019,Austin Ekeler,00-0033699,RB,LAC,0,14.0,217.0,263.0,309.0,129.8,149.3,168.8,125.85,145.45,169.47,17.57,195.06,71.02
2019,Sean Culkin,00-0033696,TE,LAC,0,2.0,1.2,1.7,2.2,2.4,2.9,3.4,11.11,15.0,16.8,0.67,40.12,7.18
2019,Keelan Cole,00-0033681,WR,JAX,0,14.0,54.7,66.7,78.7,51.1,70.1,89.1,31.96,41.42,51.08,4.4,82.43,36.26
2019,Corey Clement,00-0033725,RB,PHI,0,11.0,0.0,0.0,0.0,59.1,70.1,81.1,44.34,55.01,61.99,1.25,103.95,64.97
2019,Robert Tonyan,00-0033757,TE,GB,0,7.0,16.0,21.0,26.0,13.7,15.7,17.7,15.92,19.83,24.6,2.08,52.65,12.91
2019,T.J. Logan,00-0033789,RB,TB,0,6.0,2.3,3.3,4.3,3.9,7.4,10.9,36.45,44.9,56.18,3.27,99.07,12.12
2019,Joe Mixon,00-0033897,RB,CIN,0,14.0,190.4,207.9,225.4,200.4,221.9,243.4,176.3,198.74,236.07,14.53,251.45,136.59
2019,Adam Shaheen,00-0033896,TE,CHI,0,5.0,9.4,13.9,18.4,12.8,15.3,17.8,29.25,34.9,41.12,3.37,75.55,9.01
2019,Gerald Everett,00-0033895,TE,LA,0,15.0,52.8,71.3,89.8,53.6,70.1,86.6,59.06,68.61,83.31,16.08,89.56,34.24
2019,Dalvin Cook,00-0033893,RB,MIN,0,11.0,239.4,265.9,292.4,112.0,132.0,152.0,128.04,146.58,169.3,24.8,210.84,104.74
2019,Cooper Kupp,00-0033908,WR,LA,0,8.0,176.5,223.5,270.5,95.1,115.1,135.1,136.76,173.63,215.72,6.99,207.93,69.88
2019,Alvin Kamara,00-0033906,RB,NO,0,15.0,167.52,208.02,248.52,273.2,313.7,354.2,199.32,233.33,267.21,10.58,320.12,162.9
2019,Dare Ogunbowale,00-0033854,RB,TB,0,1.0,40.3,57.8,75.3,0.0,0.0,0.0,25.31,30.86,31.16,0.47,64.8,6.6
2019,Dede Westbrook,00-0033839,WR,JAX,0,16.0,90.7,123.7,156.7,115.5,148.5,181.5,123.43,152.31,184.28,18.2,199.24,80.09
2019,Jonnu Smith,00-0033858,TE,TEN,0,12.0,69.7,87.2,104.7,43.8,53.8,63.8,36.75,42.2,56.38,12.16,79.98,27.0
2019,JuJu Smith-Schuster,00-0033857,WR,PIT,0,16.0,71.2,92.2,113.2,185.9,241.4,296.9,188.67,233.7,277.61,9.46,279.75,157.3
2019,Leonard Fournette,00-0033856,RB,JAX,0,8.0,183.4,221.4,259.4,98.4,109.4,120.4,141.65,152.2,171.17,19.52,254.83,64.44
2019,Ryan Switzer,00-0033562,WR,PIT,0,16.0,2.7,6.7,10.7,33.4,51.4,69.4,47.82,57.8,74.72,2.33,94.02,22.63
2019,Tarik Cohen,00-0033556,RB,CHI,0,16.0,84.9,124.4,163.9,162.94,198.44,233.94,128.87,167.11,198.4,23.49,212.83,101.21
2019,Mack Hollins,00-0033555,WR,PHI,0,,12.5,17.5,22.5,,,,19.09,22.08,28.58,1.93,69.23,12.22
2019,James Conner,00-0033553,RB,PIT,0,13.0,111.5,128.5,145.5,225.0,252.5,280.0,202.29,228.51,243.95,14.07,252.92,144.7
2019,Brian Hill,00-0033567,RB,ATL,0,5.0,57.2,62.2,67.2,14.6,15.1,15.6,57.5,59.27,64.52,6.42,129.62,18.46
2019,John Ross,00-0033460,WR,CIN,0,13.0,67.0,81.0,95.0,63.9,74.4,84.9,85.05,106.03,128.05,5.72,178.42,39.48
2019,Anthony Firkser,00-0033455,TE,TEN,0,9.0,26.4,33.4,40.4,28.5,38.0,47.5,47.31,56.89,74.13,9.43,109.14,33.21
2019,Chris Carson,00-0033594,RB,SEA,0,14.0,195.6,214.1,232.6,181.4,191.4,201.4,137.06,152.2,165.12,12.96,216.14,101.53
2019,David Moore,00-0033589,WR,SEA,0,14.0,42.6,51.1,59.6,75.0,88.0,101.0,55.69,63.92,83.44,5.99,124.08,71.68
2019,DeShone Kizer,00-0033899,QB,LV,0,3.0,0.0,0.0,0.0,5.38,5.38,5.38,12.75,12.03,11.43,0.0,93.67,88.7
2019,Ricky Seals-Jones,00-0033611,TE,CLE,0,15.0,44.9,51.9,58.9,40.3,57.3,74.3,17.78,25.28,31.41,1.8,44.67,31.67
2019,Cooper Rush,00-0033662,QB,DAL,0,,0.0,0.0,0.0,,,,9.42,10.49,10.69,0.1,66.94,9.26
2019,Blake Jarwin,00-0033658,TE,DAL,0,13.0,54.5,70.0,85.5,48.7,62.2,75.7,49.61,64.46,77.75,16.17,87.54,43.32
2019,Deshaun Watson,00-0033537,QB,HOU,0,16.0,319.98,320.48,320.98,331.7,331.7,331.7,249.91,255.18,256.54,59.81,328.85,224.37
2019,Mike Williams,00-0033536,WR,LAC,0,16.0,112.3,136.8,161.3,137.2,158.7,180.2,89.75,111.36,131.51,8.45,181.57,48.2
2019,Wayne Gallman,00-0033950,RB,NYG,0,13.0,37.2,42.7,48.2,30.5,37.5,44.5,62.53,71.99,86.08,2.7,132.39,33.68
2019,Phillip Lindsay,00-0034109,RB,DEN,0,15.0,162.7,180.2,197.7,187.8,205.3,222.8,176.03,193.67,218.32,6.23,247.84,167.94
2019,Will Dissly,00-0034159,TE,SEA,0,4.0,50.9,62.4,73.9,27.6,31.6,35.6,44.04,57.99,70.14,11.33,136.81,22.5
2019,Marlon Mack,00-0033951,RB,IND,0,12.0,167.3,174.3,181.3,161.1,169.6,178.1,146.58,158.21,176.2,10.08,203.74,119.49
2019,Joshua Dobbs,00-0033949,QB,PIT,0,5.0,0.0,0.0,0.0,0.82,0.82,0.82,7.96,9.5,11.75,0.24,72.73,13.3
2019,Brandon Zylstra,00-0034052,WR,CAR,0,5.0,10.6,14.6,18.6,2.3,2.8,3.3,8.79,12.73,16.64,0.11,45.59,7.49
2019,Ross Dwelley,00-0034073,TE,SF,0,3.0,21.1,28.6,36.1,1.4,2.4,3.4,15.26,18.06,20.64,0.32,64.88,7.38
2019,Dontrell Hilliard,00-0034253,RB,CLE,0,10.0,26.1,32.1,38.1,8.5,13.0,17.5,22.2,27.99,37.11,0.66,65.2,16.74
2019,Myles Gaskin,00-0035311,RB,MIA,1,,24.4,27.9,31.4,,,,46.54,50.43,55.02,0.34,92.29,20.52
2019,Patrick Laird,00-0035342,RB,MIA,1,,45.2,56.7,68.2,,,,34.05,42.35,49.0,0.27,93.83,20.52
2019,Jordan Scarlett,00-0035275,RB,CAR,1,,0.9,0.9,0.9,,,,49.8,55.86,63.13,0.42,117.58,20.52
2019,Qadree Ollison,00-0035273,RB,ATL,1,,29.7,30.2,30.7,,,,50.73,53.35,57.1,0.94,98.61,20.52
2019,Kenny Golladay,00-0033932,WR,DET,0,15.0,183.0,215.5,248.0,137.1,172.1,207.1,115.15,140.96,163.02,13.41,215.17,101.23
2019,Jamaal Williams,00-0033948,RB,GB,0,16.0,107.3,126.8,146.3,87.4,100.9,114.4,77.61,83.32,92.81,12.64,152.49,58.26
2019,Josh Reynolds,00-0033943,WR,LA,0,12.0,40.9,51.4,61.9,71.0,85.5,100.0,52.06,64.65,80.19,2.51,126.19,33.43
2019,Evan Engram,00-0033881,TE,NYG,0,11.0,65.4,87.4,109.4,81.3,103.8,126.3,97.09,121.26,147.25,14.69,169.57,78.68
2019,O.J. Howard,00-0033879,TE,TB,0,10.0,49.9,66.9,83.9,86.5,103.5,120.5,79.59,98.33,123.14,9.71,150.76,67.71
2019,Zay Jones,00-0033891,WR,BUF,0,16.0,21.9,35.4,48.9,109.2,137.2,165.2,85.54,102.09,125.26,14.46,162.15,71.18
2019,David Njoku,00-0033885,TE,CLE,0,15.0,10.1,12.6,15.1,87.9,115.9,143.9,95.0,121.49,150.04,21.47,171.59,67.26
2019,Tommy Sweeney,00-0035308,TE,BUF,1,,11.4,15.4,19.4,,,,5.79,6.32,8.29,0.0,47.34,20.52
2019,Preston Williams,00-0035350,WR,MIA,1,,58.8,74.8,90.8,,,,23.35,28.34,35.28,1.41,81.01,20.52
2019,Jake Dolegala,00-0035394,QB,CIN,1,,0.0,0.0,0.0,,,,8.99,9.95,11.02,0.0,59.41,20.52
2019,Damion Willis,00-0035401,WR,CIN,1,,8.2,12.7,17.2,,,,20.59,26.09,30.72,0.26,77.95,20.52
2019,Chandler Cox,00-0035310,RB,MIA,1,,0.0,0.0,0.0,,,,5.67,7.38,8.78,0.0,11.48,20.52
2019,Cullen Gillaspia,00-0035304,RB,HOU,1,,0.0,0.0,0.0,,,,2.15,2.86,1.93,0.0,15.62,20.52
2019,Taywan Taylor,00-0033911,WR,CLE,0,13.0,0.0,0.0,0.0,50.6,69.1,87.6,14.92,21.95,25.77,0.09,48.43,28.77
2019,Chris Godwin Jr.,00-0033921,WR,TB,0,16.0,190.1,233.1,276.1,126.2,155.7,185.2,100.14,124.81,152.6,7.67,164.21,71.13
2019,C.J. Beathard,00-0033936,QB,SF,0,5.0,0.0,0.0,0.0,74.98,74.98,74.98,49.8,50.13,47.72,11.45,171.0,57.12
2019,Jalen Richard,00-0033025,RB,LV,0,16.0,46.8,64.8,82.8,88.6,122.6,156.6,92.76,122.1,150.52,16.33,168.94,98.15
2019,Tyler Boyd,00-0033009,WR,CIN,0,14.0,132.9,177.9,222.9,145.1,183.1,221.1,117.77,153.15,182.93,13.09,206.72,118.85
2019,J.P. Holtz,00-0032986,TE,WAS,0,,9.1,12.6,16.1,,,,4.73,6.98,8.6,0.0,3.57,20.52
2019,Ezekiel Elliott,00-0033045,RB,DAL,0,15.0,257.7,284.7,311.7,252.1,290.6,329.1,204.18,228.9,259.28,14.53,300.74,162.15
2019,Tyreek Hill,00-0033040,WR,KC,0,16.0,130.3,159.3,188.3,247.0,290.5,334.0,200.68,244.5,274.8,13.82,303.22,155.01
2019,Alex Ellis,00-0032864,TE,PHI,0,,0.0,0.0,0.0,,,,0.65,0.8,1.03,0.0,2.76,20.52
2019,Derek Watt,00-0032897,RB,LAC,0,,0.0,0.0,0.0,,,,0.35,0.3,0.56,0.0,10.7,20.52
2019,Dak Prescott,00-0033077,QB,DAL,0,16.0,337.78,337.78,337.78,285.9,285.9,285.9,241.35,242.15,239.86,133.05,310.02,244.39
2019,Hunter Henry,00-0033090,TE,LAC,0,,95.2,122.7,150.2,,,,90.79,115.31,140.83,18.69,185.58,27.86
2019,Tyler Higbee,00-0033110,TE,LA,0,14.0,91.4,125.9,160.4,41.2,53.2,65.2,39.46,55.39,72.36,16.92,106.0,30.26
2019,Jared Goff,00-0033106,QB,LA,0,16.0,247.52,247.52,247.52,310.32,310.32,310.32,237.04,243.02,238.05,130.73,305.14,238.05
2019,Andy Janovich,00-0032956,RB,DEN,0,,0.0,0.0,0.0,,,,0.18,0.03,0.12,0.0,9.41,20.52
2019,Rashard Higgins,00-0032977,WR,CLE,0,13.0,11.5,13.5,15.5,79.2,98.7,118.2,65.25,86.42,103.23,3.4,139.24,58.56
2019,Jonathan Williams,00-0032975,RB,IND,0,3.0,35.4,37.9,40.4,0.1,0.6,1.1,34.4,36.99,42.73,0.66,85.28,13.15
2019,Devontae Booker,00-0032972,RB,DEN,0,16.0,6.6,9.6,12.6,49.8,68.8,87.8,51.5,60.75,70.93,1.86,96.11,39.2
2019,Jakeem Grant,00-0032791,WR,MIA,0,10.0,28.9,38.4,47.9,51.3,61.8,72.3,80.06,101.57,120.96,10.54,130.17,36.16
2019,Elijhaa Penny,00-0032813,RB,NYG,0,,0.0,0.0,0.0,,,,9.85,11.95,13.32,0.34,52.12,20.52
2019,Geronimo Allison,00-0032626,WR,GB,0,5.0,41.4,58.4,75.4,42.3,52.3,62.3,44.52,54.38,67.05,2.63,91.91,22.1
2019,Nate Sudfeld,00-0032792,QB,PHI,0,2.0,0.0,0.0,0.0,4.68,4.68,4.68,23.9,20.98,19.84,0.57,77.87,9.51
2019,Drew Sample,00-0035631,TE,CIN,1,,3.0,5.5,8.0,,,,19.2,25.08,29.34,3.1,54.37,20.52
2019,Gunner Olszewski,00-0035645,WR,NE,1,,3.4,4.4,5.4,,,,10.42,14.15,17.06,0.08,56.08,20.52
2019,Noah Fant,00-0035644,TE,DEN,1,,71.0,91.0,111.0,,,,71.51,87.19,101.96,15.98,151.4,20.52
2019,DK Metcalf,00-0035640,WR,SEA,1,,129.1,158.1,187.1,,,,74.49,93.13,110.97,2.6,162.92,20.52
2019,Parris Campbell,00-0035639,WR,IND,1,,20.1,29.1,38.1,,,,34.75,45.05,54.38,0.13,113.08,20.52
2019,C.J. Ham,00-0032918,RB,MIN,0,,0.0,0.0,0.0,,,,1.29,0.91,0.84,0.0,4.81,20.52
2019,Carson Wentz,00-0032950,QB,PHI,0,11.0,275.86,275.86,275.86,192.66,193.16,193.66,269.09,274.7,274.61,48.98,334.64,218.66
2019,DeAndre Washington,00-0032940,RB,LV,0,8.0,85.9,103.9,121.9,10.4,10.9,11.4,26.38,34.9,41.47,0.71,85.72,18.33
2019,Johnny Holton,00-0032935,WR,PIT,0,1.0,3.0,4.5,6.0,0.0,0.0,0.0,5.72,7.3,8.9,0.0,16.59,10.31
2019,Demarcus Robinson,00-0032775,WR,KC,0,14.0,68.9,84.9,100.9,52.8,63.8,74.8,42.24,53.27,65.74,2.92,89.32,26.13
2019,Seth DeValve,00-0033080,TE,JAX,0,7.0,14.0,20.0,26.0,13.4,15.9,18.4,16.55,22.84,27.92,8.32,69.39,12.54
2019,Wendell Smallwood,00-0032782,RB,WAS,0,15.0,14.5,19.0,23.5,91.4,105.4,119.4,54.49,66.32,72.82,2.16,112.17,77.74
2019,Jordan Howard,00-0032780,RB,PHI,0,16.0,101.4,106.4,111.4,160.0,170.0,180.0,109.04,111.27,117.46,15.81,187.86,121.64
2019,Tajae Sharpe,00-0032778,WR,TEN,0,15.0,56.9,69.4,81.9,45.2,58.2,71.2,63.01,74.64,88.99,4.33,117.02,40.72
2019,Cody Core,00-0032795,WR,NYG,0,10.0,2.8,4.3,5.8,24.0,30.5,37.0,20.48,27.2,29.04,0.41,44.63,16.95
2019,Danny Vitale,00-0032794,RB,GB,0,2.0,10.0,13.5,17.0,0.2,0.7,1.2,7.4,8.14,9.81,0.03,23.93,4.43
2019,C.J. Board,00-0033367,WR,JAX,0,,3.1,4.1,5.1,,,,16.31,21.48,26.54,0.03,57.83,20.52
2019,Taysom Hill,00-0033357,QB,NO,0,15.0,83.2,92.7,102.2,30.56,32.06,33.56,13.43,11.98,13.01,3.42,55.25,37.33
2019,Austin Carr,00-0033382,WR,NO,0,9.0,0.9,1.4,1.9,21.7,26.2,30.7,19.7,23.53,29.52,0.07,58.31,22.67
2019,Antony Auclair,00-0033421,TE,TB,0,9.0,1.1,1.6,2.1,4.8,8.3,11.8,11.58,14.25,17.73,1.0,48.66,8.69
2019,Pharaoh Brown,00-0033439,TE,CLE,0,,2.7,3.7,4.7,,,,10.93,13.99,16.88,0.04,41.18,20.52
2019,Tim Patrick,00-0033375,WR,DEN,0,12.0,21.8,29.8,37.8,37.2,48.7,60.2,54.69,70.52,87.91,3.41,103.79,39.51
2019,Bobo Wilson,00-0033434,WR,TB,0,5.0,3.5,5.0,6.5,5.2,7.2,9.2,15.08,18.06,23.18,0.06,48.39,8.39
2019,Curtis Samuel,00-0033282,WR,CAR,0,13.0,117.7,144.7,171.7,99.8,119.3,138.8,96.35,124.34,143.36,11.93,182.61,43.41
2019,Christian McCaffrey,00-0033280,RB,CAR,0,16.0,355.2,413.2,471.2,278.5,332.0,385.5,216.95,250.52,288.07,24.24,314.87,162.08
2019,Kerrith Whyte,00-0035596,RB,CHI,1,,13.1,13.6,14.1,,,,25.75,28.04,31.19,0.1,89.85,20.52
2019,Travis Homer,00-0035594,RB,SEA,1,,17.0,22.5,28.0,,,,54.19,62.21,72.11,0.25,117.36,20.52
2019,Juwann Winfree,00-0035593,WR,DEN,1,,0.0,0.0,0.0,,,,13.92,18.62,22.14,0.04,58.02,20.52
2019,Isaiah McKenzie,00-0033466,WR,BUF,0,8.0,36.3,49.8,63.3,36.5,45.5,54.5,35.0,45.01,51.5,4.32,94.24,22.57
2019,Andy Isabella,00-0035527,WR,ARI,1,,26.4,30.9,35.4,,,,36.68,43.16,50.83,0.24,99.65,20.52
2019,Ty Johnson,00-0035537,RB,DET,1,,36.2,48.2,60.2,,,,48.37,54.68,64.26,0.12,106.26,20.52
2019,Darius Slayton,00-0035535,WR,NYG,1,,122.0,146.0,170.0,,,,33.32,40.54,50.41,1.31,102.6,20.52
2019,Travis Fulgham,00-0035592,WR,DET,1,,0.0,0.0,0.0,,,,33.76,41.29,49.97,0.67,97.44,20.52
2019,Robert Davis,00-0033530,WR,WAS,0,,1.7,2.7,3.7,,,,7.08,8.99,10.56,0.37,9.17,20.52
2019,Jeremy Sprinkle,00-0033528,TE,WAS,0,8.0,30.1,43.1,56.1,10.1,12.6,15.1,15.34,19.5,25.61,0.38,42.28,7.56
2019,Samaje Perine,00-0033526,RB,CIN,0,4.0,1.6,1.6,1.6,3.7,5.2,6.7,48.9,50.42,57.36,0.31,116.96,23.37
2019,Patrick Ricard,00-0033376,RB,BAL,0,7.0,10.7,14.7,18.7,0.0,0.0,0.0,3.11,4.2,5.22,0.0,6.01,3.77
2019,Will Fuller,00-0033127,WR,HOU,0,7.0,85.0,109.5,134.0,74.3,90.3,106.3,92.96,113.04,137.8,3.66,169.97,40.58
2019,Mo Alie-Cox,00-0033217,TE,IND,0,8.0,9.3,13.3,17.3,25.3,28.8,32.3,21.32,26.56,34.54,2.23,59.67,23.95
2019,Troymaine Pope,00-0033164,RB,LAC,0,,9.4,10.4,11.4,,,,23.64,27.77,34.12,0.59,61.38,20.52
2019,JoJo Natson,00-0033266,WR,LA,0,13.0,0.0,0.0,0.0,0.0,0.0,0.0,13.57,19.07,19.95,0.33,57.19,6.99
2019,Darrell Daniels,00-0033258,TE,ARI,0,6.0,0.4,0.9,1.4,0.0,0.0,0.0,5.06,6.74,7.67,0.0,7.32,5.76
2019,Zach Pascal,00-0033251,WR,IND,0,14.0,94.3,114.8,135.3,39.8,53.3,66.8,43.57,52.74,72.08,2.85,104.39,43.89
2019,Johnny Mundt,00-0033246,TE,LA,0,1.0,2.6,4.6,6.6,0.5,1.0,1.5,9.54,11.53,13.81,0.77,42.61,6.42
2019,Riley Ridley,00-0035590,WR,CHI,1,,6.9,9.9,12.9,,,,20.28,27.32,33.09,1.52,80.33,20.52
2019,Gary Jennings,00-0035589,WR,SEA,1,,0.0,0.0,0.0,,,,11.94,17.39,24.03,0.26,51.54,20.52
2019,John Ursua,00-0035597,WR,SEA,1,,1.1,1.6,2.1,,,,10.28,14.98,17.92,0.09,42.77,20.52
2019,Alex Armah,00-0033296,RB,CAR,0,9.0,7.7,8.7,9.7,14.0,14.5,15.0,29.03,32.42,33.87,0.88,96.3,7.83
2019,Aaron Jones,00-0033293,RB,GB,0,12.0,265.8,290.3,314.8,145.4,158.4,171.4,136.46,149.51,162.18,13.5,196.83,118.55
2019,Trent Taylor,00-0033292,WR,SF,0,13.0,0.0,0.0,0.0,29.5,42.5,55.5,23.58,29.88,39.05,0.52,73.09,31.89
2019,George Kittle,00-0033288,TE,SF,0,16.0,137.5,180.0,222.5,170.7,214.7,258.7,132.18,165.25,193.95,19.58,209.59,149.42
2019,Kendrick Bourne,00-0033307,WR,SF,0,16.0,67.8,82.8,97.8,72.7,93.7,114.7,47.11,58.48,73.27,6.74,116.39,27.13
2019,Cethan Carter,00-0033338,RB,CIN,0,,7.3,8.3,9.3,,,,9.25,12.75,14.06,0.0,43.81,6.26
2019,Nick Mullens,00-0033319,QB,SF,0,8.0,-0.3,-0.3,-0.3,123.48,123.48,123.48,76.44,77.71,76.23,24.65,188.48,76.45
2019,Matt Breida,00-0033308,RB,SF,0,14.0,84.3,93.8,103.3,135.5,149.0,162.5,119.91,131.38,142.64,9.24,174.77,89.69
2019,Jacoby Brissett,00-0033119,QB,IND,0,4.0,216.68,217.18,217.68,-0.62,-0.62,-0.62,91.24,95.62,102.68,29.85,192.94,91.94
2019,Kenyan Drake,00-0033118,RB,MIA,0,16.0,164.2,189.2,214.2,153.2,179.7,206.2,111.39,136.43,150.68,13.22,185.93,112.95
2019,Mike Thomas,00-0033114,WR,LA,0,,1.4,2.4,3.4,,,,12.39,16.09,18.5,0.03,40.57,9.16
2019,Pharoh Cooper,00-0033111,WR,CIN,0,7.0,30.5,43.0,55.5,0.0,0.0,0.0,32.74,40.06,52.21,0.7,89.73,7.29
2019,Ronald Jones,00-0034816,RB,TB,0,7.0,135.3,150.8,166.3,13.7,17.2,20.7,87.23,96.42,107.45,5.66,165.1,15.9
2019,Steven Sims,00-0034928,WR,WAS,1,,75.5,92.5,109.5,,,,37.23,47.22,54.98,1.72,91.7,20.52
2019,Hayden Hurst,00-0034830,TE,BAL,0,9.0,46.9,61.9,76.9,22.3,28.8,35.3,31.85,40.65,52.66,4.28,88.1,26.27
2019,Mike Gesicki,00-0034829,TE,MIA,0,14.0,85.0,110.5,136.0,18.2,29.2,40.2,63.21,92.29,113.39,24.52,127.04,25.01
2019,DJ Moore,00-0034827,WR,CAR,0,16.0,143.5,187.0,230.5,104.0,131.5,159.0,126.98,161.32,192.85,13.6,196.04,107.71
2019,Royce Freeman,00-0034838,RB,DEN,0,14.0,99.2,120.7,142.2,87.3,94.3,101.3,84.74,93.53,99.9,3.78,169.86,82.37
2019,Calvin Ridley,00-0034837,WR,ATL,0,16.0,134.0,165.5,197.0,142.8,174.8,206.8,129.96,161.85,196.03,7.38,195.85,121.45
2019,Alexander Mattison,00-0034972,RB,MIN,1,,58.4,63.4,68.4,,,,108.79,116.19,134.93,5.32,177.5,20.52
2019,Jalen Hurd,00-0034971,WR,SF,1,,0.0,0.0,0.0,,,,41.49,46.71,54.57,0.28,95.04,20.52
2019,Irv Smith,00-0034970,TE,MIN,1,,43.1,61.1,79.1,,,,58.94,75.06,88.3,4.79,129.67,20.52
2019,Hunter Renfrow,00-0034983,WR,LV,1,,84.5,109.0,133.5,,,,33.39,41.85,53.49,0.68,107.77,20.52
2019,Foster Moreau,00-0034981,TE,LV,1,,47.4,57.9,68.4,,,,32.61,41.71,52.69,13.61,90.27,20.52
2019,Baker Mayfield,00-0034855,QB,CLE,0,14.0,229.18,229.18,229.18,240.1,240.1,240.1,290.33,291.53,286.58,102.06,331.13,232.69
2019,KhaDarel Hodge,00-0034854,WR,CLE,0,6.0,7.6,9.6,11.6,1.7,2.7,3.7,3.36,3.89,4.54,0.0,1.43,7.49
2019,Sony Michel,00-0034845,RB,NE,0,13.0,140.6,146.6,152.6,132.1,135.6,139.1,122.33,134.36,140.5,5.48,190.95,86.37
2019,Saquon Barkley,00-0034844,RB,NYG,0,16.0,192.1,218.1,244.1,294.8,340.3,385.8,230.34,265.48,299.82,9.72,322.87,179.05
2019,Sam Darnold,00-0034869,QB,NYJ,0,13.0,189.16,189.16,189.16,168.1,168.1,168.1,244.79,234.08,230.84,58.23,278.18,179.05
2019,Malik Turner,00-0034867,WR,SEA,0,3.0,30.5,38.0,45.5,2.0,3.0,4.0,10.56,16.85,21.08,0.06,55.69,7.49
2019,Dante Pettis,00-0034860,WR,SF,0,12.0,23.54,29.04,34.54,76.5,90.0,103.5,91.23,116.26,136.47,7.3,170.98,60.5
2019,Josh Allen,00-0034857,QB,BUF,0,12.0,288.56,288.56,288.56,206.86,206.86,206.86,205.28,222.11,224.93,66.26,301.71,186.15
2019,Garrett Dickerson,00-0034795,TE,NYG,0,,0.0,0.0,0.0,,,,14.13,19.24,22.92,0.32,67.97,20.52
2019,Mark Andrews,00-0034753,TE,BAL,0,16.0,143.2,175.2,207.2,73.2,90.2,107.2,64.2,92.23,110.45,12.69,125.69,66.46
2019,Rashaad Penny,00-0034750,RB,SEA,0,13.0,67.3,71.3,75.3,61.4,65.9,70.4,92.17,100.34,111.6,4.43,155.91,87.46
2019,Lamar Jackson,00-0034796,QB,BAL,0,16.0,415.68,415.68,415.68,157.54,157.54,157.54,151.42,154.63,166.51,70.07,223.97,138.28
2019,Michael Gallup,00-0034764,WR,DAL,0,15.0,146.7,179.7,212.7,64.7,81.2,97.7,83.66,106.7,134.88,7.48,157.22,52.06
2019,Tanner Hudson,00-0034613,TE,TB,0,,2.6,3.6,4.6,,,,16.01,20.88,25.97,0.65,70.48,20.52
2019,Mason Rudolph,00-0034771,QB,PIT,0,,108.8,108.8,108.8,,,,29.45,31.97,29.32,0.05,109.84,20.52
2019,Tre'Quan Smith,00-0034765,WR,NO,0,13.0,53.4,62.4,71.4,72.7,86.7,100.7,68.14,83.86,97.43,3.76,147.52,63.37
2019,DJ Chark,00-0034777,WR,JAX,0,11.0,152.8,189.3,225.8,15.4,22.4,29.4,52.56,70.81,85.31,4.84,129.87,24.91
2019,Christian Kirk,00-0034775,WR,ARI,0,12.0,100.2,134.2,168.2,80.5,102.0,123.5,93.01,121.78,145.86,7.86,187.34,89.99
2019,Nick Chubb,00-0034791,RB,CLE,0,16.0,219.2,237.2,255.2,174.5,184.5,194.5,165.28,179.9,190.32,6.27,231.86,166.7
2019,Jaeden Graham,00-0034788,TE,ATL,0,,20.9,25.4,29.9,,,,11.96,15.16,17.56,0.12,44.17,20.52
2019,Kalen Ballage,00-0034799,RB,MIA,0,12.0,37.8,44.8,51.8,28.7,33.2,37.7,71.76,83.93,93.74,2.21,117.44,60.95
2019,Durham Smythe,00-0034798,TE,MIA,0,8.0,6.5,10.0,13.5,5.0,8.0,11.0,24.15,33.88,41.54,9.47,73.6,11.0
2019,Drew Brees,00-0020531,QB,NO,0,15.0,224.76,224.76,224.76,303.98,304.48,304.98,274.84,275.88,281.64,100.12,331.33,229.23
2019,Terry McLaurin,00-0035659,WR,WAS,1,,133.9,162.9,191.9,,,,70.46,86.98,108.35,15.38,162.51,20.52
2019,Miles Boykin,00-0035703,WR,BAL,1,,37.8,44.3,50.8,,,,17.59,24.18,29.39,0.5,66.56,20.52
2019,A.J. Brown,00-0035676,WR,TEN,1,,165.1,191.1,217.1,,,,35.38,40.68,52.25,0.35,94.96,20.52
2019,Dawson Knox,00-0035689,TE,BUF,1,,51.7,65.7,79.7,,,,23.26,27.01,31.15,4.75,59.2,20.52
2019,David Montgomery,00-0035685,RB,CHI,1,,145.4,157.9,170.4,,,,69.13,79.6,84.6,0.61,145.3,20.52
2019,Josh Jacobs,00-0035700,RB,LV,1,,171.6,181.6,191.6,,,,138.28,154.42,167.37,4.85,253.34,20.52
2019,Adrian Peterson,00-0025394,RB,WAS,0,16.0,130.0,138.5,147.0,169.0,179.0,189.0,73.84,76.67,84.72,9.56,140.95,106.23
2019,Delanie Walker,00-0024389,TE,TEN,0,1.0,33.5,44.0,54.5,5.2,7.2,9.2,46.82,64.19,77.94,8.22,145.39,51.98
2019,Tom Brady,00-0019596,QB,NE,0,16.0,263.68,263.68,263.68,280.3,280.8,281.3,288.39,288.6,282.96,137.86,336.09,279.18
2019,Mecole Hardman,00-0035140,WR,KC,1,,97.5,110.5,123.5,,,,66.41,87.67,104.08,1.34,175.15,20.52
2019,Jared Cook,00-0027061,TE,NO,0,16.0,124.5,146.0,167.5,125.6,159.6,193.6,80.34,106.97,129.26,21.7,176.22,82.71
2019,Deebo Samuel Sr.,00-0035719,WR,SF,1,,132.1,160.6,189.1,,,,35.02,46.11,51.91,0.22,117.16,20.52
2019,Daniel Jones,00-0035710,QB,NYG,1,,214.98,214.98,214.98,,,,99.59,102.94,101.62,1.03,194.47,20.52
2019,Jason Witten,00-0022127,TE,DAL,0,,76.9,108.4,139.9,,,,63.85,81.33,96.89,15.11,140.54,37.01
2019,Josh McCown,00-0021206,QB,PHI,0,4.0,0.76,0.76,0.76,20.76,20.76,20.76,25.67,25.99,27.27,4.5,70.54,54.18
2019,Dwayne Haskins,00-0035232,QB,WAS,1,,76.7,76.7,76.7,,,,92.93,99.5,100.88,1.43,173.28,20.52
2019,Olamide Zaccheaus,00-0035208,WR,ATL,1,,17.5,19.0,20.5,,,,22.81,29.49,34.57,0.08,66.13,20.52
2019,Devine Ozigbo,00-0035184,RB,JAX,1,,5.0,6.5,8.0,,,,28.04,32.21,37.76,0.59,98.92,20.52
2019,Darrius Shepherd,00-0035181,WR,GB,1,,0.1,0.6,1.1,,,,13.79,17.89,21.71,0.08,43.67,20.52
2019,Zach Gentry,00-0035222,TE,PIT,1,,0.4,0.9,1.4,,,,9.03,12.9,15.96,0.36,45.74,20.52
2019,Benny Snell,00-0035217,RB,PIT,1,,54.9,56.4,57.9,,,,71.39,77.47,83.92,0.44,143.21,20.52
2019,Diontae Johnson,00-0035216,WR,PIT,1,,106.1,135.6,165.1,,,,37.66,52.07,59.0,0.21,116.75,20.52
2019,Deonte Harty,00-0035215,WR,NO,1,,11.5,14.5,17.5,,,,18.82,23.01,26.43,0.08,70.06,20.52
2019,T.J. Hockenson,00-0035229,TE,DET,1,,48.7,64.7,80.7,,,,92.89,107.97,127.32,15.17,155.8,20.52
2019,Kyler Murray,00-0035228,QB,ARI,1,,285.28,285.28,285.28,,,,199.06,204.25,202.58,49.35,294.08,20.52
2019,Brandon Dillon,00-0035102,TE,MIN,1,,0.0,0.0,0.0,,,,12.9,15.87,20.71,0.04,53.24,20.52
2019,Jakobi Meyers,00-0034960,WR,NE,1,,35.9,48.9,61.9,,,,9.78,13.48,16.75,0.08,50.01,20.52
2019,Andrew Beck,00-0034959,TE,DEN,1,,0.0,0.0,0.0,,,,1.56,2.29,2.77,0.0,6.22,20.52
2019,Justice Hill,00-0034975,RB,BAL,1,,41.5,45.5,49.5,,,,48.64,60.82,66.24,0.94,113.49,20.52
2019,David Blough,00-0035040,QB,DET,1,,54.36,54.86,55.36,,,,12.85,14.18,15.65,0.0,70.46,20.52
2019,Alec Ingold,00-0035125,RB,LV,1,,0.0,0.0,0.0,,,,2.08,2.72,3.33,0.0,19.15,20.52
2019,Darwin Thompson,00-0035148,RB,KC,1,,23.1,27.6,32.1,,,,23.59,26.92,31.55,0.19,73.31,20.52
2019,Trace McSorley,00-0035146,QB,BAL,1,,0.1,0.1,0.1,,,,28.63,32.93,34.0,0.95,88.85,20.52
2019,Hale Hentges,00-0035025,TE,IND,1,,16.3,20.3,24.3,,,,17.45,23.27,27.7,0.08,66.6,20.52
2019,Kaden Smith,00-0034988,TE,SF,1,,44.8,60.3,75.8,,,,18.58,24.0,30.71,0.04,62.82,20.52
2019,Dexter Williams,00-0034995,RB,GB,1,,1.1,1.1,1.1,,,,36.24,40.42,45.96,0.82,91.62,20.52
2019,Bisi Johnson,00-0035006,WR,MIN,1,,48.0,63.5,79.0,,,,33.56,43.56,50.07,0.4,99.1,20.52
2019,Jaylen Samuels,00-0034331,RB,PIT,0,9.0,57.4,80.9,104.4,63.5,76.5,89.5,87.8,97.75,111.72,6.7,163.05,89.89
2019,Kerryon Johnson,00-0034349,RB,DET,0,10.0,75.0,80.0,85.0,107.4,123.4,139.4,157.67,176.89,208.14,14.63,232.01,108.84
2019,Courtland Sutton,00-0034348,WR,DEN,0,16.0,150.42,186.42,222.42,94.3,115.3,136.3,95.97,126.21,150.34,8.74,187.51,83.95
2019,Josh Rosen,00-0034343,QB,MIA,0,14.0,17.98,17.98,17.98,112.92,112.92,112.92,96.32,102.41,100.05,3.01,156.52,47.87
2019,Trey Quinn,00-0034339,WR,WAS,0,3.0,25.8,38.8,51.8,13.5,18.0,22.5,63.16,91.1,104.95,9.52,134.72,11.68
2019,Anthony Miller,00-0034353,WR,CHI,0,15.0,75.5,101.5,127.5,87.22,103.72,120.22,87.91,107.8,129.04,11.59,162.74,79.81
2019,Dallas Goedert,00-0034351,TE,PHI,0,15.0,86.7,115.7,144.7,57.4,73.9,90.4,49.02,62.72,78.0,6.48,94.11,48.45
2019,Jaleel Scott,00-0034267,WR,BAL,0,,0.6,1.1,1.6,,,,35.96,46.45,59.9,2.19,101.61,20.52
2019,Derrius Guice,00-0034358,RB,WAS,0,,50.4,53.9,57.4,,,,157.34,172.28,190.72,4.05,258.43,20.52
2019,DaeSean Hamilton,00-0034370,WR,DEN,0,11.0,35.7,49.7,63.7,36.3,51.3,66.3,48.37,66.18,80.4,2.61,116.34,35.86
2019,Nyheim Hines,00-0034367,RB,IND,0,16.0,73.9,95.9,117.9,97.9,129.4,160.9,93.96,115.13,144.37,12.33,184.53,107.71
2019,Keke Coutee,00-0034366,WR,HOU,0,6.0,30.8,41.8,52.8,34.7,48.7,62.7,75.73,99.09,118.82,2.46,155.65,45.38
2019,Ito Smith,00-0034378,RB,ATL,0,13.0,25.3,30.8,36.3,70.7,84.2,97.7,85.81,92.13,108.26,24.53,152.22,51.94
2019,Justin Watson,00-0034386,WR,TB,0,7.0,27.9,35.4,42.9,0.5,1.0,1.5,18.78,22.11,27.62,0.54,85.06,6.6
2019,Dalton Schultz,00-0034383,TE,DAL,0,8.0,0.6,1.1,1.6,11.6,17.6,23.6,20.84,26.67,36.14,7.19,63.52,20.53
2019,Deon Yelder,00-0034319,TE,KC,0,,5.0,6.5,8.0,,,,14.37,17.61,17.85,0.12,65.9,20.52
2019,Keith Kirkwood,00-0034317,WR,NO,0,7.0,0.0,0.0,0.0,32.9,39.4,45.9,46.56,57.64,71.03,2.22,104.8,26.85
2019,Chad Beebe,00-0034309,WR,MIN,0,3.0,7.0,8.0,9.0,3.9,5.9,7.9,21.71,28.56,35.47,0.44,82.23,11.94
2019,Darrel Williams,00-0034301,RB,KC,0,4.0,52.8,60.3,67.8,13.1,14.6,16.1,32.7,40.48,45.34,0.87,91.41,18.66
2019,Damion Ratley,00-0034273,WR,CLE,0,5.0,26.0,32.0,38.0,14.4,20.9,27.4,28.52,41.52,54.03,1.04,83.07,18.9
2019,Marquez Valdes-Scantling,00-0034272,WR,GB,0,16.0,58.1,71.1,84.1,73.0,92.0,111.0,98.01,121.97,136.1,6.65,163.69,72.36
2019,Tyler Conklin,00-0034270,TE,MIN,0,4.0,5.8,9.8,13.8,7.7,10.2,12.7,16.27,20.93,27.15,1.85,58.03,13.3
2019,Richie James,00-0034286,WR,SF,0,12.0,22.4,25.4,28.4,25.0,29.5,34.0,38.56,46.73,55.23,1.84,112.95,25.36
2019,Tremon Smith,00-0034278,WR,KC,0,,0.0,0.0,0.0,,,,2.06,2.9,2.79,0.0,5.63,20.52
2019,Byron Pringle,00-0034297,WR,KC,0,,23.0,29.0,35.0,,,,11.36,15.13,18.27,0.08,60.89,20.52
2019,Trenton Cannon,00-0034164,RB,NYJ,0,12.0,0.0,0.0,0.0,31.7,40.2,48.7,32.5,39.07,49.04,2.98,81.48,43.42
2019,Gus Edwards,00-0034184,RB,BAL,0,11.0,85.6,89.1,92.6,87.8,88.8,89.8,73.23,83.51,88.07,9.56,138.23,87.78
2019,Tim Boyle,00-0034177,QB,GB,0,,-0.1,-0.1,-0.1,,,,16.46,18.19,19.53,0.0,79.16,20.52
2019,Mike Boone,00-0034208,RB,MIN,0,6.0,47.0,48.5,50.0,4.8,5.8,6.8,33.94,39.27,43.11,0.71,88.23,18.69
2019,Easton Stick,00-0035282,QB,LAC,1,,0.0,0.0,0.0,,,,17.13,18.76,20.2,0.0,98.67,20.52
2019,Trayveon Williams,00-0035291,RB,CIN,1,,0.0,0.0,0.0,,,,46.56,56.14,58.34,0.12,120.39,20.52
2019,Gardner Minshew,00-0035289,QB,JAX,1,,229.24,229.24,229.24,,,,50.38,49.36,46.65,2.42,110.27,20.52
2019,KeeSean Johnson,00-0035287,WR,ARI,1,,25.0,35.5,46.0,,,,20.35,25.98,30.53,1.54,91.4,20.52
2019,Scott Miller,00-0035298,WR,TB,1,,27.6,34.1,40.6,,,,21.88,26.82,36.74,0.12,72.99,20.52
2019,Kelvin Harmon,00-0035297,WR,WAS,1,,36.94,51.94,66.94,,,,44.51,53.46,64.54,4.46,97.91,20.52
2019,Miles Sanders,00-0035243,RB,PHI,1,,168.7,193.7,218.7,,,,97.0,115.49,122.78,3.56,178.04,20.52
2019,Trevon Wesco,00-0035259,TE,NYJ,1,,4.9,5.9,6.9,,,,10.48,11.18,16.87,0.6,49.77,20.52
2019,Will Grier,00-0035251,QB,CAR,1,,1.32,1.32,1.32,,,,15.96,16.28,17.23,0.0,78.09,20.52
2019,Ryquell Armstead,00-0035268,RB,JAX,1,,37.2,44.2,51.2,,,,60.15,66.74,71.35,3.52,129.84,20.52
2019,J.J. Arcega-Whiteside,00-0035246,WR,PHI,1,,22.9,27.9,32.9,,,,44.04,58.04,69.52,1.51,119.26,20.52
2019,Jarrett Stidham,00-0035264,QB,NE,1,,-1.64,-1.64,-1.64,,,,21.65,22.13,21.49,0.02,84.33,20.52
2019,Tony Pollard,00-0035261,RB,DAL,1,,74.2,81.7,89.2,,,,63.76,75.55,86.43,0.8,128.2,20.52
2019,Jordan Chunn,00-0034551,RB,DAL,0,,0.0,0.0,0.0,,,,24.01,28.42,32.73,0.07,87.8,20.52
2019,Dalyn Dawkins,00-0034654,RB,TEN,0,,2.6,2.6,2.6,,,,12.59,13.98,15.33,0.0,27.26,20.52
2019,James Washington,00-0034676,WR,PIT,0,12.0,89.5,111.5,133.5,27.7,35.7,43.7,64.78,86.02,99.61,3.36,141.12,30.97
2019,Auden Tate,00-0034686,WR,CIN,0,5.0,61.5,81.5,101.5,3.5,5.5,7.5,17.98,19.43,26.07,0.1,53.92,7.33
2019,Chase Edmonds,00-0034681,RB,ARI,0,16.0,70.8,76.8,82.8,43.1,53.1,63.1,62.22,81.74,92.66,3.98,122.77,61.15
2019,Mark Walton,00-0034679,RB,MIA,0,10.0,27.0,34.5,42.0,7.5,10.0,12.5,37.05,49.1,57.59,0.36,93.91,21.9
2019,Allen Lazard,00-0034521,WR,GB,0,1.0,67.8,85.3,102.8,0.7,1.2,1.7,18.48,26.04,32.55,0.1,59.66,6.42
2019,Robert Foster,00-0034510,WR,BUF,0,11.0,9.3,10.8,12.3,72.1,85.6,99.1,57.69,70.15,87.15,5.68,130.73,70.86
2019,Devin Singletary,00-0035250,RB,BUF,1,,118.9,133.4,147.9,,,,119.12,135.96,145.65,3.32,196.12,20.52
2019,Josh Oliver,00-0035249,TE,JAX,1,,1.5,3.0,4.5,,,,41.34,51.64,65.05,12.85,91.94,20.52
2019,Trent Sherfield,00-0034487,WR,ARI,0,9.0,8.0,10.0,12.0,27.0,36.5,46.0,42.13,57.27,66.95,3.52,106.07,30.29
2019,Troy Fumagalli,00-0034393,TE,DEN,0,,9.8,12.8,15.8,,,,13.69,17.87,22.29,1.33,56.76,20.52
2019,Deon Cain,00-0034406,WR,IND,0,,12.4,16.9,21.4,,,,24.61,35.38,45.77,0.54,96.72,20.52
2019,Jordan Wilkins,00-0034400,RB,IND,0,13.0,47.0,50.5,54.0,44.1,52.1,60.1,45.95,54.62,66.52,1.96,106.7,68.73
2019,Russell Gage,00-0034411,WR,ATL,0,9.0,51.8,76.3,100.8,6.3,9.3,12.3,23.14,30.18,36.24,0.12,77.36,15.24
2019,Ray-Ray McCloud,00-0034407,WR,CAR,0,8.0,0.0,0.0,0.0,4.0,6.5,9.0,14.31,19.04,26.05,0.36,70.87,11.63
2019,Braxton Berrios,00-0034419,WR,NYJ,0,,11.5,14.5,17.5,,,,22.56,26.71,35.47,0.33,85.45,20.52
2019,Ian Thomas,00-0034365,TE,CAR,0,10.0,19.6,27.6,35.6,45.3,63.3,81.3,48.95,69.33,81.01,15.05,107.02,43.71
2019,Jordan Akins,00-0034364,TE,HOU,0,14.0,53.8,71.8,89.8,22.5,31.0,39.5,30.71,38.46,49.4,17.53,72.39,32.02
2019,Chris Lacy,00-0034593,WR,DET,0,1.0,6.0,7.5,9.0,0.0,0.0,0.0,17.12,22.16,25.41,0.33,71.59,6.6
2019,Reggie Bonnafon,00-0034578,RB,CAR,0,,23.3,26.3,29.3,,,,19.37,23.11,24.92,0.0,72.3,20.52
2019,Kyle Allen,00-0034577,QB,CAR,0,2.0,177.48,177.48,177.48,26.54,26.54,26.54,83.7,98.25,102.77,26.07,160.37,28.46
2019,Nick Bawden,00-0034433,RB,DET,0,,1.7,3.7,5.7,,,,2.66,3.21,3.53,0.0,9.42,20.52
2019,Javon Wims,00-0034426,WR,CHI,0,2.0,24.6,33.6,42.6,3.2,5.2,7.2,17.92,22.12,26.02,1.42,77.64,7.87
2019,Buddy Howell,00-0034449,RB,HOU,0,7.0,1.0,1.0,1.0,0.0,0.0,0.0,24.24,31.87,32.05,0.3,85.11,5.85
2019,Justin Jackson,00-0034440,RB,LAC,0,9.0,22.2,26.7,31.2,46.1,53.6,61.1,105.6,119.71,132.88,9.32,170.26,75.37
2019,Ryan Izzo,00-0034439,TE,NE,0,,17.4,20.4,23.4,,,,11.76,17.0,20.6,1.32,64.91,20.52
2019,Tyler Eifert,00-0030549,TE,CIN,0,4.0,63.6,85.1,106.6,23.9,31.4,38.9,32.07,38.07,44.8,11.09,90.92,18.29
2019,Matt Barkley,00-0030533,QB,BUF,0,1.0,5.96,5.96,5.96,17.08,17.08,17.08,50.86,51.56,53.2,8.57,125.87,27.94
2019,D'Ernest Johnson,00-0035628,RB,CLE,1,,9.2,12.2,15.2,,,,47.24,59.44,68.76,1.15,132.17,20.52
2019,Tavon Austin,00-0030525,WR,DAL,0,7.0,34.4,40.9,47.4,31.5,35.5,39.5,37.77,44.97,55.83,1.72,104.98,27.89
2019,Geno Smith,00-0030565,QB,SEA,0,4.0,0.0,0.0,0.0,-1.48,-1.48,-1.48,18.99,15.78,16.64,0.0,87.46,18.09
2019,DeAndre Hopkins,00-0030564,WR,HOU,0,16.0,164.54,216.54,268.54,218.5,276.0,333.5,176.01,237.1,292.87,13.36,295.16,150.86
2019,Cordarrelle Patterson,00-0030578,WR,CHI,0,15.0,24.6,30.1,35.6,77.5,88.0,98.5,54.53,64.48,73.25,6.07,117.74,70.94
2019,Danny Amendola,00-0026035,WR,DET,0,15.0,78.56,109.56,140.56,68.42,97.92,127.42,56.91,75.44,98.87,9.44,143.79,39.85
2019,Keith Smith,00-0030968,RB,ATL,0,,0.0,0.0,0.0,,,,0.28,0.0,0.66,0.0,5.56,20.52
2019,Damien Williams,00-0030874,RB,KC,0,13.0,111.1,126.1,141.1,75.6,87.1,98.6,87.08,101.34,113.99,13.73,152.84,59.75
2019,Allen Hurns,00-0030821,WR,MIA,0,14.0,51.6,67.6,83.6,41.5,51.5,61.5,46.37,59.65,75.59,8.0,89.86,29.58
2019,Mike Glennon,00-0030520,QB,LV,0,2.0,4.24,4.24,4.24,10.96,10.96,10.96,19.26,17.23,16.44,3.36,83.41,2.5
2019,Latavius Murray,00-0030513,RB,NO,0,16.0,123.2,140.2,157.2,109.9,120.9,131.9,70.4,74.29,78.94,3.51,133.27,54.41
2019,Nsimba Webster,00-0035621,WR,LA,1,,0.0,0.0,0.0,,,,11.69,14.86,16.98,0.08,46.84,20.52
2019,Travis Kelce,00-0030506,TE,KC,0,16.0,157.3,205.8,254.3,191.6,243.1,294.6,135.51,177.27,220.0,17.94,246.83,127.27
2019,Kenjon Barner,00-0030465,RB,ATL,0,9.0,11.12,14.12,17.12,7.4,7.9,8.4,33.4,33.2,36.98,1.21,79.13,9.55
2019,Giovani Bernard,00-0030456,RB,CIN,0,12.0,38.4,53.4,68.4,60.9,78.4,95.9,75.15,91.3,102.62,9.0,146.23,37.69
2019,Kenny Stills,00-0030085,WR,HOU,0,15.0,80.1,100.1,120.1,97.42,115.92,134.42,63.84,84.6,96.82,3.29,140.79,45.67
2019,Marquise Goodwin,00-0030068,WR,SF,0,11.0,26.1,32.1,38.1,64.4,75.9,87.4,74.04,92.05,118.4,8.1,146.38,51.37
2019,Vance McDonald,00-0030470,TE,PIT,0,15.0,45.5,64.5,83.5,83.0,108.0,133.0,54.79,73.98,97.33,16.07,131.25,56.12
2019,Ryan Griffin,00-0030108,TE,NYJ,0,13.0,64.0,81.0,98.0,30.5,42.5,54.5,34.89,44.08,53.36,8.6,110.29,29.51
2019,DeSean Jackson,00-0026189,WR,PHI,0,12.0,27.9,32.4,36.9,110.3,130.8,151.3,89.2,105.78,124.38,13.07,145.46,66.52
2019,Jack Doyle,00-0030181,TE,IND,0,6.0,68.8,90.3,111.8,34.5,47.5,60.5,45.97,58.53,65.99,6.22,107.68,32.11
2019,Jaron Brown,00-0030300,WR,SEA,0,12.0,32.0,40.0,48.0,46.6,53.6,60.6,38.42,48.37,56.89,2.62,84.22,29.4
2019,Matt Ryan,00-0026143,QB,ATL,0,16.0,267.34,267.34,267.34,353.96,354.46,354.96,273.38,271.63,270.67,69.98,330.72,249.81
2019,Chris Thompson,00-0030404,RB,WAS,0,10.0,51.6,72.6,93.6,50.6,71.1,91.6,47.88,62.53,76.29,3.54,104.99,38.35
2019,Joe Flacco,00-0026158,QB,DEN,0,9.0,84.88,84.88,84.88,137.1,137.1,137.1,195.93,201.21,201.7,31.58,243.55,97.58
2019,Levine Toilolo,00-0030443,TE,SF,0,11.0,1.0,2.0,3.0,32.3,42.8,53.3,18.79,22.81,28.5,2.69,65.48,23.27
2019,Robert Woods,00-0030431,WR,LA,0,16.0,142.9,187.9,232.9,179.6,222.6,265.6,146.69,182.82,224.65,11.21,232.4,158.41
2019,Le'Veon Bell,00-0030496,RB,NYJ,0,,149.0,182.0,215.0,,,,179.38,188.11,197.79,12.27,275.44,154.54
2019,Jordan Reed,00-0030472,TE,WAS,0,13.0,0.0,0.0,0.0,65.8,92.8,119.8,68.07,91.03,120.16,12.76,157.78,49.73
2019,Teddy Bridgewater,00-0031237,QB,NO,0,4.0,90.46,90.46,90.46,7.22,7.22,7.22,13.98,11.95,12.02,1.61,98.01,7.21
2019,Brandin Cooks,00-0031236,WR,LA,0,15.0,75.5,96.5,117.5,163.2,203.2,243.2,139.92,174.23,214.26,10.82,239.2,135.77
2019,Odell Beckham Jr.,00-0031235,WR,CLE,0,12.0,129.3,166.3,203.3,155.34,193.84,232.34,154.79,190.18,236.25,17.31,273.31,106.13
2019,Taylor Gabriel,00-0031228,WR,CHI,0,16.0,61.3,75.8,90.3,84.9,118.4,151.9,81.79,101.54,123.7,13.57,144.29,83.3
2019,Logan Thomas,00-0031260,TE,DET,0,9.0,23.3,31.3,39.3,8.3,14.3,20.3,11.54,13.86,19.33,5.18,70.25,16.63
2019,Paul Richardson,00-0031257,WR,WAS,0,7.0,36.5,50.5,64.5,39.1,49.1,59.1,82.42,101.15,116.84,21.59,169.92,35.91
2019,Xavier Grimble,00-0031035,TE,PIT,0,8.0,0.3,0.8,1.3,6.6,9.6,12.6,8.94,12.66,15.38,2.13,52.63,7.74
2019,Quincy Enunwa,00-0031023,WR,NYJ,0,11.0,-0.4,0.1,0.6,48.9,67.9,86.9,54.83,69.22,90.56,10.31,139.02,44.16
2019,Jimmy Garoppolo,00-0031345,QB,SF,0,3.0,247.32,247.32,247.32,48.02,48.02,48.02,136.6,141.42,139.65,58.86,223.46,32.57
2019,Cody Latimer,00-0031344,WR,NYG,0,6.0,42.0,54.0,66.0,25.0,30.5,36.0,49.83,65.07,78.84,6.07,119.75,24.41
2019,Seth Roberts,00-0031166,WR,BAL,0,15.0,39.1,49.6,60.1,61.9,84.4,106.9,63.32,80.16,99.45,7.27,119.25,51.46
2019,Blaine Gabbert,00-0027948,QB,TB,0,8.0,0.0,0.0,0.0,33.04,33.04,33.04,57.0,56.19,56.76,5.74,95.16,22.0
2019,Bennie Fowler,00-0030670,WR,NYG,0,10.0,23.3,34.8,46.3,25.9,33.9,41.9,34.2,44.98,55.76,4.61,81.81,29.34
2019,Albert Wilson,00-0030669,WR,MIA,0,7.0,46.4,67.9,89.4,70.78,83.78,96.78,90.77,114.32,137.9,16.6,179.25,36.36
2019,Willie Snead,00-0030663,WR,BAL,0,15.0,64.1,79.6,95.1,72.4,103.4,134.4,75.74,90.74,118.98,15.1,159.28,43.91
2019,Roosevelt Nix,00-0030741,RB,PIT,0,,0.0,0.0,0.0,,,,1.51,1.15,1.58,0.0,15.74,20.52
2019,David Fluellen,00-0030711,RB,TEN,0,5.0,0.0,0.0,0.0,1.6,1.6,1.6,7.79,7.34,8.18,0.06,23.81,7.04
2019,Trey Burton,00-0030710,TE,CHI,0,16.0,8.4,15.4,22.4,93.1,120.1,147.1,62.23,77.73,97.82,20.38,143.61,70.76
2019,James Develin,00-0027925,RB,NE,0,,0.0,0.0,0.0,,,,0.0,0.0,0.0,0.0,0.0,20.52
2019,Cam Newton,00-0027939,QB,CAR,0,14.0,16.68,16.68,16.68,282.6,282.6,282.6,274.99,278.79,268.56,94.92,343.7,236.84
2019,John Brown,00-0031051,WR,BUF,0,16.0,147.82,183.82,219.82,101.9,122.9,143.9,67.38,78.67,96.28,9.63,140.92,80.07
2019,Carlos Hyde,00-0031045,RB,HOU,0,14.0,143.2,148.2,153.2,88.4,93.4,98.4,68.36,73.68,84.38,10.48,146.94,67.21
2019,Demetrius Harris,00-0030155,TE,CLE,0,15.0,34.9,42.4,49.9,34.4,40.4,46.4,25.48,33.8,39.32,4.85,69.84,24.02
2019,A.J. Green,00-0027942,WR,CIN,0,9.0,0.0,0.0,0.0,103.4,126.4,149.4,112.61,149.03,181.86,8.54,204.25,88.04
2019,Ryan Grant,00-0031068,WR,LV,0,14.0,1.4,3.4,5.4,39.4,56.9,74.4,57.05,74.92,95.34,5.37,131.71,31.47
2019,James White,00-0031062,RB,NE,0,16.0,130.2,166.2,202.2,189.6,233.1,276.6,125.36,156.15,190.53,10.8,216.41,138.96
2019,Julio Jones,00-0027944,WR,ATL,0,16.0,175.1,224.6,274.1,212.9,269.4,325.9,154.52,208.95,259.48,11.36,260.05,157.58
2019,Russell Wilson,00-0029263,QB,SEA,0,16.0,328.6,328.6,328.6,298.42,298.92,299.42,279.5,275.57,276.38,102.12,337.5,253.83
2019,Marcedes Lewis,00-0024243,TE,GB,0,5.0,21.6,29.1,36.6,3.9,5.4,6.9,16.8,22.12,20.76,2.32,68.39,14.25
2019,Josh Bellamy,00-0029319,WR,NYJ,0,14.0,2.0,3.0,4.0,19.7,26.7,33.7,29.52,38.29,44.11,4.39,77.24,19.2
2019,Marvin Jones,00-0029293,WR,DET,0,9.0,131.9,162.9,193.9,80.8,98.3,115.8,87.04,101.01,122.76,7.57,140.39,102.08
2019,Travis Benjamin,00-0029269,WR,LAC,0,12.0,3.0,6.0,9.0,28.7,34.7,40.7,49.14,63.01,77.62,4.36,100.01,41.48
2019,Chris Hogan,00-0028237,WR,CAR,0,15.0,6.7,10.7,14.7,71.2,88.7,106.2,47.38,61.44,73.29,6.86,109.12,49.31
2019,Virgil Green,00-0028142,TE,LAC,0,14.0,13.8,18.3,22.8,27.0,36.5,46.0,24.57,27.65,35.27,11.11,60.9,25.01
2019,Demaryius Thomas,00-0027874,WR,NE,0,15.0,49.3,67.3,85.3,97.7,127.2,156.7,68.95,91.66,114.7,6.32,148.03,60.76
2019,Bradley Sowell,00-0029091,TE,CHI,0,2.0,0.0,0.0,0.0,6.2,6.7,7.2,2.63,4.47,5.57,0.21,30.69,5.37
2019,Kirk Cousins,00-0029604,QB,MIN,0,16.0,244.42,244.42,244.42,282.12,282.62,283.12,255.06,252.2,248.06,140.22,317.66,280.46
2019,Rhett Ellison,00-0029587,TE,NYG,0,13.0,22.7,31.7,40.7,35.2,47.7,60.2,28.44,34.86,46.65,7.51,85.91,31.43
2019,Alfred Morris,00-0029141,RB,DAL,0,11.0,0.4,0.4,0.4,60.1,64.1,68.1,18.58,25.2,24.21,0.56,47.5,52.49
2019,Alshon Jeffery,00-0029137,WR,PHI,0,13.0,79.2,100.7,122.2,120.3,152.8,185.3,93.07,118.96,144.85,14.54,170.46,96.03
2019,Derek Carrier,00-0029119,TE,LV,0,10.0,19.5,26.0,32.5,12.7,16.2,19.7,12.07,15.45,19.87,2.69,39.9,9.2
2019,Brandon Bolden,00-0029239,RB,NE,0,9.0,41.9,46.4,50.9,26.4,27.9,29.4,17.28,19.61,18.41,0.81,57.67,29.2
2019,Andy Dalton,00-0027973,QB,CIN,0,11.0,202.66,203.16,203.66,174.54,174.54,174.54,238.74,230.26,228.27,48.34,279.61,184.03
2019,Mark Ingram,00-0027966,RB,BAL,0,12.0,216.5,229.5,242.5,121.5,132.0,142.5,115.91,133.72,149.29,15.03,201.2,78.16
2019,Randall Cobb,00-0028002,WR,DAL,0,9.0,99.9,127.4,154.9,48.3,67.3,86.3,58.69,80.57,91.78,6.97,138.38,36.85
2019,Dion Lewis,00-0028087,RB,TEN,0,16.0,41.3,53.8,66.3,101.7,131.2,160.7,75.53,95.06,112.9,12.59,145.02,64.17
2019,Anthony Sherman,00-0028074,RB,KC,0,,0.0,0.0,0.0,,,,23.99,28.29,31.94,2.41,116.09,20.52
2019,Bilal Powell,00-0028064,RB,NYJ,0,7.0,26.2,29.7,33.2,49.3,54.8,60.3,28.61,39.02,42.76,6.13,94.4,44.49
2019,Charles Clay,00-0028112,TE,ARI,0,11.0,29.7,38.7,47.7,16.4,26.9,37.4,41.19,61.93,77.67,13.33,116.26,24.5
2019,Dwayne Harris,00-0028114,WR,LV,0,15.0,0.7,1.2,1.7,11.2,14.2,17.2,10.21,12.43,15.53,0.06,49.12,4.8
2019,Taiwan Jones,00-0028063,RB,HOU,0,5.0,4.9,5.4,5.9,0.0,0.0,0.0,9.09,10.68,13.14,0.29,43.81,6.1
2019,Luke Stocker,00-0028042,TE,ATL,0,12.0,5.3,9.3,13.3,28.5,36.0,43.5,17.39,22.52,23.58,2.84,59.1,21.58
2019,Tyrod Taylor,00-0028118,QB,LAC,0,4.0,6.02,6.02,6.02,41.42,41.42,41.42,49.38,43.99,43.89,1.7,161.98,47.06
2019,Patrick DiMarco,00-0028581,RB,BUF,0,8.0,4.8,7.3,9.8,7.1,8.6,10.1,1.43,1.78,2.73,0.0,12.05,7.17
2019,Dontrelle Inman,00-0028411,WR,LAC,0,8.0,18.1,24.1,30.1,48.4,62.4,76.4,22.13,26.99,34.63,1.88,67.57,25.47
2019,Nick Bellore,00-0028292,RB,SEA,0,,0.0,0.0,0.0,,,,0.0,0.0,0.0,0.0,4.9,20.52
2019,T.Y. Hilton,00-0029608,WR,IND,0,14.0,80.1,102.6,125.1,163.0,201.0,239.0,106.4,136.28,172.84,13.03,203.08,130.38
2019,Cole Beasley,00-0029000,WR,BUF,0,16.0,117.8,151.3,184.8,85.2,117.7,150.2,66.51,82.39,104.76,12.21,141.13,69.42
2019,Case Keenum,00-0028986,QB,WAS,0,16.0,103.48,103.48,103.48,214.9,214.9,214.9,174.76,180.14,176.67,38.17,241.01,180.2
2019,Kyle Rudolph,00-0027981,TE,MIN,0,16.0,74.7,94.2,113.7,87.4,119.4,151.4,50.82,69.0,91.61,19.95,132.04,85.3
2019,Lee Smith,00-0028097,TE,BUF,0,9.0,9.1,11.1,13.1,25.3,30.3,35.3,12.13,16.5,21.27,4.59,59.98,21.55
2019,Adam Thielen,00-0030035,WR,MIN,0,16.0,84.4,99.4,114.4,194.3,250.8,307.3,137.14,179.58,215.14,11.74,215.68,138.38
2019,Zach Ertz,00-0030061,TE,PHI,0,16.0,127.6,171.6,215.6,164.3,222.3,280.3,120.65,159.82,206.47,19.6,219.91,136.33
2019,Mohamed Sanu,00-0029632,WR,ATL,0,16.0,65.1,94.6,124.1,116.4,149.4,182.4,102.93,125.2,155.83,12.51,165.15,83.26
2019,Alex Tanney,00-0029623,QB,NYG,0,,0.04,0.04,0.04,,,,7.28,7.16,7.57,0.0,56.76,20.52
2019,Russell Shepard,00-0030147,WR,NYG,0,8.0,2.5,4.0,5.5,30.8,35.8,40.8,19.17,24.74,28.77,1.18,57.56,20.56
2019,Rex Burkhead,00-0030288,RB,NE,0,8.0,74.1,87.6,101.1,35.7,42.7,49.7,52.37,61.41,72.95,2.79,123.87,28.88
2019,Keenan Allen,00-0030279,WR,LAC,0,15.0,157.5,209.5,261.5,163.1,211.6,260.1,156.03,199.37,252.12,7.9,251.71,155.61
2019,Josh Hill,00-0030216,TE,NO,0,12.0,40.6,53.1,65.6,24.5,32.5,40.5,18.02,22.05,29.21,3.44,56.45,22.11
2019,Ted Ginn,00-0025396,WR,NO,0,5.0,55.9,70.9,85.9,35.5,44.0,52.5,75.67,96.7,116.36,4.76,168.61,38.87
2019,Ryan Griffin,00-0029857,QB,TB,0,,0.62,0.62,0.62,,,,8.61,9.34,9.95,0.27,55.72,20.52
2019,C.J. Anderson,00-0029854,RB,DET,0,9.0,4.3,4.3,4.3,62.4,64.9,67.4,73.02,80.09,92.03,8.11,126.52,60.51
2019,Matt Moore,00-0025708,QB,KC,0,,42.26,42.26,42.26,,,,24.94,23.95,25.77,0.0,90.38,22.78
2019,Zach Line,00-0029931,RB,NO,0,,0.0,0.0,0.0,,,,0.0,0.0,0.0,0.0,0.0,20.52
2019,Kyle Juszczyk,00-0029892,RB,SF,0,,0.0,0.0,0.0,,,,3.09,4.71,7.33,0.17,16.99,20.52
2019,Greg Olsen,00-0025418,TE,CAR,0,9.0,71.7,97.7,123.7,53.1,66.6,80.1,43.34,58.91,70.4,18.64,119.73,27.96
2019,Jarius Wright,00-0029572,WR,CAR,0,16.0,28.9,42.9,56.9,54.6,76.1,97.6,41.34,53.21,61.74,6.71,97.95,32.21
2019,Nick Foles,00-0029567,QB,JAX,0,5.0,37.74,37.74,37.74,75.22,75.72,76.22,113.17,124.31,125.86,45.65,203.07,45.79
2019,Drew Stanton,00-0025430,QB,CLE,0,,0.0,0.0,0.0,,,,35.65,34.7,37.44,0.12,81.08,24.39
2019,Robert Griffin III,00-0029665,QB,BAL,0,2.0,16.0,16.0,16.0,0.84,0.84,0.84,40.22,37.8,34.24,4.8,130.53,9.15
2019,Josh Gordon,00-0029664,WR,NE,0,12.0,46.7,60.2,73.7,97.7,118.2,138.7,70.01,88.88,104.42,5.11,138.89,73.96
2019,Donte Moncrief,00-0031339,WR,PIT,0,16.0,1.8,3.8,5.8,84.8,108.8,132.8,88.14,106.12,128.34,7.44,150.64,72.94
2019,Darren Fells,00-0029738,TE,HOU,0,10.0,76.1,93.1,110.1,29.7,35.2,40.7,34.19,44.7,51.61,8.94,110.26,29.21
2019,Ryan Tannehill,00-0029701,QB,TEN,0,11.0,224.18,224.18,224.18,141.96,142.46,142.96,86.67,82.52,74.1,13.56,154.1,156.03
2019,Jamize Olawale,00-0029492,RB,DAL,0,10.0,0.0,0.0,0.0,1.3,2.3,3.3,3.02,2.38,3.05,0.0,11.17,7.4
2019,Jeff Heuerman,00-0032227,TE,DEN,0,11.0,17.4,24.4,31.4,40.1,55.6,71.1,34.79,44.88,55.9,19.0,115.75,26.49
2019,Tyler Kroft,00-0032214,TE,BUF,0,5.0,13.1,16.1,19.1,3.6,5.6,7.6,31.38,42.6,59.43,10.42,121.89,20.8
2019,Tyler Lockett,00-0032211,WR,SEA,0,16.0,153.2,194.2,235.2,165.4,193.9,222.4,110.57,135.21,156.99,11.89,198.97,111.15
2019,Sean Mannion,00-0032245,QB,MIN,0,3.0,-1.46,-1.46,-1.46,0.02,0.02,0.02,26.92,25.72,22.38,0.09,68.13,18.82
2019,Ty Montgomery,00-0032200,RB,NYJ,0,13.0,19.3,25.8,32.3,48.3,60.8,73.3,56.83,73.41,81.68,15.49,116.14,44.71
2019,Todd Gurley,00-0032241,RB,LA,0,14.0,188.4,203.9,219.4,313.1,342.6,372.1,233.65,264.97,297.04,9.88,326.51,191.22
2019,Duke Johnson,00-0032257,RB,HOU,0,16.0,110.0,132.0,154.0,85.0,108.5,132.0,50.33,63.47,80.4,1.63,94.74,86.56
2019,Chase Daniel,00-0026544,QB,CHI,0,4.0,26.0,26.0,26.0,29.7,30.2,30.7,15.95,15.83,14.74,0.18,87.5,37.11
2019,Matthew Slater,00-0026293,WR,NE,0,9.0,6.0,6.0,6.0,0.0,0.0,0.0,4.91,5.13,5.33,0.4,51.83,2.58
2019,Chester Rogers,00-0032355,WR,IND,0,16.0,31.7,39.7,47.7,64.1,90.6,117.1,29.23,39.57,51.78,1.49,87.51,47.83
2019,Sterling Shepard,00-0032385,WR,NYG,0,16.0,84.8,113.3,141.8,116.5,149.5,182.5,114.76,143.41,169.27,14.51,191.4,103.21
2019,Chris Moore,00-0032398,WR,BAL,0,15.0,2.1,3.6,5.1,27.3,36.8,46.3,38.29,46.69,55.56,5.08,89.01,29.08
2019,Nick O'Leary,00-0032117,TE,MIA,0,6.0,16.9,23.4,29.9,14.6,18.6,22.6,19.02,23.84,30.06,2.87,44.47,8.07
2019,Josh Johnson,00-0026300,QB,DET,0,4.0,0.0,0.0,0.0,49.6,49.6,49.6,35.49,35.7,38.82,0.9,108.66,20.34
2019,Nick Vannett,00-0032394,TE,SEA,0,15.0,16.6,25.1,33.6,44.9,59.4,73.9,27.66,34.5,47.67,11.31,66.0,20.86
2019,C.J. Prosise,00-0032393,RB,SEA,0,2.0,18.8,23.8,28.8,1.9,3.4,4.9,26.65,32.1,40.59,0.59,89.28,11.07
2019,Austin Hooper,00-0032392,TE,ATL,0,16.0,116.7,154.2,191.7,92.0,127.5,163.0,76.05,101.07,116.16,20.68,147.27,78.86
2019,Matthew Stafford,00-0026498,QB,DET,0,16.0,166.56,166.56,166.56,212.18,212.18,212.18,253.1,240.75,233.27,55.73,298.33,255.11
2019,T.J. Yeldon,00-0032209,RB,BUF,0,14.0,16.7,23.2,29.7,118.1,145.6,173.1,52.92,75.46,92.64,9.79,134.47,67.63
2019,Phillip Dorsett,00-0032208,WR,NE,0,11.0,71.8,86.3,100.8,49.9,65.9,81.9,54.89,73.79,88.32,5.17,126.5,26.91
2019,David Johnson,00-0032187,RB,ARI,0,16.0,105.5,123.5,141.5,196.6,221.6,246.6,147.58,167.6,202.25,14.44,248.29,117.22
2019,Darren Sproles,00-0023564,RB,PHI,0,6.0,11.0,14.0,17.0,46.0,53.5,61.0,25.66,31.76,38.97,5.53,77.56,24.5
2019,Ryan Fitzpatrick,00-0023682,QB,MIA,0,8.0,241.46,241.46,241.46,165.84,165.84,165.84,188.92,172.91,174.7,57.09,283.5,145.62
2019,Tyrell Williams,00-0032160,WR,LV,0,15.0,101.1,122.1,143.1,96.8,117.3,137.8,83.31,97.35,120.65,7.3,152.82,73.98
2019,Trevor Siemian,00-0032156,QB,NYJ,0,,0.12,0.12,0.12,,,,25.51,24.49,27.0,2.42,89.1,78.8
2019,Geremy Davis,00-0031953,WR,LAC,0,5.0,3.8,5.3,6.8,0.0,0.0,0.0,14.83,19.37,23.29,0.84,70.02,7.73
2019,James O'Shaughnessy,00-0031951,TE,JAX,0,14.0,27.3,34.3,41.3,21.4,33.4,45.4,32.36,47.2,61.72,12.01,99.67,28.46
2019,Geoff Swaim,00-0032141,TE,JAX,0,9.0,6.5,13.0,19.5,30.2,43.2,56.2,40.16,53.56,64.22,12.03,107.96,27.54
2019,Jamison Crowder,00-0031941,WR,NYJ,0,9.0,119.7,158.7,197.7,53.8,68.3,82.8,95.02,118.57,133.93,14.03,153.78,46.71
2019,Adam Humphries,00-0032009,WR,TEN,0,16.0,49.5,68.0,86.5,112.7,150.7,188.7,98.48,118.4,145.91,13.89,181.87,106.91
2019,Vernon Davis,00-0024221,TE,WAS,0,13.0,18.3,23.3,28.3,50.7,63.2,75.7,45.64,53.72,67.05,6.97,93.51,31.84
2019,Darius Jennings,00-0031972,WR,TEN,0,14.0,1.7,2.7,3.7,17.14,22.64,28.14,30.72,39.4,47.48,2.42,83.83,30.0
2019,Chris Conley,00-0032128,WR,JAX,0,16.0,109.5,133.0,156.5,59.4,75.4,91.4,39.53,53.19,62.77,8.64,99.51,30.41
2019,J.J. Nelson,00-0032112,WR,LV,0,9.0,9.6,11.6,13.6,6.4,9.9,13.4,45.15,54.97,66.64,2.26,95.36,23.39
2019,Ameer Abdullah,00-0032104,RB,MIN,0,9.0,26.3,33.8,41.3,2.9,4.4,5.9,41.71,52.5,54.96,1.38,108.12,32.63
2019,Daniel Brown,00-0032098,TE,NYJ,0,1.0,13.2,16.7,20.2,0.0,0.0,0.0,8.24,11.49,14.52,0.63,54.45,7.3
2019,Jesse James,00-0032135,TE,DET,0,15.0,14.2,22.2,30.2,54.3,69.3,84.3,45.63,60.06,74.94,16.79,111.24,30.39
2019,Keelan Doss,00-0035120,WR,LV,1,,13.3,18.8,24.3,,,,1.95,2.55,2.91,0.0,5.02,20.52
2019,C.J. Uzomah,00-0032134,TE,CIN,0,16.0,36.2,49.7,63.2,61.9,83.4,104.9,42.17,56.28,70.96,16.48,107.27,31.34
2019,Marquise Brown,00-0035662,WR,BAL,1,,100.4,123.4,146.4,,,,31.87,40.65,51.0,0.44,104.36,20.52
2019,Darrell Henderson,00-0035664,RB,LA,1,,18.4,20.4,22.4,,,,76.47,87.81,98.53,0.16,154.25,20.52
2019,Josh Doctson,00-0032760,WR,MIN,0,15.0,0.0,0.0,0.0,65.2,87.2,109.2,35.97,44.05,53.47,1.1,88.19,41.07
2019,Michael Crabtree,00-0026986,WR,ARI,0,16.0,2.2,4.2,6.2,78.7,105.7,132.7,71.11,93.53,125.34,11.72,166.35,52.82
2019,Kalif Raymond,00-0032464,WR,TEN,0,,20.5,25.0,29.5,,,,3.85,4.79,4.91,0.0,2.03,9.33
2019,Derrick Henry,00-0032764,RB,TEN,0,16.0,276.6,285.6,294.6,186.36,193.86,201.36,112.18,125.38,134.67,16.03,194.49,116.47
2019,Alex Erickson,00-0032543,WR,CIN,0,16.0,57.24,78.74,100.24,18.9,28.9,38.9,36.89,45.4,50.17,2.16,83.84,22.09
2019,Ryan Finley,00-0035652,QB,CIN,1,,24.66,24.66,24.66,,,,43.89,43.35,45.91,1.24,98.47,20.52
2019,J.D. McKissic,00-0032602,RB,DET,0,3.0,49.8,66.8,83.8,0.8,0.8,0.8,31.5,39.1,50.33,1.22,93.32,12.68
2019,Damien Harris,00-0035657,RB,NE,1,,1.2,1.2,1.2,,,,37.46,40.75,43.58,0.21,105.97,20.52
2019,Robbie Chosen,00-0032688,WR,NYJ,0,14.0,110.3,136.3,162.3,106.4,131.4,156.4,87.93,106.55,120.37,19.19,177.91,75.11
2019,Ben Braunecker,00-0032661,TE,CHI,0,10.0,11.9,14.9,17.9,4.2,5.7,7.2,10.74,14.16,18.41,0.2,34.63,5.93
2019,Peyton Barber,00-0032741,RB,TB,0,16.0,100.5,108.5,116.5,130.3,140.3,150.3,98.57,102.58,116.81,17.28,170.0,69.23
2019,Julian Edelman,00-0027150,WR,NE,0,12.0,156.28,206.28,256.28,133.42,170.42,207.42,138.48,168.94,204.4,12.79,225.6,135.71
2019,Logan Paulsen,00-0027215,TE,HOU,0,8.0,0.0,0.0,0.0,15.1,19.6,24.1,7.81,9.69,13.06,2.09,33.17,4.64
2019,Michael Thomas,00-0032765,WR,NO,0,16.0,225.6,300.1,374.6,190.5,253.0,315.5,175.23,233.1,288.92,14.39,260.19,129.69
2019,Brandon Allen,00-0032434,QB,DEN,0,,32.5,32.5,32.5,,,,27.64,26.82,26.98,2.53,87.32,20.52
2019,Jerell Adams,00-0032429,TE,HOU,0,,0.0,0.0,0.0,,,,9.65,13.05,16.21,0.57,35.82,9.08
2019,Trevor Davis,00-0032423,WR,GB,0,2.0,22.4,26.4,30.4,0.0,0.0,0.0,14.71,16.67,18.96,0.02,36.36,5.65
2019,Dwayne Washington,00-0032450,RB,NO,0,7.0,6.6,7.1,7.6,15.4,15.4,15.4,26.03,27.77,31.39,0.37,62.13,16.86
2019,Marcus Mariota,00-0032268,QB,TEN,0,14.0,85.02,85.02,85.02,174.92,175.42,175.92,163.96,175.89,178.84,53.71,246.64,77.64
2019,D.J. Foster,00-0032577,RB,ARI,0,,0.0,0.0,0.0,,,,21.01,28.8,34.79,0.19,54.68,9.75
2019,LeSean McCoy,00-0027029,RB,KC,0,14.0,90.6,104.6,118.6,93.2,110.2,127.2,75.33,84.74,95.04,11.0,150.06,52.54
2019,Tyler Ervin,00-0032404,RB,JAX,0,9.0,2.1,3.1,4.1,3.5,5.0,6.5,19.41,21.97,24.59,0.47,61.52,7.24
2019,Brian Hoyer,00-0026625,QB,IND,0,5.0,21.08,21.08,21.08,-0.52,-0.52,-0.52,25.39,23.01,22.03,0.0,77.81,15.39
2019,Paul Perkins,00-0032417,RB,NYG,0,,3.8,4.3,4.8,,,,30.43,36.98,44.23,0.32,66.62,9.75
2019,Nelson Agholor,00-0031549,WR,PHI,0,16.0,55.0,74.5,94.0,101.4,133.4,165.4,95.89,123.79,156.74,15.19,167.93,94.39
2019,DeVante Parker,00-0031547,WR,MIA,0,11.0,174.2,210.2,246.2,36.9,48.9,60.9,63.3,82.87,104.16,15.24,131.26,30.59
2019,Justin Hardy,00-0031570,WR,ATL,0,16.0,19.5,29.0,38.5,25.3,32.3,39.3,41.09,53.97,63.48,1.38,81.56,26.32
2019,Maxx Williams,00-0031558,TE,ARI,0,10.0,26.2,33.7,41.2,21.1,29.1,37.1,34.4,45.71,51.91,14.46,81.48,30.11
2019,Chris Manhertz,00-0031484,TE,CAR,0,7.0,1.1,1.6,2.1,11.2,12.2,13.2,10.4,13.3,17.63,0.81,38.38,7.31
2019,Colt McCoy,00-0027688,QB,WAS,0,3.0,4.28,4.28,4.28,27.18,27.18,27.18,5.21,6.64,8.87,0.0,83.88,43.86
2019,Andre Roberts,00-0027691,WR,BUF,0,16.0,2.7,4.2,5.7,27.9,32.9,37.9,12.5,18.3,17.82,2.55,59.31,19.66
2019,Eric Tomlinson,00-0031690,TE,NYG,0,12.0,0.1,0.6,1.1,7.2,11.2,15.2,10.88,12.88,13.64,0.61,54.14,9.41
2019,Jimmy Graham,00-0027696,TE,GB,0,16.0,62.7,81.7,100.7,75.6,103.1,130.6,61.31,75.13,91.08,22.95,132.25,47.48
2019,Marqise Lee,00-0031431,WR,JAX,0,,1.9,3.4,4.9,,,,77.01,102.49,130.38,5.48,157.39,50.49
2019,Allen Robinson,00-0031428,WR,CHI,0,13.0,156.9,205.9,254.9,98.3,125.8,153.3,106.32,129.65,148.28,12.87,170.5,57.43
2019,Amari Cooper,00-0031544,WR,DAL,0,15.0,167.5,207.0,246.5,140.5,178.0,215.5,132.3,168.64,213.93,14.91,227.97,119.29
2019,Jameis Winston,00-0031503,QB,TB,0,11.0,305.36,305.36,305.36,195.78,195.78,195.78,257.42,261.05,264.18,44.38,284.65,164.57
2019,Mike Evans,00-0031408,WR,TB,0,16.0,165.7,199.2,232.7,198.4,241.4,284.4,159.76,201.21,241.2,10.54,244.18,145.64
2019,Blake Bortles,00-0031407,QB,LA,0,13.0,-0.78,-0.78,-0.78,173.22,173.22,173.22,109.07,108.99,104.09,16.7,217.57,116.52
2019,Derek Carr,00-0031280,QB,LV,0,16.0,244.36,244.36,244.36,215.76,216.26,216.76,210.36,212.41,212.75,54.62,257.83,183.63
2019,Cameron Brate,00-0031273,TE,TB,0,15.0,55.1,73.1,91.1,62.9,77.9,92.9,57.6,76.59,95.75,9.5,118.17,45.65
2019,AJ McCarron,00-0031288,QB,HOU,0,2.0,16.9,16.9,16.9,0.12,0.12,0.12,2.48,1.57,1.62,0.0,59.91,21.6
2019,Devonta Freeman,00-0031285,RB,ATL,0,2.0,138.6,168.1,197.6,9.1,11.6,14.1,119.81,129.16,144.28,18.19,243.75,83.65
2019,Sammy Watkins,00-0031325,WR,KC,0,10.0,86.5,112.5,138.5,75.1,95.1,115.1,100.9,127.25,146.5,7.1,182.19,59.2
2019,Diontae Spencer,00-0031319,WR,DEN,1,,1.7,4.7,7.7,,,,17.15,21.64,24.88,0.06,50.58,20.52
2019,Jarvis Landry,00-0031382,WR,CLE,0,16.0,154.4,195.9,237.4,136.12,176.62,217.12,129.54,171.59,212.23,13.47,216.41,99.68
2019,Davante Adams,00-0031381,WR,GB,0,15.0,129.7,171.2,212.7,218.6,274.1,329.6,159.42,204.58,248.55,11.56,294.55,129.35
2019,Garrett Gilbert,00-0031395,QB,CLE,0,1.0,-0.3,-0.3,-0.3,1.6,1.6,1.6,13.04,11.43,9.9,0.0,53.98,11.7
2019,Raheem Mostert,00-0031687,RB,SF,0,8.0,153.2,160.2,167.2,32.6,35.6,38.6,28.69,29.17,31.63,1.06,57.81,57.89
2019,Emmanuel Sanders,00-0027685,WR,DEN,0,12.0,124.3,157.3,190.3,127.22,162.72,198.22,105.93,139.82,179.32,13.82,175.38,78.33
2019,Eric Ebron,00-0031387,TE,IND,0,16.0,55.5,71.0,86.5,156.2,189.2,222.2,109.04,131.1,146.05,20.72,201.84,89.02
2019,Blake Bell,00-0032062,TE,KC,0,8.0,6.7,10.7,14.7,6.7,10.7,14.7,10.11,11.46,16.26,0.6,36.07,7.42
2019,Aaron Rodgers,00-0023459,QB,GB,0,16.0,278.38,278.38,278.38,312.58,312.58,312.58,236.17,245.22,241.41,134.27,325.51,218.43
2019,Damiere Byrd,00-0031868,WR,ARI,0,7.0,39.9,55.9,71.9,0.8,1.3,1.8,14.66,18.93,22.62,1.41,63.66,4.79
2019,Jake Kumerow,00-0031787,WR,GB,0,5.0,27.9,33.9,39.9,16.3,20.3,24.3,26.89,32.5,40.65,0.56,81.17,13.03
2019,Devin Smith,00-0031934,WR,DAL,0,,17.3,19.8,22.3,,,,28.76,35.9,46.28,0.76,84.67,20.52
2019,Mike Davis,00-0032063,RB,CHI,0,15.0,4.9,8.4,11.9,102.8,119.8,136.8,74.05,87.68,98.59,11.06,147.59,57.03
2019,Eli Manning,00-0022803,QB,NYG,0,16.0,54.38,54.38,54.38,239.96,239.96,239.96,207.91,209.29,210.51,131.92,284.78,235.54
2019,Matt LaCosse,00-0031744,TE,NE,0,13.0,19.1,25.6,32.1,31.0,43.0,55.0,31.85,44.11,53.79,10.43,97.54,23.36
2019,Ben Roethlisberger,00-0022924,QB,PIT,0,16.0,12.74,12.74,12.74,340.86,341.36,341.86,254.5,256.37,259.59,139.79,333.41,228.75
2019,Larry Fitzgerald,00-0022921,WR,ARI,0,16.0,102.4,139.9,177.4,116.68,151.18,185.68,112.78,148.34,181.11,18.54,205.19,89.42
2019,Philip Rivers,00-0022942,QB,LAC,0,16.0,235.5,235.5,235.5,285.02,285.02,285.02,239.61,237.0,242.32,118.91,309.68,276.12
2019,DeAndre Carter,00-0031763,WR,HOU,0,13.0,16.2,21.7,27.2,22.3,33.3,44.3,30.74,38.24,47.59,0.67,82.31,29.76
2019,Matt Schaub,00-0022787,QB,ATL,0,2.0,32.9,32.9,32.9,0.1,0.6,1.1,9.55,11.68,12.51,0.88,75.62,9.28
2019,Malcolm Brown,00-0031806,RB,LA,0,11.0,57.1,58.1,59.1,34.4,36.9,39.4,53.04,57.39,63.73,0.76,91.06,50.75
2019,Antonio Brown,00-0027793,WR,LV,0,15.0,12.1,14.1,16.1,219.7,271.7,323.7,91.2,109.4,130.69,6.0,226.4,158.35
2019,Frank Gore,00-0023500,RB,BUF,0,14.0,81.9,88.4,94.9,90.6,96.6,102.6,98.85,105.3,111.35,11.46,164.88,68.16
2019,Breshad Perriman,00-0032054,WR,TB,0,10.0,102.1,120.1,138.1,46.2,54.2,62.2,47.84,67.26,79.03,3.21,94.83,30.24
2019,Devin Funchess,00-0032055,WR,IND,0,14.0,3.2,4.7,6.2,78.9,100.9,122.9,91.07,113.68,134.52,7.24,159.9,65.87
2019,Brett Hundley,00-0031589,QB,ARI,0,,6.06,6.06,6.06,,,,48.24,45.43,42.85,5.65,123.62,70.19
2019,Stefon Diggs,00-0031588,WR,MIN,0,15.0,151.1,182.6,214.1,164.3,215.3,266.3,136.48,169.98,209.26,11.59,217.95,117.33
2019,MyCole Pruitt,00-0031585,TE,TEN,0,7.0,15.0,18.0,21.0,16.2,20.7,25.2,15.67,17.13,22.54,1.32,38.5,13.09
2019,Darren Waller,00-0031610,TE,LV,0,4.0,131.0,176.0,221.0,9.6,12.6,15.6,47.89,69.04,83.94,12.6,143.59,11.75
2019,Tevin Coleman,00-0032058,RB,SF,0,16.0,114.4,124.9,135.4,161.6,177.6,193.6,92.2,101.95,109.23,10.77,159.75,125.9
2019,Nick Boyle,00-0031598,TE,BAL,0,12.0,44.1,59.6,75.1,21.3,32.8,44.3,32.99,48.18,57.08,9.03,103.05,27.82
2019,Shawn Poindexter,00-0035035,WR,SF,1,,0.0,0.0,0.0,,,,1.89,2.31,2.8,0.0,2.37,20.52
2019,Marcus Simms,00-0035701,WR,JAX,1,,0.0,0.0,0.0,,,,3.81,5.03,5.41,0.0,23.39,20.52
2019,Bryant Mitchell,00-0034901,WR,TB,1,,0.0,0.0,0.0,,,,0.78,1.06,1.08,0.0,0.45,20.52
2019,D.J. Montgomery,00-0035045,WR,CLE,1,,0.0,0.0,0.0,,,,2.1,2.29,3.05,0.0,2.52,20.52
2019,Penny Hart,00-0035022,WR,IND,1,,0.0,0.0,0.0,,,,2.21,2.68,2.73,0.0,4.32,20.52
2019,N'Keal Harry,00-0035624,WR,NE,1,,27.4,33.4,39.4,,,,11.57,16.04,19.63,0.0,55.77,20.52
2019,Dax Raymond,00-0035058,TE,CHI,1,,0.0,0.0,0.0,,,,0.05,0.0,0.0,0.0,2.74,20.52
2019,Austin Fort,00-0034932,TE,DEN,1,,0.0,0.0,0.0,,,,1.18,1.47,1.75,0.0,5.74,20.52
2019,Adam Choice,00-0035086,RB,SEA,1,,0.0,0.0,0.0,,,,2.34,3.5,3.63,0.0,10.24,20.52
2019,Kahale Warring,00-0035660,TE,HOU,1,,0.0,0.0,0.0,,,,7.56,9.7,12.31,4.61,31.57,20.52
2019,Justin Johnson,00-0035092,TE,SEA,1,,0.0,0.0,0.0,,,,1.45,1.98,2.19,0.0,12.23,20.52
2019,Chad Henne,00-0026197,QB,KC,0,1.0,0.0,0.0,0.0,1.46,1.46,1.46,6.77,5.55,3.43,0.06,22.78,3.05
2019,Jace Sternberger,00-0035671,TE,GB,1,,0.0,0.0,0.0,,,,11.14,14.4,18.54,0.33,40.48,20.52
2019,Ed Dickson,00-0027675,TE,SEA,0,9.0,0.0,0.0,0.0,33.2,39.2,45.2,7.65,8.53,9.36,2.59,31.76,32.27
2019,Drew Lock,00-0035704,QB,DEN,1,,68.0,68.0,68.0,,,,13.64,13.79,12.53,2.6,63.69,20.52
2019,Joe Webb,00-0027796,QB,HOU,0,4.0,0.0,0.0,0.0,1.3,2.3,3.3,3.09,2.63,2.54,0.0,14.93,4.63
2019,Taj McGowan,00-0035658,RB,JAX,1,,0.0,0.0,0.0,,,,2.22,2.52,3.15,0.0,10.15,20.52
2019,Alex Wesley,00-0035018,WR,NYG,1,,0.0,0.0,0.0,,,,1.58,2.02,2.46,0.0,2.33,20.52
2019,Jon'Vea Johnson,00-0035417,WR,DAL,1,,0.0,0.0,0.0,,,,1.31,1.39,1.75,0.0,2.3,20.52
2019,Jake Butt,00-0033564,TE,DEN,0,3.0,0.0,0.0,0.0,8.5,12.5,16.5,2.98,5.23,7.51,2.04,30.3,11.82
2019,,00-0035479,WR,TB,0,,0.0,0.0,0.0,,,,0.04,0.16,0.0,0.0,0.0,20.52
2019,Rod Smith,00-0031900,RB,NYG,0,14.0,0.0,0.0,0.0,24.7,29.2,33.7,8.29,8.57,10.12,0.0,31.73,26.17
2019,Hakeem Butler,00-0035529,WR,ARI,1,,0.0,0.0,0.0,,,,2.42,3.67,3.5,0.0,18.1,20.52
2019,Javorius Allen,00-0031577,RB,NO,0,13.0,10.5,11.0,11.5,58.6,76.1,93.6,15.04,20.0,24.25,0.21,65.66,25.08
2019,Isaac Whitney,00-0033449,WR,HOU,0,,0.0,0.0,0.0,,,,0.42,0.32,0.08,0.0,0.0,5.45
2019,Marcus Kemp,00-0033481,WR,KC,0,5.0,0.0,0.0,0.0,0.7,1.2,1.7,0.95,1.42,1.72,0.0,7.05,6.6
2019,Gehrig Dieter,00-0033474,WR,KC,0,2.0,0.0,0.0,0.0,2.2,2.7,3.2,0.59,0.67,0.71,0.02,7.15,7.68
2019,Malcolm Johnson,00-0032068,RB,GB,0,,0.0,0.0,0.0,,,,0.6,0.68,1.15,0.0,9.7,20.52
2019,Jason Croom,00-0033627,TE,BUF,0,15.0,0.0,0.0,0.0,27.9,38.9,49.9,6.4,8.85,11.27,2.1,25.24,36.36
2019,Amba Etta-Tawo,00-0033687,WR,NYG,0,,0.0,0.0,0.0,,,,1.36,1.35,1.09,0.0,0.5,20.52
2019,Isaiah Searight,00-0035478,TE,NYG,1,,0.0,0.0,0.0,,,,0.47,0.27,0.29,0.0,3.54,20.52
2019,Billy Brown,00-0033735,TE,IND,0,,0.0,0.0,0.0,,,,0.58,0.25,0.14,0.0,4.52,20.52
2019,Matt Dayes,00-0033596,RB,NO,0,3.0,0.0,0.0,0.0,0.0,0.0,0.0,1.8,2.07,2.77,0.0,13.59,3.47
2019,Marcus Johnson,00-0032980,WR,IND,0,4.0,39.7,48.2,56.7,16.0,19.0,22.0,1.3,1.09,1.23,0.0,1.36,11.81
2019,Jeff Driskel,00-0032436,QB,CIN,0,8.0,57.1,57.6,58.1,85.12,85.12,85.12,9.96,13.18,10.81,0.0,87.06,51.39
2019,Kenneth Dixon,00-0032411,RB,BAL,0,6.0,0.0,0.0,0.0,48.4,51.4,54.4,27.67,31.77,36.05,0.04,87.78,63.43
2019,K.J. Brent,00-0032926,WR,TB,0,,0.0,0.0,0.0,,,,0.45,0.75,0.68,0.0,0.0,5.45
2019,Corey Coleman,00-0032966,WR,NYG,0,8.0,0.0,0.0,0.0,7.6,10.1,12.6,10.24,13.07,18.45,0.11,42.37,12.91
2019,Josh Woodrum,00-0032658,QB,WAS,0,,0.0,0.0,0.0,,,,3.64,3.56,4.74,0.0,11.27,20.52
2019,Vince Mayle,00-0032188,WR,LAC,0,,0.0,0.0,0.0,,,,0.0,0.18,0.0,0.0,10.04,9.39
2019,Alex Bachman,00-0035602,WR,LA,1,,0.0,0.0,0.0,,,,0.6,0.5,0.41,0.0,3.27,20.52
2019,Devante Mays,00-0033304,RB,JAX,0,,0.0,0.0,0.0,,,,0.0,0.0,0.0,0.0,18.89,6.41
2019,Ricardo Louis,00-0033079,WR,MIA,0,,0.0,0.0,0.0,,,,2.32,3.11,3.68,0.82,20.16,22.99
2019,Garrett Griffin,00-0033095,TE,NO,0,,0.0,0.0,0.0,,,,0.0,0.12,0.0,0.0,0.67,9.07
2019,Joe Kerridge,00-0032375,RB,CLE,0,,0.0,0.0,0.0,,,,0.41,0.67,0.76,0.0,1.75,20.52
2019,Theo Riddick,00-0030107,RB,DEN,0,14.0,0.0,0.0,0.0,55.5,86.0,116.5,21.29,26.99,32.92,2.54,86.27,72.28
2019,Andrew Vollert,00-0034491,TE,LAC,0,,0.0,0.0,0.0,,,,2.42,2.82,3.38,0.0,12.31,20.52
2019,Daurice Fountain,00-0034395,WR,IND,0,,0.0,0.0,0.0,,,,0.51,0.66,0.88,0.0,5.56,20.52
2019,Dylan Cantrell,00-0034409,WR,LAC,0,,0.0,0.0,0.0,,,,0.96,0.08,0.0,0.0,2.43,20.52
2019,Jordan Thomas,00-0034420,TE,HOU,0,,0.0,0.0,0.0,,,,2.64,3.69,4.75,0.0,11.6,20.52
2019,Nick Williams,00-0029848,WR,SF,0,4.0,0.0,0.0,0.0,1.7,2.7,3.7,0.87,1.04,1.09,0.02,3.94,5.8
2019,Paul Butler,00-0034313,TE,LV,0,,0.0,0.0,0.0,,,,1.01,1.56,1.79,0.0,5.55,20.52
2019,Charles D. Johnson,00-0030113,WR,PHI,0,,0.0,0.0,0.0,,,,0.3,0.0,0.0,0.0,1.45,20.52
2019,Rodney Anderson,00-0035299,RB,CIN,1,,0.0,0.0,0.0,,,,0.0,0.47,0.58,0.0,10.26,20.52
2019,Equanimeous St. Brown,00-0034279,WR,GB,0,11.0,0.0,0.0,0.0,33.3,43.8,54.3,11.81,15.9,18.64,0.05,34.82,43.7
2019,Marcus Baugh,00-0034169,TE,CAR,1,,0.0,0.0,0.0,,,,0.61,0.82,1.02,0.0,3.48,20.52
2019,Cameron Batson,00-0034652,WR,TEN,0,8.0,0.0,0.0,0.0,8.3,12.3,16.3,3.25,4.31,4.56,0.0,17.0,11.56
2019,Davon Grayson,00-0034748,WR,KC,1,,0.0,0.0,0.0,,,,0.88,1.12,1.24,0.0,4.69,20.52
2019,Shaun Wilson,00-0034621,RB,WAS,0,5.0,0.0,0.0,0.0,3.4,4.9,6.4,8.37,9.87,12.27,0.17,24.3,12.1
2019,Brittan Golden,00-0029336,WR,NYG,0,,0.0,0.0,0.0,,,,0.17,0.18,0.5,0.0,0.0,9.34
2019,Matt Simms,00-0029151,QB,ATL,0,,0.0,0.0,0.0,,,,1.73,1.76,2.4,0.0,17.85,20.52
2019,Jermaine Kearse,00-0029159,WR,DET,0,13.0,0.0,0.0,0.0,43.1,61.6,80.1,10.95,13.36,13.83,0.24,45.6,34.44
2019,Lamar Miller,00-0029615,RB,HOU,0,14.0,0.0,0.0,0.0,147.6,160.1,172.6,44.92,46.62,56.77,1.63,106.19,108.73
2019,John Lovett,00-0035161,QB,KC,1,,0.0,0.0,0.0,,,,2.38,2.4,2.63,0.0,24.92,20.52
2019,Felton Davis,00-0035154,WR,KC,1,,0.0,0.0,0.0,,,,0.72,0.94,0.72,0.0,4.35,20.52
2019,David Wells,00-0034575,TE,KC,0,,0.0,0.0,0.0,,,,1.35,1.62,1.82,0.0,8.9,20.52
2019,Alex Gray,00-0034010,TE,ATL,0,,0.0,0.0,0.0,,,,2.64,3.01,3.58,0.0,14.75,20.52
2019,Lance Lenoir,00-0033992,WR,DAL,0,1.0,0.0,0.0,0.0,0.0,0.0,0.0,1.44,1.63,1.81,0.0,1.3,6.6
2019,Scott Simonson,00-0031167,TE,NYG,0,10.0,1.1,2.1,3.1,14.6,19.1,23.6,2.4,2.34,3.56,0.0,6.97,16.06
2019,Richard Rodgers,00-0031384,TE,PHI,0,2.0,0.0,0.0,0.0,0.7,1.2,1.7,1.83,3.59,4.71,0.0,18.35,4.07
2019,Jerick McKinnon,00-0031376,RB,SF,0,,0.0,0.0,0.0,,,,9.0,10.51,12.43,0.0,44.26,83.24
2019,Isaiah Crowell,00-0030656,RB,LV,0,13.0,0.0,0.0,0.0,119.7,130.2,140.7,32.82,37.66,40.31,2.26,101.15,75.47
2019,Steve Ishmael,00-0034087,WR,IND,0,,0.0,0.0,0.0,,,,0.82,1.01,1.21,0.0,2.96,20.52
2019,Matt Flanagan,00-0034101,TE,WAS,0,1.0,0.0,0.0,0.0,1.4,1.9,2.4,4.36,5.77,7.54,0.0,8.64,7.65
2019,Kurt Benkert,00-0034131,QB,ATL,0,,0.0,0.0,0.0,,,,1.12,1.34,1.82,0.0,17.77,20.52
2019,Alfred Blue,00-0031075,RB,JAX,0,16.0,0.0,0.0,0.0,77.3,87.3,97.3,11.79,11.17,12.09,0.41,55.2,67.4
2019,Nathan Peterman,00-0033958,QB,LV,0,4.0,0.0,0.0,0.0,12.84,12.84,12.84,0.0,0.0,0.0,0.0,27.16,11.02
2019,Alex Smith,00-0023436,QB,WAS,0,10.0,0.0,0.0,0.0,138.0,138.0,138.0,66.68,66.99,68.6,0.19,174.79,174.02
2019,Garrett Celek,00-0028903,TE,SF,0,8.0,0.0,0.0,0.0,21.0,23.5,26.0,4.11,3.91,5.28,0.07,13.81,22.59
2019,Noah Brown,00-0033591,WR,DAL,0,7.0,0.0,0.0,0.0,5.4,7.9,10.4,2.01,1.97,1.87,0.02,10.53,7.18
2019,Spencer Ware,00-0030414,RB,IND,0,12.0,7.3,9.8,12.3,59.0,69.0,79.0,16.98,18.25,19.44,0.48,66.31,96.0
2019,David Morgan,00-0032430,TE,MIN,0,6.0,0.0,0.0,0.0,3.6,6.1,8.6,2.83,2.91,3.73,0.18,6.65,6.62
2019,Cameron Meredith,00-0031912,WR,NE,0,3.0,0.0,0.0,0.0,15.4,19.9,24.4,1.85,3.99,6.42,0.0,27.91,13.05
2019,Rico Gathers,00-0033054,TE,CLE,0,7.0,0.0,0.0,0.0,4.5,6.0,7.5,2.28,2.52,3.36,0.0,5.64,12.12
2019,Chad Kelly,00-0033597,QB,IND,0,1.0,0.0,0.0,0.0,-0.1,-0.1,-0.1,9.74,9.19,7.81,0.89,28.33,14.95
2019,Antonio Callaway,00-0034772,WR,CLE,0,16.0,8.9,12.9,16.9,89.3,110.8,132.3,34.76,48.17,58.36,0.23,126.82,90.7
2019,Kareem Hunt,00-0033923,RB,CLE,0,11.0,64.4,82.9,101.4,204.2,217.2,230.2,106.36,117.42,127.81,1.79,261.77,128.72
2019,Benjamin Watson,00-0022943,TE,NE,0,13.0,17.3,25.8,34.3,52.0,69.5,87.0,9.41,11.99,16.09,4.35,41.71,28.21
2019,Chris Herndon,00-0034766,TE,NYJ,0,14.0,0.7,1.2,1.7,74.2,93.7,113.2,25.92,31.19,40.54,1.0,79.68,56.65
2019,Lance Kendricks,00-0027985,TE,NE,0,14.0,5.0,6.5,8.0,23.0,32.5,42.0,7.37,9.6,11.57,2.77,20.4,25.1
2019,Golden Tate,00-0027891,WR,NYG,0,15.0,105.2,129.7,154.2,108.9,145.9,182.9,28.13,41.65,56.96,3.06,120.55,110.23
2019,De'Anthony Thomas,00-0031060,WR,KC,0,5.0,1.1,1.6,2.1,9.5,11.0,12.5,5.24,6.66,7.34,0.0,29.78,11.81
2019,Justin Blackmon,00-0029707,WR,JAX,0,,0.0,0.0,0.0,,,,3.78,4.01,5.2,0.24,37.16,20.52
2019,Temuchin Hodges,00-0033966,TE,NYJ,0,,0.0,0.0,0.0,,,,2.37,3.34,5.02,0.06,22.99,20.52
2019,Tyler Bray,00-0030151,QB,CHI,0,,0.0,0.0,0.0,,,,1.64,1.65,1.38,0.0,16.08,5.45
2019,DeAndrew White,00-0031511,WR,CAR,0,,5.1,7.1,9.1,,,,0.16,0.52,1.01,0.0,0.93,9.59
2019,Tra Carson,00-0032540,RB,GB,0,2.0,6.6,8.6,10.6,0.0,0.0,0.0,1.89,2.19,2.29,0.0,10.56,5.97
2019,Jake Rudock,00-0032431,QB,MIA,0,,0.0,0.0,0.0,,,,0.0,0.0,0.0,0.0,28.27,6.27
2019,Moritz Boehringer,00-0032341,TE,CIN,0,,0.0,0.0,0.0,,,,2.16,2.44,2.82,0.0,9.36,20.52
2019,Ian Bunting,00-0035067,TE,NYJ,1,,0.0,0.0,0.0,,,,1.56,1.77,2.33,0.0,2.2,20.52
2019,Emanuel Hall,00-0035070,WR,TB,1,,0.0,0.0,0.0,,,,3.72,4.65,5.06,0.0,6.23,20.52
2019,Thomas Ives,00-0035074,WR,CHI,1,,0.0,0.0,0.0,,,,0.73,0.83,0.9,0.0,2.41,20.52
2019,Stephen Carlson,00-0035039,TE,CLE,1,,11.1,13.6,16.1,,,,2.69,2.9,3.59,0.0,1.65,20.52
2019,Malik Henry,00-0035031,WR,SF,1,,0.0,0.0,0.0,,,,2.87,3.01,3.65,0.0,3.74,20.52
2019,Ashton Dulin,00-0035021,WR,IND,1,,1.7,2.7,3.7,,,,3.08,4.5,5.31,0.0,8.82,20.52
2019,Sean Modster,00-0035114,WR,BAL,1,,0.0,0.0,0.0,,,,3.48,4.31,5.06,0.0,9.99,20.52
2019,Charles Scarff,00-0035119,TE,BAL,1,,0.0,0.0,0.0,,,,4.1,4.85,5.59,0.0,16.46,20.52
2019,Antoine Wesley,00-0035126,WR,BAL,1,,0.0,0.0,0.0,,,,5.57,6.9,7.76,0.0,26.42,20.52
2019,Jakob Johnson,00-0035726,TE,NE,1,,0.5,1.0,1.5,,,,0.58,0.53,0.7,0.0,5.02,20.52
2019,Christian Wade,00-0035728,RB,BUF,1,,0.0,0.0,0.0,,,,2.57,2.57,3.38,0.0,11.83,20.52
2019,Rico Gafford,00-0034660,WR,LV,0,,12.6,13.6,14.6,,,,2.61,3.32,3.92,0.0,5.94,20.52
2019,Kyle Shurmur,00-0035163,QB,KC,1,,0.0,0.0,0.0,,,,0.61,0.33,0.33,0.0,17.22,20.52
2019,Cody Thompson,00-0035164,WR,KC,1,,0.0,0.0,0.0,,,,1.07,0.77,1.08,0.0,3.89,20.52
2019,Jordan Franks,00-0034532,RB,CIN,0,4.0,0.0,0.0,0.0,3.7,4.7,5.7,5.88,7.57,9.81,0.0,15.78,11.67
2019,Detrez Newsome,00-0034565,RB,LAC,0,5.0,0.0,0.0,0.0,6.8,7.8,8.8,9.74,11.25,12.64,0.09,37.72,18.92
2019,Alex McGough,00-0034732,QB,HOU,0,,0.0,0.0,0.0,,,,2.56,3.1,2.47,0.0,21.99,20.52
2019,Marcell Ateman,00-0034747,WR,LV,0,7.0,9.6,12.1,14.6,21.4,28.9,36.4,9.8,12.51,12.23,0.0,26.58,25.41
2019,Vyncint Smith,00-0034631,WR,HOU,0,4.0,33.7,42.2,50.7,15.1,17.6,20.1,8.56,9.47,10.45,0.0,15.64,13.92
2019,Brandon Powell,00-0034646,WR,ATL,0,6.0,0.0,0.0,0.0,13.3,18.8,24.3,10.05,12.32,14.09,0.0,12.68,21.89
2019,Ryan Nall,00-0034597,RB,CHI,0,,0.8,0.8,0.8,,,,2.45,3.15,3.9,0.0,21.59,20.52
2019,John Wolford,00-0034899,QB,LA,1,,0.0,0.0,0.0,,,,3.35,3.23,3.57,0.29,29.68,20.52
2019,Christopher Ezeala,00-0034876,RB,BAL,0,,0.0,0.0,0.0,,,,1.89,2.28,2.42,0.0,7.08,20.52
2019,John Kelly,00-0034808,RB,LA,0,4.0,0.9,0.9,0.9,10.1,11.1,12.1,15.65,16.73,21.64,0.06,70.2,17.38
2019,Christian Scotland-Williamson,00-0034340,TE,PIT,0,,0.0,0.0,0.0,,,,1.57,1.91,2.22,0.0,6.97,20.52
2019,Clayton Thorson,00-0035283,QB,DAL,1,,0.0,0.0,0.0,,,,1.84,1.52,1.51,0.0,20.3,20.52
2019,Marcus Green,00-0035296,WR,PHI,1,,0.0,0.0,0.0,,,,3.52,4.99,4.65,0.0,33.17,20.52
2019,Derrick Willies,00-0034258,WR,CLE,0,1.0,0.0,0.0,0.0,6.1,7.6,9.1,7.97,10.02,13.72,0.0,36.33,19.94
2019,Luke Falk,00-0034412,QB,NYJ,0,,8.64,8.64,8.64,,,,3.9,2.5,2.59,0.0,21.61,20.52
2019,Boston Scott,00-0034414,RB,PHI,0,1.0,74.9,86.9,98.9,0.0,0.0,0.0,5.83,7.37,6.47,0.03,37.32,6.6
2019,Danny Etling,00-0034423,QB,ATL,0,,0.0,0.0,0.0,,,,2.38,2.31,2.8,0.0,27.94,20.52
2019,Cedrick Wilson Jr.,00-0034418,WR,DAL,0,,4.6,7.1,9.6,,,,0.52,1.06,1.91,0.0,9.8,20.52
2019,Kyle Lauletta,00-0034369,QB,PHI,0,1.0,0.0,0.0,0.0,-2.2,-2.2,-2.2,2.67,2.26,3.07,0.0,24.42,12.37
2019,Chad Kanoff,00-0034478,QB,DET,0,,0.0,0.0,0.0,,,,3.77,3.61,3.9,0.0,20.99,20.52
2019,Logan Woodside,00-0034438,QB,TEN,0,,0.0,0.0,0.0,,,,5.67,4.98,4.57,0.0,30.0,20.52
2019,Josh Adams,00-0034457,RB,NYJ,0,13.0,1.2,1.2,1.2,74.9,78.4,81.9,13.96,16.04,14.8,1.44,77.14,77.39
2019,Quinton Flowers,00-0034531,RB,IND,0,,0.0,0.0,0.0,,,,1.51,1.68,1.75,0.0,11.45,20.52
2019,Chris Myarick,00-0035345,TE,MIA,1,,0.0,0.0,0.0,,,,4.64,6.18,7.43,0.0,10.17,20.52
2019,Caleb Wilson,00-0035320,TE,ARI,1,,0.0,0.0,0.0,,,,11.11,15.61,18.99,0.68,28.22,20.52
2019,Nate Becker,00-0035322,TE,BUF,1,,0.0,0.0,0.0,,,,1.79,2.34,2.84,0.0,5.23,20.52
2019,Cam Sims,00-0034104,WR,WAS,0,,2.7,3.7,4.7,,,,8.25,9.8,10.09,0.0,5.64,20.52
2019,Christian Blake,00-0034132,WR,ATL,0,,9.1,14.6,20.1,,,,2.56,3.2,3.93,0.0,3.97,20.52
2019,Mike Weber,00-0035303,RB,DAL,1,,0.0,0.0,0.0,,,,5.8,5.72,6.81,0.0,35.86,20.52
2019,Nick Keizer,00-0034192,TE,KC,0,,0.0,0.0,0.0,,,,1.07,1.25,1.3,0.0,5.02,20.52
2019,Kevin Rader,00-0034193,TE,PIT,1,,0.0,0.0,0.0,,,,1.45,1.73,2.0,0.0,2.81,20.52
2019,Chase Litton,00-0034291,QB,JAX,0,,0.0,0.0,0.0,,,,5.99,5.21,4.71,0.0,29.32,20.52
2019,De'Lance Turner,00-0034201,RB,BAL,0,2.0,0.6,0.6,0.6,2.1,3.1,4.1,6.28,7.79,9.4,0.06,38.97,7.53
2019,Lil'Jordan Humphrey,00-0035406,WR,NO,1,,0.0,0.0,0.0,,,,3.09,3.78,3.86,0.0,20.87,20.52
2019,Alize Mack,00-0035309,TE,NO,1,,0.0,0.0,0.0,,,,1.32,1.89,2.43,0.0,15.01,20.52
2019,Jordan Ellis,00-0035396,RB,CIN,1,,0.0,0.0,0.0,,,,1.13,1.46,1.63,0.0,3.72,20.52
2019,Stanley Morgan,00-0035399,WR,CIN,1,,1.8,3.3,4.8,,,,2.75,2.67,2.78,0.0,6.06,20.52
2019,Chad Williams,00-0033933,WR,IND,0,10.0,0.0,0.0,0.0,24.0,32.5,41.0,9.49,10.77,13.21,0.33,28.55,24.57
2019,Papi White,00-0035376,WR,TEN,1,,0.0,0.0,0.0,,,,2.82,3.21,3.67,0.0,1.55,20.52
2019,Dan Arnold,00-0034011,TE,NO,0,7.0,24.7,28.7,32.7,21.0,27.0,33.0,8.04,10.32,13.39,0.0,30.7,24.14
2019,Steven Mitchell,00-0034081,WR,HOU,0,,3.7,4.7,5.7,,,,2.63,3.11,3.8,0.0,1.56,20.52
2019,Fred Brown,00-0033994,WR,DEN,0,,2.1,3.1,4.1,,,,1.97,2.52,2.85,0.0,2.46,20.52
2019,Carson Meier,00-0035367,TE,ATL,1,,0.0,0.0,0.0,,,,1.53,1.95,2.31,0.0,2.19,20.52
2019,Michael Walker,00-0035374,WR,JAX,1,,1.5,2.5,3.5,,,,2.8,3.42,4.47,0.0,10.01,20.52
2019,Jeff Wilson,00-0034115,RB,SF,0,6.0,43.9,45.4,46.9,32.4,38.4,44.4,17.01,18.23,23.54,0.27,73.46,78.91
2019,Jordan Leggett,00-0033953,TE,TB,0,13.0,0.0,0.0,0.0,17.4,24.4,31.4,5.47,5.82,7.85,0.0,17.8,22.26
2019,David Sills,00-0035359,WR,NYG,1,,0.0,0.0,0.0,,,,2.12,2.89,3.98,0.0,5.86,20.52
2019,Karan Higdon,00-0035454,RB,HOU,1,,0.0,0.0,0.0,,,,3.66,4.06,5.35,0.0,3.13,20.52
2019,Greg Ward,00-0033733,WR,PHI,0,,31.9,45.9,59.9,,,,1.86,2.22,2.43,0.0,3.66,20.52
2019,Tyron Johnson,00-0035457,WR,BUF,1,,0.0,0.0,0.0,,,,2.41,3.0,3.36,0.0,8.22,20.52
2019,Nick Fitzgerald,00-0035471,QB,TB,1,,0.0,0.0,0.0,,,,6.21,6.03,6.59,0.0,29.77,20.52
2019,Matt Sokol,00-0035436,TE,LAC,1,,0.0,0.0,0.0,,,,1.36,1.41,1.84,0.0,5.92,20.52
2019,Daniel Helm,00-0035428,TE,SF,1,,0.0,0.0,0.0,,,,0.63,0.79,1.31,0.0,5.22,20.52
2019,Jason Moore,00-0035432,WR,LAC,1,,4.3,5.3,6.3,,,,1.05,1.3,1.13,0.0,2.69,20.52
2019,Elijah Holyfield,00-0035442,RB,CAR,1,,0.0,0.0,0.0,,,,5.84,5.94,6.02,0.0,39.2,20.52
2019,Damarea Crockett,00-0035448,RB,LV,1,,0.0,0.0,0.0,,,,5.58,5.86,5.33,0.0,29.11,20.52
2019,Johnnie Dixon,00-0035450,WR,ARI,1,,0.0,0.0,0.0,,,,1.61,1.69,2.02,0.0,4.69,20.52
2019,Khalfani Muhammad,00-0033797,RB,DEN,0,,0.0,0.0,0.0,,,,4.2,5.11,5.19,0.0,9.72,20.52
2019,Mason Schreck,00-0033798,TE,CIN,0,1.0,0.0,0.0,0.0,0.0,0.0,0.0,2.8,2.87,2.93,0.0,11.12,6.6
2019,Trey Edmunds,00-0033838,RB,PIT,0,,14.0,17.0,20.0,,,,0.85,1.07,0.95,0.0,11.33,9.16
2019,Josh Malone,00-0033859,WR,NYJ,0,3.0,0.0,0.0,0.0,1.2,1.7,2.2,2.41,2.89,3.2,0.0,15.41,4.55
2019,Isaiah Ford,00-0033471,WR,MIA,0,1.0,25.5,37.0,48.5,0.0,0.0,0.0,9.53,10.83,14.45,0.0,25.14,6.6
2019,Jehu Chesson,00-0033464,WR,WAS,0,6.0,0.0,0.0,0.0,0.3,0.8,1.3,4.66,6.05,5.15,1.89,21.26,10.32
2019,Malik Taylor,00-0035480,WR,GB,1,,0.0,0.0,0.0,,,,1.71,2.21,2.6,0.0,1.56,20.52
2019,Greg Dortch,00-0035500,WR,NYJ,1,,0.0,0.0,0.0,,,,5.75,7.28,7.22,0.0,17.41,20.52
2019,Isaac Nauta,00-0035539,TE,DET,1,,1.3,2.3,3.3,,,,4.12,6.04,7.26,0.0,32.3,20.52
2019,Shelton Gibson,00-0033573,WR,CLE,0,5.0,0.0,0.0,0.0,4.8,5.3,5.8,2.56,3.18,3.35,0.0,11.73,8.09
2019,Kyle Sloter,00-0033672,QB,ARI,0,,0.0,0.0,0.0,,,,5.15,4.11,3.04,0.56,20.43,20.52
2019,Davis Webb,00-0033550,QB,BUF,0,,0.0,0.0,0.0,,,,5.52,4.57,4.28,0.0,29.55,20.52
2019,Jeff Smith,00-0035510,WR,NYJ,1,,1.2,1.7,2.2,,,,2.36,3.09,3.15,0.0,4.88,20.52
2019,Justin Davis,00-0033760,RB,ARI,0,4.0,0.0,0.0,0.0,1.9,1.9,1.9,4.7,4.94,5.37,0.0,24.7,0.38
2019,Evan Baylis,00-0033763,TE,GB,0,,0.0,0.0,0.0,,,,0.6,0.78,0.33,0.0,1.05,5.45
2019,Andre Patton,00-0033705,WR,LAC,0,,5.6,8.6,11.6,,,,0.84,1.03,0.87,0.0,1.15,20.52
2019,Artavis Scott,00-0033706,WR,LAC,0,,0.0,0.0,0.0,,,,1.93,2.23,1.79,0.0,4.53,20.52
2019,Eric Saubert,00-0033576,TE,LV,0,7.0,2.1,3.1,4.1,4.8,7.3,9.8,2.81,3.83,4.54,0.5,11.28,3.34
2019,Elijah McGuire,00-0033295,RB,CLE,0,8.0,0.0,0.0,0.0,66.9,76.4,85.9,10.18,14.14,15.44,0.0,77.44,35.45
2019,Cole Hikutini,00-0033315,TE,DAL,0,,0.0,0.0,0.0,,,,3.12,4.19,5.02,0.0,12.77,9.26
2019,Temarrick Hemingway,00-0033112,TE,CAR,0,1.0,0.0,0.0,0.0,0.0,0.0,0.0,4.1,4.47,5.0,0.0,13.26,6.6
2019,Kendall Blanton,00-0035603,TE,LA,1,,0.0,0.0,0.0,,,,0.9,1.71,2.21,0.0,8.41,20.52
2019,Craig Reynolds,00-0035567,RB,WAS,1,,0.0,0.0,0.0,,,,6.79,7.69,8.91,0.0,12.14,20.52
2019,Parker Hesse,00-0035572,TE,TEN,1,,0.0,0.0,0.0,,,,1.57,1.75,1.96,0.0,3.45,20.52
2019,Jesper Horsted,00-0035562,TE,CHI,1,,14.7,18.7,22.7,,,,1.04,1.2,1.55,0.0,7.55,20.52
2019,Taquan Mizzell,00-0033373,RB,NO,0,8.0,0.0,0.0,0.0,15.4,19.4,23.4,5.0,5.71,6.75,0.02,17.3,13.88
2019,Cody Hollister,00-0033386,WR,TEN,0,,1.3,2.3,3.3,,,,1.56,1.86,1.94,0.0,1.69,20.52
2019,Jacob Hollister,00-0033387,TE,SEA,0,3.0,52.9,73.4,93.9,5.2,7.2,9.2,2.24,3.6,5.46,0.3,11.34,6.56
2019,Tevin Jones,00-0032728,WR,PIT,0,,6.1,8.1,10.1,,,,0.64,0.76,0.71,0.0,0.0,20.52
2019,Stephen Anderson,00-0032725,TE,NE,0,,0.0,0.0,0.0,,,,1.29,1.17,0.72,0.0,12.21,23.21
2019,Tom Kennedy,00-0035544,WR,DET,1,,0.0,0.0,0.0,,,,2.55,3.04,3.4,0.0,5.98,20.52
2019,Joseph Fortson,00-0035547,TE,KC,1,,0.0,0.0,0.0,,,,1.17,1.48,1.45,0.0,9.8,20.52
2019,Ventell Bryant,00-0035548,WR,DAL,1,,7.5,8.0,8.5,,,,2.02,2.02,2.42,0.0,2.48,20.52
2019,Tony Brooks-James,00-0035551,RB,TB,1,,0.7,0.7,0.7,,,,4.02,4.5,4.84,0.0,15.5,20.52
2019,Charles Jones,00-0035553,TE,JAX,1,,0.5,1.0,1.5,,,,2.24,2.6,3.15,0.0,7.67,20.52
2019,Josh Perkins,00-0032599,TE,PHI,0,6.0,14.7,19.2,23.7,6.7,9.2,11.7,7.08,8.44,11.08,0.07,23.82,11.79
2019,Duke Williams,00-0032945,WR,BUF,1,,22.6,28.6,34.6,,,,1.53,1.79,1.92,0.0,6.66,20.52
2019,Marvin Hall,00-0033094,WR,DET,0,14.0,32.8,36.3,39.8,20.9,25.9,30.9,4.29,5.35,6.73,0.0,10.67,18.41
2019,Cardale Jones,00-0033098,QB,SEA,0,,0.0,0.0,0.0,,,,1.98,1.56,2.72,0.0,23.58,20.52
2019,Byron Marshall,00-0032964,RB,BUF,0,5.0,0.0,0.0,0.0,3.9,5.9,7.9,6.68,9.2,11.01,0.0,31.92,14.25
2019,Terry Wright,00-0035097,WR,SEA,1,,0.0,0.0,0.0,,,,1.91,2.69,3.63,0.0,3.03,20.52
2019,Khari Blasingame,00-0035099,RB,MIN,1,,0.0,0.0,0.0,,,,3.56,4.02,4.11,0.0,11.24,20.52
2019,Jake Browning,00-0035100,QB,MIN,1,,0.0,0.0,0.0,,,,4.96,4.89,5.92,0.0,25.65,20.52
2019,Davion Davis,00-0035101,WR,MIN,1,,0.0,0.0,0.0,,,,2.46,3.07,3.54,0.0,3.5,20.52
2019,Emmanuel Butler,00-0034943,WR,NO,1,,0.0,0.0,0.0,,,,1.07,1.31,1.24,0.0,6.57,20.52
2019,Brett Rypien,00-0034955,QB,DEN,1,,0.0,0.0,0.0,,,,5.65,6.57,6.38,0.02,29.76,20.52
2019,C.J. Conrad,00-0035009,TE,NYG,1,,0.0,0.0,0.0,,,,1.49,1.92,2.28,0.0,0.8,20.52
2019,Marcus Marshall,00-0035209,RB,KC,1,,0.0,0.0,0.0,,,,2.3,2.59,2.8,0.0,14.83,20.52
2019,Jon Hilliman,00-0035013,RB,NYG,1,,5.2,6.7,8.2,,,,2.69,3.21,3.38,0.0,12.73,20.52
2019,Reggie White Jr.,00-0035019,WR,NYG,1,,0.0,0.0,0.0,,,,1.66,2.18,2.53,0.0,2.03,20.52
2019,Dillon Mitchell,00-0035002,WR,MIN,1,,0.0,0.0,0.0,,,,4.78,6.6,7.62,0.0,18.98,20.52
2019,Jazz Ferguson,00-0035090,WR,SEA,1,,0.0,0.0,0.0,,,,1.13,1.78,1.86,0.0,4.02,20.52
2019,Manny Wilkins,00-0035077,QB,GB,1,,0.0,0.0,0.0,,,,5.1,5.45,6.72,0.0,25.65,20.52
2019,Valentine Holmes,00-0035725,RB,NYJ,1,,0.0,0.0,0.0,,,,3.69,4.23,4.81,0.0,11.74,20.52
2019,Antonio Gates,00-0021547,TE,,0,16.0,0.0,0.0,0.0,47.3,61.3,75.3,3.05,4.47,6.05,0.0,26.2,32.09
2019,Derek Anderson,00-0023645,QB,,0,2.0,0.0,0.0,0.0,6.5,6.5,6.5,9.3,7.99,6.43,0.0,3.24,16.61
2019,Matt Cassel,00-0023662,QB,,0,2.0,0.0,0.0,0.0,1.66,1.66,1.66,0.0,0.0,0.0,0.0,2.84,5.33
2019,Brandon Marshall,00-0024334,WR,,0,6.0,0.0,0.0,0.0,19.6,25.1,30.6,0.41,0.0,0.16,0.0,4.43,10.54
2019,Marshawn Lynch,00-0025399,RB,,0,6.0,9.4,9.4,9.4,64.0,71.5,79.0,6.4,7.07,8.83,0.0,41.09,40.65
2019,Jonathan Stewart,00-0026153,RB,,0,3.0,0.0,0.0,0.0,1.7,1.7,1.7,0.6,1.46,1.23,0.0,23.83,36.0
2019,Jordy Nelson,00-0026176,WR,,0,15.0,0.0,0.0,0.0,93.7,125.2,156.7,9.56,15.38,21.4,0.0,95.41,64.27
2019,Jamaal Charles,00-0026213,RB,,0,2.0,0.0,0.0,0.0,1.4,2.4,3.4,1.94,2.66,2.58,0.0,8.09,12.59
2019,Pierre Garcon,00-0026345,WR,,0,8.0,0.0,0.0,0.0,34.6,46.6,58.6,3.62,6.04,6.26,0.0,33.35,29.47
2019,Mark Sanchez,00-0026898,QB,,0,2.0,0.0,0.0,0.0,0.32,0.32,0.32,1.97,0.68,0.34,0.0,19.19,22.29
2019,Mike Wallace,00-0026901,WR,,0,1.0,0.0,0.0,0.0,0.0,0.0,0.0,0.51,1.49,1.78,0.0,19.47,35.56
2019,Darrius Heyward-Bey,00-0026983,WR,,0,8.0,0.0,0.0,0.0,0.2,0.7,1.2,0.0,0.0,0.0,0.0,14.27,9.99
2019,Brandon Tate,00-0027057,WR,,0,1.0,0.0,0.0,0.0,0.0,0.0,0.0,0.15,0.17,0.0,0.0,3.56,7.35
2019,John Phillips,00-0027139,TE,,0,2.0,0.0,0.0,0.0,3.8,5.3,6.8,0.0,0.0,0.0,0.0,1.35,4.89
2019,LeGarrette Blount,00-0027325,RB,,0,16.0,0.0,0.0,0.0,76.5,81.5,86.5,7.83,6.06,6.91,0.0,42.57,48.81
2019,Chris Ivory,00-0027531,RB,,0,13.0,0.0,0.0,0.0,62.0,68.0,74.0,1.33,1.06,0.68,0.0,13.51,58.03
2019,Rob Gronkowski,00-0027656,TE,,0,13.0,0.0,0.0,0.0,84.2,107.7,131.2,24.16,30.69,37.97,0.0,93.1,84.57
2019,Brandon LaFell,00-0027681,WR,,0,4.0,0.0,0.0,0.0,25.5,31.5,37.5,3.26,4.09,4.31,0.0,25.45,26.53
2019,Sam Bradford,00-0027854,QB,,0,3.0,0.0,0.0,0.0,12.7,12.7,12.7,13.27,11.23,6.51,0.0,31.85,8.15
2019,Jermaine Gresham,00-0027873,TE,,0,8.0,0.0,0.0,0.0,7.4,11.9,16.4,1.07,1.08,0.77,0.0,12.1,12.79
2019,Torrey Smith,00-0027996,WR,,0,8.0,0.0,0.0,0.0,33.0,41.5,50.0,2.02,2.88,2.11,0.0,13.91,26.19
2019,Stevan Ridley,00-0028011,RB,,0,9.0,0.0,0.0,0.0,11.8,13.3,14.8,0.0,0.0,0.0,0.0,8.8,9.62
2019,Jacquizz Rodgers,00-0028083,RB,,0,15.0,0.0,0.0,0.0,45.0,64.0,83.0,5.36,5.83,6.19,0.0,22.68,28.14
2019,Jeremy Kerley,00-0028091,WR,,0,1.0,0.0,0.0,0.0,0.7,1.7,2.7,1.0,1.61,1.85,0.0,0.39,7.59
2019,Niles Paul,00-0028093,TE,,0,6.0,0.0,0.0,0.0,9.5,14.5,19.5,0.44,0.62,1.05,0.0,0.76,9.87
2019,Aldrick Robinson,00-0028116,WR,,0,14.0,0.0,0.0,0.0,53.1,61.6,70.1,9.01,11.0,13.59,0.0,32.81,30.61
2019,Andre Holmes,00-0028263,WR,,0,13.0,0.0,0.0,0.0,16.2,22.7,29.2,1.63,2.24,2.27,0.0,2.76,18.45
2019,Doug Baldwin,00-0028434,WR,,0,13.0,0.0,0.0,0.0,91.8,116.8,141.8,22.84,32.65,43.82,0.0,110.74,88.42
2019,Kamar Aiken,00-0028497,WR,,0,3.0,0.0,0.0,0.0,5.3,8.3,11.3,0.99,1.23,1.26,0.0,0.01,11.91
2019,Terrelle Pryor,00-0028825,WR,,0,8.0,0.0,0.0,0.0,37.1,45.1,53.1,2.81,5.04,6.06,0.0,19.51,26.53
2019,Rod Streater,00-0029129,WR,,0,1.0,0.0,0.0,0.0,-1.1,-1.1,-1.1,0.0,0.0,0.0,0.0,2.62,12.6
2019,Travaris Cadet,00-0029205,RB,,0,1.0,0.0,0.0,0.0,2.2,2.7,3.2,1.58,2.23,2.79,0.0,3.53,14.27
2019,Robert Turbin,00-0029273,RB,,0,2.0,0.0,0.0,0.0,-0.7,-0.2,0.3,3.17,3.29,3.61,0.0,11.62,10.8
2019,Deonte Thompson,00-0029388,WR,,0,13.0,0.0,0.0,0.0,16.1,24.6,33.1,2.99,4.37,5.53,0.0,11.41,28.42
2019,Orson Charles,00-0029414,TE,,0,10.0,0.0,0.0,0.0,2.3,3.8,5.3,0.0,0.0,0.0,0.0,1.21,8.87
2019,Rishard Matthews,00-0029580,WR,,0,6.0,0.0,0.0,0.0,2.4,4.9,7.4,9.53,12.31,15.04,0.0,19.97,33.07
2019,Doug Martin,00-0029613,RB,,0,16.0,0.0,0.0,0.0,101.9,110.9,119.9,11.99,14.37,14.57,0.0,67.91,79.72
2019,Michael Floyd,00-0029638,WR,,0,10.0,0.0,0.0,0.0,18.0,23.0,28.0,5.34,7.1,9.56,0.0,21.79,12.85
2019,Brian Quick,00-0029640,WR,,0,2.0,0.0,0.0,0.0,1.8,3.3,4.8,0.95,1.15,1.39,0.0,7.58,5.09
2019,Andrew Luck,00-0029668,QB,,0,16.0,0.0,0.0,0.0,326.92,327.42,327.92,43.13,33.21,32.21,22.11,242.89,251.7
2019,Brandon Weeden,00-0029677,QB,,0,1.0,0.0,0.0,0.0,-0.1,-0.1,-0.1,0.0,0.0,0.0,0.0,10.5,14.95
2019,Brock Osweiler,00-0029682,QB,,0,7.0,0.0,0.0,0.0,67.98,67.98,67.98,11.26,10.49,8.61,0.0,45.06,53.41
2019,Dwayne Allen,00-0029689,TE,,0,4.0,0.0,0.0,0.0,2.7,4.2,5.7,0.95,1.7,2.61,0.0,4.04,4.71
2019,Benny Cunningham,00-0029795,RB,,0,9.0,0.0,0.0,0.0,2.9,3.4,3.9,1.43,2.22,2.81,0.0,10.38,12.2
2019,Luke Willson,00-0030089,TE,,0,10.0,7.9,11.9,15.9,8.7,15.2,21.7,1.15,0.99,1.0,0.0,8.33,22.62
2019,Dion Sims,00-0030422,TE,,0,3.0,0.0,0.0,0.0,0.9,1.9,2.9,0.0,0.0,0.0,0.0,2.83,4.62
2019,Christine Michael,00-0030432,RB,,0,1.0,0.0,0.0,0.0,0.9,0.9,0.9,1.74,2.29,2.5,0.0,23.65,6.75
2019,Mike Gillislee,00-0030433,RB,,0,4.0,0.0,0.0,0.0,3.2,3.7,4.2,0.07,0.55,1.15,0.0,16.62,9.88
2019,Brice Butler,00-0030516,WR,,0,6.0,0.0,0.0,0.0,12.0,15.0,18.0,3.79,4.21,4.83,0.0,12.67,7.79
2019,Justin Hunter,00-0030521,WR,,0,4.0,0.0,0.0,0.0,2.1,3.6,5.1,2.47,2.86,3.64,0.0,13.68,4.65
2019,Terrance Williams,00-0030542,WR,,0,2.0,0.0,0.0,0.0,1.8,2.8,3.8,1.61,3.59,4.05,0.0,11.05,10.34
2019,Charcandrick West,00-0030668,RB,,0,2.0,0.0,0.0,0.0,9.6,10.6,11.6,0.65,0.99,1.26,0.0,7.06,14.71
2019,Freddie Martino,00-0030737,WR,,0,1.0,0.0,0.0,0.0,0.0,0.0,0.0,0.12,0.21,0.01,0.0,0.6,7.52
2019,Ryan Hewitt,00-0030780,TE,,0,4.0,0.0,0.0,0.0,6.1,6.6,7.1,0.0,0.0,0.0,0.0,0.0,7.05
2019,Erik Swoope,00-0030854,TE,,0,7.0,0.0,0.0,0.0,26.7,30.7,34.7,4.78,5.33,8.53,0.0,24.78,24.09
2019,Kapri Bibbs,00-0031102,RB,,0,10.0,0.0,0.0,0.0,45.8,53.8,61.8,19.03,24.29,33.37,0.0,39.29,29.59
2019,T.J. Jones,00-0031189,WR,,0,12.0,9.8,11.3,12.8,31.0,40.5,50.0,9.19,11.81,13.68,0.0,41.74,26.16
2019,Senorise Perry,00-0031209,RB,,0,11.0,0.4,0.9,1.4,0.0,0.0,0.0,0.41,0.64,0.66,0.0,0.72,6.57
2019,Jordan Matthews,00-0031299,TE,,0,11.0,3.3,5.3,7.3,42.0,52.0,62.0,11.17,15.64,20.11,0.0,41.17,26.04
2019,Jeremy Hill,00-0031301,RB,,0,1.0,0.0,0.0,0.0,3.1,3.6,4.1,3.71,4.0,4.44,0.0,20.65,15.46
2019,Bruce Ellington,00-0031326,WR,,0,7.0,0.0,0.0,0.0,28.6,44.1,59.6,2.18,3.06,3.21,0.0,25.68,22.53
2019,Kelvin Benjamin,00-0031359,WR,,0,15.0,0.0,0.0,0.0,44.0,56.5,69.0,12.36,16.58,22.47,0.0,52.19,33.2
2019,Martavis Bryant,00-0031373,WR,,0,7.0,0.0,0.0,0.0,26.9,36.4,45.9,9.02,12.07,13.13,0.0,18.33,30.75
2019,Austin Seferian-Jenkins,00-0031418,TE,,0,5.0,0.0,0.0,0.0,15.0,20.5,26.0,1.97,2.3,3.96,0.0,13.38,16.89
2019,Jerome Cunningham,00-0031462,TE,,0,1.0,0.0,0.0,0.0,0.0,0.0,0.0,0.0,0.1,0.08,0.0,0.13,6.6
2019,Kevin White,00-0031545,WR,,0,3.0,0.0,0.0,0.0,9.2,11.2,13.2,0.0,0.0,1.37,0.0,16.78,7.63
2019,Jeremy Langford,00-0031569,RB,,0,1.0,0.0,0.0,0.0,2.5,2.5,2.5,0.0,0.45,0.0,0.0,13.51,21.07
2019,Jay Ajayi,00-0031590,RB,,0,4.0,3.0,3.0,3.0,38.4,40.9,43.4,17.47,17.88,20.09,0.0,37.27,36.19
2019,Cameron Artis-Payne,00-0031599,RB,,0,4.0,0.0,0.0,0.0,14.4,15.9,17.4,0.16,0.0,0.0,0.0,13.3,5.72
2019,A.J. Derby,00-0031609,TE,,0,3.0,0.0,0.0,0.0,10.8,12.3,13.8,1.4,1.76,2.08,0.0,1.31,9.09
2019,Zach Zenner,00-0031665,RB,,0,7.0,1.7,2.7,3.7,50.1,53.6,57.1,14.52,14.42,15.64,0.0,30.97,51.89
2019,Corey Grant,00-0031731,RB,,0,5.0,0.0,0.0,0.0,10.7,15.2,19.7,2.12,2.65,2.76,0.0,6.82,14.61
2019,Eli Rogers,00-0031782,WR,,0,3.0,0.0,0.0,0.0,9.5,15.5,21.5,2.65,3.4,4.62,0.0,4.84,14.69
2019,Matt Lengel,00-0031788,TE,,0,7.0,0.0,0.0,0.0,7.7,9.2,10.7,0.16,0.4,0.73,0.0,3.56,12.25
2019,Taylor Heinicke,00-0031800,QB,,0,5.0,0.0,0.0,0.0,13.9,13.9,13.9,0.0,0.0,0.0,0.0,3.21,25.45
2019,Gabe Holmes,00-0031884,TE,,0,1.0,0.0,0.0,0.0,0.0,0.0,0.0,0.0,0.0,0.0,0.0,0.0,2.09
2019,Khari Lee,00-0031922,TE,,0,1.0,0.0,0.0,0.0,0.5,1.0,1.5,0.29,0.56,0.7,0.0,3.45,6.42
2019,Marcus Murphy,00-0031959,RB,,0,11.0,0.0,0.0,0.0,27.6,33.1,38.6,9.09,11.3,13.53,0.0,26.79,58.53
2019,Brian Parker,00-0032089,TE,,0,8.0,0.0,0.0,0.0,3.3,5.8,8.3,0.55,0.86,0.94,0.0,5.94,7.33
2019,Kaelin Clay,00-0032115,WR,,0,2.0,0.0,0.0,0.0,0.0,0.0,0.0,0.37,0.77,0.61,0.0,1.68,3.4
2019,Neal Sterling,00-0032120,TE,,0,4.0,0.0,0.0,0.0,4.7,7.7,10.7,1.16,1.67,2.08,0.0,0.87,7.18
2019,Melvin Gordon,00-0032144,RB,,0,12.0,138.8,159.8,180.8,225.5,250.5,275.5,52.75,62.31,72.34,0.0,221.4,151.05
2019,Sammie Coates,00-0032166,WR,,0,4.0,0.0,0.0,0.0,1.2,1.7,2.2,0.0,0.0,0.0,0.0,4.88,4.78
2019,Rashad Greene,00-0032170,WR,,0,7.0,0.0,0.0,0.0,4.0,7.0,10.0,0.67,1.1,1.19,0.0,3.73,12.12
2019,Maurice Harris,00-0032362,WR,,0,11.0,0.0,0.0,0.0,31.4,45.4,59.4,5.87,8.79,10.2,0.0,32.22,32.93
2019,Rob Kelley,00-0032371,RB,,0,2.0,0.0,0.0,0.0,0.8,0.8,0.8,0.93,1.86,1.4,0.0,7.28,15.8
2019,Alex Collins,00-0032426,RB,,0,10.0,0.0,0.0,0.0,93.6,101.1,108.6,39.74,39.1,44.77,0.0,86.71,58.09
2019,Tanner McEvoy,00-0032475,WR,,0,1.0,0.0,0.0,0.0,0.0,0.0,0.0,0.91,0.9,1.03,0.0,0.3,7.3
2019,Hakeem Valles,00-0032508,TE,,0,2.0,0.0,0.0,0.0,1.1,2.1,3.1,0.25,0.42,0.26,0.0,0.19,7.58
2019,Cole Wick,00-0032562,TE,,0,2.0,0.0,0.0,0.0,0.0,0.0,0.0,0.87,1.04,1.29,0.0,0.07,7.73
2019,Brandon Wilds,00-0032593,RB,,0,3.0,0.0,0.0,0.0,1.5,1.5,1.5,1.03,1.14,1.26,0.0,0.47,13.68
2019,David Grinnage,00-0032634,TE,,0,3.0,0.0,0.0,0.0,6.1,9.1,12.1,0.01,0.26,0.55,0.0,3.45,13.17
2019,Andy Jones,00-0032707,WR,,0,6.0,0.0,0.0,0.0,14.0,19.5,25.0,1.87,2.72,2.94,0.0,2.63,6.55
2019,Alan Cross,00-0032745,TE,,0,6.0,0.0,0.0,0.0,0.9,1.9,2.9,0.73,0.9,1.0,0.0,0.0,4.86
2019,Tommylee Lewis,00-0032881,WR,,0,7.0,0.0,0.0,0.0,11.0,12.5,14.0,3.8,6.38,9.08,0.0,14.08,11.49
2019,Laquon Treadwell,00-0032951,WR,,0,15.0,24.4,28.9,33.4,36.2,53.7,71.2,10.51,15.63,17.97,0.0,38.11,22.8
2019,Charone Peake,00-0032959,WR,,0,6.0,0.0,0.0,0.0,2.5,3.5,4.5,0.62,0.84,1.05,0.0,1.09,4.65
2019,Jaydon Mickens,00-0033006,WR,,0,6.0,0.0,0.0,0.0,0.0,0.0,0.0,1.25,1.61,1.98,0.0,1.18,3.59
2019,Darius Jackson,00-0033049,RB,,0,2.0,0.0,0.0,0.0,1.6,1.6,1.6,0.0,0.0,0.05,0.0,14.67,14.73
2019,Leonte Carroo,00-0033060,WR,,0,5.0,0.0,0.0,0.0,16.8,17.8,18.8,6.6,10.62,13.09,0.0,18.15,8.74
2019,Cody Kessler,00-0033104,QB,,0,5.0,0.0,0.0,0.0,38.66,38.66,38.66,6.54,3.95,5.9,0.0,21.8,23.46
2019,Victor Bolden,00-0033306,WR,,0,3.0,0.0,0.0,0.0,1.0,1.5,2.0,1.49,2.07,2.0,0.0,0.0,1.92
2019,Ricky Ortiz,00-0033374,RB,,0,4.0,0.8,1.3,1.8,1.1,2.6,4.1,1.91,2.16,2.05,0.0,2.8,7.38
2019,Tim White,00-0033379,WR,,0,3.0,0.0,0.0,0.0,1.4,1.9,2.4,3.53,4.42,5.46,0.0,2.05,6.88
2019,Keon Hatcher,00-0033441,WR,,0,2.0,0.0,0.0,0.0,0.8,1.3,1.8,0.59,0.81,0.8,0.0,1.45,6.6
2019,Brendan Langley,00-0033552,WR,,0,3.0,0.0,0.0,0.0,0.0,0.0,0.0,0.68,0.88,0.75,0.0,4.91,1.17
2019,Michael Roberts,00-0033559,TE,,0,8.0,0.0,0.0,0.0,28.0,32.5,37.0,1.85,2.03,2.87,0.0,12.3,17.69
2019,De'Angelo Henderson Sr.,00-0033581,RB,,0,1.0,0.0,0.0,0.0,-0.1,-0.1,-0.1,0.43,1.16,1.02,0.0,2.15,10.76
2019,Tyrone Swoopes,00-0033742,TE,,0,1.0,0.5,1.0,1.5,2.3,2.8,3.3,0.33,0.49,0.57,0.0,3.24,13.23
2019,Riley McCarron,00-0033773,WR,,0,1.0,0.0,0.0,0.0,0.0,0.0,0.0,0.88,0.93,1.05,0.0,0.79,6.6
2019,D'Onta Foreman,00-0033925,RB,,0,1.0,0.0,0.0,0.0,8.7,9.7,10.7,1.88,1.0,0.14,0.0,38.29,34.89
2019,Jeremy McNichols,00-0033955,RB,,0,1.0,0.0,0.0,0.0,0.4,0.4,0.4,0.46,0.89,0.9,0.0,18.6,3.05
2019,Stacy Coley,00-0033968,WR,,0,2.0,0.0,0.0,0.0,0.0,0.0,0.0,0.02,0.3,0.85,0.0,0.37,3.73
2019,River Cracraft,00-0034054,WR,,0,8.0,0.0,0.0,0.0,4.4,4.9,5.4,3.63,4.41,6.03,0.0,6.56,12.22
2019,Quadree Henderson,00-0034206,WR,,0,5.0,0.0,0.0,0.0,0.0,0.0,0.0,1.97,2.63,2.56,0.0,4.11,5.97
2019,Roc Thomas,00-0034221,RB,,0,5.0,0.0,0.0,0.0,5.1,6.1,7.1,3.02,3.59,5.1,0.0,5.27,18.1
2019,Da'Mari Scott,00-0034256,WR,,0,1.0,2.7,3.7,4.7,0.0,0.0,0.0,0.52,0.91,1.09,0.0,1.46,6.6
2019,J'Mon Moore,00-0034268,WR,,0,7.0,0.0,0.0,0.0,1.5,2.5,3.5,2.35,3.06,4.0,0.0,6.77,7.38
2019,Janarion Grant,00-0034307,WR,,0,2.0,0.0,0.0,0.0,0.0,0.0,0.0,0.88,1.13,1.41,0.0,0.0,5.97
2019,Dave Williams,00-0034427,RB,,0,3.0,0.0,0.0,0.0,3.6,3.6,3.6,1.3,2.18,1.93,0.0,15.83,27.08
2019,Jalen Tolliver,00-0034489,WR,,0,3.0,0.0,0.0,0.0,3.7,5.2,6.7,2.58,3.63,4.04,0.0,7.88,11.93
2019,Jawill Davis,00-0034499,WR,,0,7.0,0.0,0.0,0.0,4.0,6.0,8.0,2.18,2.68,3.4,0.0,5.79,12.12
2019,Keith Ford,00-0034509,RB,,0,2.0,0.0,0.0,0.0,10.0,11.5,13.0,2.96,3.88,5.37,0.0,8.39,19.93
2019,Cam Phillips,00-0034512,WR,,0,2.0,0.0,0.0,0.0,0.9,1.4,1.9,1.26,1.57,1.89,0.0,1.96,6.1
2019,J.J. Jones,00-0034560,WR,,0,4.0,0.0,0.0,0.0,0.3,0.8,1.3,0.58,0.81,1.01,0.0,1.84,6.1
2019,Godwin Igwebuike,00-0034614,RB,,0,2.0,0.0,0.0,0.0,0.0,0.0,0.0,0.73,0.98,0.92,0.0,1.53,5.97
2019,Deontay Burnett,00-0034653,WR,,0,5.0,4.8,5.8,6.8,14.3,19.3,24.3,5.61,7.49,9.52,0.0,18.07,16.54
2019,Darvin Kidsy,00-0034710,WR,,0,1.0,0.0,0.0,0.0,0.8,1.3,1.8,1.21,1.63,1.96,0.0,4.06,6.42
2020,Xavier Jones,00-0036078,RB,LA,1,,0.0,0.0,0.0,,,,41.02,46.31,49.92,0.01,87.35,19.89
2020,Josh Reynolds,00-0033943,WR,LA,0,16.0,74.3,100.3,126.3,40.9,51.4,61.9,66.23,85.33,99.98,10.55,135.46,35.86
2020,J.J. Taylor,00-0036096,RB,NE,1,,11.4,11.9,12.4,,,,23.72,28.99,32.62,0.01,77.68,19.89
2020,Kareem Hunt,00-0033923,RB,CLE,0,8.0,180.5,199.5,218.5,64.4,82.9,101.4,85.66,104.82,124.49,5.53,188.24,94.32
2020,Chris Godwin Jr.,00-0033921,WR,TB,0,14.0,126.0,158.5,191.0,190.1,233.1,276.1,137.44,182.01,216.4,22.05,254.02,137.33
2020,Ross Dwelley,00-0034073,TE,SF,0,8.0,30.5,40.0,49.5,21.1,28.6,36.1,19.59,24.02,31.61,1.37,40.95,17.32
2020,Dan Chisena,00-0035976,WR,MIN,1,,0.0,0.0,0.0,,,,13.02,16.03,22.0,0.01,51.18,19.89
2020,Brandon Zylstra,00-0034052,WR,CAR,0,5.0,3.6,5.1,6.6,10.6,14.6,18.6,15.15,20.96,25.76,0.25,63.3,7.43
2020,Dan Arnold,00-0034011,TE,ARI,0,5.0,65.8,81.3,96.8,24.7,28.7,32.7,43.11,55.23,61.07,1.33,97.9,18.48
2020,Cooper Kupp,00-0033908,WR,LA,0,16.0,118.7,164.7,210.7,176.5,223.5,270.5,146.12,196.16,230.47,35.92,254.15,139.28
2020,Nathan Peterman,00-0033958,QB,LV,0,,1.9,1.9,1.9,,,,11.68,13.2,14.65,0.01,82.17,9.08
2020,Jeremy McNichols,00-0033955,RB,TEN,0,,31.9,37.9,43.9,,,,24.6,25.46,32.7,0.0,67.12,5.61
2020,Marlon Mack,00-0033951,RB,IND,0,14.0,5.6,7.1,8.6,167.3,174.3,181.3,137.44,152.62,168.12,12.42,217.93,132.42
2020,Wayne Gallman,00-0033950,RB,NYG,0,9.0,115.6,126.1,136.6,37.2,42.7,48.2,44.4,56.49,65.94,4.02,88.58,28.18
2020,Scottie Phillips,00-0036069,RB,HOU,1,,1.6,2.1,2.6,,,,54.65,67.3,81.54,0.0,141.12,19.89
2020,Jamaal Williams,00-0033948,RB,GB,0,14.0,96.1,111.6,127.1,107.3,126.8,146.3,56.1,75.2,87.87,8.66,135.26,66.39
2020,J.K. Dobbins,00-0036158,RB,BAL,1,,150.5,159.5,168.5,,,,29.61,33.76,38.89,0.0,78.48,19.89
2020,O.J. Howard,00-0033879,TE,TB,0,14.0,26.6,32.1,37.6,49.9,66.9,83.9,58.99,83.22,107.62,11.73,136.09,41.33
2020,Patrick Mahomes,00-0033873,QB,KC,0,14.0,374.4,374.4,374.4,287.04,287.04,287.04,266.56,266.85,262.9,76.17,330.02,282.96
2020,Corey Davis,00-0033871,WR,TEN,0,15.0,126.4,158.9,191.4,72.1,93.6,115.1,82.96,101.07,131.96,9.14,175.87,46.41
2020,Mitchell Trubisky,00-0033869,QB,CHI,0,15.0,153.7,153.7,153.7,202.82,202.82,202.82,202.47,203.64,199.47,86.34,246.76,174.48
2020,Evan Engram,00-0033881,TE,NYG,0,8.0,78.0,109.5,141.0,65.4,87.4,109.4,76.87,105.42,128.32,9.05,179.55,59.2
2020,Josh Malone,00-0033859,WR,NYJ,0,,2.8,4.8,6.8,,,,11.33,14.18,18.4,0.17,51.76,9.18
2020,Jonnu Smith,00-0033858,TE,TEN,0,15.0,99.2,119.7,140.2,69.7,87.2,104.7,57.96,75.61,94.86,14.12,131.36,46.78
2020,JuJu Smith-Schuster,00-0033857,WR,PIT,0,12.0,137.1,185.6,234.1,71.2,92.2,113.2,103.95,129.48,161.0,8.96,198.78,109.72
2020,Leonard Fournette,00-0033856,RB,TB,0,15.0,96.0,114.0,132.0,183.4,221.4,259.4,74.4,89.78,106.57,7.34,200.6,135.65
2020,Reggie Gilliam,00-0036187,RB,BUF,1,,7.6,8.6,9.6,,,,1.76,1.73,2.05,0.0,6.31,19.89
2020,Devin Asiasi,00-0036194,TE,NE,1,,9.9,10.9,11.9,,,,30.54,38.02,48.17,0.0,81.22,19.89
2020,Alvin Kamara,00-0033906,RB,NO,0,14.0,294.8,336.3,377.8,167.52,208.02,248.52,187.17,207.87,244.32,20.22,279.64,166.13
2020,James Proche,00-0036133,WR,BAL,1,,1.4,1.9,2.4,,,,16.11,21.27,24.95,0.01,56.82,19.89
2020,Rico Dowdle,00-0036139,RB,DAL,1,,2.4,2.4,2.4,,,,29.33,34.71,38.16,0.01,86.11,19.89
2020,Joe Mixon,00-0033897,RB,CIN,0,16.0,78.6,89.1,99.6,190.4,207.9,225.4,171.21,190.49,213.11,16.68,234.08,139.65
2020,Adam Shaheen,00-0033896,TE,MIA,0,7.0,33.0,39.0,45.0,9.4,13.9,18.4,22.35,26.36,35.2,1.86,46.47,7.43
2020,Gerald Everett,00-0033895,TE,LA,0,12.0,51.9,72.4,92.9,52.8,71.3,89.8,45.03,60.21,71.68,11.28,101.81,29.14
2020,Dalvin Cook,00-0033893,RB,MIN,0,14.0,293.8,315.8,337.8,239.4,265.9,292.4,170.76,187.18,211.26,14.62,280.62,160.63
2020,Zay Jones,00-0033891,WR,LV,0,14.0,22.56,29.56,36.56,21.9,35.4,48.9,38.71,52.72,65.18,2.27,108.37,45.47
2020,Isaiah Wright,00-0036142,WR,WAS,1,,21.3,34.8,48.3,,,,24.72,30.43,37.76,0.01,77.96,19.89
2020,David Njoku,00-0033885,TE,CLE,0,3.0,33.3,42.8,52.3,10.1,12.6,15.1,35.52,45.63,53.62,1.39,92.45,21.87
2020,Darrel Williams,00-0034301,RB,KC,0,9.0,36.5,45.5,54.5,52.8,60.3,67.8,39.6,45.09,53.48,1.21,105.54,19.28
2020,Byron Pringle,00-0034297,WR,KC,0,12.0,28.0,34.5,41.0,23.0,29.0,35.0,18.2,23.49,31.38,0.58,67.3,25.57
2020,Richie James,00-0034286,WR,SF,0,16.0,45.4,56.9,68.4,22.4,25.4,28.4,19.87,26.55,36.1,0.2,67.94,22.12
2020,Equanimeous St. Brown,00-0034279,WR,GB,0,,18.4,21.9,25.4,,,,24.15,28.83,36.24,0.0,75.67,14.74
2020,Jakob Johnson,00-0035726,RB,NE,0,1.0,9.5,13.5,17.5,0.5,1.0,1.5,3.44,3.43,4.7,0.0,7.51,7.31
2020,Damion Ratley,00-0034273,WR,NYG,0,9.0,6.3,8.3,10.3,26.0,32.0,38.0,35.71,47.37,57.04,1.42,88.62,21.94
2020,Marquez Valdes-Scantling,00-0034272,WR,GB,0,15.0,104.3,120.8,137.3,58.1,71.1,84.1,63.5,77.28,90.55,7.92,132.95,49.67
2020,Tyler Conklin,00-0034270,TE,MIN,0,9.0,25.4,34.9,44.4,5.8,9.8,13.8,11.85,17.35,22.28,0.0,36.55,7.83
2020,Chris Streveler,00-0035752,QB,ARI,1,,7.7,7.7,7.7,,,,10.12,11.15,11.2,0.0,58.37,19.89
2020,Kerryon Johnson,00-0034349,RB,DET,0,8.0,52.8,62.3,71.8,75.0,80.0,85.0,115.37,133.57,142.59,3.96,219.47,42.63
2020,Miles Boykin,00-0035703,WR,BAL,0,12.0,50.6,60.1,69.6,37.8,44.3,50.8,40.27,53.64,62.12,0.01,90.13,31.42
2020,Drew Lock,00-0035704,QB,DEN,0,5.0,181.32,181.32,181.32,68.0,68.0,68.0,190.38,197.77,198.2,50.5,264.79,71.85
2020,Jaylen Samuels,00-0034331,RB,PIT,0,13.0,7.4,11.9,16.4,57.4,80.9,104.4,27.77,33.96,44.3,2.25,114.77,65.04
2020,Deon Yelder,00-0034319,TE,KC,0,3.0,3.6,7.1,10.6,5.0,6.5,8.0,25.29,33.49,41.24,2.1,82.25,11.19
2020,Daniel Jones,00-0035710,QB,NYG,0,13.0,180.02,180.02,180.02,214.98,214.98,214.98,225.83,229.12,230.07,89.23,316.69,225.1
2020,Chad Beebe,00-0034309,WR,MIN,0,3.0,32.1,42.1,52.1,7.0,8.0,9.0,14.1,19.29,27.24,0.02,50.92,7.85
2020,Trenton Cannon,00-0034164,RB,CAR,0,2.0,4.9,6.4,7.9,0.0,0.0,0.0,20.81,24.15,25.96,0.02,48.29,4.08
2020,Will Dissly,00-0034159,TE,SEA,0,6.0,37.1,49.1,61.1,50.9,62.4,73.9,42.87,58.13,66.91,1.3,102.43,28.12
2020,Christian Blake,00-0034132,WR,ATL,0,7.0,14.1,20.6,27.1,9.1,14.6,20.1,29.95,40.88,50.79,0.01,91.09,19.54
2020,Gabe Nabers,00-0035908,RB,LAC,1,,0.0,0.0,0.0,,,,5.08,5.91,6.35,0.0,19.33,19.89
2020,Jeff Wilson,00-0034115,RB,SF,0,8.0,129.3,135.8,142.3,43.9,45.4,46.9,31.7,37.83,44.41,1.2,74.98,20.07
2020,Phillip Lindsay,00-0034109,RB,DEN,0,16.0,59.0,62.5,66.0,162.7,180.2,197.7,107.88,122.12,132.2,8.9,168.87,118.65
2020,Cam Sims,00-0034104,WR,WAS,0,3.0,54.2,70.2,86.2,2.7,3.7,4.7,6.82,9.09,12.98,0.0,11.09,7.93
2020,Ben Ellefson,00-0035823,TE,JAX,1,,3.0,3.5,4.0,,,,2.67,3.32,3.99,0.0,8.69,19.89
2020,Mike Boone,00-0034208,RB,MIN,0,8.0,12.9,13.9,14.9,47.0,48.5,50.0,39.68,47.66,56.48,0.88,102.05,57.6
2020,Gabe Davis,00-0036196,WR,BUF,1,,101.9,119.4,136.9,,,,31.98,40.34,46.9,0.01,92.02,19.89
2020,James Robinson,00-0035831,RB,JAX,1,,201.4,225.9,250.4,,,,82.69,96.84,106.35,0.12,184.62,19.89
2020,Nick Keizer,00-0034192,TE,KC,0,,4.3,7.3,10.3,,,,16.78,19.83,23.38,0.49,56.55,19.89
2020,Nathan Cottrell,00-0035835,RB,JAX,1,,0.0,0.0,0.0,,,,5.29,6.09,6.85,0.0,13.32,19.89
2020,Gus Edwards,00-0034184,RB,BAL,0,16.0,119.2,123.7,128.2,85.6,89.1,92.6,75.83,84.37,90.64,1.84,127.33,105.19
2020,Tim Boyle,00-0034177,QB,GB,0,3.0,-0.9,-0.9,-0.9,-0.1,-0.1,-0.1,10.01,10.82,13.0,0.0,72.16,25.51
2020,Marcus Baugh,00-0034169,TE,WAS,0,,0.2,0.7,1.2,,,,16.18,18.86,25.13,0.15,41.32,19.89
2020,Curtis Samuel,00-0033282,WR,CAR,0,16.0,135.1,173.6,212.1,117.7,144.7,171.7,81.48,97.69,120.39,5.89,164.9,81.98
2020,Alex Armah,00-0033296,RB,CAR,0,8.0,2.7,5.2,7.7,7.7,8.7,9.7,29.41,29.86,36.22,3.96,87.14,11.98
2020,Michael Pittman,00-0036252,WR,IND,1,,58.9,78.9,98.9,,,,52.03,66.32,80.35,0.01,118.88,19.89
2020,Aaron Jones,00-0033293,RB,GB,0,16.0,211.9,235.4,258.9,265.8,290.3,314.8,201.26,230.67,246.55,20.72,295.45,186.82
2020,Trent Taylor,00-0033292,WR,SF,0,,8.6,13.6,18.6,,,,40.24,54.26,67.6,4.54,128.09,12.38
2020,George Kittle,00-0033288,TE,SF,0,14.0,77.1,101.1,125.1,137.5,180.0,222.5,152.19,202.31,248.86,27.88,253.16,137.24
2020,Christian McCaffrey,00-0033280,RB,CAR,0,16.0,73.4,81.9,90.4,355.2,413.2,471.2,202.48,240.2,257.56,24.56,304.07,209.1
2020,Collin Johnson,00-0036254,WR,JAX,1,,41.2,50.2,59.2,,,,13.16,16.61,19.55,0.01,61.63,19.89
2020,JoJo Natson,00-0033266,WR,CLE,0,12.0,0.3,0.3,0.3,0.0,0.0,0.0,11.69,14.66,18.56,0.0,42.84,3.28
2020,Darrell Daniels,00-0033258,TE,ARI,0,7.0,15.2,19.2,23.2,0.4,0.9,1.4,10.21,13.65,16.64,0.4,35.35,2.56
2020,Zach Pascal,00-0033251,WR,IND,0,16.0,92.9,114.9,136.9,94.3,114.8,135.3,73.04,92.99,113.43,11.8,157.73,76.07
2020,Johnny Mundt,00-0033246,TE,LA,0,6.0,5.3,7.3,9.3,2.6,4.6,6.6,11.04,14.52,18.44,0.98,34.91,4.29
2020,Taysom Hill,00-0033357,QB,NO,0,16.0,148.62,152.62,156.62,83.2,92.7,102.2,52.15,64.18,74.01,7.71,109.05,49.42
2020,Jacob Hollister,00-0033387,TE,SEA,0,10.0,40.9,53.4,65.9,52.9,73.4,93.9,21.92,26.56,37.86,6.18,66.59,35.06
2020,Cody Hollister,00-0033386,WR,TEN,0,3.0,1.2,1.7,2.2,1.3,2.3,3.3,17.63,24.88,31.64,0.27,68.38,7.93
2020,Patrick Ricard,00-0033376,RB,BAL,0,10.0,8.4,12.9,17.4,10.7,14.7,18.7,4.84,6.03,8.39,0.1,6.66,6.53
2020,Tim Patrick,00-0033375,WR,DEN,0,8.0,110.2,135.7,161.2,21.8,29.8,37.8,30.59,37.51,48.84,4.43,86.65,20.89
2020,C.J. Board,00-0033367,WR,NYG,0,2.0,10.4,15.9,21.4,3.1,4.1,5.1,19.12,26.03,30.57,0.35,77.45,8.52
2020,Mo Alie-Cox,00-0033217,TE,IND,0,10.0,49.4,64.9,80.4,9.3,13.3,17.3,24.77,34.79,41.24,3.03,80.47,11.52
2020,Cethan Carter,00-0033338,TE,CIN,0,7.0,5.3,7.8,10.3,7.3,8.3,9.3,17.51,23.53,28.07,0.39,49.36,12.41
2020,Freddie Swain,00-0036247,WR,SEA,1,,27.9,34.4,40.9,,,,29.69,40.83,46.68,0.01,104.77,19.89
2020,Nick Mullens,00-0033319,QB,SF,0,1.0,116.28,116.28,116.28,-0.3,-0.3,-0.3,27.28,26.04,25.34,2.14,78.22,43.33
2020,Matt Breida,00-0033308,RB,MIA,0,12.0,33.0,37.5,42.0,84.3,93.8,103.3,62.8,71.01,75.32,5.75,131.63,101.67
2020,Kendrick Bourne,00-0033307,WR,SF,0,16.0,80.7,105.2,129.7,67.8,82.8,97.8,65.96,91.4,113.07,10.1,136.8,42.15
2020,Zack Moss,00-0036251,RB,BUF,1,,87.6,94.6,101.6,,,,82.87,91.7,97.45,0.01,165.16,19.89
2020,Marvin Hall,00-0033094,WR,DET,0,7.0,42.3,51.3,60.3,32.8,36.3,39.8,31.6,41.03,53.83,4.28,91.01,22.59
2020,Hunter Henry,00-0033090,TE,LAC,0,12.0,85.3,115.3,145.3,95.2,122.7,150.2,94.34,125.65,154.09,11.66,184.56,91.05
2020,Laviska Shenault Jr.,00-0036268,WR,JAX,1,,99.1,128.1,157.1,,,,83.94,102.58,121.36,0.13,178.99,19.89
2020,Dak Prescott,00-0033077,QB,DAL,0,16.0,134.64,135.14,135.64,337.78,337.78,337.78,277.13,279.24,280.07,116.59,328.8,283.65
2020,Ezekiel Elliott,00-0033045,RB,DAL,0,16.0,171.7,197.7,223.7,257.7,284.7,311.7,209.44,235.63,260.62,17.35,301.31,163.88
2020,Will Fuller,00-0033127,WR,HOU,0,11.0,135.9,162.4,188.9,85.0,109.5,134.0,107.48,131.2,157.45,17.86,182.9,78.8
2020,Jacoby Brissett,00-0033119,QB,IND,0,15.0,20.58,20.58,20.58,216.68,217.18,217.68,88.49,81.05,78.38,9.33,171.5,123.84
2020,Kenyan Drake,00-0033118,RB,ARI,0,14.0,167.2,179.7,192.2,164.2,189.2,214.2,156.22,171.45,193.2,24.82,225.2,146.63
2020,Mike Thomas,00-0033114,WR,CIN,0,7.0,17.3,23.8,30.3,1.4,2.4,3.4,11.18,14.84,18.33,0.06,46.26,7.93
2020,Pharoh Cooper,00-0033111,WR,CAR,0,12.0,7.3,9.8,12.3,30.5,43.0,55.5,29.36,37.98,45.34,2.35,79.27,22.79
2020,Tyler Higbee,00-0033110,TE,LA,0,14.0,84.2,106.2,128.2,91.4,125.9,160.4,71.05,100.79,128.11,18.72,159.03,71.78
2020,Jared Goff,00-0033106,QB,LA,0,16.0,239.98,239.98,239.98,247.52,247.52,247.52,257.28,247.91,246.07,127.92,299.17,273.05
2020,Jordan Love,00-0036264,QB,GB,1,,0.0,0.0,0.0,,,,53.7,56.3,57.43,0.0,147.55,19.89
2020,Noah Brown,00-0033591,WR,DAL,0,,15.8,22.8,29.8,,,,7.78,10.16,11.82,0.15,43.88,9.44
2020,Keelan Cole,00-0033681,WR,JAX,0,12.0,100.4,127.9,155.4,54.7,66.7,78.7,42.02,60.76,69.15,7.24,100.46,32.2
2020,Blake Jarwin,00-0033658,TE,DAL,0,15.0,1.2,1.7,2.2,54.5,70.0,85.5,54.08,73.23,94.07,9.01,116.75,28.89
2020,Jonathan Taylor,00-0036223,RB,IND,1,,216.8,234.8,252.8,,,,111.43,126.26,146.04,0.01,211.0,19.89
2020,Chris Carson,00-0033594,RB,SEA,0,15.0,150.8,169.3,187.8,195.6,214.1,232.6,144.38,151.81,165.46,15.62,233.86,112.31
2020,David Moore,00-0033589,WR,SEA,0,14.0,83.8,101.3,118.8,42.6,51.1,59.6,43.53,56.44,67.8,4.8,114.39,35.35
2020,Jamal Agnew,00-0033572,WR,DET,0,13.0,18.2,24.7,31.2,12.7,13.2,13.7,16.92,22.31,27.61,1.06,67.13,9.76
2020,Tua Tagovailoa,00-0036212,QB,MIA,1,,135.46,135.46,135.46,,,,107.15,113.41,113.27,0.98,200.48,19.89
2020,Robert Tonyan,00-0033757,TE,GB,0,9.0,124.6,150.6,176.6,16.0,21.0,26.0,21.05,27.23,33.42,2.01,67.86,11.34
2020,Brian Hill,00-0033567,RB,ATL,0,10.0,70.4,82.9,95.4,57.2,62.2,67.2,71.13,78.95,85.41,7.39,134.03,41.72
2020,Greg Ward,00-0033733,WR,PHI,0,6.0,80.1,106.6,133.1,31.9,45.9,59.9,53.25,66.63,83.41,4.15,134.38,36.25
2020,Corey Clement,00-0033725,RB,PHI,0,2.0,16.0,18.5,21.0,0.0,0.0,0.0,24.54,29.69,34.51,0.54,62.76,7.14
2020,Austin Ekeler,00-0033699,RB,LAC,0,16.0,111.3,138.3,165.3,217.0,263.0,309.0,174.99,210.76,238.25,25.01,267.03,171.35
2020,Jeremy Sprinkle,00-0033528,TE,WAS,0,16.0,0.6,1.1,1.6,30.1,43.1,56.1,29.01,38.59,51.24,7.28,68.38,25.7
2020,Samaje Perine,00-0033526,RB,CIN,0,4.0,54.7,60.2,65.7,1.6,1.6,1.6,26.15,30.26,33.02,0.68,62.68,6.21
2020,Marcus Kemp,00-0033481,WR,KC,0,,1.1,1.6,2.1,,,,10.02,10.63,13.99,0.0,42.57,9.09
2020,Isaiah Ford,00-0033471,WR,MIA,0,8.0,27.6,41.6,55.6,25.5,37.0,48.5,54.93,71.61,86.97,2.17,121.41,21.61
2020,Mike Williams,00-0033536,WR,LAC,0,15.0,105.7,129.7,153.7,112.3,136.8,161.3,90.47,106.74,128.49,22.27,184.76,81.85
2020,Isaiah McKenzie,00-0033466,WR,BUF,0,12.0,69.58,84.58,99.58,36.3,49.8,63.3,41.91,51.41,61.96,6.34,97.47,32.24
2020,John Ross,00-0033460,WR,CIN,0,8.0,1.7,2.7,3.7,67.0,81.0,95.0,73.87,95.23,118.05,14.46,161.51,56.13
2020,Anthony Firkser,00-0033455,TE,TEN,0,10.0,44.7,64.2,83.7,26.4,33.4,40.4,23.25,30.55,39.01,0.87,58.86,24.31
2020,Antony Auclair,00-0033421,TE,TB,0,5.0,0.0,0.0,0.0,1.1,1.6,2.1,7.98,9.64,12.46,1.29,45.59,4.84
2020,Jake Butt,00-0033564,TE,DEN,0,,0.5,1.5,2.5,,,,14.2,18.66,21.33,0.0,39.25,9.18
2020,Tarik Cohen,00-0033556,RB,CHI,0,16.0,11.5,14.5,17.5,84.9,124.4,163.9,81.36,100.45,126.18,9.47,167.6,81.29
2020,Mack Hollins,00-0033555,WR,MIA,0,12.0,21.6,29.6,37.6,12.5,17.5,22.5,18.92,25.69,31.73,1.56,61.87,18.19
2020,James Conner,00-0033553,RB,PIT,0,10.0,129.6,147.1,164.6,111.5,128.5,145.5,120.24,133.99,148.01,18.55,224.68,78.19
2020,Dallas Goedert,00-0034351,TE,PHI,0,15.0,70.4,93.4,116.4,86.7,115.7,144.7,66.63,91.93,110.78,7.79,132.31,67.96
2020,Harrison Bryant,00-0036232,TE,CLE,1,,37.8,49.8,61.8,,,,32.33,38.15,46.02,0.01,85.55,19.89
2020,Deshaun Watson,00-0033537,QB,HOU,0,15.0,369.32,369.32,369.32,319.98,320.48,320.98,277.52,278.76,276.82,103.28,340.25,279.84
2020,Jason Moore,00-0035432,WR,LAC,0,6.0,0.0,0.0,0.0,4.3,5.3,6.3,18.22,22.55,26.75,0.04,72.49,10.79
2020,Alexander Mattison,00-0034972,RB,MIN,0,13.0,73.9,80.4,86.9,58.4,63.4,68.4,86.38,96.22,104.18,0.4,166.68,56.08
2020,Malik Taylor,00-0035480,WR,GB,0,,13.5,16.0,18.5,,,,20.09,26.05,28.92,0.01,70.73,19.89
2020,Irv Smith,00-0034970,TE,MIN,0,14.0,68.5,83.5,98.5,43.1,61.1,79.1,65.51,86.23,105.21,0.4,118.3,38.51
2020,Jakobi Meyers,00-0034960,WR,NE,0,11.0,83.52,113.02,142.52,35.9,48.9,61.9,44.49,59.0,72.61,0.4,99.2,39.58
2020,Andrew Beck,00-0034959,RB,DEN,0,,0.0,0.0,0.0,,,,3.85,2.93,3.93,0.0,9.64,19.89
2020,Penny Hart,00-0035022,WR,SEA,0,,2.2,2.7,3.2,,,,13.51,17.63,21.19,0.02,60.3,19.89
2020,Ashton Dulin,00-0035021,WR,IND,0,8.0,6.4,7.9,9.4,1.7,2.7,3.7,29.83,35.59,44.75,0.01,79.61,8.08
2020,Bisi Johnson,00-0035006,WR,MIN,0,13.0,20.9,27.9,34.9,48.0,63.5,79.0,62.03,84.86,102.23,0.4,133.98,41.9
2020,Kaden Smith,00-0034988,TE,NYG,0,7.0,11.2,20.2,29.2,44.8,60.3,75.8,50.32,63.09,84.77,0.4,99.22,36.86
2020,Jalen Guyton,00-0035414,WR,LAC,0,1.0,69.1,83.1,97.1,0.0,0.0,0.0,34.92,48.68,61.0,0.01,114.58,7.24
2020,Hunter Renfrow,00-0034983,WR,LV,0,13.0,75.6,103.6,131.6,84.5,109.0,133.5,73.3,98.07,130.05,0.42,174.43,78.09
2020,Foster Moreau,00-0034981,TE,LV,0,11.0,26.0,29.5,33.0,47.4,57.9,68.4,42.49,52.53,63.55,0.01,79.72,31.41
2020,DJ Moore,00-0034827,WR,CAR,0,15.0,145.5,178.5,211.5,143.5,187.0,230.5,144.17,170.8,195.96,18.11,233.99,117.32
2020,Royce Freeman,00-0034838,RB,DEN,0,16.0,25.1,31.1,37.1,99.2,120.7,142.2,47.93,63.4,68.48,1.53,126.58,67.91
2020,Calvin Ridley,00-0034837,WR,ATL,0,13.0,191.5,236.5,281.5,134.0,165.5,197.0,129.55,168.1,203.87,14.7,231.97,106.15
2020,Hayden Hurst,00-0034830,TE,ATL,0,16.0,93.1,121.1,149.1,46.9,61.9,76.9,60.11,89.36,110.53,8.69,135.5,26.73
2020,Mike Gesicki,00-0034829,TE,MIA,0,15.0,106.3,132.8,159.3,85.0,110.5,136.0,58.5,78.33,91.0,1.66,135.85,44.99
2020,Ty Johnson,00-0035537,RB,DET,0,16.0,47.3,55.3,63.3,36.2,48.2,60.2,49.99,54.28,63.45,0.12,109.25,69.45
2020,Ronald Jones,00-0034816,RB,TB,0,16.0,158.3,172.3,186.3,135.3,150.8,166.3,116.34,136.87,150.52,5.24,207.66,66.76
2020,Travis Homer,00-0035594,RB,SEA,0,7.0,23.8,28.3,32.8,17.0,22.5,28.0,51.15,55.44,60.07,0.01,118.66,25.99
2020,Malik Turner,00-0034867,WR,DAL,0,11.0,0.0,0.0,0.0,30.5,38.0,45.5,23.48,32.11,37.77,1.05,81.01,22.25
2020,Andy Isabella,00-0035527,WR,ARI,0,12.0,33.8,44.3,54.8,26.4,30.9,35.4,56.78,68.8,82.04,0.01,138.23,31.63
2020,Steven Sims,00-0034928,WR,WAS,0,16.0,34.3,47.8,61.3,75.5,92.5,109.5,82.98,106.76,132.77,0.4,156.17,67.12
2020,John Wolford,00-0034899,QB,LA,0,,12.84,12.84,12.84,,,,23.25,24.99,28.25,0.0,81.05,19.89
2020,Sam Darnold,00-0034869,QB,NYJ,0,13.0,134.02,134.02,134.02,189.16,189.16,189.16,190.8,205.57,209.64,60.63,272.23,143.11
2020,Dante Pettis,00-0034860,WR,SF,0,9.0,13.6,15.6,17.6,23.54,29.04,34.54,53.88,68.1,82.17,1.9,117.16,32.36
2020,Josh Allen,00-0034857,QB,BUF,0,16.0,395.06,395.56,396.06,288.56,288.56,288.56,226.52,224.59,226.9,64.25,309.96,230.02
2020,Baker Mayfield,00-0034855,QB,CLE,0,16.0,247.62,248.12,248.62,229.18,229.18,229.18,219.16,219.26,221.55,93.47,283.37,180.11
2020,KhaDarel Hodge,00-0034854,WR,CLE,0,12.0,18.0,23.5,29.0,7.6,9.6,11.6,16.47,20.26,25.88,0.94,67.32,8.66
2020,Darius Slayton,00-0035535,WR,NYG,0,14.0,91.0,116.0,141.0,122.0,146.0,170.0,106.55,144.02,175.78,0.4,180.41,91.12
2020,Sony Michel,00-0034845,RB,NE,0,16.0,68.3,71.8,75.3,140.6,146.6,152.6,130.0,143.78,152.86,6.35,183.37,102.99
2020,Saquon Barkley,00-0034844,RB,NYG,0,13.0,9.4,12.4,15.4,192.1,218.1,244.1,208.43,244.26,268.58,11.7,309.59,186.07
2020,Easton Stick,00-0035282,QB,LAC,0,,-0.04,-0.04,-0.04,,,,21.55,24.28,23.95,0.0,94.35,19.89
2020,Dwayne Haskins,00-0035232,QB,WAS,0,9.0,68.16,68.16,68.16,76.7,76.7,76.7,144.75,140.93,142.13,30.69,238.09,53.72
2020,T.J. Hockenson,00-0035229,TE,DET,0,12.0,108.3,141.8,175.3,48.7,64.7,80.7,80.05,105.88,128.17,0.44,173.78,40.13
2020,Kyler Murray,00-0035228,QB,ARI,0,16.0,378.74,378.74,378.74,285.28,285.28,285.28,285.27,286.07,283.74,74.8,326.06,273.38
2020,Benny Snell,00-0035217,RB,PIT,0,11.0,64.9,69.9,74.9,54.9,56.4,57.9,80.56,85.89,89.66,0.4,167.36,54.54
2020,Diontae Johnson,00-0035216,WR,PIT,0,16.0,135.8,179.8,223.8,106.1,135.6,165.1,100.44,130.7,169.16,0.42,182.42,103.43
2020,Deonte Harty,00-0035215,WR,NO,0,14.0,29.7,39.7,49.7,11.5,14.5,17.5,29.07,32.29,38.14,0.01,67.66,23.34
2020,Olamide Zaccheaus,00-0035208,WR,ATL,0,6.0,33.4,43.4,53.4,17.5,19.0,20.5,30.25,38.64,46.99,0.01,96.88,14.75
2020,Gardner Minshew,00-0035289,QB,JAX,0,14.0,159.66,160.16,160.66,229.24,229.24,229.24,215.3,215.94,215.2,83.17,287.7,202.87
2020,Will Grier,00-0035251,QB,CAR,0,2.0,0.0,0.0,0.0,1.32,1.32,1.32,37.03,36.9,36.15,0.38,85.85,4.46
2020,Tony Pollard,00-0035261,RB,DAL,0,14.0,92.8,106.8,120.8,74.2,81.7,89.2,83.27,101.71,110.9,0.44,159.36,95.78
2020,Trevon Wesco,00-0035259,TE,NYJ,0,6.0,0.5,1.0,1.5,4.9,5.9,6.9,7.05,9.22,10.78,0.0,37.01,11.19
2020,Trayveon Williams,00-0035291,RB,CIN,0,,16.7,19.2,21.7,,,,12.06,14.59,16.82,0.0,44.6,19.89
2020,Devin Singletary,00-0035250,RB,BUF,0,12.0,105.6,124.6,143.6,118.9,133.4,147.9,133.02,143.51,159.23,0.52,223.74,95.78
2020,J.J. Arcega-Whiteside,00-0035246,WR,PHI,0,9.0,10.5,12.5,14.5,22.9,27.9,32.9,45.55,60.11,75.2,0.01,101.77,22.14
2020,Alec Ingold,00-0035125,RB,LV,0,,0.0,0.0,0.0,,,,2.88,4.04,3.99,0.0,9.08,19.89
2020,Donald Parham,00-0035329,TE,LAC,0,,33.9,38.9,43.9,,,,5.04,5.89,6.96,0.0,13.14,19.89
2020,Khari Blasingame,00-0035099,RB,TEN,0,,0.0,0.0,0.0,,,,3.51,3.79,4.9,0.0,7.54,19.89
2020,Patrick Laird,00-0035342,RB,MIA,0,8.0,12.0,17.0,22.0,45.2,56.7,68.2,12.35,15.52,17.33,0.0,48.79,45.32
2020,Preston Williams,00-0035350,WR,MIA,0,8.0,56.8,65.8,74.8,58.8,74.8,90.8,65.12,86.55,108.46,0.31,170.94,60.1
2020,Stephen Carlson,00-0035039,TE,CLE,0,6.0,3.1,3.6,4.1,11.1,13.6,16.1,6.67,8.14,10.17,0.0,9.16,13.06
2020,John Lovett,00-0035161,QB,GB,0,,0.0,0.0,0.0,,,,2.84,3.17,3.44,0.0,9.5,19.89
2020,Scott Miller,00-0035298,WR,TB,0,9.0,69.5,86.0,102.5,27.6,34.1,40.6,42.82,54.38,64.04,0.4,106.35,34.02
2020,Darwin Thompson,00-0035148,RB,KC,0,10.0,26.2,29.7,33.2,23.1,27.6,32.1,54.13,61.77,71.9,0.01,100.41,23.06
2020,Mecole Hardman,00-0035140,WR,KC,0,16.0,89.1,109.6,130.1,97.5,110.5,123.5,92.4,109.4,136.07,0.4,166.67,80.17
2020,Chandler Cox,00-0035310,RB,MIA,0,,0.0,0.0,0.0,,,,2.29,3.1,3.49,0.0,6.25,19.89
2020,Myles Gaskin,00-0035311,RB,MIA,0,7.0,123.2,143.7,164.2,24.4,27.9,31.4,60.36,68.54,75.27,0.13,111.49,36.87
2020,Dawson Knox,00-0035689,TE,BUF,0,15.0,42.8,54.8,66.8,51.7,65.7,79.7,59.99,79.8,94.38,0.44,129.09,52.42
2020,Buddy Howell,00-0034449,RB,HOU,0,8.0,6.7,7.2,7.7,1.0,1.0,1.0,14.99,17.41,21.31,0.0,46.52,5.6
2020,Justin Jackson,00-0034440,RB,LAC,0,7.0,46.3,55.8,65.3,22.2,26.7,31.2,71.11,79.13,83.04,1.7,135.23,43.85
2020,Ryan Izzo,00-0034439,TE,NE,0,6.0,17.9,24.4,30.9,17.4,20.4,23.4,34.76,44.23,53.37,1.33,95.51,14.7
2020,Logan Woodside,00-0034438,QB,TEN,0,,1.28,1.28,1.28,,,,34.81,34.58,35.43,0.0,86.46,19.89
2020,David Montgomery,00-0035685,RB,CHI,0,16.0,210.8,237.8,264.8,145.4,157.9,170.4,133.97,145.64,153.63,0.43,215.34,120.34
2020,Javon Wims,00-0034426,WR,CHI,0,11.0,11.0,14.0,17.0,24.6,33.6,42.6,35.6,46.39,54.26,3.29,86.84,26.06
2020,Braxton Berrios,00-0034419,WR,NYJ,0,16.0,60.3,78.8,97.3,11.5,14.5,17.5,21.49,28.49,36.73,0.09,75.07,18.78
2020,Cedrick Wilson Jr.,00-0034418,WR,DAL,0,4.0,34.62,43.12,51.62,4.6,7.1,9.6,21.05,31.92,38.34,0.0,88.69,10.75
2020,Jace Sternberger,00-0035671,TE,GB,0,3.0,17.4,23.4,29.4,0.0,0.0,0.0,24.4,34.42,38.49,0.0,73.97,8.01
2020,Allen Lazard,00-0034521,WR,GB,0,12.0,64.8,81.3,97.8,67.8,85.3,102.8,69.94,84.52,102.39,5.0,147.32,43.75
2020,A.J. Brown,00-0035676,WR,TEN,0,16.0,177.5,212.5,247.5,165.1,191.1,217.1,169.26,211.58,258.6,0.4,241.65,151.45
2020,Boston Scott,00-0034414,RB,PHI,0,9.0,70.6,83.1,95.6,74.9,86.9,98.9,72.72,84.12,97.69,4.46,143.28,37.63
2020,Trent Sherfield,00-0034487,WR,ARI,0,10.0,5.0,7.5,10.0,8.0,10.0,12.0,20.59,27.89,32.24,0.41,71.9,10.93
2020,Josh Adams,00-0034457,RB,NYJ,0,2.0,30.6,33.6,36.6,1.2,1.2,1.2,17.97,20.78,24.29,0.0,63.76,11.38
2020,Ian Thomas,00-0034365,TE,CAR,0,10.0,20.5,30.5,40.5,19.6,27.6,35.6,37.88,53.23,62.98,1.28,73.94,18.67
2020,DaeSean Hamilton,00-0034370,WR,DEN,0,13.0,39.3,50.8,62.3,35.7,49.7,63.7,35.4,48.0,58.75,2.6,99.11,29.55
2020,Nyheim Hines,00-0034367,RB,IND,0,16.0,130.2,161.7,193.2,73.9,95.9,117.9,53.15,73.36,87.92,2.34,126.23,48.05
2020,Ito Smith,00-0034378,RB,ATL,0,7.0,40.3,48.8,57.3,25.3,30.8,36.3,44.41,57.34,64.44,1.1,95.14,29.48
2020,Jordan Akins,00-0034364,TE,HOU,0,16.0,46.7,65.2,83.7,53.8,71.8,89.8,35.04,48.91,63.62,5.77,73.06,26.78
2020,Josh Jacobs,00-0035700,RB,LV,0,13.0,198.3,214.8,231.3,171.6,181.6,191.6,164.18,183.63,202.14,0.44,252.65,157.56
2020,Anthony Miller,00-0034353,WR,CHI,0,16.0,59.7,84.2,108.7,75.5,101.5,127.5,83.61,112.3,128.41,8.19,165.28,55.21
2020,Russell Gage,00-0034411,WR,ATL,0,14.0,109.06,145.06,181.06,51.8,76.3,100.8,60.5,85.03,96.01,4.63,136.52,38.81
2020,Ray-Ray McCloud,00-0034407,WR,PIT,0,6.0,14.2,24.2,34.2,0.0,0.0,0.0,10.91,15.17,18.7,0.0,53.4,4.15
2020,Mike White,00-0034401,QB,NYJ,0,,0.0,0.0,0.0,,,,26.12,25.65,27.93,0.0,80.07,19.89
2020,Jordan Wilkins,00-0034400,RB,IND,0,13.0,49.3,55.3,61.3,47.0,50.5,54.0,38.63,41.18,50.91,1.62,84.35,43.81
2020,Justin Watson,00-0034386,WR,TB,0,9.0,9.4,12.9,16.4,27.9,35.4,42.9,26.71,36.64,43.39,2.72,93.88,22.0
2020,Dalton Schultz,00-0034383,TE,DAL,0,6.0,83.5,115.0,146.5,0.6,1.1,1.6,9.8,13.91,19.48,0.0,40.64,4.76
2020,D'Ernest Johnson,00-0035628,RB,CLE,0,10.0,18.0,19.5,21.0,9.2,12.2,15.2,25.22,31.96,37.65,0.03,67.75,18.32
2020,Mason Rudolph,00-0034771,QB,PIT,0,10.0,18.36,18.36,18.36,108.8,108.8,108.8,51.24,49.55,50.27,0.0,124.45,50.53
2020,Chris Herndon,00-0034766,TE,NYJ,0,1.0,42.7,58.2,73.7,0.7,1.2,1.7,41.23,57.13,70.02,2.85,124.67,10.77
2020,Tre'Quan Smith,00-0034765,WR,NO,0,10.0,69.1,86.1,103.1,53.4,62.4,71.4,58.37,71.13,86.91,1.6,116.65,33.59
2020,Michael Gallup,00-0034764,WR,DAL,0,14.0,114.3,143.8,173.3,146.7,179.7,212.7,128.61,165.23,200.53,15.92,206.42,112.98
2020,Christian Kirk,00-0034775,WR,ARI,0,13.0,98.4,122.4,146.4,100.2,134.2,168.2,124.94,157.12,187.91,11.66,211.09,91.32
2020,Mark Andrews,00-0034753,TE,BAL,0,15.0,112.1,141.1,170.1,143.2,175.2,207.2,132.43,171.74,198.82,8.68,230.91,88.81
2020,Drew Sample,00-0035631,TE,CIN,0,5.0,38.9,58.9,78.9,3.0,5.5,8.0,27.13,32.8,39.86,0.03,70.81,8.37
2020,Nick Chubb,00-0034791,RB,CLE,0,16.0,191.7,199.7,207.7,219.2,237.2,255.2,163.88,183.73,202.38,7.54,251.17,133.59
2020,Nsimba Webster,00-0035621,WR,LA,0,4.0,0.0,0.0,0.0,0.0,0.0,0.0,17.11,24.95,29.63,0.02,67.3,6.43
2020,Durham Smythe,00-0034798,TE,MIA,0,12.0,32.8,45.8,58.8,6.5,10.0,13.5,27.98,40.21,47.74,3.45,101.22,8.74
2020,Lamar Jackson,00-0034796,QB,BAL,0,15.0,332.78,332.78,332.78,415.68,415.68,415.68,272.79,267.68,269.34,54.42,331.02,260.13
2020,N'Keal Harry,00-0035624,WR,NE,0,7.0,40.9,57.4,73.9,27.4,33.4,39.4,89.68,118.35,144.06,0.4,154.61,36.0
2020,Jaeden Graham,00-0034788,TE,ATL,0,10.0,2.5,4.0,5.5,20.9,25.4,29.9,28.65,34.96,43.14,0.01,68.69,21.53
2020,DJ Chark,00-0034777,WR,JAX,0,15.0,100.6,127.1,153.6,152.8,189.3,225.8,114.82,141.6,160.87,16.06,193.35,92.56
2020,Brandon Powell,00-0034646,WR,ATL,0,,17.6,23.6,29.6,,,,23.41,32.03,38.91,0.25,70.45,9.36
2020,Ryan Finley,00-0035652,QB,CIN,0,3.0,19.16,19.16,19.16,24.66,24.66,24.66,44.66,48.2,47.04,0.0,108.18,30.45
2020,Terry McLaurin,00-0035659,WR,WAS,0,14.0,136.8,180.3,223.8,133.9,162.9,191.9,133.86,162.77,191.91,0.55,220.43,117.64
2020,Kahale Warring,00-0035660,TE,HOU,0,,3.5,5.0,6.5,,,,28.61,37.74,43.74,0.01,74.56,19.89
2020,Marquise Brown,00-0035662,WR,BAL,0,14.0,125.0,154.0,183.0,100.4,123.4,146.4,86.89,111.36,133.18,0.4,182.27,75.45
2020,Darrell Henderson,00-0035664,RB,LA,0,9.0,114.3,122.3,130.3,18.4,20.4,22.4,101.38,121.36,128.01,0.01,181.63,23.21
2020,Ryan Nall,00-0034597,RB,CHI,0,4.0,12.7,16.7,20.7,0.8,0.8,0.8,19.25,23.71,24.65,0.0,52.23,5.43
2020,Kyle Allen,00-0034577,QB,WAS,0,13.0,45.0,45.0,45.0,177.48,177.48,177.48,70.27,66.6,74.64,0.85,170.04,140.65
2020,Parris Campbell,00-0035639,WR,IND,0,7.0,8.7,11.7,14.7,20.1,29.1,38.1,66.11,85.11,103.6,0.01,145.72,27.14
2020,DK Metcalf,00-0035640,WR,SEA,0,16.0,188.3,229.8,271.3,129.1,158.1,187.1,119.17,154.7,187.36,0.4,212.84,127.6
2020,Auden Tate,00-0034686,WR,CIN,0,12.0,15.0,22.0,29.0,61.5,81.5,101.5,41.63,55.7,67.74,0.87,125.49,37.46
2020,Chase Edmonds,00-0034681,RB,ARI,0,12.0,115.0,141.5,168.0,70.8,76.8,82.8,69.26,79.03,87.05,3.34,130.41,29.08
2020,AJ Dillon,00-0036265,RB,GB,1,,38.3,39.3,40.3,,,,63.92,75.23,81.93,0.01,158.13,19.89
2020,James Washington,00-0034676,WR,PIT,0,15.0,69.2,84.2,99.2,89.5,111.5,133.5,64.4,78.25,99.04,2.47,146.24,49.7
2020,Noah Fant,00-0035644,TE,DEN,0,16.0,87.3,118.3,149.3,71.0,91.0,111.0,78.84,99.23,122.54,0.44,156.59,63.51
2020,Chris Thompson,00-0030404,RB,JAX,0,11.0,22.6,32.6,42.6,51.6,72.6,93.6,62.96,77.48,91.75,9.37,126.59,32.02
2020,Chase Daniel,00-0026544,QB,DET,0,3.0,12.16,12.16,12.16,26.0,26.0,26.0,19.18,19.02,19.0,0.0,81.38,43.63
2020,Rex Burkhead,00-0030288,RB,NE,0,13.0,82.6,95.1,107.6,74.1,87.6,101.1,49.59,58.92,69.59,7.86,124.68,54.46
2020,Keenan Allen,00-0030279,WR,LAC,0,16.0,145.1,195.1,245.1,157.5,209.5,261.5,170.35,212.63,266.86,35.6,223.42,144.29
2020,Josh Hill,00-0030216,TE,NO,0,14.0,10.6,14.6,18.6,40.6,53.1,65.6,32.29,44.72,59.29,12.27,85.77,27.82
2020,Jack Doyle,00-0030181,TE,IND,0,16.0,41.1,52.6,64.1,68.8,90.3,111.8,44.36,63.07,80.52,12.96,110.71,43.48
2020,Demetrius Harris,00-0030155,TE,CHI,0,14.0,4.5,8.0,11.5,34.9,42.4,49.9,16.41,21.21,26.93,5.06,47.83,27.21
2020,Brian Hoyer,00-0026625,QB,NE,0,4.0,2.0,2.0,2.0,21.08,21.08,21.08,15.75,19.12,19.6,0.75,69.6,28.39
2020,Ryan Griffin,00-0030108,TE,NYJ,0,13.0,8.6,13.1,17.6,64.0,81.0,98.0,41.72,54.08,66.56,4.74,80.91,33.89
2020,Jordan Reed,00-0030472,TE,SF,0,,47.1,60.1,73.1,,,,41.83,56.05,68.11,2.13,93.57,21.51
2020,Matt Barkley,00-0030533,QB,BUF,0,2.0,9.28,9.28,9.28,5.96,5.96,5.96,12.29,12.1,12.55,0.0,68.89,19.43
2020,Matthew Slater,00-0026293,WR,NE,0,7.0,0.0,0.0,0.0,6.0,6.0,6.0,3.65,6.06,8.39,0.0,39.84,3.09
2020,Matthew Stafford,00-0026498,QB,DET,0,8.0,260.56,260.56,260.56,166.56,166.56,166.56,204.39,200.06,198.73,82.36,296.32,198.32
2020,Mike Glennon,00-0030520,QB,JAX,0,2.0,60.58,60.58,60.58,4.24,4.24,4.24,8.82,10.08,11.82,0.0,60.28,4.78
2020,Latavius Murray,00-0030513,RB,NO,0,16.0,113.2,124.7,136.2,123.2,140.2,157.2,85.07,94.68,107.69,10.02,142.04,81.88
2020,Travis Kelce,00-0030506,TE,KC,0,16.0,207.76,260.26,312.76,157.3,205.8,254.3,142.75,181.25,234.93,34.09,225.26,152.3
2020,Le'Veon Bell,00-0030496,RB,NYJ,0,15.0,58.6,66.6,74.6,149.0,182.0,215.0,143.22,164.47,180.66,17.78,251.62,128.06
2020,Vance McDonald,00-0030470,TE,PIT,0,14.0,9.9,17.4,24.9,45.5,64.5,83.5,30.94,37.64,50.04,8.51,82.98,36.67
2020,Giovani Bernard,00-0030456,RB,CIN,0,16.0,111.1,134.6,158.1,38.4,53.4,68.4,52.99,65.91,76.06,8.43,111.29,25.64
2020,Levine Toilolo,00-0030443,TE,NYG,0,3.0,4.6,7.1,9.6,1.0,2.0,3.0,9.79,11.54,14.53,0.16,30.62,5.44
2020,Robert Woods,00-0030431,WR,LA,0,15.0,155.1,200.1,245.1,142.9,187.9,232.9,122.19,160.45,203.46,36.87,215.24,145.78
2020,Ryan Tannehill,00-0029701,QB,TEN,0,12.0,343.36,343.86,344.36,224.18,224.18,224.18,210.23,210.76,209.45,58.66,273.65,161.97
2020,Kyle Juszczyk,00-0029892,RB,SF,0,,0.0,0.0,0.0,,,,0.0,0.0,0.0,0.0,5.21,19.89
2020,Darren Fells,00-0029738,TE,HOU,0,15.0,55.2,65.7,76.2,76.1,93.1,110.1,41.64,55.01,67.52,13.03,108.93,39.26
2020,Jared Cook,00-0027061,TE,NO,0,14.0,90.4,108.9,127.4,124.5,146.0,167.5,91.75,119.56,135.93,13.18,154.76,63.79
2020,Robert Griffin III,00-0029665,QB,BAL,0,6.0,2.58,2.58,2.58,16.0,16.0,16.0,27.09,22.41,18.58,0.33,93.81,5.37
2020,Luke Willson,00-0030089,TE,SEA,0,7.0,1.2,1.7,2.2,7.9,11.9,15.9,6.36,8.32,11.19,0.35,25.33,7.14
2020,Kenny Stills,00-0030085,WR,HOU,0,13.0,20.4,25.9,31.4,80.1,100.1,120.1,49.62,64.07,80.61,8.65,118.03,58.07
2020,Chad Henne,00-0026197,QB,KC,0,,23.72,23.72,23.72,,,,13.06,14.31,14.1,0.06,73.42,8.12
2020,Zach Ertz,00-0030061,TE,PHI,0,15.0,41.5,59.5,77.5,127.6,171.6,215.6,106.42,145.76,191.89,32.34,204.77,101.0
2020,Adam Thielen,00-0030035,WR,MIN,0,10.0,180.0,217.0,254.0,84.4,99.4,114.4,102.13,136.18,176.63,17.27,188.78,122.73
2020,Joe Reed,00-0036377,WR,LAC,1,,8.9,8.9,8.9,,,,28.22,33.97,39.56,0.01,101.71,19.89
2020,Seth Roberts,00-0031166,WR,CAR,0,14.0,3.1,5.1,7.1,39.1,49.6,60.1,31.62,43.71,55.24,7.23,81.84,32.98
2020,Senorise Perry,00-0031209,RB,TEN,0,8.0,0.9,0.9,0.9,0.4,0.9,1.4,12.19,13.59,16.44,0.33,47.58,8.13
2020,Logan Thomas,00-0031260,TE,WAS,0,15.0,104.62,140.62,176.62,23.3,31.3,39.3,51.16,68.85,78.88,13.92,111.93,20.29
2020,AJ McCarron,00-0031288,QB,HOU,0,2.0,0.8,0.8,0.8,16.9,16.9,16.9,14.52,15.08,15.95,1.56,74.64,20.06
2020,Derek Carr,00-0031280,QB,LV,0,16.0,272.12,272.12,272.12,244.36,244.36,244.36,230.03,228.76,226.87,89.31,268.45,242.72
2020,Cameron Brate,00-0031273,TE,TB,0,14.0,40.2,54.2,68.2,55.1,73.1,91.1,37.38,50.03,60.66,8.78,70.58,35.83
2020,Joshua Kelley,00-0036370,RB,LAC,1,,58.2,69.7,81.2,,,,36.57,42.26,45.72,0.13,99.29,19.89
2020,Tyreek Hill,00-0033040,WR,KC,0,12.0,241.9,285.4,328.9,130.3,159.3,188.3,156.08,189.6,229.77,22.89,263.51,143.36
2020,Teddy Bridgewater,00-0031237,QB,CAR,0,9.0,241.22,241.22,241.22,90.46,90.46,90.46,124.61,123.66,128.33,50.78,200.98,39.52
2020,Brandin Cooks,00-0031236,WR,HOU,0,14.0,151.0,191.5,232.0,75.5,96.5,117.5,109.42,132.36,150.94,18.14,182.73,96.39
2020,Odell Beckham Jr.,00-0031235,WR,CLE,0,16.0,63.82,75.32,86.82,129.3,166.3,203.3,135.76,167.35,202.83,37.5,218.26,118.4
2020,Danny Amendola,00-0026035,WR,DET,0,15.0,60.4,83.4,106.4,78.56,109.56,140.56,63.9,85.41,106.58,21.24,150.58,54.85
2020,Matt Ryan,00-0026143,QB,ATL,0,15.0,282.44,282.44,282.44,267.34,267.34,267.34,249.67,245.04,248.85,72.15,326.47,256.98
2020,Bennie Fowler,00-0030670,WR,NO,0,8.0,1.1,2.1,3.1,23.3,34.8,46.3,9.18,9.89,11.27,0.0,10.05,24.91
2020,Willie Snead,00-0030663,WR,BAL,0,16.0,61.2,77.7,94.2,64.1,79.6,95.1,59.73,84.99,108.68,16.98,125.74,41.37
2020,Cordarrelle Patterson,00-0030578,WR,CHI,0,16.0,48.4,58.9,69.4,24.6,30.1,35.6,35.68,41.27,47.29,4.6,95.32,33.09
2020,Geno Smith,00-0030565,QB,SEA,0,,1.12,1.12,1.12,,,,27.59,30.87,28.41,0.16,92.35,6.67
2020,DeAndre Hopkins,00-0030564,WR,ARI,0,15.0,172.8,230.3,287.8,164.54,216.54,268.54,168.68,208.44,252.2,47.59,264.67,144.89
2020,DeSean Jackson,00-0026189,WR,PHI,0,2.0,30.8,37.8,44.8,27.9,32.4,36.9,79.24,102.01,123.5,10.99,175.89,31.59
2020,Tyler Eifert,00-0030549,TE,JAX,0,16.0,46.9,64.9,82.9,63.6,85.1,106.6,48.58,61.99,78.19,9.95,99.31,41.44
2020,James White,00-0031062,RB,NE,0,15.0,67.6,92.1,116.6,130.2,166.2,202.2,123.19,148.85,186.14,29.37,209.35,125.76
2020,K.J. Hill,00-0036382,WR,LAC,1,,7.3,10.8,14.3,,,,21.78,27.78,32.64,0.01,74.16,19.89
2020,John Brown,00-0031051,WR,BUF,0,15.0,63.8,80.3,96.8,147.82,183.82,219.82,112.06,137.79,163.76,35.6,189.46,122.49
2020,Carlos Hyde,00-0031045,RB,SEA,0,16.0,68.9,76.9,84.9,143.2,148.2,153.2,88.8,96.21,103.58,5.46,140.53,113.04
2020,Keith Smith,00-0030968,RB,ATL,0,,0.0,0.0,0.0,,,,1.62,1.65,2.24,0.0,2.98,19.89
2020,Jimmy Graham,00-0027696,TE,CHI,0,16.0,93.6,118.6,143.6,62.7,81.7,100.7,41.22,51.17,69.3,12.0,106.14,44.5
2020,Andre Roberts,00-0027691,WR,BUF,0,13.0,3.1,5.1,7.1,2.7,4.2,5.7,13.17,17.46,18.31,0.86,62.82,9.69
2020,Colt McCoy,00-0027688,QB,NYG,0,1.0,18.2,18.2,18.2,4.28,4.28,4.28,13.9,16.15,14.75,0.0,78.65,20.72
2020,Emmanuel Sanders,00-0027685,WR,NO,0,17.0,103.8,134.3,164.8,124.3,157.3,190.3,102.86,132.83,156.03,30.31,177.39,77.61
2020,Rob Gronkowski,00-0027656,TE,TB,0,,104.3,126.8,149.3,,,,59.02,77.21,98.58,5.78,124.25,33.21
2020,Greg Olsen,00-0025418,TE,SEA,0,14.0,29.9,41.9,53.9,71.7,97.7,123.7,46.63,59.75,75.97,14.93,124.14,50.25
2020,Tom Brady,00-0019596,QB,TB,0,16.0,337.92,337.92,337.92,263.68,263.68,263.68,227.81,227.54,224.9,88.36,287.95,270.93
2020,Ke'Shawn Vaughn,00-0036450,RB,TB,1,,18.3,20.8,23.3,,,,51.1,56.68,63.95,0.01,132.82,19.89
2020,Blaine Gabbert,00-0027948,QB,TB,0,,15.32,15.32,15.32,,,,44.21,42.96,39.98,0.13,113.81,17.05
2020,Julio Jones,00-0027944,WR,ATL,0,15.0,95.1,120.6,146.1,175.1,224.6,274.1,149.03,187.72,234.38,35.99,241.87,155.36
2020,A.J. Green,00-0027942,WR,CIN,0,,64.3,87.8,111.3,,,,95.39,122.2,149.09,6.14,202.21,47.36
2020,Ted Ginn,00-0025396,WR,CHI,0,15.0,4.0,5.5,7.0,55.9,70.9,85.9,57.49,74.72,95.88,13.56,135.74,41.75
2020,Cam Newton,00-0027939,QB,NE,0,2.0,258.98,259.98,260.98,16.68,16.68,16.68,169.89,175.14,177.75,45.66,265.23,113.78
2020,Tee Higgins,00-0036410,WR,CIN,1,,127.6,161.1,194.6,,,,67.99,82.58,97.76,0.01,144.0,19.89
2020,Charlie Woerner,00-0036429,TE,SF,1,,3.6,5.1,6.6,,,,10.07,12.69,14.39,0.13,34.08,19.89
2020,Adam Trautman,00-0036422,TE,NO,1,,23.1,30.6,38.1,,,,30.63,34.02,43.48,0.01,66.8,19.89
2020,Van Jefferson,00-0036415,WR,LA,1,,27.9,37.4,46.9,,,,48.85,60.65,72.33,0.03,110.52,19.89
2020,Cam Akers,00-0036414,RB,LA,1,,90.8,96.3,101.8,,,,93.12,113.77,124.12,0.01,171.89,19.89
2020,Tyrie Cleveland,00-0036439,WR,DEN,1,,6.3,9.3,12.3,,,,10.52,12.78,17.79,0.01,61.57,19.89
2020,Jerry Jeudy,00-0036407,WR,DEN,1,,105.6,131.6,157.6,,,,103.02,122.46,152.64,0.01,203.74,19.89
2020,John Hightower,00-0036398,WR,PHI,1,,18.8,23.8,28.8,,,,16.4,20.73,25.93,0.02,72.15,19.89
2020,Jalen Reagor,00-0036387,WR,PHI,1,,56.2,71.7,87.2,,,,78.26,100.25,118.13,0.01,162.83,19.89
2020,LeSean McCoy,00-0027029,RB,TB,0,13.0,13.2,20.7,28.2,90.6,104.6,118.6,45.29,56.57,62.05,9.61,117.63,50.36
2020,Adrian Peterson,00-0025394,RB,DET,0,15.0,112.5,118.5,124.5,130.0,138.5,147.0,59.58,68.18,75.74,9.96,137.79,85.47
2020,Marcedes Lewis,00-0024243,TE,GB,0,12.0,28.7,33.7,38.7,21.6,29.1,36.6,32.5,42.55,52.45,7.84,101.37,18.41
2020,Ryan Fitzpatrick,00-0023682,QB,MIA,0,15.0,152.74,153.24,153.74,241.46,241.46,241.46,166.65,154.91,148.24,85.29,271.67,174.18
2020,Frank Gore,00-0023500,RB,NYJ,0,15.0,84.2,92.2,100.2,81.9,88.4,94.9,60.11,62.21,66.13,6.01,105.67,68.89
2020,Aaron Rodgers,00-0023459,QB,GB,0,16.0,382.26,382.76,383.26,278.38,278.38,278.38,246.8,244.23,240.14,98.64,325.92,281.43
2020,Philip Rivers,00-0022942,QB,IND,0,16.0,239.96,239.96,239.96,235.5,235.5,235.5,224.56,220.83,220.72,61.9,287.98,252.07
2020,Ben Roethlisberger,00-0022924,QB,PIT,0,2.0,267.22,267.22,267.22,12.74,12.74,12.74,147.92,150.26,153.52,31.18,270.35,123.84
2020,Larry Fitzgerald,00-0022921,WR,ARI,0,16.0,46.9,73.9,100.9,102.4,139.9,177.4,70.13,88.66,111.81,24.84,149.76,86.75
2020,Matt Schaub,00-0022787,QB,ATL,0,5.0,-0.4,-0.4,-0.4,32.9,32.9,32.9,21.66,21.91,19.71,0.0,75.45,39.06
2020,Jason Witten,00-0022127,TE,LV,0,16.0,18.9,25.4,31.9,76.9,108.4,139.9,33.77,48.48,57.35,8.63,93.95,70.0
2020,Drew Brees,00-0020531,QB,NO,0,11.0,209.48,209.48,209.48,224.76,224.76,224.76,246.51,250.49,261.27,64.21,304.1,185.41
2020,Marvin Jones,00-0029293,WR,DET,0,13.0,151.8,189.8,227.8,131.9,162.9,193.9,91.5,120.36,149.85,21.31,185.05,72.87
2020,Julian Edelman,00-0027150,WR,NE,0,16.0,35.22,45.72,56.22,156.28,206.28,256.28,122.18,161.47,210.15,34.44,209.14,144.99
2020,Russell Wilson,00-0029263,QB,SEA,0,16.0,359.78,359.78,359.78,328.6,328.6,328.6,277.94,281.86,275.17,123.73,321.85,267.54
2020,Derek Carrier,00-0029119,TE,LV,0,11.0,1.4,1.9,2.4,19.5,26.0,32.5,13.18,17.08,22.33,1.64,39.89,13.91
2020,T.Y. Hilton,00-0029608,WR,IND,0,10.0,108.2,136.2,164.2,80.1,102.6,125.1,92.17,118.26,151.53,17.61,174.12,102.97
2020,Kirk Cousins,00-0029604,QB,MIN,0,15.0,306.2,306.2,306.2,244.42,244.42,244.42,250.21,247.17,242.98,80.44,314.3,267.19
2020,Nick Foles,00-0029567,QB,CHI,0,4.0,104.18,104.18,104.18,37.74,37.74,37.74,24.7,22.19,22.14,0.29,83.56,30.3
2020,Virgil Green,00-0028142,TE,LAC,0,12.0,11.0,12.5,14.0,13.8,18.3,22.8,13.54,18.03,21.91,2.24,45.06,14.82
2020,Tyrod Taylor,00-0028118,QB,LAC,0,4.0,9.02,9.02,9.02,6.02,6.02,6.02,76.43,84.31,84.53,29.9,169.23,24.92
2020,Joe Burrow,00-0036442,QB,CIN,1,,173.72,173.72,173.72,,,,207.93,199.92,202.02,25.64,282.8,19.89
2020,Dion Lewis,00-0028087,RB,NYG,0,15.0,40.2,49.7,59.2,41.3,53.8,66.3,47.39,55.56,71.88,8.9,108.72,43.73
2020,Anthony Sherman,00-0028074,RB,KC,0,,0.0,0.0,0.0,,,,21.43,26.75,30.46,0.35,109.44,19.89
2020,Taiwan Jones,00-0028063,RB,BUF,0,8.0,0.0,0.0,0.0,4.9,5.4,5.9,15.35,19.34,19.64,0.31,52.79,8.62
2020,Luke Stocker,00-0028042,TE,ATL,0,12.0,6.3,9.8,13.3,5.3,9.3,13.3,10.63,15.1,20.66,0.82,38.83,9.89
2020,Bruce Miller,00-0028149,RB,JAX,0,,0.0,0.0,0.0,,,,0.66,0.77,1.2,0.0,4.36,19.89
2020,Randall Cobb,00-0028002,WR,HOU,0,15.0,62.1,81.1,100.1,99.9,127.4,154.9,54.92,73.69,91.3,12.33,123.93,87.58
2020,Kyle Rudolph,00-0027981,TE,MIN,0,15.0,37.4,51.4,65.4,74.7,94.2,113.7,47.46,61.7,81.15,12.27,113.21,43.93
2020,Andy Dalton,00-0027973,QB,DAL,0,13.0,135.9,136.4,136.9,202.66,203.16,203.66,88.05,84.7,81.99,23.3,213.78,158.5
2020,Mark Ingram,00-0027966,RB,BAL,0,15.0,46.9,49.9,52.9,216.5,229.5,242.5,140.59,162.93,166.82,14.67,231.75,123.88
2020,Dontrelle Inman,00-0028411,WR,WAS,0,7.0,28.3,37.3,46.3,18.1,24.1,30.1,48.47,66.26,84.23,7.57,112.54,17.68
2020,Cole Beasley,00-0029000,WR,BUF,0,15.0,125.5,166.5,207.5,117.8,151.3,184.8,73.32,98.25,118.93,23.07,153.82,84.43
2020,Case Keenum,00-0028986,QB,CLE,0,10.0,1.84,1.84,1.84,103.48,103.48,103.48,50.4,48.69,46.84,5.57,112.82,66.51
2020,Nick Bellore,00-0028292,RB,SEA,0,,0.0,0.0,0.0,,,,0.0,0.0,0.0,0.0,0.0,19.89
2020,Chris Hogan,00-0028237,WR,NYJ,0,7.0,11.8,18.8,25.8,6.7,10.7,14.7,28.66,36.82,45.91,7.1,97.27,15.66
2020,Tyler Ervin,00-0032404,RB,GB,0,7.0,15.1,20.6,26.1,2.1,3.1,4.1,15.52,15.86,19.7,1.19,61.13,4.28
2020,Nick Vannett,00-0032394,TE,DEN,0,14.0,15.5,22.5,29.5,16.6,25.1,33.6,16.13,24.26,30.2,5.15,55.69,20.68
2020,Austin Hooper,00-0032392,TE,CLE,0,13.0,67.5,90.5,113.5,116.7,154.2,191.7,96.95,134.55,164.55,19.07,167.14,87.34
2020,Kalif Raymond,00-0032464,WR,TEN,0,8.0,18.4,22.9,27.4,20.5,25.0,29.5,32.3,42.38,52.39,4.59,86.39,13.92
2020,Alex Erickson,00-0032543,WR,CIN,0,16.0,12.6,18.6,24.6,57.24,78.74,100.24,33.25,43.22,54.51,8.19,100.65,53.27
2020,Sterling Shepard,00-0032385,WR,NYG,0,10.0,96.5,129.5,162.5,84.8,113.3,141.8,91.75,120.1,140.42,16.68,188.12,78.5
2020,Jeff Driskel,00-0032436,QB,DEN,0,3.0,30.08,30.08,30.08,57.1,57.6,58.1,68.66,67.38,69.91,6.91,165.84,11.44
2020,Darnell Mooney,00-0036309,WR,CHI,1,,91.1,121.6,152.1,,,,24.73,30.77,39.7,0.01,94.28,19.89
2020,Justin Jefferson,00-0036322,WR,MIN,1,,186.2,230.2,274.2,,,,72.32,89.41,111.71,0.01,139.52,19.89
2020,Tyler Kroft,00-0032214,TE,BUF,0,9.0,29.9,35.9,41.9,13.1,16.1,19.1,18.14,25.09,28.33,3.12,66.27,8.92
2020,Tyler Lockett,00-0032211,WR,SEA,0,16.0,165.4,215.4,265.4,153.2,194.2,235.2,131.96,167.23,191.65,34.17,214.52,138.88
2020,Todd Gurley,00-0032241,RB,ATL,0,15.0,138.2,150.7,163.2,188.4,203.9,219.4,180.14,200.68,225.24,15.52,275.06,161.83
2020,Ty Montgomery,00-0032200,RB,NO,0,15.0,12.8,14.3,15.8,19.3,25.8,32.3,27.65,33.75,37.57,3.32,78.33,25.14
2020,Chase Claypool,00-0036326,WR,PIT,1,,152.9,183.9,214.9,,,,60.46,76.35,91.02,0.01,124.48,19.89
2020,David Johnson,00-0032187,RB,HOU,0,12.0,146.5,163.0,179.5,105.5,123.5,141.5,104.75,123.56,147.45,14.32,191.23,82.23
2020,Duke Johnson,00-0032257,RB,HOU,0,16.0,56.4,70.4,84.4,110.0,132.0,154.0,65.3,85.16,98.95,10.35,131.42,74.03
2020,Sean Mannion,00-0032245,QB,MIN,0,3.0,0.0,0.0,0.0,-1.46,-1.46,-1.46,13.65,14.16,13.63,0.01,61.99,11.47
2020,C.J. Ham,00-0032918,RB,MIN,0,,0.0,0.0,0.0,,,,1.4,1.15,0.65,0.0,5.77,19.89
2020,Derek Watt,00-0032897,RB,PIT,0,,0.0,0.0,0.0,,,,0.82,0.23,0.58,0.0,5.65,19.89
2020,Elijhaa Penny,00-0032813,RB,NYG,0,,0.0,0.0,0.0,,,,30.63,35.71,40.03,0.88,111.07,19.89
2020,Nate Sudfeld,00-0032792,QB,PHI,0,,-1.52,-1.52,-1.52,,,,13.66,15.02,14.19,0.42,75.63,9.18
2020,Jakeem Grant,00-0032791,WR,MIA,0,9.0,51.3,69.3,87.3,28.9,38.4,47.9,39.67,52.6,62.89,5.45,103.37,30.74
2020,Jalen Richard,00-0033025,RB,LV,0,16.0,32.1,41.6,51.1,46.8,64.8,82.8,70.6,90.51,111.3,10.53,117.63,27.93
2020,Tyler Boyd,00-0033009,WR,CIN,0,16.0,113.64,153.14,192.64,132.9,177.9,222.9,121.42,156.63,188.47,28.45,227.04,115.08
2020,Jaydon Mickens,00-0033006,WR,TB,0,1.0,5.8,9.3,12.8,0.0,0.0,0.0,7.99,8.63,12.17,0.18,35.98,2.87
2020,D'Andre Swift,00-0036275,RB,DET,1,,143.8,166.8,189.8,,,,104.86,123.04,142.88,0.01,188.74,19.89
2020,J.P. Holtz,00-0032986,TE,CHI,0,8.0,0.0,0.0,0.0,9.1,12.6,16.1,7.39,9.39,12.22,0.18,30.86,13.01
2020,Rashard Higgins,00-0032977,WR,CLE,0,7.0,83.9,102.4,120.9,11.5,13.5,15.5,35.65,47.29,58.96,3.91,105.03,13.26
2020,Devontae Booker,00-0032972,RB,LV,0,9.0,68.7,77.2,85.7,6.6,9.6,12.6,29.93,38.04,46.5,1.31,74.54,15.61
2020,Cole Kmet,00-0036290,TE,CHI,1,,34.0,48.0,62.0,,,,55.29,66.01,82.06,0.01,102.54,19.89
2020,Quintez Cephus,00-0036277,WR,DET,1,,46.9,56.9,66.9,,,,38.93,53.51,67.39,0.0,141.14,19.89
2020,Jason Huntley,00-0036278,RB,PHI,1,,1.9,2.4,2.9,,,,34.2,40.67,44.43,0.01,80.77,19.89
2020,Andy Janovich,00-0032956,RB,CLE,0,,0.0,0.0,0.0,,,,0.05,0.0,0.0,0.0,2.16,19.89
2020,Carson Wentz,00-0032950,QB,PHI,0,16.0,198.4,198.4,198.4,275.86,275.86,275.86,214.62,218.79,219.36,82.33,299.12,234.29
2020,Stephen Anderson,00-0032725,TE,LAC,0,,10.6,14.6,18.6,,,,16.65,21.38,23.37,0.59,57.78,19.89
2020,Robbie Chosen,00-0032688,WR,CAR,0,16.0,129.1,176.6,224.1,110.3,136.3,162.3,85.89,108.21,128.05,18.4,166.25,90.47
2020,Peyton Barber,00-0032741,RB,WAS,0,16.0,51.0,53.0,55.0,100.5,108.5,116.5,36.02,43.41,49.13,3.87,106.54,34.87
2020,J.D. McKissic,00-0032602,RB,WAS,0,15.0,111.4,151.4,191.4,49.8,66.8,83.8,66.35,79.38,98.68,9.41,146.08,40.63
2020,D.J. Foster,00-0032577,RB,ARI,0,2.0,0.9,1.4,1.9,0.0,0.0,0.0,7.48,9.29,12.3,0.0,20.31,6.73
2020,Jordan Howard,00-0032780,RB,MIA,0,9.0,29.7,30.2,30.7,101.4,106.4,111.4,117.32,117.8,119.13,14.99,199.79,104.75
2020,Tajae Sharpe,00-0032778,WR,MIN,0,13.0,0.0,0.0,0.0,56.9,69.4,81.9,49.05,64.2,80.73,2.46,95.03,34.97
2020,Demarcus Robinson,00-0032775,WR,KC,0,15.0,62.6,85.1,107.6,68.9,84.9,100.9,52.13,62.75,74.68,7.45,107.87,41.52
2020,Michael Thomas,00-0032765,WR,NO,0,16.0,43.9,63.9,83.9,225.6,300.1,374.6,189.17,252.98,306.69,34.1,286.41,134.79
2020,Derrick Henry,00-0032764,RB,TEN,0,15.0,314.1,323.6,333.1,276.6,285.6,294.6,184.89,198.25,200.41,20.74,277.31,170.37
2020,Michael Burton,00-0031595,RB,NO,0,,0.0,0.0,0.0,,,,2.44,2.27,2.45,0.0,6.16,19.89
2020,Stefon Diggs,00-0031588,WR,BUF,0,15.0,201.6,265.1,328.6,151.1,182.6,214.1,140.56,175.07,206.72,41.87,219.88,150.25
2020,MyCole Pruitt,00-0031585,TE,TEN,0,9.0,16.9,19.4,21.9,15.0,18.0,21.0,12.25,16.73,21.32,1.95,47.24,10.25
2020,Justin Herbert,00-0036355,QB,LAC,1,,332.84,332.84,332.84,,,,133.01,133.42,128.86,1.11,189.16,19.89
2020,Maxx Williams,00-0031558,TE,ARI,0,13.0,16.2,20.2,24.2,26.2,33.7,41.2,48.37,62.5,75.11,10.4,125.39,23.87
2020,Henry Ruggs III,00-0036357,WR,LV,1,,58.1,71.1,84.1,,,,128.13,153.22,175.49,0.01,217.97,19.89
2020,Nelson Agholor,00-0031549,WR,LV,0,11.0,137.6,161.6,185.6,55.0,74.5,94.0,44.83,58.37,65.95,6.28,119.12,51.98
2020,CeeDee Lamb,00-0036358,WR,DAL,1,,143.7,180.7,217.7,,,,103.76,133.11,158.1,0.01,193.03,19.89
2020,Raheem Mostert,00-0031687,RB,SF,0,16.0,83.7,91.7,99.7,153.2,160.2,167.2,119.05,131.87,143.78,15.49,162.31,147.38
2020,DeAndre Carter,00-0031763,WR,HOU,0,16.0,0.8,1.3,1.8,16.2,21.7,27.2,14.18,20.93,28.46,0.83,47.9,18.17
2020,Eric Tomlinson,00-0031690,TE,NYG,0,2.0,0.0,0.0,0.0,0.1,0.6,1.1,6.43,7.7,9.32,0.03,27.01,4.83
2020,DeVante Parker,00-0031547,WR,MIA,0,16.0,103.3,134.8,166.3,174.2,210.2,246.2,108.49,123.74,147.52,28.71,185.22,113.7
2020,K.J. Osborn,00-0036345,WR,MIN,1,,0.0,0.0,0.0,,,,13.95,16.93,23.23,0.01,54.72,19.89
2020,Antonio Gibson,00-0036328,RB,WAS,1,,166.2,184.2,202.2,,,,108.41,120.3,138.99,0.01,187.28,19.89
2020,Darren Waller,00-0031610,TE,LV,0,16.0,171.6,225.1,278.6,131.0,176.0,221.0,103.67,140.0,180.36,27.48,215.06,92.07
2020,Nick Boyle,00-0031598,TE,BAL,0,15.0,23.3,30.3,37.3,44.1,59.6,75.1,22.9,34.41,45.83,8.14,58.73,26.08
2020,Jarvis Landry,00-0031382,WR,CLE,0,16.0,115.96,151.96,187.96,154.4,195.9,237.4,136.14,174.57,208.22,34.47,223.47,129.45
2020,Davante Adams,00-0031381,WR,GB,0,12.0,243.4,300.9,358.4,129.7,171.2,212.7,159.47,201.51,251.15,36.89,249.61,132.08
2020,Jerick McKinnon,00-0031376,RB,SF,0,,93.2,109.7,126.2,,,,35.47,42.9,51.78,0.0,90.43,19.89
2020,Bryan Edwards,00-0036365,WR,LV,1,,25.3,30.8,36.3,,,,76.43,97.16,110.95,0.01,160.32,19.89
2020,Richard Rodgers,00-0031384,TE,PHI,0,,46.5,58.5,70.5,,,,4.95,8.39,9.14,1.02,35.52,9.19
2020,Jimmy Garoppolo,00-0031345,QB,SF,0,16.0,64.34,64.34,64.34,247.32,247.32,247.32,217.53,214.85,214.55,107.49,277.76,197.1
2020,Sammy Watkins,00-0031325,WR,KC,0,13.0,50.4,68.9,87.4,86.5,112.5,138.5,102.63,136.18,161.73,20.69,185.03,80.16
2020,Diontae Spencer,00-0031319,WR,DEN,0,16.0,10.5,12.0,13.5,1.7,4.7,7.7,3.46,5.42,5.82,0.0,8.8,18.78
2020,Clyde Edwards-Helaire,00-0036360,RB,KC,1,,140.0,158.0,176.0,,,,165.07,180.75,197.48,0.01,253.09,19.89
2020,Amari Cooper,00-0031544,WR,DAL,0,16.0,144.8,190.8,236.8,167.5,207.0,246.5,131.06,171.73,207.31,32.37,222.96,131.85
2020,Jameis Winston,00-0031503,QB,NO,0,16.0,2.4,2.4,2.4,305.36,305.36,305.36,112.5,106.18,99.78,23.16,249.62,183.88
2020,Chris Manhertz,00-0031484,TE,CAR,0,3.0,5.2,8.2,11.2,1.1,1.6,2.1,33.72,47.96,59.0,5.18,114.86,4.84
2020,Allen Robinson,00-0031428,WR,CHI,0,16.0,160.9,211.9,262.9,156.9,205.9,254.9,105.74,128.65,161.86,34.93,210.44,127.85
2020,Mike Evans,00-0031408,WR,TB,0,13.0,178.6,213.6,248.6,165.7,199.2,232.7,124.64,166.03,205.89,28.96,224.95,155.29
2020,Eric Ebron,00-0031387,TE,PIT,0,11.0,85.8,113.8,141.8,55.5,71.0,86.5,67.35,87.08,111.41,12.6,160.11,57.46
2020,Mike Davis,00-0032063,RB,CAR,0,6.0,147.5,177.0,206.5,4.9,8.4,11.9,37.01,41.57,47.55,3.79,109.98,33.54
2020,Blake Bell,00-0032062,TE,DAL,0,14.0,11.2,16.7,22.2,6.7,10.7,14.7,10.18,15.46,19.09,1.34,51.48,9.07
2020,Tevin Coleman,00-0032058,RB,SF,0,14.0,8.7,10.7,12.7,114.4,124.9,135.4,83.55,93.24,98.64,12.47,142.25,95.87
2020,Breshad Perriman,00-0032054,WR,NYJ,0,14.0,69.1,84.1,99.1,102.1,120.1,138.1,72.92,91.66,103.83,17.67,169.66,78.51
2020,Daniel Brown,00-0032098,TE,NYJ,0,11.0,3.1,4.1,5.1,13.2,16.7,20.2,10.59,14.06,16.61,1.04,37.14,5.9
2020,Adam Humphries,00-0032009,WR,TEN,0,12.0,34.8,46.3,57.8,49.5,68.0,86.5,48.45,67.46,87.84,15.02,122.53,31.14
2020,James O'Shaughnessy,00-0031951,TE,JAX,0,5.0,26.2,40.2,54.2,27.3,34.3,41.3,38.35,53.52,66.48,11.2,102.71,21.83
2020,Jesse James,00-0032135,TE,DET,0,13.0,24.9,31.9,38.9,14.2,22.2,30.2,16.29,21.87,29.84,1.63,53.98,21.59
2020,Melvin Gordon,00-0032144,RB,DEN,0,12.0,166.4,182.4,198.4,138.8,159.8,180.8,152.79,173.52,192.7,19.72,252.95,139.63
2020,Devin Duvernay,00-0036331,WR,BAL,1,,33.1,43.1,53.1,,,,33.47,44.71,54.42,0.01,95.28,19.89
2020,C.J. Uzomah,00-0032134,TE,CIN,0,14.0,14.7,18.7,22.7,36.2,49.7,63.2,36.91,53.98,60.99,15.9,103.06,31.29
2020,Chris Conley,00-0032128,WR,JAX,0,16.0,57.1,77.1,97.1,109.5,133.0,156.5,60.93,73.0,90.48,16.4,145.64,70.59
2020,Josiah Deguara,00-0036332,TE,GB,1,,1.2,1.7,2.2,,,,26.38,32.2,38.64,0.01,61.39,19.89
2020,Ameer Abdullah,00-0032104,RB,MIN,0,15.0,22.0,26.0,30.0,26.3,33.8,41.3,30.83,36.81,41.49,2.22,84.88,24.7
2020,Damiere Byrd,00-0031868,WR,NE,0,11.0,67.9,91.4,114.9,39.9,55.9,71.9,32.76,43.89,54.0,12.92,83.37,25.48
2020,Antonio Gandy-Golden,00-0036340,WR,WAS,1,,2.5,3.0,3.5,,,,41.22,54.03,66.06,0.01,104.24,19.89
2020,Malcolm Brown,00-0031806,RB,LA,0,14.0,86.1,97.6,109.1,57.1,58.1,59.1,85.38,93.7,103.37,11.01,158.12,43.12
2020,Jamison Crowder,00-0031941,WR,NYJ,0,16.0,113.02,142.52,172.02,119.7,158.7,197.7,88.83,126.58,155.03,25.23,184.22,79.53
2020,Brycen Hopkins,00-0036424,TE,LA,1,,0.0,0.0,0.0,,,,20.55,27.56,36.1,0.01,58.62,19.89
2020,Albert Okwuegbunam,00-0036423,TE,DEN,1,,18.1,23.6,29.1,,,,22.32,27.67,34.12,0.01,60.66,19.89
2020,Raymond Calais,00-0036435,RB,LA,1,,0.0,0.0,0.0,,,,33.91,36.02,39.44,0.13,76.92,19.89
2020,Ben DiNucci,00-0036384,QB,DAL,1,,6.96,6.96,6.96,,,,8.73,10.98,12.34,0.0,68.3,19.89
2020,Trishton Jackson,00-0035934,WR,LA,1,,0.0,0.0,0.0,,,,22.71,29.85,36.04,0.01,82.34,19.89
2020,Darrynton Evans,00-0036297,RB,TEN,1,,14.1,15.1,16.1,,,,85.04,91.24,99.93,0.01,151.42,19.89
2020,Anthony McFarland,00-0036336,RB,PIT,1,,16.7,19.7,22.7,,,,48.84,57.42,66.14,0.01,103.29,19.89
2020,Tyler Davis,00-0036250,TE,JAX,1,,0.0,0.0,0.0,,,,10.82,12.9,16.88,0.01,45.87,19.89
2020,DeeJay Dallas,00-0036425,RB,SEA,1,,39.9,48.4,56.9,,,,8.76,9.47,10.03,0.0,34.05,19.89
2020,Qadree Ollison,00-0035273,RB,ATL,0,6.0,0.3,0.3,0.3,29.7,30.2,30.7,28.45,33.36,36.3,0.0,70.93,31.43
2020,La'Mical Perine,00-0036269,RB,NYJ,1,,41.5,47.0,52.5,,,,35.22,39.49,45.88,0.01,96.92,19.89
2020,Donovan Peoples-Jones,00-0036233,WR,CLE,1,,44.4,51.4,58.4,,,,19.14,22.58,26.74,0.01,71.0,19.89
2020,Jake Fromm,00-0036197,QB,BUF,1,,0.0,0.0,0.0,,,,14.12,14.92,15.89,0.0,68.87,19.89
2020,Tyler Johnson,00-0036427,WR,TB,1,,28.9,34.9,40.9,,,,21.5,27.54,36.29,0.01,78.96,19.89
2020,Dezmon Patmon,00-0036228,WR,IND,1,,0.0,0.0,0.0,,,,17.0,21.59,26.56,0.01,66.89,19.89
2020,James Morgan,00-0036301,QB,NYJ,1,,0.0,0.0,0.0,,,,8.54,8.15,9.31,0.0,58.4,19.89
2020,Marquez Callaway,00-0036219,WR,NO,1,,21.3,31.8,42.3,,,,30.19,34.97,41.2,0.01,93.92,19.89
2020,Cullen Gillaspia,00-0035304,RB,HOU,0,6.0,0.6,1.1,1.6,0.0,0.0,0.0,3.39,4.39,5.13,0.01,7.9,6.43
2020,Denzel Mims,00-0036255,WR,NYJ,1,,37.7,49.2,60.7,,,,47.73,62.16,77.34,0.01,123.29,19.89
2020,Jake Luton,00-0036312,QB,JAX,1,,28.26,28.26,28.26,,,,29.73,28.01,29.33,0.0,83.49,19.89
2020,Gunner Olszewski,00-0035645,WR,NE,0,8.0,20.5,23.0,25.5,3.4,4.4,5.4,4.44,5.96,7.57,0.0,8.45,8.52
2020,Malcolm Perry,00-0036245,RB,MIA,1,,15.7,20.2,24.7,,,,32.98,39.85,43.2,0.12,104.65,19.89
2020,Dalton Keene,00-0036225,TE,NE,1,,1.6,3.1,4.6,,,,27.04,35.91,41.71,0.01,76.23,19.89
2020,Joe Flacco,00-0026158,QB,NYJ,0,8.0,54.76,54.76,54.76,84.88,84.88,84.88,12.31,10.74,12.57,0.0,81.13,33.89
2020,Brandon Aiyuk,00-0036261,WR,SF,1,,124.5,154.5,184.5,,,,63.05,82.02,93.86,0.01,134.42,19.89
2020,Lynn Bowden,00-0036364,RB,MIA,1,,25.58,39.58,53.58,,,,18.65,22.27,24.62,0.01,54.87,19.89
2020,Sean McKeon,00-0036032,TE,DAL,1,,0.0,0.0,0.0,,,,12.0,15.06,18.0,0.01,38.66,19.89
2020,Hunter Bryant,00-0036008,TE,DET,1,,4.4,4.9,5.4,,,,16.99,21.01,26.22,0.0,56.25,19.89
2020,Noah Togiai,00-0036005,TE,IND,1,,0.0,0.0,0.0,,,,19.11,24.62,29.4,0.01,62.26,19.89
2020,Eno Benjamin,00-0036383,RB,ARI,1,,0.0,0.0,0.0,,,,47.52,58.74,64.13,0.01,112.41,19.89
2020,Riley Ridley,00-0035590,WR,CHI,0,3.0,3.9,5.9,7.9,6.9,9.9,12.9,16.79,20.36,24.38,0.02,62.64,12.87
2020,Jacob Eason,00-0036226,QB,IND,1,,0.0,0.0,0.0,,,,2.73,3.29,3.85,0.0,54.07,19.89
2020,Jonathan Williams,00-0032975,RB,DET,0,5.0,0.6,2.6,4.6,35.4,37.9,40.4,16.08,17.04,20.68,0.11,54.93,57.43
2020,Chris Moore,00-0032398,WR,BAL,0,7.0,0.0,0.0,0.0,2.1,3.6,5.1,18.17,23.96,27.7,0.78,64.4,7.39
2020,Courtland Sutton,00-0034348,WR,DEN,0,16.0,6.6,8.1,9.6,150.42,186.42,222.42,133.01,160.24,197.91,20.81,220.01,128.5
2020,T.J. Yeldon,00-0032209,RB,BUF,0,4.0,15.2,15.7,16.2,16.7,23.2,29.7,40.03,48.95,58.3,3.89,115.59,41.39
2020,Phillip Dorsett,00-0032208,WR,SEA,0,11.0,0.0,0.0,0.0,71.8,86.3,100.8,11.73,12.9,15.36,1.07,61.0,54.99
2020,Keke Coutee,00-0034366,WR,HOU,0,8.0,56.0,72.5,89.0,30.8,41.8,52.8,40.27,49.16,60.59,0.25,95.41,27.27
2020,Geoff Swaim,00-0032141,TE,TEN,0,6.0,14.3,18.8,23.3,6.5,13.0,19.5,10.97,13.5,19.27,1.04,32.6,12.63
2020,Brett Hundley,00-0031589,QB,ARI,0,3.0,0.0,0.0,0.0,6.06,6.06,6.06,35.14,33.3,32.5,1.33,104.22,34.46
2020,Colin Thompson,00-0033720,TE,CAR,0,,6.7,7.2,7.7,,,,10.7,13.3,15.9,0.46,40.03,19.89
2020,C.J. Beathard,00-0033936,QB,SF,0,,52.28,52.28,52.28,,,,13.15,11.03,10.27,0.72,114.21,30.57
2020,Kenny Golladay,00-0033932,WR,DET,0,16.0,45.8,55.8,65.8,183.0,215.5,248.0,65.01,78.9,96.96,12.52,169.72,121.38
2020,Joshua Dobbs,00-0033949,QB,PIT,0,,2.08,2.08,2.08,,,,8.65,11.12,11.44,0.0,64.8,9.22
2020,Dare Ogunbowale,00-0033854,RB,JAX,0,16.0,19.9,24.9,29.9,40.3,57.8,75.3,13.76,20.39,24.58,0.6,38.79,24.87
2020,Dede Westbrook,00-0033839,WR,JAX,0,15.0,0.4,0.9,1.4,90.7,123.7,156.7,37.99,58.24,74.71,5.38,121.45,80.64
2020,Jarrett Stidham,00-0035264,QB,NE,0,3.0,12.94,12.94,12.94,-1.64,-1.64,-1.64,13.42,15.06,13.29,0.0,58.89,16.76
2020,Ricky Seals-Jones,00-0033611,TE,KC,0,9.0,0.0,0.0,0.0,44.9,51.9,58.9,28.67,38.26,45.68,2.46,55.46,26.93
2020,Eric Saubert,00-0033576,TE,CHI,0,2.0,1.6,3.1,4.6,2.1,3.1,4.1,9.97,12.51,16.41,0.05,36.42,4.84
2020,PJ Walker,00-0033275,QB,CAR,0,,8.52,8.52,8.52,,,,25.67,26.4,24.82,0.12,71.92,19.89
2020,Cyril Grayson,00-0033215,WR,TB,0,1.0,0.0,0.0,0.0,0.3,0.8,1.3,1.62,2.37,3.16,0.0,6.24,7.24
2020,Justice Hill,00-0034975,RB,BAL,0,16.0,8.0,10.5,13.0,41.5,45.5,49.5,51.91,58.57,63.26,0.12,104.59,54.39
2020,Alshon Jeffery,00-0029137,WR,PHI,0,9.0,17.5,20.5,23.5,79.2,100.7,122.2,71.01,93.11,115.67,13.47,160.52,48.47
2020,Rico Gafford,00-0034660,WR,LV,0,3.0,0.0,0.0,0.0,12.6,13.6,14.6,22.57,30.62,38.77,0.0,76.15,13.1
2020,Lee Smith,00-0028097,TE,BUF,0,8.0,15.5,17.5,19.5,9.1,11.1,13.1,6.74,9.0,10.45,0.0,30.78,8.85
2020,Trace McSorley,00-0035146,QB,BAL,0,1.0,9.3,9.3,9.3,0.1,0.1,0.1,17.15,19.46,18.72,0.0,62.4,6.41
2020,Miles Sanders,00-0035243,RB,PHI,0,16.0,142.4,156.4,170.4,168.7,193.7,218.7,164.95,197.41,225.82,0.4,245.94,178.1
2020,Golden Tate,00-0027891,WR,NYG,0,11.0,51.52,69.02,86.52,105.2,129.7,154.2,83.85,109.59,133.29,18.48,160.85,91.42
2020,Zach Gentry,00-0035222,TE,PIT,0,2.0,0.0,0.0,0.0,0.4,0.9,1.4,8.86,11.56,14.16,0.01,36.7,7.65
2020,Alex Smith,00-0023436,QB,WAS,0,,71.58,71.58,71.58,,,,20.91,21.89,23.73,0.25,140.02,72.52
2020,KJ Hamler,00-0036412,WR,DEN,1,,60.1,75.1,90.1,,,,52.68,63.06,78.15,0.01,122.29,19.89
2020,Bryce Love,00-0035256,RB,WAS,0,,0.0,0.0,0.0,,,,34.91,45.46,51.16,0.13,94.35,19.89
2020,Jalen Hurts,00-0036389,QB,PHI,1,,108.14,108.64,109.14,,,,53.86,62.37,63.94,0.0,142.9,19.89
2020,Ryan Griffin,00-0029857,QB,TB,0,2.0,0.0,0.0,0.0,0.62,0.62,0.62,10.41,10.42,10.42,0.0,49.05,18.76
2020,Rysen John,00-0035991,TE,NYG,1,,0.0,0.0,0.0,,,,2.3,2.82,2.98,0.0,14.87,19.89
2020,Patrick Carr,00-0036054,RB,SEA,1,,0.0,0.0,0.0,,,,0.9,0.96,1.04,0.0,4.84,19.89
2020,Bo Scarbrough,00-0034432,RB,DET,0,6.0,3.1,3.1,3.1,42.2,42.7,43.2,12.66,12.3,15.08,0.0,40.66,45.75
2020,Nick Bawden,00-0034433,RB,DET,0,7.0,0.0,0.0,0.0,1.7,3.7,5.7,1.86,2.78,2.7,0.01,7.27,7.99
2020,Keith Kirkwood,00-0034317,WR,CAR,0,,1.3,1.8,2.3,,,,0.76,0.98,0.91,0.0,8.41,17.05
2020,Deebo Samuel Sr.,00-0035719,WR,SF,0,15.0,47.7,64.2,80.7,132.1,160.6,189.1,59.22,78.41,93.42,0.0,141.52,121.42
2020,Damien Harris,00-0035657,RB,NE,0,1.0,86.3,88.8,91.3,1.2,1.2,1.2,5.71,5.18,6.52,0.0,32.16,9.19
2020,Darion Clark,00-0035756,TE,CHI,1,,0.0,0.0,0.0,,,,0.81,0.96,0.73,0.0,2.79,19.89
2020,Omar Bayless,00-0035947,WR,CAR,1,,0.0,0.0,0.0,,,,3.47,4.15,4.21,0.0,9.07,19.89
2020,Vyncint Smith,00-0034631,WR,NYJ,0,13.0,1.3,1.8,2.3,33.7,42.2,50.7,7.35,9.87,12.72,0.0,29.14,26.43
2020,Marcus Mariota,00-0032268,QB,LV,0,7.0,25.84,25.84,25.84,85.02,85.02,85.02,18.98,16.63,13.91,0.0,73.81,94.0
2020,Tyrell Williams,00-0032160,WR,LV,0,13.0,0.0,0.0,0.0,101.1,122.1,143.1,14.69,20.63,29.17,1.09,106.59,69.78
2020,Isaiah Coulter,00-0036308,WR,HOU,1,,0.0,0.0,0.0,,,,3.79,4.85,5.31,0.0,11.58,19.89
2020,DeAndrew White,00-0031511,WR,BAL,0,8.0,0.0,0.0,0.0,5.1,7.1,9.1,1.64,2.96,3.4,0.0,3.0,11.29
2020,Trey Burton,00-0030710,TE,IND,0,8.0,55.3,69.3,83.3,8.4,15.4,22.4,5.83,8.42,11.09,0.21,13.86,25.98
2020,Tavon Austin,00-0030525,WR,SF,0,14.0,2.0,4.5,7.0,34.4,40.9,47.4,0.0,0.0,0.0,0.16,30.89,26.67
2020,Chris Thompson,00-0033855,WR,SF,0,,0.0,0.0,0.0,,,,1.64,1.71,1.84,0.0,0.99,19.89
2020,Isaiah Hodgins,00-0036165,WR,BUF,1,,0.0,0.0,0.0,,,,4.11,5.34,6.65,0.0,19.69,19.89
2020,T.J. Logan,00-0033789,RB,TB,0,9.0,0.0,0.0,0.0,2.3,3.3,4.3,0.63,0.39,0.0,0.0,6.86,10.92
2020,Quincy Adeboyejo,00-0033366,WR,NE,0,,0.0,0.0,0.0,,,,0.9,0.65,0.91,0.0,2.66,19.89
2020,John Hurst,00-0036104,WR,TB,1,,0.0,0.0,0.0,,,,0.34,0.44,0.75,0.0,0.48,19.89
2020,Quez Watkins,00-0036271,WR,PHI,1,,16.6,20.1,23.6,,,,1.97,1.88,1.12,0.0,11.15,19.89
2020,Cody Core,00-0032795,WR,NYG,0,7.0,0.0,0.0,0.0,2.8,4.3,5.8,2.01,2.46,2.54,0.0,7.99,5.37
2020,Josh Perkins,00-0032599,TE,PHI,0,3.0,0.0,0.0,0.0,14.7,19.2,23.7,5.84,6.32,8.06,0.01,25.95,8.8
2020,Michael Walker,00-0035374,WR,JAX,0,7.0,0.0,0.0,0.0,1.5,2.5,3.5,6.97,10.01,12.45,0.0,9.92,7.93
2020,Jeff Smith,00-0035510,WR,NYJ,0,1.0,16.7,25.2,33.7,1.2,1.7,2.2,2.72,3.49,4.48,0.0,16.08,8.27
2020,Jalen Hurd,00-0034971,WR,SF,0,,0.0,0.0,0.0,,,,7.34,7.54,9.03,0.0,35.92,19.89
2020,John Franklin,00-0034705,WR,TB,0,1.0,0.0,0.0,0.0,1.1,1.1,1.1,2.44,2.14,2.29,0.0,4.65,6.26
2020,Ventell Bryant,00-0035548,WR,DAL,0,7.0,0.0,0.0,0.0,7.5,8.0,8.5,0.31,0.49,2.2,0.0,9.04,12.7
2020,Austin Fort,00-0034932,TE,DEN,0,,0.0,0.0,0.0,,,,1.38,1.54,2.01,0.0,4.11,19.89
2020,Antoine Wesley,00-0035126,WR,BAL,0,,0.0,0.0,0.0,,,,1.3,1.77,2.56,0.0,4.86,19.89
2020,David Sills,00-0035359,WR,NYG,0,,0.0,0.0,0.0,,,,1.41,2.13,2.09,0.0,9.03,19.89
2020,Kabion Ento,00-0035079,WR,GB,0,,0.0,0.0,0.0,,,,1.23,1.78,1.95,0.0,3.81,19.89
2020,Josh Oliver,00-0035249,TE,JAX,0,3.0,0.0,0.0,0.0,1.5,3.0,4.5,6.68,8.81,9.9,0.0,24.31,7.99
2020,Jordan Veasy,00-0034669,WR,WAS,0,,0.0,0.0,0.0,,,,1.75,2.49,3.19,0.0,6.55,19.89
2020,Bruce Anderson,00-0035467,RB,IND,0,,0.0,0.0,0.0,,,,3.06,3.7,4.6,0.0,10.68,19.89
2020,Devine Ozigbo,00-0035184,RB,JAX,0,3.0,4.3,8.8,13.3,5.0,6.5,8.0,7.09,8.21,9.33,0.0,35.71,16.58
2020,Rashaad Penny,00-0034750,RB,SEA,0,9.0,3.4,3.4,3.4,67.3,71.3,75.3,17.53,22.48,23.35,0.0,70.6,39.95
2020,Tommy Sweeney,00-0035308,TE,BUF,0,5.0,0.0,0.0,0.0,11.4,15.4,19.4,1.39,1.72,2.25,0.0,14.41,13.26
2020,Antonio Callaway,00-0034772,WR,MIA,0,4.0,2.0,3.0,4.0,8.9,12.9,16.9,8.78,12.09,12.99,0.0,23.43,20.71
2020,Justin Blackmon,00-0029707,WR,JAX,0,,0.0,0.0,0.0,,,,1.71,2.1,1.52,0.01,38.16,19.89
2020,Josh Gordon,00-0029664,WR,SEA,0,11.0,0.0,0.0,0.0,46.7,60.2,73.7,6.91,8.89,9.22,0.0,34.71,44.78
2020,Cole Hikutini,00-0033315,TE,DAL,0,,0.0,0.0,0.0,,,,1.76,2.15,2.65,0.0,7.65,19.89
2020,Victor Bolden,00-0033306,WR,DET,0,,0.0,0.0,0.0,,,,1.83,1.78,1.74,0.0,9.38,9.32
2020,Elijah McGuire,00-0033295,RB,DAL,0,,0.0,0.0,0.0,,,,11.78,14.9,17.61,0.0,35.11,25.64
2020,Elijah Holyfield,00-0035442,RB,PHI,0,,0.0,0.0,0.0,,,,2.9,4.07,4.27,0.0,12.6,19.89
2020,Damarea Crockett,00-0035448,RB,GB,0,,0.0,0.0,0.0,,,,2.54,3.0,3.77,0.0,7.05,19.89
2020,Jauan Jennings,00-0036259,WR,SF,1,,0.0,0.0,0.0,,,,1.37,1.54,2.12,0.0,8.57,19.89
2020,Nate Stanley,00-0036279,QB,MIN,1,,0.0,0.0,0.0,,,,0.0,0.0,0.0,0.0,7.38,19.89
2020,C.J. Prosise,00-0032393,RB,HOU,0,8.0,7.7,10.2,12.7,18.8,23.8,28.8,5.02,5.72,7.0,0.03,23.28,12.14
2020,Lil'Jordan Humphrey,00-0035406,WR,NO,0,1.0,10.6,12.1,13.6,0.0,0.0,0.0,3.81,4.41,5.0,0.0,17.1,7.24
2020,Johnny Holton,00-0032935,WR,NYG,0,12.0,0.0,0.0,0.0,3.0,4.5,6.0,4.37,5.98,5.57,0.0,12.41,2.96
2020,DeAndre Washington,00-0032940,RB,KC,0,16.0,12.1,14.6,17.1,85.9,103.9,121.9,11.12,13.98,19.0,0.14,67.87,38.96
2020,Duke Williams,00-0032945,WR,BUF,0,4.0,0.0,0.0,0.0,22.6,28.6,34.6,4.47,5.65,6.18,0.0,33.66,23.29
2020,Jeremy Cox,00-0035427,RB,DEN,1,,0.0,0.0,0.0,,,,3.49,3.83,4.53,0.0,16.0,19.89
2020,Dexter Williams,00-0034995,RB,GB,0,2.0,0.8,0.8,0.8,1.1,1.1,1.1,8.03,8.76,9.42,0.0,30.25,11.13
2020,Garrett Griffin,00-0033095,TE,NO,0,,0.0,0.0,0.0,,,,1.86,1.98,2.55,0.0,2.57,19.89
2020,Trey Edmunds,00-0033838,RB,PIT,0,7.0,0.0,0.0,0.0,14.0,17.0,20.0,11.23,10.96,11.18,0.0,22.43,21.14
2020,Artavis Pierce,00-0036208,RB,CHI,1,,9.4,9.4,9.4,,,,5.66,6.29,7.16,0.0,15.72,19.89
2020,Mason Schreck,00-0033798,TE,CIN,0,,0.0,0.0,0.0,,,,3.6,4.23,4.58,0.0,13.1,5.61
2020,Reggie Davis,00-0033815,WR,CHI,0,,0.0,0.0,0.0,,,,1.79,2.14,2.5,0.0,5.81,19.89
2020,Kristian Wilkerson,00-0036183,WR,NE,1,,0.0,0.0,0.0,,,,1.61,1.82,2.54,0.0,5.24,19.89
2020,Nick Westbrook-Ikhine,00-0036182,WR,TEN,1,,5.3,6.8,8.3,,,,12.09,13.97,17.22,0.01,47.8,19.89
2020,Mason Kinsey,00-0036176,WR,NE,1,,0.0,0.0,0.0,,,,1.93,2.29,3.19,0.0,7.95,19.89
2020,Tommy Hudson,00-0036173,TE,TEN,1,,0.0,0.0,0.0,,,,1.45,2.0,1.99,0.0,2.09,19.89
2020,Chad Hansen,00-0033840,WR,HOU,0,,29.6,38.1,46.6,,,,1.33,1.35,1.09,0.0,11.33,19.89
2020,Davis Webb,00-0033550,QB,BUF,0,,0.0,0.0,0.0,,,,1.86,0.93,0.68,0.0,16.62,19.89
2020,Austin Carr,00-0033382,WR,NO,0,2.0,8.7,10.2,11.7,0.9,1.4,1.9,0.0,0.0,0.0,0.0,6.65,5.14
2020,Gehrig Dieter,00-0033474,WR,KC,0,2.0,1.0,1.5,2.0,0.0,0.0,0.0,1.24,1.74,1.85,0.0,3.34,4.96
2020,Shelton Gibson,00-0033573,WR,WAS,0,,0.0,0.0,0.0,,,,3.18,3.15,2.59,0.0,7.83,9.08
2020,Chad Kelly,00-0033597,QB,IND,0,,0.0,0.0,0.0,,,,1.95,2.41,2.01,0.0,17.38,5.61
2020,A.J. Richardson,00-0035491,WR,ARI,0,,0.0,0.0,0.0,,,,1.62,1.97,1.94,0.01,5.56,19.89
2020,Jason Croom,00-0033627,TE,BUF,0,,6.3,6.8,7.3,,,,1.69,2.22,2.45,0.0,5.09,16.72
2020,Cooper Rush,00-0033662,QB,NYG,0,,0.0,0.0,0.0,,,,2.35,2.29,2.69,0.0,17.51,19.89
2020,Andre Patton,00-0033705,WR,ARI,0,8.0,0.0,0.0,0.0,5.6,8.6,11.6,2.75,3.79,4.64,0.0,14.55,11.29
2020,David Fales,00-0031076,QB,NYJ,0,1.0,0.0,0.0,0.0,0.0,0.0,0.0,0.0,0.0,0.0,0.0,8.51,6.92
2020,Kenjon Barner,00-0030465,RB,TB,0,14.0,0.0,0.0,0.0,11.12,14.12,17.12,1.55,2.14,2.25,0.0,13.35,13.87
2020,Keelan Doss,00-0035120,WR,LV,0,6.0,0.0,0.0,0.0,13.3,18.8,24.3,1.57,2.12,2.84,0.0,13.52,18.28
2020,Caleb Wilson,00-0035320,TE,PHI,0,,0.0,0.0,0.0,,,,1.68,2.29,2.44,0.0,9.91,19.89
2020,Nate Becker,00-0035322,TE,BUF,0,,0.0,0.0,0.0,,,,1.13,1.13,1.39,0.0,4.51,19.89
2020,Alexander Hollins,00-0035104,WR,MIN,0,2.0,0.0,0.0,0.0,4.6,5.6,6.6,2.26,2.97,4.86,0.0,11.33,13.1
2020,Donte Moncrief,00-0031339,WR,NYJ,0,4.0,1.9,2.4,2.9,1.8,3.8,5.8,5.65,6.24,5.93,0.0,12.07,13.22
2020,Garrett Gilbert,00-0031395,QB,CLE,0,5.0,14.52,14.52,14.52,-0.3,-0.3,-0.3,6.4,5.4,3.88,0.0,19.28,19.8
2020,Cody Thompson,00-0035164,WR,SEA,0,,0.0,0.0,0.0,,,,0.0,0.65,0.9,0.0,3.58,19.89
2020,Tommy Stevens,00-0036433,QB,NO,1,,2.4,2.4,2.4,,,,4.39,4.84,5.18,0.0,19.61,19.89
2020,Stephen Sullivan,00-0036438,TE,SEA,1,,0.0,0.0,0.0,,,,0.61,0.67,0.65,0.0,6.89,19.89
2020,Josh McCown,00-0021206,QB,PHI,0,2.0,0.0,0.0,0.0,0.76,0.76,0.76,0.0,0.0,0.0,0.0,19.07,4.34
2020,Darrius Shepherd,00-0035181,WR,GB,0,6.0,4.6,7.1,9.6,0.1,0.6,1.1,2.11,3.4,3.96,0.0,5.79,7.58
2020,Matt Moore,00-0025708,QB,KC,0,6.0,0.0,0.0,0.0,42.26,42.26,42.26,6.46,5.42,4.26,0.0,29.15,46.31
2020,Brandon Dillon,00-0035102,TE,MIN,0,,0.6,1.1,1.6,,,,3.08,3.64,4.67,0.0,4.85,19.89
2020,Terry Godwin,00-0035313,WR,JAX,0,,3.5,5.0,6.5,,,,1.93,3.07,3.39,0.0,6.0,19.89
2020,Theo Riddick,00-0030107,RB,LV,0,,5.7,8.2,10.7,,,,12.51,15.48,18.49,0.0,29.61,24.16
2020,Tyler Bray,00-0030151,QB,CHI,0,,0.72,0.72,0.72,,,,3.34,3.69,4.43,0.72,13.9,19.89
2020,D.J. Montgomery,00-0035045,WR,NYJ,0,,0.0,0.0,0.0,,,,2.03,2.6,3.15,0.0,5.59,19.89
2020,Ross Travis,00-0032319,TE,NYJ,0,3.0,0.0,0.0,0.0,3.1,5.1,7.1,5.72,8.15,9.63,0.0,15.4,8.33
2020,David Blough,00-0035040,QB,DET,0,5.0,1.76,1.76,1.76,54.36,54.86,55.36,21.86,21.8,21.27,0.0,42.25,55.16
2020,Hale Hentges,00-0035025,TE,WAS,0,5.0,0.0,0.0,0.0,16.3,20.3,24.3,7.9,9.84,13.21,0.0,17.13,14.7
2020,Jerell Adams,00-0032429,TE,BAL,0,,0.0,0.0,0.0,,,,3.47,4.95,5.58,0.21,6.24,19.89
2020,Jake Rudock,00-0032431,QB,MIA,0,,0.0,0.0,0.0,,,,0.0,0.0,0.0,0.0,20.42,19.89
2020,Trevor Siemian,00-0032156,QB,TEN,0,1.0,0.0,0.0,0.0,0.12,0.12,0.12,0.0,0.0,0.0,1.79,16.21,8.55
2020,Brandon Allen,00-0032434,QB,CIN,0,3.0,49.7,49.7,49.7,32.5,32.5,32.5,13.37,13.65,12.57,0.44,40.7,25.88
2020,Stanley Morgan,00-0035399,WR,CIN,0,7.0,0.0,0.0,0.0,1.8,3.3,4.8,3.54,4.57,5.97,0.0,10.65,7.99
2020,Marken Michel,00-0032609,WR,CAR,0,,0.0,0.0,0.0,,,,1.97,2.4,2.69,0.0,6.49,19.89
2020,Kevin White,00-0031545,WR,SF,0,,0.0,0.0,0.0,,,,0.0,0.0,0.0,0.0,24.12,9.18
2020,Jake Browning,00-0035100,QB,MIN,0,,0.0,0.0,0.0,,,,2.31,2.51,2.85,0.0,11.41,19.89
2020,Trenton Irwin,00-0035341,WR,CIN,0,,0.5,1.0,1.5,,,,1.15,1.8,2.0,0.0,5.56,19.89
2020,Chris Myarick,00-0035345,TE,MIA,0,,0.0,0.0,0.0,,,,1.66,1.6,2.08,0.0,2.86,19.89
2020,Wendell Smallwood,00-0032782,RB,PIT,0,12.0,0.0,0.0,0.0,14.5,19.0,23.5,7.04,7.28,8.69,0.0,18.11,28.61
2020,Jake Kumerow,00-0031787,WR,BUF,0,11.0,8.2,8.7,9.2,27.9,33.9,39.9,4.04,5.43,6.15,0.0,20.93,21.76
2020,Rod Smith,00-0031900,RB,NYG,0,3.0,0.0,0.0,0.0,0.0,0.0,0.0,1.73,2.38,2.36,0.0,9.82,5.41
2020,Thomas Ives,00-0035074,WR,CHI,0,,0.0,0.0,0.0,,,,2.01,2.54,3.05,0.0,8.43,19.89
2020,Kirk Merritt,00-0035844,WR,MIA,1,,0.0,0.0,0.0,,,,2.68,3.77,4.16,0.0,7.74,19.89
2020,Matt Cole,00-0035838,WR,MIA,1,,0.0,0.0,0.0,,,,3.17,4.58,4.95,0.0,7.86,19.89
2020,Kevin Rader,00-0034193,TE,PIT,0,,0.0,0.0,0.0,,,,2.53,2.7,3.27,0.0,7.82,19.89
2020,Josh Hammond,00-0035826,WR,JAX,1,,0.0,0.0,0.0,,,,3.77,4.77,5.7,0.0,10.87,19.89
2020,De'Michael Harris,00-0035848,WR,IND,1,,12.5,17.5,22.5,,,,3.07,4.27,5.09,0.0,10.47,19.89
2020,Ben Victor,00-0035819,WR,NYG,1,,0.0,0.0,0.0,,,,3.11,4.22,4.82,0.0,10.02,19.89
2020,Derrick Dillon,00-0035813,WR,NYG,1,,0.0,0.0,0.0,,,,1.78,2.38,2.43,0.0,5.18,19.89
2020,Josh Hokit,00-0035807,RB,SF,1,,0.0,0.0,0.0,,,,1.38,1.42,1.87,0.0,4.06,19.89
2020,JaMycal Hasty,00-0035806,RB,SF,1,,24.1,27.6,31.1,,,,0.32,0.91,1.51,0.0,5.77,19.89
2020,Chase Harrell,00-0035805,TE,SF,1,,0.0,0.0,0.0,,,,0.78,0.79,1.06,0.0,1.27,19.89
2020,Chris Rowland,00-0035789,WR,ATL,1,,0.0,0.0,0.0,,,,3.57,4.93,5.52,0.0,7.89,19.89
2020,Jared Pinkney,00-0035787,TE,ATL,1,,0.0,0.0,0.0,,,,1.3,1.72,2.64,0.0,6.17,19.89
2020,Jeff Cotton,00-0035901,WR,LAC,1,,0.0,0.0,0.0,,,,2.75,3.67,4.12,0.0,8.13,19.89
2020,Darius Bradwell,00-0035898,RB,LAC,1,,0.0,0.0,0.0,,,,3.65,4.05,4.36,0.0,9.64,19.89
2020,Kurt Benkert,00-0034131,QB,ATL,0,,0.0,0.0,0.0,,,,1.76,2.06,2.88,0.0,11.65,19.89
2020,John Kelly,00-0034808,RB,CLE,0,1.0,0.0,0.0,0.0,0.9,0.9,0.9,4.0,6.3,7.09,0.0,27.52,11.79
2020,Kalija Lipscomb,00-0035887,WR,KC,1,,0.0,0.0,0.0,,,,3.14,3.98,4.53,0.0,7.65,19.89
2020,Maurice Ffrench,00-0035883,WR,KC,1,,0.0,0.0,0.0,,,,1.71,2.08,2.8,0.0,2.1,19.89
2020,Juwan Green,00-0035782,WR,ATL,1,,0.0,0.0,0.0,,,,3.45,5.08,5.42,0.0,11.57,19.89
2020,Austin Mack,00-0035869,WR,NYG,1,,9.1,12.6,16.1,,,,2.39,3.54,3.71,0.0,6.79,19.89
2020,Kerrith Whyte,00-0035596,RB,DET,0,6.0,0.0,0.0,0.0,13.1,13.6,14.1,11.16,12.34,13.16,0.0,22.47,20.83
2020,John Ursua,00-0035597,WR,SEA,0,1.0,0.0,0.0,0.0,1.1,1.6,2.1,1.07,0.67,1.01,0.0,10.33,8.27
2020,Tony Jones,00-0035860,RB,NO,1,,1.3,1.3,1.3,,,,4.48,5.25,6.21,0.0,19.71,19.89
2020,Farrod Green,00-0035852,TE,IND,1,,0.0,0.0,0.0,,,,1.76,2.41,2.93,0.0,4.12,19.89
2020,Jordan Thomas,00-0034420,TE,ARI,0,,0.0,0.0,0.0,,,,0.51,0.57,0.76,0.0,8.13,19.89
2020,Danny Etling,00-0034423,QB,SEA,0,,0.0,0.0,0.0,,,,0.24,0.26,0.64,0.0,14.49,19.89
2020,Robert Foster,00-0034510,WR,GB,0,10.0,3.7,4.7,5.7,9.3,10.8,12.3,7.61,9.07,11.01,0.65,21.89,19.41
2020,Deon Cain,00-0034406,WR,PIT,0,11.0,0.0,0.0,0.0,12.4,16.9,21.4,4.29,4.46,6.57,0.0,14.95,15.91
2020,Reggie Bonnafon,00-0034578,RB,CAR,0,11.0,14.7,15.7,16.7,23.3,26.3,29.3,11.67,13.57,14.2,0.0,26.09,31.68
2020,Devin Ross,00-0034667,WR,NE,0,,0.0,0.0,0.0,,,,1.6,1.88,2.3,0.0,3.06,19.89
2020,Tanner Hudson,00-0034613,TE,TB,0,4.0,4.1,5.6,7.1,2.6,3.6,4.6,2.19,2.59,3.81,0.0,10.87,7.93
2020,Deontay Burnett,00-0034653,WR,PHI,0,1.0,1.9,3.4,4.9,4.8,5.8,6.8,4.35,6.41,8.73,0.02,19.5,12.55
2020,Cameron Batson,00-0034652,WR,TEN,0,,18.0,24.0,30.0,,,,2.37,3.34,3.45,0.0,5.62,9.44
2020,Mitchell Wilcox,00-0035771,TE,CIN,1,,0.0,0.0,0.0,,,,1.75,2.63,3.97,0.0,6.74,19.89
2020,Dontrell Hilliard,00-0034253,RB,CLE,0,14.0,5.0,5.5,6.0,26.1,32.1,38.1,10.11,14.06,15.25,0.1,35.51,26.02
2020,Jacques Patrick,00-0035760,RB,CIN,1,,0.0,0.0,0.0,,,,2.73,3.24,3.72,0.0,8.05,19.89
2020,Alex Bachman,00-0035602,WR,NYG,0,,0.0,0.0,0.0,,,,2.26,2.95,3.27,0.0,6.37,19.89
2020,Jaleel Scott,00-0034267,WR,NYJ,0,1.0,1.6,2.1,2.6,0.6,1.1,1.6,2.22,2.48,2.88,0.0,10.74,7.31
2020,Reggie Begelton,00-0035750,WR,GB,1,,0.0,0.0,0.0,,,,0.97,1.26,1.0,0.0,2.4,19.89
2020,Kendall Blanton,00-0035603,TE,LA,0,,0.0,0.0,0.0,,,,0.43,0.93,1.13,0.0,4.31,19.89
2020,Jordan Ta'amu,00-0035735,QB,KC,1,,0.0,0.0,0.0,,,,2.52,2.69,3.75,0.0,11.96,19.89
2020,Christian Wade,00-0035728,RB,BUF,0,,0.0,0.0,0.0,,,,2.12,2.72,3.18,0.0,8.19,19.89
2020,Tremon Smith,00-0034278,WR,IND,0,,0.0,0.0,0.0,,,,2.88,3.97,5.08,0.0,6.94,19.89
2020,Johnny Stanton,00-0034311,RB,CLE,0,,0.0,0.0,0.0,,,,1.39,1.49,1.69,0.0,4.95,19.89
2020,Trey Quinn,00-0034339,WR,JAX,0,12.0,0.0,0.0,0.0,25.8,38.8,51.8,3.81,5.28,5.78,0.0,18.69,26.58
2020,Josh Rosen,00-0034343,QB,TB,0,5.0,0.0,0.0,0.0,17.98,17.98,17.98,13.34,15.04,14.7,0.0,49.31,6.98
2020,Kyle Lauletta,00-0034369,QB,ATL,0,,0.0,0.0,0.0,,,,0.4,0.37,1.02,0.19,12.94,5.61
2020,Daurice Fountain,00-0034395,WR,IND,0,,2.3,3.3,4.3,,,,1.08,2.28,3.08,0.0,8.05,19.89
2020,Marcell Ateman,00-0034747,WR,LV,0,4.0,0.0,0.0,0.0,9.6,12.1,14.6,1.56,2.35,2.37,0.0,11.14,8.91
2020,Isaiah Zuber,00-0036100,WR,NE,1,,5.0,6.0,7.0,,,,1.8,2.03,2.78,0.0,4.82,19.89
2020,Jake Burt,00-0036088,TE,NE,1,,0.0,0.0,0.0,,,,1.15,0.75,1.9,0.0,5.05,19.89
2020,Rashod Berry,00-0036086,TE,NE,1,,0.0,0.0,0.0,,,,0.96,0.76,1.53,0.0,4.88,19.89
2020,Nick Bowers,00-0036083,TE,LV,1,,0.0,0.0,0.0,,,,1.77,2.02,2.44,0.0,7.41,19.89
2020,Tyler Simmons,00-0036070,TE,HOU,1,,0.0,0.0,0.0,,,,5.33,5.83,6.33,0.0,14.0,19.89
2020,Tom Kennedy,00-0035544,WR,DET,0,,0.0,0.0,0.0,,,,1.69,2.52,2.91,0.0,9.32,19.89
2020,Amara Darboh,00-0033937,WR,PIT,0,,0.0,0.0,0.0,,,,1.32,1.73,1.12,0.0,14.13,19.89
2020,Tyler Mabry,00-0036059,TE,SEA,1,,0.0,0.0,0.0,,,,0.06,0.18,0.31,0.0,2.16,19.89
2020,Joseph Fortson,00-0035547,TE,KC,0,,0.0,0.0,0.0,,,,2.06,2.34,2.53,0.0,3.88,19.89
2020,Rodney Adams,00-0033957,WR,CHI,0,,0.0,0.0,0.0,,,,2.37,2.51,2.33,0.0,12.29,19.89
2020,Jesper Horsted,00-0035562,TE,CHI,0,5.0,0.0,0.0,0.0,14.7,18.7,22.7,3.11,4.44,5.4,0.0,14.64,14.7
2020,Aaron Parker,00-0036034,WR,DAL,1,,0.0,0.0,0.0,,,,0.93,1.18,1.88,0.0,10.25,19.89
2020,Sewo Olonilua,00-0036033,RB,DAL,1,,0.0,0.0,0.0,,,,2.14,2.75,3.14,0.0,10.39,19.89
2020,Trinity Benson,00-0034930,WR,DEN,0,,0.0,0.0,0.0,,,,0.8,0.69,1.49,0.0,5.73,19.89
2020,Lawrence Cager,00-0036145,WR,NYJ,1,,3.5,4.5,5.5,,,,2.04,2.56,3.03,0.0,5.21,19.89
2020,Charlie Taumoepeau,00-0036140,TE,IND,1,,0.0,0.0,0.0,,,,2.08,3.05,3.99,0.0,5.98,19.89
2020,DeShone Kizer,00-0033899,QB,LV,0,,0.0,0.0,0.0,,,,0.0,0.0,0.0,0.0,27.72,9.18
2020,Taywan Taylor,00-0033911,WR,CLE,0,2.0,0.0,0.0,0.0,0.0,0.0,0.0,6.66,9.13,9.75,0.0,20.01,5.57
2020,Ishmael Hyman,00-0034922,WR,CAR,0,2.0,0.0,0.0,0.0,3.4,4.4,5.4,2.91,3.24,4.35,0.0,12.32,8.52
2020,Lance Lenoir,00-0033992,WR,SEA,0,,0.0,0.0,0.0,,,,0.62,0.71,0.5,0.0,5.87,5.61
2020,Eli Wolf,00-0036129,TE,BAL,1,,0.0,0.0,0.0,,,,2.43,3.01,4.04,0.0,4.71,19.89
2020,Jaylon Moore,00-0036125,WR,BAL,1,,0.0,0.0,0.0,,,,1.85,2.89,3.55,0.0,0.23,19.89
2020,Benny LeMay,00-0036117,RB,CLE,1,,0.0,0.0,0.0,,,,2.11,2.39,2.77,0.0,9.52,19.89
2020,Tony Brown,00-0036111,WR,WAS,1,,0.0,0.0,0.0,,,,3.68,4.94,6.21,0.0,6.31,19.89
2020,Ja'Marcus Bradley,00-0036110,WR,CLE,1,,6.0,8.5,11.0,,,,2.36,3.02,3.47,0.0,7.68,19.89
2020,Josh Pearson,00-0036107,WR,TB,1,,0.0,0.0,0.0,,,,0.67,0.84,1.39,0.0,2.29,19.89
2020,Isaac Nauta,00-0035539,TE,DET,0,2.0,0.3,0.8,1.3,1.3,2.3,3.3,3.71,4.77,6.35,0.0,26.05,8.08
2020,Steven Mitchell,00-0034081,WR,HOU,0,2.0,6.0,8.5,11.0,3.7,4.7,5.7,0.47,1.66,2.92,0.0,9.45,12.86
2020,Giovanni Ricci,00-0035956,TE,CAR,1,,0.0,0.0,0.0,,,,3.33,3.71,5.31,0.0,9.96,19.89
2020,Matt Flanagan,00-0034101,TE,JAX,0,,0.0,0.0,0.0,,,,0.92,0.87,1.17,0.0,3.24,8.12
2020,Bryce Perkins,00-0035939,QB,LA,1,,0.0,0.0,0.0,,,,3.66,3.76,4.9,0.0,16.81,19.89
2020,Jake Bargas,00-0035975,RB,MIN,1,,0.0,0.0,0.0,,,,1.82,1.94,2.29,0.0,2.91,19.89
2020,J.J. Koski,00-0035935,WR,LA,1,,0.0,0.0,0.0,,,,2.94,3.7,4.53,0.0,9.23,19.89
2020,Travis Fulgham,00-0035592,WR,PHI,0,2.0,77.9,96.9,115.9,0.0,0.0,0.0,0.45,0.73,0.87,0.0,19.09,8.01
2020,Jonathan Ward,00-0035924,RB,ARI,1,,7.1,7.6,8.1,,,,3.6,4.19,5.01,0.0,10.02,19.89
2020,Levante Bellamy,00-0035912,RB,DEN,1,,1.6,2.1,2.6,,,,4.27,4.76,5.46,0.0,13.2,19.89
2020,Mike Warren,00-0036006,RB,PHI,1,,0.0,0.0,0.0,,,,4.31,4.23,4.95,0.0,12.3,19.89
2020,Darius Anderson,00-0036027,RB,IND,1,,0.0,0.0,0.0,,,,4.21,5.21,6.16,0.0,8.93,19.89
2020,Steven Montez,00-0036022,QB,WAS,1,,0.0,0.0,0.0,,,,5.95,6.92,8.1,0.0,15.4,19.89
2020,Salvon Ahmed,00-0036020,RB,MIA,1,,58.0,63.5,69.0,,,,6.18,7.29,7.89,0.0,18.55,19.89
2020,JoJo Ward,00-0036019,WR,ARI,1,,0.0,0.0,0.0,,,,2.75,3.39,3.9,0.0,6.4,19.89
2020,Fred Brown,00-0033994,WR,DEN,0,6.0,0.0,0.0,0.0,2.1,3.1,4.1,0.27,0.13,0.86,0.0,6.88,7.93
2020,Brett Rypien,00-0034955,QB,DEN,0,,11.3,11.3,11.3,,,,5.65,5.23,5.7,0.08,21.2,19.89
2020,Adrian Killins Jr.,00-0036000,RB,PHI,1,,-1.0,-0.5,0.0,,,,4.56,5.78,7.11,0.0,7.41,19.89
2020,Tyler Huntley,00-0035993,QB,BAL,1,,2.9,2.9,2.9,,,,3.75,4.2,4.53,0.0,16.31,19.89
2020,Devlin Hodges,00-0035577,QB,PIT,0,8.0,0.0,0.0,0.0,51.32,51.32,51.32,5.3,6.02,7.34,0.0,29.8,67.73
2020,Aaron Fuller,00-0035987,WR,SEA,1,,0.0,0.0,0.0,,,,1.72,2.6,2.71,0.0,6.91,19.89
2020,River Cracraft,00-0034054,WR,SF,0,,4.1,7.1,10.1,,,,0.93,1.03,1.29,0.0,1.98,9.44
2020,Eli Manning,00-0022803,QB,,0,4.0,0.0,0.0,0.0,54.38,54.38,54.38,21.02,22.0,22.15,0.0,69.18,70.52
2020,Benjamin Watson,00-0022943,TE,,0,9.0,0.0,0.0,0.0,17.3,25.8,34.3,0.0,0.0,0.0,0.0,11.3,18.45
2020,Darren Sproles,00-0023564,RB,,0,6.0,0.0,0.0,0.0,11.0,14.0,17.0,0.0,0.0,0.0,0.0,0.43,16.24
2020,Vernon Davis,00-0024221,TE,,0,4.0,0.0,0.0,0.0,18.3,23.3,28.3,0.0,0.0,0.0,0.0,22.51,12.81
2020,Delanie Walker,00-0024389,TE,,0,6.0,0.0,0.0,0.0,33.5,44.0,54.5,0.0,0.0,0.0,0.0,28.38,22.91
2020,Marshawn Lynch,00-0025399,RB,,0,1.0,0.0,0.0,0.0,9.4,9.4,9.4,0.0,0.0,0.0,0.01,18.6,22.64
2020,Michael Crabtree,00-0026986,WR,,0,2.0,0.0,0.0,0.0,2.2,4.2,6.2,0.0,0.0,0.0,0.0,12.51,10.62
2020,Antonio Brown,00-0027793,WR,,0,1.0,72.1,94.6,117.1,12.1,14.1,16.1,20.87,24.88,29.97,0.0,81.26,105.6
2020,Demaryius Thomas,00-0027874,WR,,0,11.0,0.0,0.0,0.0,49.3,67.3,85.3,0.0,0.0,0.0,0.0,39.28,47.02
2020,Lance Kendricks,00-0027985,TE,,0,4.0,0.0,0.0,0.0,5.0,6.5,8.0,0.0,0.0,0.0,0.0,3.76,9.7
2020,Bilal Powell,00-0028064,RB,,0,12.0,0.0,0.0,0.0,26.2,29.7,33.2,0.62,0.42,0.81,0.0,11.09,41.02
2020,Charles Clay,00-0028112,TE,,0,15.0,0.0,0.0,0.0,29.7,38.7,47.7,0.0,0.0,0.0,0.0,8.18,21.56
2020,Dwayne Harris,00-0028114,WR,,0,3.0,0.0,0.0,0.0,0.7,1.2,1.7,0.0,0.0,0.0,0.0,0.0,6.77
2020,Patrick DiMarco,00-0028581,RB,,0,7.0,0.0,0.0,0.0,4.8,7.3,9.8,0.0,0.0,0.0,0.0,0.0,12.0
2020,Garrett Celek,00-0028903,TE,,0,3.0,0.0,0.0,0.0,0.0,0.0,0.0,0.0,0.0,0.0,0.0,0.42,3.71
2020,Alfred Morris,00-0029141,RB,,0,1.0,37.7,39.2,40.7,0.4,0.4,0.4,1.21,1.26,1.37,0.0,5.17,7.84
2020,Brandon Bolden,00-0029239,RB,,0,15.0,0.0,0.0,0.0,41.9,46.4,50.9,5.24,5.04,5.99,0.0,16.79,21.28
2020,Travis Benjamin,00-0029269,WR,,0,5.0,0.0,0.0,0.0,3.0,6.0,9.0,0.0,0.0,0.0,0.0,4.18,5.58
2020,Josh Bellamy,00-0029319,WR,,0,5.0,0.0,0.0,0.0,2.0,3.0,4.0,0.0,0.0,0.0,0.01,0.0,6.62
2020,Jamize Olawale,00-0029492,RB,,0,6.0,0.0,0.0,0.0,0.0,0.0,0.0,0.0,0.0,0.0,0.0,0.0,5.11
2020,Jarius Wright,00-0029572,WR,,0,16.0,0.0,0.0,0.0,28.9,42.9,56.9,0.0,0.0,0.0,0.0,23.0,25.09
2020,Rhett Ellison,00-0029587,TE,,0,10.0,0.0,0.0,0.0,22.7,31.7,40.7,0.0,0.0,0.0,0.0,5.25,21.86
2020,Alex Tanney,00-0029623,QB,,0,1.0,0.0,0.0,0.0,0.04,0.04,0.04,0.0,0.0,0.0,0.0,0.22,7.93
2020,Mohamed Sanu,00-0029632,WR,,0,15.0,27.0,35.5,44.0,65.1,94.6,124.1,4.8,7.85,8.62,0.0,61.24,52.31
2020,C.J. Anderson,00-0029854,RB,,0,2.0,0.0,0.0,0.0,4.3,4.3,4.3,0.0,0.09,0.37,0.0,10.2,14.02
2020,Marquise Goodwin,00-0030068,WR,,0,8.0,0.0,0.0,0.0,26.1,32.1,38.1,0.21,0.22,0.0,0.0,20.84,28.37
2020,Russell Shepard,00-0030147,WR,,0,2.0,0.0,0.0,0.0,2.5,4.0,5.5,0.0,0.0,0.0,0.0,0.29,5.62
2020,Jaron Brown,00-0030300,WR,,0,10.0,0.0,0.0,0.0,32.0,40.0,48.0,0.53,0.94,1.09,0.0,19.72,25.7
2020,Spencer Ware,00-0030414,RB,,0,3.0,0.0,0.0,0.0,7.3,9.8,12.3,1.58,2.29,3.44,0.0,7.06,14.85
2020,Albert Wilson,00-0030669,WR,,0,13.0,0.0,0.0,0.0,46.4,67.9,89.4,20.41,24.53,29.02,0.0,40.85,57.76
2020,David Fluellen,00-0030711,RB,,0,1.0,0.0,0.0,0.0,0.0,0.0,0.0,0.21,0.45,0.38,0.0,2.22,5.37
2020,Allen Hurns,00-0030821,WR,,0,14.0,0.0,0.0,0.0,51.6,67.6,83.6,6.2,8.03,9.75,0.0,26.52,28.15
2020,Damien Williams,00-0030874,RB,,0,11.0,0.0,0.0,0.0,111.1,126.1,141.1,20.25,26.18,27.64,0.0,84.18,68.74
2020,Quincy Enunwa,00-0031023,WR,,0,1.0,0.0,0.0,0.0,-0.4,0.1,0.6,0.54,0.68,0.37,0.0,1.54,13.21
2020,Xavier Grimble,00-0031035,TE,,0,2.0,0.0,0.0,0.0,0.3,0.8,1.3,0.0,0.0,0.03,0.0,0.8,4.69
2020,De'Anthony Thomas,00-0031060,WR,,0,14.0,0.0,0.0,0.0,1.1,1.6,2.1,1.66,1.31,3.16,0.0,6.19,6.45
2020,Ryan Grant,00-0031068,WR,,0,2.0,0.0,0.0,0.0,1.4,3.4,5.4,1.47,1.91,2.0,0.0,7.86,7.93
2020,Scott Simonson,00-0031167,TE,,0,3.0,0.0,0.0,0.0,1.1,2.1,3.1,0.12,0.14,0.24,0.0,0.0,4.84
2020,T.J. Jones,00-0031189,WR,,0,3.0,0.0,0.0,0.0,9.8,11.3,12.8,1.0,0.96,1.6,0.0,3.17,9.38
2020,Taylor Gabriel,00-0031228,WR,,0,9.0,0.0,0.0,0.0,61.3,75.8,90.3,11.53,14.67,16.4,0.0,54.75,51.96
2020,Paul Richardson,00-0031257,WR,,0,10.0,0.0,0.0,0.0,36.5,50.5,64.5,7.0,10.06,11.41,0.0,28.33,30.02
2020,Devonta Freeman,00-0031285,RB,,0,14.0,29.0,32.5,36.0,138.6,168.1,197.6,27.71,34.46,39.01,0.0,118.63,94.99
2020,Jordan Matthews,00-0031299,TE,,0,2.0,0.0,0.0,0.0,3.3,5.3,7.3,3.53,5.26,7.31,0.0,16.43,5.97
2020,Cody Latimer,00-0031344,WR,,0,14.0,0.0,0.0,0.0,42.0,54.0,66.0,4.95,5.47,7.06,0.03,27.03,29.12
2020,Blake Bortles,00-0031407,QB,,0,2.0,0.0,0.0,0.0,-0.78,-0.78,-0.78,1.55,0.0,0.0,0.0,26.07,93.4
2020,Marqise Lee,00-0031431,WR,,0,4.0,0.0,0.0,0.0,1.9,3.4,4.9,2.28,3.35,3.07,0.0,15.9,7.93
2020,Justin Hardy,00-0031570,WR,,0,12.0,0.0,0.0,0.0,19.5,29.0,38.5,4.38,5.96,7.29,0.0,12.42,19.02
2020,Javorius Allen,00-0031577,RB,,0,4.0,0.0,0.0,0.0,10.5,11.0,11.5,2.6,3.76,3.79,0.0,2.31,13.19
2020,Jay Ajayi,00-0031590,RB,,0,3.0,0.0,0.0,0.0,3.0,3.0,3.0,1.05,0.51,0.07,0.0,8.63,10.27
2020,Zach Zenner,00-0031665,RB,,0,3.0,0.0,0.0,0.0,1.7,2.7,3.7,1.03,1.18,1.3,0.0,0.13,12.36
2020,Matt LaCosse,00-0031744,TE,,0,8.0,0.0,0.0,0.0,19.1,25.6,32.1,2.01,2.56,3.31,0.0,6.18,14.3
2020,Devin Smith,00-0031934,WR,,0,3.0,0.0,0.0,0.0,17.3,19.8,22.3,1.15,1.79,1.25,0.0,15.23,14.7
2020,Geremy Davis,00-0031953,WR,,0,6.0,0.0,0.0,0.0,3.8,5.3,6.8,0.69,0.63,0.54,0.0,2.99,3.78
2020,Darius Jennings,00-0031972,WR,,0,8.0,0.0,0.0,0.0,1.7,2.7,3.7,0.91,1.27,1.46,0.01,0.0,6.63
2020,Devin Funchess,00-0032055,WR,,0,1.0,0.0,0.0,0.0,3.2,4.7,6.2,7.01,8.19,9.6,0.0,17.23,15.08
2020,J.J. Nelson,00-0032112,WR,,0,1.0,0.0,0.0,0.0,9.6,11.6,13.6,8.89,10.3,11.48,0.0,21.11,13.77
2020,Nick O'Leary,00-0032117,TE,,0,8.0,0.0,0.0,0.0,16.9,23.4,29.9,1.83,3.16,3.99,0.0,4.53,11.86
2020,Ben Koyack,00-0032139,TE,,0,3.0,0.0,0.0,0.0,0.9,1.4,1.9,0.0,0.37,0.56,0.0,1.48,7.93
2020,Jeff Heuerman,00-0032227,TE,,0,8.0,0.0,0.0,0.0,17.4,24.4,31.4,1.01,1.51,2.11,0.0,5.06,14.63
2020,Clive Walford,00-0032256,TE,,0,6.0,0.0,0.0,0.0,6.1,8.1,10.1,1.76,2.69,3.33,0.0,13.28,13.57
2020,Chester Rogers,00-0032355,WR,,0,10.0,0.0,0.0,0.0,31.7,39.7,47.7,5.64,7.63,8.99,0.02,13.42,29.52
2020,Josh Ferguson,00-0032377,RB,,0,1.0,0.0,0.0,0.0,0.9,0.9,0.9,0.77,0.75,0.88,0.0,0.89,11.64
2020,Paul Perkins,00-0032417,RB,,0,3.0,0.0,0.0,0.0,3.8,4.3,4.8,2.56,3.5,3.93,0.0,7.82,16.59
2020,Trevor Davis,00-0032423,WR,,0,14.0,0.0,0.0,0.0,22.4,26.4,30.4,3.43,3.5,2.51,0.0,6.38,19.29
2020,Dwayne Washington,00-0032450,RB,,0,6.0,1.5,1.5,1.5,6.6,7.1,7.6,2.94,2.49,3.02,0.0,6.07,12.75
2020,Tra Carson,00-0032540,RB,,0,3.0,0.0,0.0,0.0,6.6,8.6,10.6,1.32,1.22,1.32,0.01,3.55,8.86
2020,Geronimo Allison,00-0032626,WR,,0,15.0,0.0,0.0,0.0,41.4,58.4,75.4,8.46,12.59,16.33,0.0,33.93,34.8
2020,Ben Braunecker,00-0032661,TE,,0,5.0,0.0,0.0,0.0,11.9,14.9,17.9,1.51,1.62,2.5,0.0,6.87,7.42
2020,Jason Vander Laan,00-0032689,TE,,0,1.0,0.0,0.0,0.0,0.0,0.0,0.0,0.0,0.1,0.41,0.0,0.76,6.92
2020,Tevin Jones,00-0032728,WR,,0,4.0,0.0,0.0,0.0,6.1,8.1,10.1,1.24,1.55,1.92,0.0,1.69,12.71
2020,Danny Vitale,00-0032794,RB,,0,13.0,0.0,0.0,0.0,10.0,13.5,17.0,1.35,1.7,2.3,0.0,2.18,7.05
2020,Laquon Treadwell,00-0032951,WR,,0,10.0,16.9,19.9,22.9,24.4,28.9,33.4,10.05,12.58,14.78,0.0,27.62,23.37
2020,Marcus Johnson,00-0032980,WR,,0,8.0,25.5,32.5,39.5,39.7,48.2,56.7,5.28,7.4,8.3,0.0,37.17,25.86
2020,Seth DeValve,00-0033080,TE,,0,7.0,0.0,0.0,0.0,14.0,20.0,26.0,1.63,1.8,2.59,0.0,5.99,11.87
2020,Troymaine Pope,00-0033164,RB,,0,11.0,11.8,15.8,19.8,9.4,10.4,11.4,2.19,2.41,3.79,0.0,8.33,19.48
2020,Ricky Ortiz,00-0033374,RB,,0,1.0,0.0,0.0,0.0,0.8,1.3,1.8,0.12,0.38,0.57,0.0,0.43,5.98
2020,Bobo Wilson,00-0033434,WR,,0,6.0,0.0,0.0,0.0,3.5,5.0,6.5,1.92,1.98,2.23,0.0,0.68,4.96
2020,Pharaoh Brown,00-0033439,TE,,0,7.0,28.3,35.3,42.3,2.7,3.7,4.7,0.94,1.21,1.61,0.0,0.75,7.93
2020,Robert Davis,00-0033530,WR,,0,3.0,0.0,0.0,0.0,1.7,2.7,3.7,1.62,1.34,1.15,0.0,3.12,7.93
2020,Ryan Switzer,00-0033562,WR,,0,9.0,0.0,0.0,0.0,2.7,6.7,10.7,1.93,2.77,2.21,0.0,5.99,10.22
2020,Krishawn Hogan,00-0033604,WR,,0,1.0,0.0,0.0,0.0,0.4,0.9,1.4,0.97,1.24,1.39,0.0,0.75,7.31
2020,Sean Culkin,00-0033696,TE,,0,3.0,0.0,0.0,0.0,1.2,1.7,2.2,0.0,0.0,0.09,0.0,0.0,5.5
2020,Tyrone Swoopes,00-0033742,TE,,0,1.0,0.0,0.0,0.0,0.5,1.0,1.5,0.85,1.15,0.9,0.0,0.0,5.4
2020,Evan Baylis,00-0033763,TE,,0,2.0,0.0,0.0,0.0,0.0,0.0,0.0,0.48,0.69,0.95,0.0,0.11,6.73
2020,Chad Williams,00-0033933,WR,,0,1.0,0.0,0.0,0.0,0.0,0.0,0.0,3.31,3.41,4.7,0.0,2.29,5.91
2020,Rashard Davis,00-0034034,WR,,0,1.0,0.0,0.0,0.0,1.6,2.1,2.6,4.39,5.8,7.01,0.0,3.29,8.27
2020,De'Lance Turner,00-0034201,RB,,0,3.0,0.0,0.0,0.0,0.6,0.6,0.6,0.45,0.72,0.83,0.0,0.17,11.53
2020,Da'Mari Scott,00-0034256,WR,,0,5.0,0.0,0.0,0.0,2.7,3.7,4.7,1.0,1.11,1.53,0.01,1.51,1.52
2020,Derrius Guice,00-0034358,RB,,0,5.0,0.0,0.0,0.0,50.4,53.9,57.4,14.58,17.31,20.36,0.0,61.2,68.78
2020,Troy Fumagalli,00-0034393,TE,,0,6.0,14.0,18.0,22.0,9.8,12.8,15.8,1.86,2.64,3.85,0.01,8.64,13.17
2020,Luke Falk,00-0034412,QB,,0,3.0,0.0,0.0,0.0,8.64,8.64,8.64,0.92,0.95,0.0,0.0,0.0,25.12
2020,Chris Lacy,00-0034593,WR,,0,4.0,0.0,0.0,0.0,6.0,7.5,9.0,2.04,2.73,3.05,0.0,0.28,3.2
2020,Dalyn Dawkins,00-0034654,RB,,0,2.0,0.0,0.0,0.0,2.6,2.6,2.6,1.36,1.73,2.13,0.0,1.02,13.43
2020,Mark Walton,00-0034679,RB,,0,7.0,0.0,0.0,0.0,27.0,34.5,42.0,8.86,9.79,9.15,0.01,27.97,32.52
2020,Darvin Kidsy,00-0034710,WR,,0,1.0,0.0,0.0,0.0,0.0,0.0,0.0,0.61,0.88,0.84,0.01,1.09,5.07
2020,Codey McElroy,00-0034735,TE,,0,1.0,0.0,0.0,0.0,3.0,3.5,4.0,3.67,5.13,6.34,0.0,5.7,12.11
2020,Kalen Ballage,00-0034799,RB,,0,12.0,64.9,79.4,93.9,37.8,44.8,51.8,3.49,4.77,5.05,0.0,21.05,25.98
2020,Jon Hilliman,00-0035013,RB,,0,3.0,0.0,0.0,0.0,5.2,6.7,8.2,1.64,1.46,1.45,0.0,6.59,20.98
2020,Ryquell Armstead,00-0035268,RB,,0,14.0,0.0,0.0,0.0,37.2,44.2,51.2,8.74,11.86,14.19,0.0,42.93,39.72
2020,Jordan Scarlett,00-0035275,RB,,0,3.0,0.0,0.0,0.0,0.9,0.9,0.9,1.06,1.31,1.66,0.01,2.96,11.45
2020,KeeSean Johnson,00-0035287,WR,,0,10.0,17.3,24.8,32.3,25.0,35.5,46.0,8.13,10.7,11.72,0.0,32.4,36.53
2020,Kelvin Harmon,00-0035297,WR,,0,15.0,0.0,0.0,0.0,36.94,51.94,66.94,15.31,17.12,20.04,0.0,43.21,43.39
2020,Damion Willis,00-0035401,WR,,0,7.0,0.0,0.0,0.0,8.2,12.7,17.2,2.83,3.26,4.09,0.0,9.32,12.87
2020,Wes Hills,00-0035489,RB,,0,1.0,0.0,0.0,0.0,14.2,15.2,16.2,9.97,13.76,16.68,0.04,76.51,27.47
2020,Greg Dortch,00-0035500,WR,,0,2.0,0.0,0.0,0.0,0.0,0.0,0.0,2.28,3.13,3.54,0.0,9.05,6.73
2020,Tony Brooks-James,00-0035551,RB,,0,3.0,0.4,0.4,0.4,0.7,0.7,0.7,1.36,1.57,1.42,0.0,0.0,16.14
2020,Charles Jones,00-0035553,TE,,0,2.0,0.0,0.0,0.0,0.5,1.0,1.5,0.64,0.89,1.35,0.0,1.51,7.65
2020,Spencer Schnell,00-0035587,WR,,0,1.0,0.0,0.0,0.0,0.0,0.0,0.0,1.56,1.73,1.82,0.0,3.2,6.92
2020,Juwann Winfree,00-0035593,WR,,0,2.0,0.0,0.0,0.0,0.0,0.0,0.0,1.02,1.36,1.67,0.0,0.0,6.73
2021,Jalen Reagor,00-0036387,WR,PHI,0,11.0,45.1,61.6,78.1,56.2,71.7,87.2,87.74,111.25,139.78,19.95,170.82,58.36
2021,Jalen Hurts,00-0036389,QB,PHI,0,14.0,312.16,312.16,312.16,108.14,108.64,109.14,185.43,184.78,182.82,54.86,230.55,55.02
2021,Dalton Schultz,00-0034383,TE,DAL,0,16.0,130.8,169.8,208.8,83.5,115.0,146.5,50.12,69.3,95.83,26.29,144.07,56.35
2021,Justin Jackson,00-0034440,RB,LAC,0,8.0,64.2,75.2,86.2,46.3,55.8,65.3,74.3,85.13,100.02,10.18,131.63,30.6
2021,Logan Woodside,00-0034438,QB,TEN,0,5.0,-0.6,-0.6,-0.6,1.28,1.28,1.28,21.19,20.53,21.03,0.0,63.5,13.8
2021,K.J. Hill,00-0036382,WR,LAC,0,12.0,3.0,4.5,6.0,7.3,10.8,14.3,16.98,21.8,27.26,0.46,63.07,15.99
2021,Braxton Berrios,00-0034419,WR,NYJ,0,16.0,75.1,98.1,121.1,60.3,78.8,97.3,37.95,50.53,62.64,4.85,95.79,40.16
2021,Cedrick Wilson Jr.,00-0034418,WR,DAL,0,13.0,102.82,125.32,147.82,34.62,43.12,51.62,34.98,48.94,57.97,3.36,95.31,22.9
2021,Boston Scott,00-0034414,RB,PHI,0,16.0,85.6,92.1,98.6,70.6,83.1,95.6,74.64,88.4,103.79,13.69,133.75,61.72
2021,Russell Gage,00-0034411,WR,ATL,0,16.0,97.0,130.0,163.0,109.06,145.06,181.06,90.77,128.09,149.41,29.24,171.81,85.22
2021,Ray-Ray McCloud,00-0034407,WR,PIT,0,16.0,29.2,48.7,68.2,14.2,24.2,34.2,29.74,37.5,43.2,1.72,69.75,9.83
2021,Mike White,00-0034401,QB,NYJ,0,,44.02,44.02,44.02,,,,24.42,26.41,25.1,0.0,85.52,19.7
2021,Jordan Wilkins,00-0034400,RB,IND,0,13.0,0.0,0.0,0.0,49.3,55.3,61.3,31.76,38.21,44.35,1.93,94.77,33.39
2021,KJ Hamler,00-0036412,WR,DEN,0,12.0,7.4,9.9,12.4,60.1,75.1,90.1,73.35,91.38,113.63,6.56,158.62,66.69
2021,Josh Rosen,00-0034343,QB,ATL,0,,-3.24,-3.24,-3.24,,,,39.27,41.64,41.83,0.33,121.37,10.77
2021,Tee Higgins,00-0036410,WR,CIN,0,15.0,145.1,182.1,219.1,127.6,161.1,194.6,130.95,163.37,204.1,44.85,213.66,118.25
2021,Van Jefferson,00-0036415,WR,LA,0,14.0,118.2,143.2,168.2,27.9,37.4,46.9,50.78,68.73,79.98,6.33,129.23,30.75
2021,Darrel Williams,00-0034301,RB,KC,0,13.0,149.0,172.5,196.0,36.5,45.5,54.5,52.8,61.19,66.57,8.04,100.61,38.35
2021,Byron Pringle,00-0034297,WR,KC,0,7.0,86.8,107.8,128.8,28.0,34.5,41.0,30.09,37.82,44.82,2.17,76.84,21.28
2021,Nyheim Hines,00-0034367,RB,IND,0,16.0,76.6,96.6,116.6,130.2,161.7,193.2,90.01,115.31,138.08,24.18,180.29,63.87
2021,Ian Thomas,00-0034365,TE,CAR,0,13.0,18.8,27.8,36.8,20.5,30.5,40.5,30.62,44.06,54.29,12.59,88.37,18.08
2021,Jordan Akins,00-0034364,TE,HOU,0,13.0,17.7,29.7,41.7,46.7,65.2,83.7,46.34,56.78,68.68,11.97,87.99,33.17
2021,Jerry Jeudy,00-0036407,WR,DEN,0,16.0,47.0,66.0,85.0,105.6,131.6,157.6,126.59,153.87,188.88,24.19,193.18,108.63
2021,Dallas Goedert,00-0034351,TE,PHI,0,11.0,109.0,137.0,165.0,70.4,93.4,116.4,53.44,70.12,86.62,17.43,119.03,53.86
2021,Courtland Sutton,00-0034348,WR,DEN,0,1.0,92.24,121.24,150.24,6.6,8.1,9.6,81.68,100.11,127.31,4.17,157.01,61.18
2021,Auden Tate,00-0034686,WR,CIN,0,8.0,9.9,11.4,12.9,15.0,22.0,29.0,35.99,50.46,64.98,1.53,112.3,16.78
2021,Justin Jefferson,00-0036322,WR,MIN,0,16.0,222.4,276.4,330.4,186.2,230.2,274.2,195.76,237.56,271.65,62.43,294.32,182.87
2021,Chase Claypool,00-0036326,WR,PIT,0,16.0,107.6,137.1,166.6,152.9,183.9,214.9,145.77,181.93,211.81,38.3,229.12,133.4
2021,Antonio Gibson,00-0036328,RB,WAS,0,14.0,187.1,208.1,229.1,166.2,184.2,202.2,169.45,182.13,195.28,42.32,246.3,186.5
2021,Chase Edmonds,00-0034681,RB,ARI,0,16.0,100.3,121.8,143.3,115.0,141.5,168.0,95.01,118.43,139.11,32.41,168.66,69.08
2021,James Washington,00-0034676,WR,PIT,0,16.0,41.8,53.8,65.8,69.2,84.2,99.2,65.89,86.18,101.26,5.26,134.66,46.99
2021,DJ Chark,00-0034777,WR,JAX,0,13.0,27.4,30.9,34.4,100.6,127.1,153.6,91.52,110.86,131.7,16.29,177.52,69.64
2021,Christian Kirk,00-0034775,WR,ARI,0,14.0,130.62,169.12,207.62,98.4,122.4,146.4,81.58,99.64,121.17,13.56,169.84,75.55
2021,Mason Rudolph,00-0034771,QB,PIT,0,4.0,18.38,18.38,18.38,18.36,18.36,18.36,16.77,16.6,14.92,0.0,70.44,43.77
2021,Chris Herndon,00-0034766,TE,MIN,0,12.0,10.0,12.0,14.0,42.7,58.2,73.7,24.24,29.07,35.78,7.03,62.45,28.73
2021,Michael Gallup,00-0034764,WR,DAL,0,16.0,56.5,74.0,91.5,114.3,143.8,173.3,102.74,126.61,151.2,21.27,183.09,96.26
2021,Devin Duvernay,00-0036331,WR,BAL,0,15.0,44.2,60.7,77.2,33.1,43.1,53.1,46.32,57.66,72.48,9.09,104.27,35.27
2021,Mark Andrews,00-0034753,TE,BAL,0,14.0,194.1,247.6,301.1,112.1,141.1,170.1,100.93,124.62,155.24,37.63,188.74,82.05
2021,Rashaad Penny,00-0034750,RB,SEA,0,3.0,115.7,118.7,121.7,3.4,3.4,3.4,53.09,58.88,60.15,4.41,115.86,11.98
2021,Bryan Edwards,00-0036365,WR,LV,0,9.0,75.1,92.1,109.1,25.3,30.8,36.3,50.36,64.92,80.73,4.52,129.87,26.52
2021,CeeDee Lamb,00-0036358,WR,DAL,0,16.0,153.8,193.3,232.8,143.7,180.7,217.7,143.8,177.58,219.88,44.47,230.92,155.7
2021,Allen Lazard,00-0034521,WR,GB,0,10.0,102.5,122.5,142.5,64.8,81.3,97.8,53.93,66.89,80.69,3.82,129.77,45.57
2021,Clyde Edwards-Helaire,00-0036360,RB,KC,0,13.0,98.6,108.1,117.6,140.0,158.0,176.0,172.26,195.76,211.91,33.86,248.14,126.73
2021,Henry Ruggs III,00-0036357,WR,LV,0,13.0,60.5,72.5,84.5,58.1,71.1,84.1,88.8,107.75,130.13,12.48,166.04,59.37
2021,Trent Sherfield,00-0034487,WR,SF,0,9.0,14.7,19.2,23.7,5.0,7.5,10.0,21.47,26.45,33.3,0.49,70.19,8.48
2021,Josiah Deguara,00-0036332,TE,GB,0,1.0,36.5,49.0,61.5,1.2,1.7,2.2,27.99,31.19,37.68,1.33,65.55,8.21
2021,Godwin Igwebuike,00-0034614,RB,DET,0,,19.8,23.3,26.8,,,,20.4,24.46,30.73,0.0,63.71,19.7
2021,K.J. Osborn,00-0036345,WR,MIN,0,8.0,108.5,133.5,158.5,0.0,0.0,0.0,17.72,20.82,25.31,0.78,71.47,7.82
2021,Justin Herbert,00-0036355,QB,LAC,0,15.0,380.76,380.76,380.76,332.84,332.84,332.84,272.58,273.2,274.12,109.71,346.53,267.28
2021,Leonard Fournette,00-0033856,RB,TB,0,12.0,186.6,221.1,255.6,96.0,114.0,132.0,111.73,129.06,141.7,14.2,161.43,91.24
2021,Patrick Mahomes,00-0033873,QB,KC,0,15.0,361.66,361.66,361.66,374.4,374.4,374.4,261.93,268.58,272.01,101.68,355.36,251.88
2021,Corey Davis,00-0033871,WR,NYJ,0,14.0,71.2,88.2,105.2,126.4,158.9,191.4,100.87,122.91,154.61,48.77,193.13,90.93
2021,Mitchell Trubisky,00-0033869,QB,BUF,0,10.0,8.12,8.12,8.12,153.7,153.7,153.7,106.03,105.04,91.52,7.99,185.94,189.13
2021,Jonnu Smith,00-0033858,TE,NE,0,14.0,39.4,53.4,67.4,99.2,119.7,140.2,58.45,72.99,85.63,13.36,118.43,72.99
2021,JuJu Smith-Schuster,00-0033857,WR,PIT,0,16.0,19.8,27.3,34.8,137.1,185.6,234.1,118.52,150.07,188.87,36.08,216.45,107.22
2021,Dare Ogunbowale,00-0033854,RB,JAX,0,10.0,37.1,43.6,50.1,19.9,24.9,29.9,32.01,36.75,40.97,3.83,75.15,27.37
2021,Dede Westbrook,00-0033839,WR,MIN,0,2.0,6.8,11.8,16.8,0.4,0.9,1.4,25.83,34.75,44.27,0.5,79.05,25.73
2021,Alvin Kamara,00-0033906,RB,NO,0,15.0,187.7,211.2,234.7,294.8,336.3,377.8,215.98,244.98,280.98,43.1,343.85,194.4
2021,Joe Mixon,00-0033897,RB,CIN,0,6.0,245.9,266.9,287.9,78.6,89.1,99.6,158.98,181.77,194.92,28.45,237.69,71.18
2021,Elijah Mitchell,00-0036567,RB,SF,1,,146.0,155.5,165.0,,,,24.0,28.69,34.83,0.83,77.05,19.7
2021,Gerald Everett,00-0033895,TE,SEA,0,15.0,69.8,93.8,117.8,51.9,72.4,92.9,54.95,78.78,101.59,23.2,126.53,30.69
2021,Dalvin Cook,00-0033893,RB,MIN,0,14.0,172.3,189.3,206.3,293.8,315.8,337.8,203.13,228.31,249.61,24.19,333.35,164.78
2021,Zay Jones,00-0033891,WR,LV,0,11.0,58.9,82.4,105.9,22.56,29.56,36.56,22.59,29.3,36.16,1.95,90.41,22.45
2021,David Njoku,00-0033885,TE,CLE,0,11.0,71.6,89.6,107.6,33.3,42.8,52.3,45.92,56.82,67.68,10.74,94.37,22.03
2021,O.J. Howard,00-0033879,TE,TB,0,4.0,19.5,26.5,33.5,26.6,32.1,37.6,57.96,75.19,95.69,17.67,119.64,22.83
2021,Gary Brightwell,00-0036569,RB,NYG,1,,1.0,1.5,2.0,,,,34.75,38.14,41.57,0.7,86.27,19.7
2021,Chris Carson,00-0033594,RB,SEA,0,12.0,42.1,45.1,48.1,150.8,169.3,187.8,170.02,186.33,208.75,31.15,248.04,171.49
2021,Dyami Brown,00-0036626,WR,WAS,1,,16.1,22.1,28.1,,,,64.67,84.93,104.24,1.67,146.39,19.7
2021,John Bates,00-0036628,TE,WAS,1,,30.9,40.9,50.9,,,,18.94,24.22,28.35,3.0,59.66,19.7
2021,Tylan Wallace,00-0036630,WR,BAL,1,,2.3,3.3,4.3,,,,23.65,32.11,41.63,0.33,90.84,19.7
2021,Eric Saubert,00-0033576,TE,DEN,0,6.0,10.7,14.7,18.7,1.6,3.1,4.6,10.24,15.13,18.77,0.75,31.53,4.93
2021,Jamal Agnew,00-0033572,WR,JAX,0,14.0,58.0,70.0,82.0,18.2,24.7,31.2,28.35,32.48,39.1,1.13,64.51,16.4
2021,Mack Hollins,00-0033555,WR,MIA,0,11.0,46.3,53.3,60.3,21.6,29.6,37.6,19.37,27.21,30.0,1.54,78.38,20.85
2021,James Conner,00-0033553,RB,ARI,0,13.0,220.7,239.2,257.7,129.6,147.1,164.6,87.95,92.46,102.51,16.95,162.39,106.86
2021,Jaylen Waddle,00-0036613,WR,MIA,1,,143.8,195.8,247.8,,,,100.06,121.57,138.59,5.85,199.82,19.7
2021,Robert Tonyan,00-0033757,TE,GB,0,15.0,32.4,41.4,50.4,124.6,150.6,176.6,73.48,98.25,120.51,34.88,146.49,62.22
2021,Greg Ward,00-0033733,WR,PHI,0,16.0,27.58,31.08,34.58,80.1,106.6,133.1,46.72,65.49,76.29,6.84,132.13,48.36
2021,Corey Clement,00-0033725,RB,DAL,0,10.0,22.9,25.9,28.9,16.0,18.5,21.0,28.57,32.3,38.27,2.19,63.84,10.19
2021,Colin Thompson,00-0033720,TE,CAR,0,2.0,0.0,0.0,0.0,6.7,7.2,7.7,15.52,18.62,22.58,0.85,52.09,15.03
2021,Austin Ekeler,00-0033699,RB,LAC,0,10.0,273.8,308.8,343.8,111.3,138.3,165.3,169.51,188.36,220.25,50.43,261.55,140.4
2021,Cooper Rush,00-0033662,QB,DAL,0,,24.08,24.08,24.08,,,,20.21,22.36,21.76,0.0,76.87,19.7
2021,Blake Jarwin,00-0033658,TE,DAL,0,1.0,21.6,27.1,32.6,1.2,1.7,2.2,18.28,24.43,29.0,1.81,61.36,10.05
2021,Ricky Seals-Jones,00-0033611,TE,WAS,0,1.0,39.1,54.1,69.1,0.0,0.0,0.0,16.67,21.07,26.53,0.55,46.27,6.4
2021,Joe Burrow,00-0036442,QB,CIN,0,10.0,314.24,314.24,314.24,173.72,173.72,173.72,219.25,220.3,222.58,84.66,316.02,130.59
2021,Jason Cabinda,00-0034171,RB,DET,0,,0.0,0.0,0.0,,,,4.7,6.41,7.26,0.0,11.6,19.7
2021,Trenton Cannon,00-0034164,RB,BAL,0,12.0,0.4,0.4,0.4,4.9,6.4,7.9,18.45,22.86,23.72,1.27,69.67,5.72
2021,Will Dissly,00-0034159,TE,SEA,0,15.0,29.1,39.6,50.1,37.1,49.1,61.1,30.48,42.98,52.86,6.67,71.42,28.28
2021,Dominique Dafney,00-0036456,TE,GB,0,2.0,3.4,4.4,5.4,8.6,9.6,10.6,23.23,27.99,30.98,2.49,61.72,14.78
2021,Ty'Son Williams,00-0036457,RB,BAL,0,,32.9,37.4,41.9,,,,68.32,81.43,86.67,5.6,174.0,19.7
2021,Christian Blake,00-0034132,WR,ATL,0,10.0,2.5,4.5,6.5,14.1,20.6,27.1,15.05,20.18,23.69,0.03,48.64,12.16
2021,Mike Strachan,00-0036482,WR,IND,1,,2.6,3.6,4.6,,,,17.91,21.65,24.51,0.41,78.78,19.7
2021,Phillip Lindsay,00-0034109,RB,HOU,0,11.0,41.4,43.4,45.4,59.0,62.5,66.0,87.18,96.92,105.04,12.23,158.32,49.48
2021,Cam Sims,00-0034104,WR,WAS,0,13.0,33.8,41.3,48.8,54.2,70.2,86.2,52.37,65.74,82.65,7.01,116.69,35.8
2021,Adam Trautman,00-0036422,TE,NO,0,10.0,36.3,49.8,63.3,23.1,30.6,38.1,43.07,62.48,80.07,15.97,107.25,24.68
2021,Marquez Valdes-Scantling,00-0034272,WR,GB,0,14.0,61.0,74.0,87.0,104.3,120.8,137.3,78.54,95.81,112.58,11.91,156.56,78.69
2021,Tyler Conklin,00-0034270,TE,MIN,0,9.0,77.3,107.8,138.3,25.4,34.9,44.4,38.6,51.54,66.09,16.53,105.68,21.36
2021,Albert Okwuegbunam,00-0036423,TE,DEN,0,4.0,43.0,59.5,76.0,18.1,23.6,29.1,35.78,45.56,53.69,8.57,78.65,18.43
2021,Brycen Hopkins,00-0036424,TE,LA,0,,0.9,1.4,1.9,,,,17.03,20.56,27.09,0.95,50.81,19.7
2021,DeeJay Dallas,00-0036425,RB,SEA,0,9.0,39.1,49.6,60.1,39.9,48.4,56.9,35.23,43.8,48.27,3.78,105.16,35.94
2021,Tyler Johnson,00-0036427,WR,TB,0,10.0,36.0,54.0,72.0,28.9,34.9,40.9,28.46,38.83,47.76,1.69,80.76,26.45
2021,Charlie Woerner,00-0036429,TE,SF,0,4.0,5.2,7.7,10.2,3.6,5.1,6.6,13.64,19.75,25.4,0.85,37.81,10.67
2021,Jamaal Williams,00-0033948,RB,DET,0,14.0,93.8,106.8,119.8,96.1,111.6,127.1,79.96,88.7,103.86,9.32,137.53,52.58
2021,C.J. Beathard,00-0033936,QB,JAX,0,6.0,1.52,1.52,1.52,52.28,52.28,52.28,45.74,41.31,42.98,0.0,103.18,63.15
2021,Kenny Golladay,00-0033932,WR,NYG,0,5.0,52.1,70.6,89.1,45.8,55.8,65.8,88.11,116.07,137.76,13.24,182.28,101.57
2021,Kareem Hunt,00-0033923,RB,CLE,0,16.0,88.0,99.0,110.0,180.5,199.5,218.5,105.42,118.85,134.37,19.52,193.9,127.09
2021,Chris Godwin Jr.,00-0033921,WR,TB,0,12.0,144.4,193.4,242.4,126.0,158.5,191.0,158.59,187.69,221.46,33.49,227.61,145.01
2021,Cooper Kupp,00-0033908,WR,LA,0,15.0,294.5,367.0,439.5,118.7,164.7,210.7,129.09,173.25,218.35,51.58,225.24,112.94
2021,Ross Dwelley,00-0034073,TE,SF,0,12.0,11.1,13.1,15.1,30.5,40.0,49.5,27.9,34.45,46.12,7.22,73.45,23.28
2021,Trey Ragas,00-0036523,RB,LV,1,,1.5,2.5,3.5,,,,3.63,4.43,4.34,0.11,15.6,19.7
2021,Brandon Zylstra,00-0034052,WR,CAR,0,5.0,31.0,40.0,49.0,3.6,5.1,6.6,16.28,18.77,23.9,1.46,66.3,6.78
2021,Dan Arnold,00-0034011,TE,CAR,0,15.0,40.8,58.3,75.8,65.8,81.3,96.8,54.22,71.84,88.89,23.68,132.85,35.66
2021,Nico Collins,00-0036554,WR,HOU,1,,50.6,67.1,83.6,,,,56.57,68.12,80.81,2.29,131.0,19.7
2021,Chuba Hubbard,00-0036555,RB,CAR,1,,112.6,125.1,137.6,,,,59.74,70.66,77.0,5.02,137.29,19.7
2021,Jeremy McNichols,00-0033955,RB,TEN,0,15.0,45.6,59.6,73.6,31.9,37.9,43.9,63.26,72.99,77.08,6.99,110.8,60.87
2021,Marlon Mack,00-0033951,RB,IND,0,1.0,10.9,11.9,12.9,5.6,7.1,8.6,55.44,62.93,68.5,2.15,114.72,86.27
2021,Tyler Huntley,00-0035993,QB,BAL,0,2.0,82.64,82.64,82.64,2.9,2.9,2.9,15.55,14.97,13.32,0.0,73.53,15.2
2021,Lil'Jordan Humphrey,00-0035406,WR,NO,0,2.0,36.9,43.4,49.9,10.6,12.1,13.6,23.39,29.49,36.5,2.11,89.99,5.24
2021,Salvon Ahmed,00-0036020,RB,MIA,0,6.0,26.6,32.6,38.6,58.0,63.5,69.0,47.95,56.12,62.88,5.91,112.7,64.78
2021,Stanley Morgan,00-0035399,WR,CIN,0,2.0,1.4,2.4,3.4,0.0,0.0,0.0,10.75,14.76,19.62,0.0,59.59,4.66
2021,Juwan Johnson,00-0036040,TE,NO,0,5.0,39.9,46.4,52.9,3.9,5.9,7.9,16.02,21.17,27.88,1.59,51.07,10.99
2021,Tyler Mabry,00-0036059,TE,SEA,0,,0.0,0.0,0.0,,,,7.69,9.49,10.84,0.0,32.45,19.7
2021,Jeff Smith,00-0035510,WR,NYJ,0,9.0,11.2,15.2,19.2,16.7,25.2,33.7,21.7,29.65,38.58,1.22,88.91,18.26
2021,Gabe Nabers,00-0035908,RB,LAC,0,,0.0,0.0,0.0,,,,2.87,3.46,3.4,0.05,8.86,19.7
2021,Malik Taylor,00-0035480,WR,GB,0,10.0,1.4,2.4,3.4,13.5,16.0,18.5,15.53,17.71,22.0,0.86,45.37,16.26
2021,Jonathan Ward,00-0035924,RB,ARI,0,7.0,6.7,8.2,9.7,7.1,7.6,8.1,23.51,30.02,37.0,1.47,67.79,13.11
2021,Tyron Johnson,00-0035457,WR,JAX,0,11.0,1.6,2.6,3.6,59.5,69.5,79.5,52.29,65.45,78.4,5.72,118.35,51.94
2021,Damarea Crockett,00-0035448,RB,DEN,0,,0.7,0.7,0.7,,,,4.1,4.28,4.65,0.0,14.65,19.7
2021,Giovanni Ricci,00-0035956,RB,CAR,0,,0.0,0.0,0.0,,,,12.84,15.86,18.1,0.0,53.9,19.7
2021,Jalen Guyton,00-0035414,WR,LAC,0,16.0,66.2,81.7,97.2,69.1,83.1,97.1,40.26,51.31,62.43,6.16,116.23,35.35
2021,Nick Westbrook-Ikhine,00-0036182,WR,TEN,0,9.0,69.6,88.6,107.6,5.3,6.8,8.3,13.57,17.48,20.1,0.1,61.23,14.16
2021,Reggie Gilliam,00-0036187,RB,BUF,0,4.0,2.6,4.1,5.6,7.6,8.6,9.6,3.33,4.35,5.13,0.1,7.16,12.52
2021,Gabe Davis,00-0036196,WR,BUF,0,16.0,90.9,108.4,125.9,101.9,119.4,136.9,69.9,88.19,104.71,6.71,155.73,85.32
2021,Tua Tagovailoa,00-0036212,QB,MIA,0,10.0,180.92,180.92,180.92,135.46,135.46,135.46,203.54,205.68,200.97,52.82,287.34,103.08
2021,Tony Pollard,00-0035261,RB,DAL,0,16.0,123.6,143.1,162.6,92.8,106.8,120.8,75.51,93.96,107.04,11.35,148.96,55.72
2021,Myles Gaskin,00-0035311,RB,MIA,0,10.0,124.6,149.1,173.6,123.2,143.7,164.2,129.17,149.93,173.06,26.19,216.36,75.2
2021,Donald Parham,00-0035329,TE,LAC,0,11.0,39.0,49.0,59.0,33.9,38.9,43.9,33.57,42.69,51.65,8.38,85.34,27.35
2021,James Proche,00-0036133,WR,BAL,0,13.0,20.2,28.2,36.2,1.4,1.9,2.4,25.0,29.88,36.47,2.2,72.87,10.14
2021,Tony Jones,00-0035860,RB,NO,0,1.0,17.1,19.6,22.1,1.3,1.3,1.3,31.65,31.59,37.7,0.57,91.77,12.08
2021,Tommy Sweeney,00-0035308,TE,BUF,0,,10.4,14.9,19.4,,,,13.71,15.67,20.0,0.99,51.75,10.22
2021,Cullen Gillaspia,00-0035304,RB,NYG,0,4.0,0.0,0.0,0.0,0.6,1.1,1.6,9.03,8.6,9.49,0.05,22.26,1.69
2021,Scott Miller,00-0035298,WR,TB,0,14.0,14.1,16.6,19.1,69.5,86.0,102.5,59.74,75.07,91.39,5.95,122.97,45.74
2021,A.J. Brown,00-0035676,WR,TEN,0,14.0,117.9,149.4,180.9,177.5,212.5,247.5,178.5,215.75,258.07,59.38,268.58,131.67
2021,Deebo Samuel Sr.,00-0035719,WR,SF,0,7.0,261.96,300.46,338.96,47.7,64.2,80.7,103.55,124.93,158.78,19.67,174.0,55.98
2021,Darrell Henderson,00-0035664,RB,LA,0,15.0,134.4,148.9,163.4,114.3,122.3,130.3,105.02,127.64,140.68,22.3,192.2,74.19
2021,Marquise Brown,00-0035662,WR,BAL,0,16.0,137.3,182.8,228.3,125.0,154.0,183.0,113.15,138.13,163.65,43.36,204.86,84.83
2021,Jakob Johnson,00-0035726,RB,NE,0,8.0,4.3,6.3,8.3,9.5,13.5,17.5,3.4,4.15,5.44,0.0,4.53,7.73
2021,Terry McLaurin,00-0035659,WR,WAS,0,15.0,136.5,175.0,213.5,136.8,180.3,223.8,119.73,142.4,175.59,50.76,235.58,110.89
2021,Damien Harris,00-0035657,RB,NE,0,10.0,192.1,201.1,210.1,86.3,88.8,91.3,102.46,108.66,119.96,18.9,186.84,87.45
2021,Drew Lock,00-0035704,QB,DEN,0,13.0,50.88,51.38,51.88,181.32,181.32,181.32,67.46,64.78,67.43,23.26,153.37,94.47
2021,Josh Jacobs,00-0035700,RB,LV,0,15.0,172.0,199.0,226.0,198.3,214.8,231.3,162.73,176.27,186.98,20.6,241.29,115.82
2021,Daniel Jones,00-0035710,QB,NYG,0,14.0,166.52,167.02,167.52,180.02,180.02,180.02,166.0,172.06,180.11,71.75,257.56,44.92
2021,Dawson Knox,00-0035689,TE,BUF,0,11.0,115.1,139.6,164.1,42.8,54.8,66.8,55.86,74.52,85.35,19.57,127.11,29.12
2021,David Montgomery,00-0035685,RB,CHI,0,15.0,153.0,174.0,195.0,210.8,237.8,264.8,160.76,181.7,205.08,45.67,238.16,155.3
2021,Travis Homer,00-0035594,RB,SEA,0,9.0,45.8,53.8,61.8,23.8,28.3,32.8,58.22,65.1,71.48,6.15,118.13,21.9
2021,JaMycal Hasty,00-0035806,RB,SF,0,6.0,28.5,40.0,51.5,24.1,27.6,31.1,50.57,55.45,64.11,4.99,117.04,43.27
2021,Parker Hesse,00-0035572,TE,ATL,0,,4.3,6.8,9.3,,,,0.75,1.18,1.31,0.0,4.03,19.7
2021,James Robinson,00-0035831,RB,JAX,0,14.0,142.9,158.4,173.9,201.4,225.9,250.4,144.25,170.01,197.7,36.88,269.43,174.67
2021,Joseph Fortson,00-0035547,WR,KC,0,,16.7,19.2,21.7,,,,33.01,43.15,53.71,1.87,111.5,19.7
2021,Ty Johnson,00-0035537,RB,NYJ,0,11.0,83.0,100.0,117.0,47.3,55.3,63.3,71.63,81.06,92.54,8.33,126.41,40.01
2021,Darius Slayton,00-0035535,WR,NYG,0,16.0,42.6,55.6,68.6,91.0,116.0,141.0,56.82,72.98,83.84,14.03,153.8,74.03
2021,Andy Isabella,00-0035527,WR,ARI,0,11.0,1.3,1.8,2.3,33.8,44.3,54.8,45.35,52.2,66.71,3.35,117.01,21.61
2021,Drew Sample,00-0035631,TE,CIN,0,16.0,8.1,13.6,19.1,38.9,58.9,78.9,39.39,48.79,60.61,8.62,70.36,29.36
2021,Gunner Olszewski,00-0035645,WR,NE,0,13.0,4.0,5.0,6.0,20.5,23.0,25.5,25.94,30.79,35.65,1.04,78.12,14.4
2021,Noah Fant,00-0035644,TE,DEN,0,14.0,91.0,125.0,159.0,87.3,118.3,149.3,84.0,117.43,141.95,35.97,166.04,70.86
2021,DK Metcalf,00-0035640,WR,SEA,0,16.0,169.3,206.8,244.3,188.3,229.8,271.3,154.62,189.1,221.42,64.36,244.6,129.14
2021,Parris Campbell,00-0035639,WR,IND,0,2.0,22.2,27.2,32.2,8.7,11.7,14.7,51.02,61.26,69.97,4.14,123.18,10.48
2021,Trevon Wesco,00-0035259,TE,NYJ,0,3.0,3.5,5.0,6.5,0.5,1.0,1.5,19.13,29.31,36.43,1.49,72.81,5.3
2021,D'Ernest Johnson,00-0035628,RB,CLE,0,14.0,85.1,94.6,104.1,18.0,19.5,21.0,26.63,30.27,34.05,2.8,66.39,20.09
2021,Nsimba Webster,00-0035621,WR,CHI,0,16.0,0.0,0.0,0.0,0.0,0.0,0.0,11.61,14.07,18.07,0.1,55.39,5.65
2021,Mitchell Wilcox,00-0035771,TE,CIN,0,,1.6,3.1,4.6,,,,11.26,13.95,17.53,0.24,34.24,19.7
2021,Trinity Benson,00-0034930,WR,DET,0,,10.3,15.3,20.3,,,,32.54,40.88,51.05,0.26,90.36,19.7
2021,Cole Kmet,00-0036290,TE,CHI,0,15.0,61.2,91.2,121.2,34.0,48.0,62.0,56.83,74.94,91.41,22.66,112.99,34.23
2021,John Wolford,00-0034899,QB,LA,0,1.0,-1.9,-1.9,-1.9,12.84,12.84,12.84,35.46,40.59,40.29,1.35,112.59,43.09
2021,Sam Darnold,00-0034869,QB,CAR,0,12.0,157.28,157.28,157.28,134.02,134.02,134.02,203.83,206.09,207.81,71.12,270.88,85.88
2021,Josh Allen,00-0034857,QB,BUF,0,16.0,402.58,402.58,402.58,395.06,395.56,396.06,261.21,260.34,262.27,47.26,356.1,279.38
2021,Baker Mayfield,00-0034855,QB,CLE,0,16.0,180.9,180.9,180.9,247.62,248.12,248.62,210.28,216.48,217.19,100.25,287.56,226.49
2021,Laviska Shenault Jr.,00-0036268,WR,JAX,0,14.0,64.0,95.5,127.0,99.1,128.1,157.1,92.56,115.71,156.61,19.21,184.21,92.97
2021,Kaden Smith,00-0034988,TE,NYG,0,15.0,3.3,4.8,6.3,11.2,20.2,29.2,22.74,31.72,36.15,3.05,65.61,14.57
2021,Hunter Renfrow,00-0034983,WR,LV,0,16.0,156.1,207.6,259.1,75.6,103.6,131.6,65.6,93.48,118.21,13.04,148.98,53.53
2021,Foster Moreau,00-0034981,TE,LV,0,8.0,55.3,70.3,85.3,26.0,29.5,33.0,26.68,35.47,42.58,4.32,74.32,21.89
2021,Quez Watkins,00-0036271,WR,PHI,0,4.0,73.0,94.5,116.0,16.6,20.1,23.6,47.55,65.48,81.14,7.17,128.39,15.06
2021,Alexander Mattison,00-0034972,RB,MIN,0,13.0,93.9,109.9,125.9,73.9,80.4,86.9,74.7,83.68,87.85,5.99,143.78,46.21
2021,D'Andre Swift,00-0036275,RB,DET,0,13.0,146.9,177.9,208.9,143.8,166.8,189.8,182.05,216.82,239.44,29.49,251.93,166.1
2021,Quintez Cephus,00-0036277,WR,DET,0,12.0,34.4,41.9,49.4,46.9,56.9,66.9,62.42,77.71,95.47,6.71,136.08,36.91
2021,Jakobi Meyers,00-0034960,WR,NE,0,12.0,103.3,144.8,186.3,83.52,113.02,142.52,85.74,108.12,126.97,14.02,174.89,69.55
2021,Kalen Ballage,00-0034799,RB,PIT,0,11.0,4.4,5.4,6.4,64.9,79.4,93.9,26.48,32.52,38.27,8.28,108.1,29.1
2021,Durham Smythe,00-0034798,TE,MIA,0,13.0,36.0,53.0,70.0,32.8,45.8,58.8,17.56,22.61,27.39,5.4,58.37,22.92
2021,Lamar Jackson,00-0034796,QB,BAL,0,15.0,239.98,239.98,239.98,332.78,332.78,332.78,296.06,293.58,298.58,93.44,387.89,272.52
2021,Darnell Mooney,00-0036309,WR,CHI,0,16.0,138.7,179.2,219.7,91.1,121.6,152.1,92.51,118.06,150.64,14.59,175.68,102.58
2021,Nick Chubb,00-0034791,RB,CLE,0,12.0,195.3,205.3,215.3,191.7,199.7,207.7,205.55,230.08,236.35,30.55,279.92,138.98
2021,Sony Michel,00-0034845,RB,LA,0,8.0,125.3,135.8,146.3,68.3,71.8,75.3,73.08,83.82,88.71,10.14,152.24,61.26
2021,Saquon Barkley,00-0034844,RB,NYG,0,2.0,107.6,128.1,148.6,9.4,12.4,15.4,148.45,178.43,197.33,16.07,275.48,109.78
2021,Royce Freeman,00-0034838,RB,CAR,0,11.0,24.6,29.6,34.6,25.1,31.1,37.1,47.45,51.76,60.71,6.18,120.08,43.78
2021,Calvin Ridley,00-0034837,WR,ATL,0,15.0,40.1,55.6,71.1,191.5,236.5,281.5,156.73,186.5,215.95,69.59,253.06,149.52
2021,Hayden Hurst,00-0034830,TE,ATL,0,16.0,38.1,51.1,64.1,93.1,121.1,149.1,56.62,91.52,110.81,19.71,147.6,67.13
2021,Mike Gesicki,00-0034829,TE,MIA,0,15.0,92.0,128.5,165.0,106.3,132.8,159.3,72.63,93.25,111.92,35.46,154.22,66.7
2021,DJ Moore,00-0034827,WR,CAR,0,15.0,144.5,191.0,237.5,145.5,178.5,211.5,135.96,165.57,196.5,47.23,228.18,127.27
2021,Ronald Jones,00-0034816,RB,TB,0,14.0,69.2,74.2,79.2,158.3,172.3,186.3,149.95,161.75,172.75,15.79,224.03,90.42
2021,T.J. Hockenson,00-0035229,TE,DET,0,16.0,84.3,114.8,145.3,108.3,141.8,175.3,101.84,131.17,164.89,28.1,182.41,80.04
2021,Kyler Murray,00-0035228,QB,ARI,0,16.0,300.48,300.48,300.48,378.74,378.74,378.74,291.16,285.31,287.15,106.92,376.88,316.34
2021,Zach Gentry,00-0035222,TE,PIT,0,,16.7,26.2,35.7,,,,5.32,8.28,9.09,0.0,33.63,7.33
2021,Benny Snell,00-0035217,RB,PIT,0,15.0,11.1,12.1,13.1,64.9,69.9,74.9,66.51,77.45,78.2,10.74,147.71,28.29
2021,Diontae Johnson,00-0035216,WR,PIT,0,15.0,167.4,220.9,274.4,135.8,179.8,223.8,140.03,173.83,209.54,45.37,206.28,100.39
2021,Deonte Harty,00-0035215,WR,NO,0,9.0,79.1,97.1,115.1,29.7,39.7,49.7,63.74,82.37,99.25,17.78,143.8,25.15
2021,Olamide Zaccheaus,00-0035208,WR,ATL,0,10.0,58.8,74.3,89.8,33.4,43.4,53.4,39.5,48.27,61.15,4.9,100.14,25.55
2021,Jonathan Taylor,00-0036223,RB,IND,0,15.0,333.1,353.1,373.1,216.8,234.8,252.8,194.36,216.29,234.08,28.16,299.63,167.92
2021,Jacob Eason,00-0036226,QB,IND,0,,-1.0,-1.0,-1.0,,,,16.14,15.33,16.22,0.56,75.61,19.7
2021,Harrison Bryant,00-0036232,TE,CLE,0,12.0,41.3,51.8,62.3,37.8,49.8,61.8,27.0,32.78,41.76,5.73,78.4,36.17
2021,Marquez Callaway,00-0036219,WR,NO,0,9.0,105.8,128.8,151.8,21.3,31.8,42.3,53.22,71.59,88.81,13.23,131.64,27.58
2021,Devin Singletary,00-0035250,RB,BUF,0,16.0,157.8,177.8,197.8,105.6,124.6,143.6,127.83,143.73,160.65,27.5,214.79,82.62
2021,Josh Oliver,00-0035249,TE,BAL,0,,6.6,11.1,15.6,,,,18.41,23.83,30.64,0.79,51.65,9.65
2021,J.J. Arcega-Whiteside,00-0035246,WR,PHI,0,5.0,3.6,4.6,5.6,10.5,12.5,14.5,22.21,30.23,33.35,1.33,83.63,9.26
2021,Miles Sanders,00-0035243,RB,PHI,0,12.0,91.2,104.2,117.2,142.4,156.4,170.4,157.26,169.89,183.32,37.47,220.82,170.86
2021,Michael Pittman,00-0036252,WR,IND,0,13.0,150.6,194.6,238.6,58.9,78.9,98.9,80.95,104.0,126.94,12.34,164.03,62.66
2021,David Blough,00-0035040,QB,DET,0,1.0,0.6,0.6,0.6,1.76,1.76,1.76,18.2,21.71,22.35,1.15,92.44,13.27
2021,Denzel Mims,00-0036255,WR,NYJ,0,9.0,13.3,17.3,21.3,37.7,49.2,60.7,54.28,71.18,88.94,3.45,131.49,38.62
2021,Penny Hart,00-0035022,WR,SEA,0,5.0,5.9,9.4,12.9,2.2,2.7,3.2,18.28,21.07,25.13,0.46,47.93,7.98
2021,Ashton Dulin,00-0035021,WR,IND,0,10.0,32.5,39.0,45.5,6.4,7.9,9.4,18.86,23.14,25.86,0.79,67.69,9.23
2021,Jauan Jennings,00-0036259,WR,SF,0,,58.2,70.2,82.2,,,,16.11,20.24,23.6,1.08,54.86,19.7
2021,Brandon Aiyuk,00-0036261,WR,SF,0,12.0,114.3,142.3,170.3,124.5,154.5,184.5,151.94,187.51,223.27,30.18,241.78,124.51
2021,Jordan Love,00-0036264,QB,GB,0,,21.14,21.14,21.14,,,,71.64,74.17,75.78,5.98,140.75,19.7
2021,AJ Dillon,00-0036265,RB,GB,0,9.0,151.6,168.6,185.6,38.3,39.3,40.3,83.97,90.97,97.16,8.59,151.39,60.78
2021,Donovan Peoples-Jones,00-0036233,WR,CLE,0,12.0,75.7,92.7,109.7,44.4,51.4,58.4,39.45,53.16,60.43,3.85,106.62,31.51
2021,Mecole Hardman,00-0035140,WR,KC,0,16.0,81.9,111.4,140.9,89.1,109.6,130.1,100.7,120.97,145.05,12.9,166.13,75.63
2021,Dee Eskridge,00-0036620,WR,SEA,1,,18.3,23.3,28.3,,,,64.63,80.11,95.79,4.4,146.72,19.7
2021,Alec Ingold,00-0035125,RB,LV,0,,0.0,0.0,0.0,,,,0.16,0.0,0.0,0.0,7.68,19.7
2021,Brandon Dillon,00-0035102,TE,MIN,0,1.0,0.0,0.0,0.0,0.6,1.1,1.6,13.47,17.47,21.53,1.19,55.98,8.21
2021,Khari Blasingame,00-0035099,RB,TEN,0,,0.0,0.0,0.0,,,,1.55,1.63,1.62,0.0,5.82,19.7
2021,Freddie Swain,00-0036247,WR,SEA,0,13.0,61.5,74.0,86.5,27.9,34.4,40.9,33.79,42.31,48.97,5.57,97.49,25.16
2021,James White,00-0031062,RB,NE,0,14.0,19.2,25.2,31.2,67.6,92.1,116.6,72.33,92.83,107.46,20.22,172.31,60.93
2021,Carlos Hyde,00-0031045,RB,JAX,0,10.0,33.8,39.8,45.8,68.9,76.9,84.9,61.75,66.3,74.64,7.6,137.91,50.69
2021,Amon-Ra St. Brown,00-0036963,WR,DET,1,,137.3,182.3,227.3,,,,33.81,42.4,52.11,0.58,92.17,19.7
2021,Sammy Watkins,00-0031325,WR,BAL,0,10.0,43.4,56.9,70.4,50.4,68.9,87.4,61.54,81.97,104.56,20.48,162.07,42.38
2021,Diontae Spencer,00-0031319,WR,DEN,0,11.0,-0.3,0.2,0.7,10.5,12.0,13.5,18.83,24.58,28.44,0.32,57.7,12.39
2021,Derek Carr,00-0031280,QB,LV,0,16.0,256.96,256.96,256.96,272.12,272.12,272.12,248.76,247.55,244.33,100.47,293.48,250.46
2021,Cameron Brate,00-0031273,TE,TB,0,13.0,48.5,63.5,78.5,40.2,54.2,68.2,26.68,35.62,45.11,9.14,68.11,28.08
2021,Keith Smith,00-0030968,RB,ATL,0,,0.0,0.0,0.0,,,,0.0,0.0,0.0,0.0,6.06,19.7
2021,Logan Thomas,00-0031260,TE,WAS,0,16.0,35.6,44.6,53.6,104.62,140.62,176.62,69.47,91.04,112.72,37.24,173.62,83.82
2021,Teddy Bridgewater,00-0031237,QB,DEN,0,15.0,202.68,202.68,202.68,241.22,241.22,241.22,183.98,189.11,187.52,68.22,258.78,161.58
2021,Brandin Cooks,00-0031236,WR,HOU,0,15.0,141.8,186.8,231.8,151.0,191.5,232.0,131.14,164.93,187.96,73.58,204.36,127.81
2021,Terrace Marshall Jr.,00-0036955,WR,CAR,1,,15.8,24.3,32.8,,,,64.95,87.36,104.8,3.59,144.52,19.7
2021,Mike Glennon,00-0030520,QB,NYG,0,5.0,30.9,30.9,30.9,60.58,60.58,60.58,20.67,19.34,20.07,0.0,99.46,35.34
2021,Latavius Murray,00-0030513,RB,BAL,0,15.0,93.6,98.6,103.6,113.2,124.7,136.2,31.83,38.34,42.2,2.37,90.89,50.13
2021,Travis Kelce,00-0030506,TE,KC,0,15.0,170.8,216.8,262.8,207.76,260.26,312.76,126.04,165.29,210.71,118.31,264.52,143.72
2021,DeAndre Hopkins,00-0030564,WR,ARI,0,16.0,105.2,126.2,147.2,172.8,230.3,287.8,157.59,201.11,258.17,66.78,264.19,148.61
2021,Giovani Bernard,00-0030456,RB,TB,0,16.0,36.1,47.6,59.1,111.1,134.6,158.1,52.53,57.18,75.54,12.68,111.58,51.33
2021,Rob Gronkowski,00-0027656,TE,TB,0,16.0,116.2,143.7,171.2,104.3,126.8,149.3,64.24,84.97,108.72,28.22,135.55,85.72
2021,Robert Woods,00-0030431,WR,LA,0,16.0,92.2,114.7,137.2,155.1,200.1,245.1,142.11,193.36,233.66,56.23,212.67,131.95
2021,Damien Williams,00-0030874,RB,CHI,0,,44.7,52.7,60.7,,,,34.25,42.14,49.99,1.61,105.16,52.45
2021,Albert Wilson,00-0030669,WR,MIA,0,,23.0,35.5,48.0,,,,18.6,28.72,37.84,0.74,82.66,13.86
2021,Willie Snead,00-0030663,WR,LV,0,13.0,3.8,5.8,7.8,61.2,77.7,94.2,18.71,25.67,31.77,2.79,72.71,38.58
2021,Jared Cook,00-0027061,TE,LAC,0,15.0,84.4,108.4,132.4,90.4,108.9,127.4,64.6,80.15,92.94,29.51,132.11,59.4
2021,Cordarrelle Patterson,00-0030578,RB,ATL,0,16.0,182.6,208.6,234.6,48.4,58.9,69.4,59.03,64.65,71.71,8.28,111.23,24.75
2021,Geno Smith,00-0030565,QB,SEA,0,1.0,54.28,54.28,54.28,1.12,1.12,1.12,28.66,27.68,27.32,1.1,87.58,7.74
2021,Stefon Diggs,00-0031588,WR,BUF,0,16.0,182.5,234.0,285.5,201.6,265.1,328.6,160.45,202.85,249.19,56.36,265.01,155.28
2021,Eric Tomlinson,00-0031690,TE,BAL,0,2.0,0.7,1.2,1.7,0.0,0.0,0.0,5.65,8.0,8.06,0.0,47.31,2.29
2021,Raheem Mostert,00-0031687,RB,SF,0,8.0,2.0,2.0,2.0,83.7,91.7,99.7,88.17,93.87,99.41,15.76,164.42,67.41
2021,Michael Carter,00-0036924,RB,NYJ,1,,118.4,136.4,154.4,,,,39.72,45.14,50.09,1.21,96.69,19.7
2021,Darren Waller,00-0031610,TE,LV,0,16.0,78.5,106.0,133.5,171.6,225.1,278.6,138.14,175.01,227.72,85.62,224.23,136.61
2021,Michael Burton,00-0031595,RB,KC,0,,0.0,0.0,0.0,,,,1.29,1.38,1.37,0.0,7.89,19.7
2021,MyCole Pruitt,00-0031585,TE,TEN,0,5.0,34.5,41.5,48.5,16.9,19.4,21.9,3.41,4.9,5.76,0.0,16.38,9.61
2021,Damiere Byrd,00-0031868,WR,CHI,0,15.0,40.9,53.9,66.9,67.9,91.4,114.9,49.55,65.37,77.7,4.24,120.83,54.09
2021,Maxx Williams,00-0031558,TE,ARI,0,6.0,25.3,33.3,41.3,16.2,20.2,24.2,37.71,48.49,60.08,14.7,114.21,11.05
2021,Malcolm Brown,00-0031806,RB,MIA,0,16.0,19.5,21.0,22.5,86.1,97.6,109.1,54.26,57.84,64.05,8.86,106.33,49.38
2021,Taylor Heinicke,00-0031800,QB,WAS,0,1.0,221.86,222.36,222.86,11.68,11.68,11.68,33.14,31.57,31.4,0.27,80.34,11.63
2021,Jake Kumerow,00-0031787,WR,BUF,0,1.0,2.8,3.8,4.8,8.2,8.7,9.2,19.07,24.69,28.77,0.67,73.54,11.45
2021,DeAndre Carter,00-0031763,WR,WAS,0,13.0,62.5,74.5,86.5,0.8,1.3,1.8,18.16,22.09,25.56,0.42,63.53,8.34
2021,Mike Evans,00-0031408,WR,TB,0,16.0,188.5,225.5,262.5,178.6,213.6,248.6,142.13,181.55,215.0,47.15,225.94,128.8
2021,Justin Fields,00-0036945,QB,CHI,1,,126.8,126.8,126.8,,,,131.87,130.84,133.03,6.95,197.91,19.7
2021,Eric Ebron,00-0031387,TE,PIT,0,15.0,20.5,26.5,32.5,85.8,113.8,141.8,64.7,83.55,101.74,27.04,159.35,60.15
2021,Jarvis Landry,00-0031382,WR,CLE,0,15.0,81.0,107.0,133.0,115.96,151.96,187.96,124.98,163.25,195.2,56.44,202.14,79.59
2021,Davante Adams,00-0031381,WR,GB,0,14.0,221.3,282.8,344.3,243.4,300.9,358.4,193.76,229.91,271.75,69.4,305.73,171.11
2021,Jerick McKinnon,00-0031376,RB,KC,0,14.0,22.9,29.4,35.9,93.2,109.7,126.2,53.15,58.6,67.6,9.08,119.19,86.25
2021,Jimmy Garoppolo,00-0031345,QB,SF,0,6.0,227.5,227.5,227.5,64.34,64.34,64.34,156.26,155.45,150.97,31.07,245.03,78.08
2021,Rondale Moore,00-0036936,WR,ARI,1,,57.1,84.1,111.1,,,,74.81,98.82,111.89,3.8,173.49,19.7
2021,Nelson Agholor,00-0031549,WR,NE,0,16.0,66.4,84.9,103.4,137.6,161.6,185.6,96.07,119.85,143.87,38.32,177.96,96.78
2021,DeVante Parker,00-0031547,WR,MIA,0,14.0,63.5,83.5,103.5,103.3,134.8,166.3,80.23,97.74,116.39,18.97,168.76,106.37
2021,Amari Cooper,00-0031544,WR,DAL,0,16.0,134.5,168.5,202.5,144.8,190.8,236.8,130.04,166.4,204.56,56.2,214.69,147.94
2021,Jameis Winston,00-0031503,QB,NO,0,3.0,117.4,117.4,117.4,2.4,2.4,2.4,172.07,175.85,170.83,30.58,273.54,143.94
2021,Chris Manhertz,00-0031484,TE,JAX,0,7.0,13.1,16.1,19.1,5.2,8.2,11.2,26.95,36.93,47.23,6.74,103.11,6.77
2021,Allen Robinson,00-0031428,WR,CHI,0,16.0,49.0,68.0,87.0,160.9,211.9,262.9,116.16,154.18,185.8,55.1,212.38,130.34
2021,Mark Ingram,00-0027966,RB,HOU,0,10.0,81.6,95.1,108.6,46.9,49.9,52.9,85.26,97.04,109.29,9.86,144.99,78.78
2021,Javonte Williams,00-0036997,RB,DEN,1,,161.9,183.4,204.9,,,,135.08,152.53,169.18,8.86,206.71,19.7
2021,Blaine Gabbert,00-0027948,QB,TB,0,4.0,1.98,1.98,1.98,15.32,15.32,15.32,43.67,40.59,39.88,0.85,102.42,18.46
2021,Julio Jones,00-0027944,WR,TEN,0,9.0,49.4,64.9,80.4,95.1,120.6,146.1,126.19,163.11,201.77,16.16,219.64,119.51
2021,A.J. Green,00-0027942,WR,ARI,0,16.0,102.8,129.8,156.8,64.3,87.8,111.3,67.13,88.71,103.08,16.46,157.11,65.3
2021,Brian Hoyer,00-0026625,QB,NE,0,1.0,12.28,12.28,12.28,2.0,2.0,2.0,9.57,11.27,12.68,0.0,71.96,10.64
2021,Chase Daniel,00-0026544,QB,LAC,0,4.0,-0.2,-0.2,-0.2,12.16,12.16,12.16,10.81,12.65,13.45,0.0,65.32,21.02
2021,Matthew Stafford,00-0026498,QB,LA,0,16.0,329.74,329.74,329.74,260.56,260.56,260.56,250.66,242.88,237.66,102.72,294.46,236.25
2021,Tom Brady,00-0019596,QB,TB,0,16.0,374.74,374.74,374.74,337.92,337.92,337.92,219.25,217.28,214.23,55.33,314.21,248.19
2021,Chad Henne,00-0026197,QB,KC,0,3.0,3.28,3.28,3.28,23.72,23.72,23.72,19.01,22.1,26.17,1.75,81.9,45.86
2021,Tyrod Taylor,00-0028118,QB,HOU,0,2.0,81.74,81.74,81.74,9.02,9.02,9.02,66.45,69.56,75.12,18.77,137.61,19.87
2021,Nick Bellore,00-0028292,RB,SEA,0,,0.0,0.0,0.0,,,,0.0,0.0,0.0,0.0,0.49,19.7
2021,Chris Hogan,00-0028237,WR,NO,0,5.0,10.1,12.1,14.1,11.8,18.8,25.8,16.73,20.8,26.85,3.38,70.21,11.16
2021,DeSean Jackson,00-0026189,WR,LA,0,5.0,55.8,65.8,75.8,30.8,37.8,44.8,44.45,56.38,68.29,3.72,107.86,24.96
2021,Lee Smith,00-0028097,TE,ATL,0,5.0,12.5,17.0,21.5,15.5,17.5,19.5,6.78,10.12,13.01,0.0,45.91,9.83
2021,Taiwan Jones,00-0028063,RB,BUF,0,8.0,0.0,0.0,0.0,0.0,0.0,0.0,8.7,8.7,9.38,0.1,42.47,5.95
2021,Randall Cobb,00-0028002,WR,GB,0,10.0,67.6,81.6,95.6,62.1,81.1,100.1,43.64,60.93,73.71,8.67,120.48,47.62
2021,Kyle Rudolph,00-0027981,TE,NYG,0,12.0,33.7,46.7,59.7,37.4,51.4,65.4,32.61,42.5,57.78,12.93,88.14,35.7
2021,Andy Dalton,00-0027973,QB,CHI,0,11.0,84.2,84.2,84.2,135.9,136.4,136.9,123.36,126.62,130.8,67.68,239.83,114.45
2021,Tommy Tremble,00-0037005,TE,CAR,1,,33.1,43.1,53.1,,,,51.44,65.8,71.96,2.53,113.79,19.7
2021,Amari Rodgers,00-0036991,WR,GB,1,,5.6,7.6,9.6,,,,37.12,44.74,50.08,1.14,109.19,19.7
2021,Hunter Long,00-0037004,TE,MIA,1,,0.8,1.3,1.8,,,,50.38,62.74,80.56,9.5,135.79,19.7
2021,Elijah Moore,00-0036980,WR,NYJ,1,,95.2,116.7,138.2,,,,119.49,153.9,184.8,6.57,210.05,19.7
2021,Mac Jones,00-0036972,QB,NE,1,,224.94,224.94,224.94,,,,189.29,182.91,179.66,37.31,247.13,19.7
2021,Trevor Lawrence,00-0036971,QB,JAX,1,,199.04,199.04,199.04,,,,210.84,206.24,209.0,46.87,273.41,19.7
2021,Kyle Pitts,00-0036970,TE,ATL,1,,108.6,142.6,176.6,,,,114.44,133.9,159.33,10.79,187.73,19.7
2021,Trey Lance,00-0037012,QB,SF,1,,64.92,64.92,64.92,,,,124.38,125.56,128.63,7.2,182.79,19.7
2021,Joe Flacco,00-0026158,QB,PHI,0,5.0,23.82,23.82,23.82,54.76,54.76,54.76,37.06,39.96,39.22,2.12,100.83,71.98
2021,Matt Ryan,00-0026143,QB,ATL,0,16.0,222.92,222.92,222.92,282.44,282.44,282.44,256.02,250.24,251.74,82.8,325.13,239.23
2021,Danny Amendola,00-0026035,WR,HOU,0,14.0,44.8,56.8,68.8,60.4,83.4,106.4,14.1,19.93,24.08,2.19,67.39,52.89
2021,Marcedes Lewis,00-0024243,TE,GB,0,11.0,21.4,32.9,44.4,28.7,33.7,38.7,25.43,32.05,37.93,9.14,80.99,22.37
2021,Ryan Fitzpatrick,00-0023682,QB,WAS,0,9.0,0.72,0.72,0.72,152.74,153.24,153.74,202.61,200.72,197.98,55.81,275.31,102.92
2021,Anthony Schwartz,00-0036999,WR,CLE,1,,23.4,28.4,33.4,,,,37.6,44.53,52.69,1.11,94.07,19.7
2021,Aaron Rodgers,00-0023459,QB,GB,0,16.0,332.3,332.8,333.3,382.26,382.76,383.26,273.24,267.47,267.01,96.85,340.41,286.33
2021,Ben Roethlisberger,00-0022924,QB,PIT,0,15.0,218.1,218.1,218.1,267.22,267.22,267.22,176.87,176.53,171.22,62.42,306.5,194.09
2021,Zach Ertz,00-0030061,TE,PHI,0,11.0,106.7,143.7,180.7,41.5,59.5,77.5,67.68,90.32,114.25,25.07,147.77,45.83
2021,Andre Roberts,00-0027691,WR,HOU,0,15.0,11.4,11.9,12.4,3.1,5.1,7.1,7.54,9.79,10.76,1.37,41.08,6.39
2021,Adam Thielen,00-0030035,WR,MIN,0,15.0,132.8,166.3,199.8,180.0,217.0,254.0,114.2,140.82,174.13,51.44,218.79,128.01
2021,Kyle Juszczyk,00-0029892,RB,SF,0,,0.0,0.0,0.0,,,,0.83,0.0,0.49,0.0,11.09,19.7
2021,Jimmy Graham,00-0027696,TE,CHI,0,16.0,36.7,43.7,50.7,93.6,118.6,143.6,49.14,62.33,75.93,17.48,104.02,60.06
2021,Darren Fells,00-0029738,TE,DET,0,12.0,4.3,6.3,8.3,55.2,65.7,76.2,29.36,38.31,46.23,6.82,62.94,38.15
2021,Ryan Tannehill,00-0029701,QB,TEN,0,16.0,268.36,268.36,268.36,343.36,343.86,344.36,245.13,248.2,258.02,99.03,330.22,265.11
2021,Rex Burkhead,00-0030288,RB,HOU,0,10.0,79.3,91.8,104.3,82.6,95.1,107.6,64.92,75.18,84.37,4.09,123.58,60.48
2021,Keenan Allen,00-0030279,WR,LAC,0,14.0,151.8,204.8,257.8,145.1,195.1,245.1,137.08,186.45,231.74,60.52,228.27,122.35
2021,Emmanuel Sanders,00-0027685,WR,BUF,0,14.0,89.7,110.7,131.7,103.8,134.3,164.8,81.24,103.06,125.65,14.6,155.45,76.65
2021,Jack Doyle,00-0030181,TE,IND,0,13.0,50.2,64.7,79.2,41.1,52.6,64.1,30.59,43.59,55.0,12.27,81.1,31.48
2021,Demetrius Harris,00-0030155,TE,ARI,0,11.0,1.0,2.5,4.0,4.5,8.0,11.5,19.19,22.5,25.37,1.29,68.97,11.77
2021,Ryan Griffin,00-0030108,TE,NYJ,0,10.0,38.1,51.6,65.1,8.6,13.1,17.6,15.24,19.55,25.89,1.92,51.13,14.15
2021,Colt McCoy,00-0027688,QB,ARI,0,4.0,41.3,41.3,41.3,18.2,18.2,18.2,15.62,15.57,16.3,0.53,73.31,30.86
2021,Marquise Goodwin,00-0030068,WR,CHI,0,,37.2,47.2,57.2,,,,43.23,52.8,67.29,3.04,112.53,12.11
2021,Marvin Jones,00-0029293,WR,JAX,0,16.0,107.2,143.7,180.2,151.8,189.8,227.8,102.16,123.66,153.02,47.47,188.95,88.87
2021,Josh Palmer,00-0036988,WR,LAC,1,,59.9,76.4,92.9,,,,50.92,65.52,79.31,2.12,125.78,19.7
2021,Russell Wilson,00-0029263,QB,SEA,0,16.0,242.82,242.82,242.82,359.78,359.78,359.78,260.41,260.44,257.23,99.32,356.19,221.11
2021,Brandon Bolden,00-0029239,RB,NE,0,,83.1,103.6,124.1,,,,16.07,18.68,22.3,0.0,64.4,15.93
2021,Derek Carrier,00-0029119,TE,LV,0,6.0,1.3,2.3,3.3,1.4,1.9,2.4,9.23,14.95,17.03,0.99,38.78,6.14
2021,Cole Beasley,00-0029000,WR,BUF,0,15.0,77.3,118.3,159.3,125.5,166.5,207.5,86.08,111.69,140.69,46.9,172.9,91.05
2021,Case Keenum,00-0028986,QB,CLE,0,1.0,28.68,28.68,28.68,1.84,1.84,1.84,27.28,27.75,25.76,0.0,94.88,28.82
2021,Matthew Slater,00-0026293,WR,NE,0,6.0,0.0,0.0,0.0,0.0,0.0,0.0,9.55,10.72,12.52,0.0,45.89,5.03
2021,Mohamed Sanu,00-0029632,WR,SF,0,7.0,17.7,25.2,32.7,27.0,35.5,44.0,43.78,53.91,62.73,7.02,112.16,25.37
2021,Antonio Brown,00-0027793,WR,TB,0,8.0,79.1,100.1,121.1,72.1,94.6,117.1,89.45,103.58,136.25,11.24,158.05,44.07
2021,Kirk Cousins,00-0029604,QB,MIN,0,16.0,300.34,300.34,300.34,306.2,306.2,306.2,248.13,257.51,257.95,67.69,319.9,188.09
2021,Zach Wilson,00-0037013,QB,NYJ,1,,151.86,151.86,151.86,,,,217.66,216.59,213.79,45.3,282.19,19.7
2021,Ezekiel Elliott,00-0033045,RB,DAL,0,15.0,205.06,228.56,252.06,171.7,197.7,223.7,161.27,177.21,199.34,30.87,250.52,132.16
2021,Tyreek Hill,00-0033040,WR,KC,0,15.0,185.5,241.0,296.5,241.9,285.4,328.9,177.78,210.25,245.78,66.87,295.14,144.8
2021,Jaret Patterson,00-0036755,RB,WAS,1,,45.9,50.9,55.9,,,,33.35,40.4,45.89,0.33,90.75,19.7
2021,Tyler Boyd,00-0033009,WR,CIN,0,15.0,116.84,150.34,183.84,113.64,153.14,192.64,129.82,168.04,202.95,32.11,198.26,89.08
2021,Jaydon Mickens,00-0033006,WR,TB,0,10.0,1.0,2.0,3.0,5.8,9.3,12.8,1.94,2.6,3.12,0.0,8.85,4.35
2021,J.P. Holtz,00-0032986,TE,CHI,0,9.0,0.0,0.0,0.0,0.0,0.0,0.0,9.52,12.32,13.51,0.1,42.66,7.57
2021,Rashard Higgins,00-0032977,WR,CLE,0,12.0,33.5,45.5,57.5,83.9,102.4,120.9,50.4,62.11,76.82,11.1,131.51,56.99
2021,Devontae Booker,00-0032972,RB,NYG,0,15.0,104.1,124.1,144.1,68.7,77.2,85.7,61.68,69.76,83.12,8.92,122.15,45.72
2021,Andy Janovich,00-0032956,RB,CLE,0,,0.0,0.0,0.0,,,,0.37,0.21,0.45,0.0,4.41,19.7
2021,Garrett Griffin,00-0033095,TE,NO,0,,3.9,5.9,7.9,,,,18.51,23.68,27.27,1.32,65.19,19.7
2021,Hunter Henry,00-0033090,TE,NE,0,14.0,114.3,139.3,164.3,85.3,115.3,145.3,76.77,101.48,120.88,24.96,169.19,66.82
2021,Dak Prescott,00-0033077,QB,DAL,0,5.0,320.56,320.56,320.56,134.64,135.14,135.64,237.62,242.02,250.25,55.66,330.59,165.89
2021,Jack Stoll,00-0036741,TE,PHI,1,,2.2,4.2,6.2,,,,15.33,19.06,22.84,0.34,49.56,19.7
2021,Tajae Sharpe,00-0032778,WR,ATL,0,3.0,23.0,35.5,48.0,0.0,0.0,0.0,32.25,40.77,52.22,0.5,89.05,9.21
2021,Demarcus Robinson,00-0032775,WR,KC,0,15.0,44.4,56.9,69.4,62.6,85.1,107.6,44.06,58.98,71.54,4.36,107.31,44.62
2021,Derrick Henry,00-0032764,RB,TEN,0,16.0,175.3,184.3,193.3,314.1,323.6,333.1,216.93,228.26,251.51,35.94,333.22,175.61
2021,Chris Evans,00-0036857,RB,CIN,1,,34.8,42.3,49.8,,,,25.64,30.19,33.85,0.96,77.01,19.7
2021,Peyton Barber,00-0032741,RB,LV,0,14.0,39.9,44.9,49.9,51.0,53.0,55.0,33.55,38.66,46.21,5.21,84.56,21.21
2021,Jake Funk,00-0036860,RB,LA,1,,0.5,0.5,0.5,,,,23.15,28.79,31.58,1.06,77.37,19.7
2021,Stephen Anderson,00-0032725,TE,LAC,0,7.0,22.5,30.5,38.5,10.6,14.6,18.6,16.02,19.55,27.1,1.49,52.66,13.92
2021,Robbie Chosen,00-0032688,WR,CAR,0,16.0,85.5,112.0,138.5,129.1,176.6,224.1,99.67,132.97,164.65,41.79,175.95,101.65
2021,Carson Wentz,00-0032950,QB,IND,0,12.0,258.02,258.02,258.02,198.4,198.4,198.4,228.97,226.26,223.74,59.58,314.67,222.18
2021,C.J. Ham,00-0032918,RB,MIN,0,,0.0,0.0,0.0,,,,0.54,0.46,0.18,0.0,1.0,19.7
2021,Derek Watt,00-0032897,RB,PIT,0,,0.0,0.0,0.0,,,,0.54,0.68,0.7,0.0,6.11,19.7
2021,Elijhaa Penny,00-0032813,RB,NYG,0,,0.0,0.0,0.0,,,,25.58,32.11,35.03,0.72,96.5,19.7
2021,Tutu Atwell,00-0036849,WR,LA,1,,0.0,0.0,0.0,,,,59.47,84.84,103.97,1.77,150.37,19.7
2021,Jakeem Grant,00-0032791,WR,MIA,0,14.0,32.5,38.0,43.5,51.3,69.3,87.3,13.71,15.47,19.48,0.41,42.16,32.99
2021,Isaiah McKenzie,00-0033466,WR,BUF,0,15.0,34.5,44.5,54.5,69.58,84.58,99.58,52.9,65.65,74.8,4.11,120.49,52.47
2021,Larry Rountree III,00-0036650,RB,LAC,1,,14.6,15.1,15.6,,,,28.66,33.22,38.18,0.9,82.33,19.7
2021,Anthony Firkser,00-0033455,TE,TEN,0,15.0,39.1,56.1,73.1,44.7,64.2,83.7,36.75,51.53,64.89,13.49,79.83,29.12
2021,Racey McMath,00-0036652,WR,TEN,1,,-1.2,-0.2,0.8,,,,12.11,16.69,19.3,0.19,62.17,19.7
2021,Pharaoh Brown,00-0033439,TE,HOU,0,10.0,15.1,26.6,38.1,28.3,35.3,42.3,41.65,57.53,72.63,14.87,105.88,20.57
2021,Antony Auclair,00-0033421,TE,HOU,0,1.0,10.7,13.2,15.7,0.0,0.0,0.0,2.6,3.6,5.12,0.0,11.83,5.68
2021,Demetric Felton,00-0036654,RB,CLE,1,,32.5,41.5,50.5,,,,25.22,29.25,35.37,0.91,79.74,19.7
2021,Patrick Ricard,00-0033376,RB,BAL,0,9.0,12.7,16.7,20.7,8.4,12.9,17.4,5.43,6.38,5.74,0.32,6.87,9.76
2021,Tim Patrick,00-0033375,WR,DEN,0,15.0,103.4,129.9,156.4,110.2,135.7,161.2,69.36,87.99,107.87,13.14,161.89,58.57
2021,C.J. Board,00-0033367,WR,NYG,0,11.0,5.7,7.7,9.7,10.4,15.9,21.4,4.57,6.6,8.36,0.0,15.88,12.39
2021,Taysom Hill,00-0033357,QB,NO,0,16.0,117.72,119.72,121.72,148.62,152.62,156.62,111.29,112.85,118.49,12.19,162.91,107.4
2021,Cethan Carter,00-0033338,TE,MIA,0,13.0,1.6,2.6,3.6,5.3,7.8,10.3,11.22,14.15,17.45,0.15,40.26,8.4
2021,Jeremy Sprinkle,00-0033528,TE,DAL,0,7.0,3.1,4.6,6.1,0.6,1.1,1.6,6.07,7.93,10.39,0.1,15.0,7.16
2021,Ihmir Smith-Marsette,00-0036635,WR,MIN,1,,23.6,26.1,28.6,,,,37.41,45.95,50.53,2.02,106.52,19.7
2021,Noah Gray,00-0036637,TE,KC,1,,9.6,13.1,16.6,,,,16.87,21.04,26.45,2.33,60.47,19.7
2021,Mike Williams,00-0033536,WR,LAC,0,14.0,170.6,208.6,246.6,105.7,129.7,153.7,94.27,112.77,131.44,20.81,170.41,63.37
2021,Samaje Perine,00-0033526,RB,CIN,0,12.0,56.2,69.7,83.2,54.7,60.2,65.7,74.54,90.06,98.14,7.22,124.29,38.17
2021,Marcus Kemp,00-0033481,WR,KC,0,4.0,2.4,3.4,4.4,1.1,1.6,2.1,11.58,14.22,17.34,0.11,40.97,7.95
2021,Simi Fehoko,00-0036646,WR,DAL,1,,0.0,0.0,0.0,,,,23.77,32.71,40.09,0.56,86.68,19.7
2021,Johnny Mundt,00-0033246,TE,LA,0,5.0,0.9,1.4,1.9,5.3,7.3,9.3,13.71,17.2,22.1,1.5,55.58,6.34
2021,Mo Alie-Cox,00-0033217,TE,IND,0,14.0,55.6,67.6,79.6,49.4,64.9,80.4,37.2,52.29,60.75,14.16,98.97,26.59
2021,Mekhi Sargent,00-0036698,RB,TEN,1,,1.1,1.1,1.1,,,,18.28,19.76,23.32,0.29,75.15,19.7
2021,Zach Pascal,00-0033251,WR,IND,0,16.0,56.5,75.5,94.5,92.9,114.9,136.9,76.98,97.07,119.67,9.68,153.18,71.6
2021,Jacoby Brissett,00-0033119,QB,MIA,0,11.0,72.32,72.32,72.32,20.58,20.58,20.58,53.8,52.11,51.84,0.59,120.28,103.52
2021,Kenyan Drake,00-0033118,RB,LV,0,15.0,72.5,87.5,102.5,167.2,179.7,192.2,94.01,98.94,110.09,13.33,158.44,96.27
2021,Mike Thomas,00-0033114,WR,CIN,0,12.0,5.2,7.7,10.2,17.3,23.8,30.3,16.02,22.95,29.45,0.9,76.87,12.34
2021,Tyler Higbee,00-0033110,TE,LA,0,15.0,86.0,116.5,147.0,84.2,106.2,128.2,51.25,73.99,93.03,22.78,139.02,57.98
2021,Jared Goff,00-0033106,QB,DET,0,15.0,194.5,194.5,194.5,239.98,239.98,239.98,219.21,222.85,211.69,69.25,310.94,207.37
2021,George Kittle,00-0033288,TE,SF,0,8.0,127.0,162.5,198.0,77.1,101.1,125.1,132.89,168.24,202.17,32.46,213.42,83.3
2021,Matt Breida,00-0033308,RB,BUF,0,10.0,35.7,39.2,42.7,33.0,37.5,42.0,39.67,45.14,54.26,6.01,87.05,36.41
2021,Kendrick Bourne,00-0033307,WR,NE,0,15.0,125.5,153.0,180.5,80.7,105.2,129.7,53.64,66.68,82.86,6.82,131.6,59.09
2021,Kylin Hill,00-0036669,RB,GB,1,,2.9,3.4,3.9,,,,22.56,25.95,27.67,0.87,71.8,19.7
2021,Aaron Jones,00-0033293,RB,GB,0,14.0,177.0,203.0,229.0,211.9,235.4,258.9,206.69,229.08,251.69,41.93,312.95,134.37
2021,Devin Smith,00-0031934,WR,JAX,0,,0.0,0.0,0.0,,,,7.33,8.36,9.59,0.05,25.84,10.4
2021,Dax Milne,00-0036671,WR,WAS,1,,6.4,10.9,15.4,,,,24.48,30.89,39.36,0.43,87.57,19.7
2021,Christian McCaffrey,00-0033280,RB,CAR,0,3.0,90.5,109.0,127.5,73.4,81.9,90.4,190.29,221.04,244.55,24.77,308.2,137.86
2021,PJ Walker,00-0033275,QB,CAR,0,4.0,13.78,13.78,13.78,8.52,8.52,8.52,17.48,19.62,21.95,0.0,78.25,3.32
2021,Darrell Daniels,00-0033258,TE,ARI,0,9.0,0.0,0.5,1.0,15.2,19.2,23.2,9.01,11.85,14.9,1.06,32.76,10.32
2021,Tyler Kroft,00-0032214,TE,NYJ,0,7.0,23.3,31.3,39.3,29.9,35.9,41.9,35.68,44.47,56.33,11.95,112.74,19.62
2021,Sean Mannion,00-0032245,QB,MIN,0,,12.96,12.96,12.96,,,,0.0,0.0,0.0,0.0,17.83,4.92
2021,Tyler Lockett,00-0032211,WR,SEA,0,16.0,168.4,204.9,241.4,165.4,215.4,265.4,146.36,186.51,230.54,66.84,218.21,116.23
2021,Khalil Herbert,00-0036906,RB,CHI,1,,64.9,71.9,78.9,,,,29.09,31.44,36.84,0.89,79.37,19.7
2021,DeVonta Smith,00-0036912,WR,PHI,1,,121.6,153.6,185.6,,,,88.61,111.02,132.28,11.06,187.08,19.7
2021,Ty Montgomery,00-0032200,RB,NO,0,4.0,13.9,21.9,29.9,12.8,14.3,15.8,35.63,41.73,52.5,3.99,96.92,14.54
2021,Kadarius Toney,00-0036913,WR,NYG,1,,43.36,62.86,82.36,,,,84.36,103.78,123.15,5.23,164.96,19.7
2021,David Johnson,00-0032187,RB,HOU,0,12.0,49.3,65.3,81.3,146.5,163.0,179.5,94.18,104.98,117.52,13.7,171.26,136.97
2021,Austin Hooper,00-0032392,TE,CLE,0,13.0,54.5,73.5,92.5,67.5,90.5,113.5,60.57,81.0,99.95,25.62,132.62,41.37
2021,Sterling Shepard,00-0032385,WR,NYG,0,12.0,41.7,59.7,77.7,96.5,129.5,162.5,84.96,106.31,129.73,35.69,163.29,79.55
2021,Davis Mills,00-0036898,QB,HOU,1,,156.96,156.96,156.96,,,,55.55,57.59,61.76,2.94,134.7,19.7
2021,Chester Rogers,00-0032355,WR,TEN,0,,37.0,52.0,67.0,,,,35.24,45.42,58.65,2.01,104.81,12.28
2021,Ja'Marr Chase,00-0036900,WR,CIN,1,,223.6,264.1,304.6,,,,111.77,138.51,166.31,8.36,201.63,19.7
2021,Marcus Mariota,00-0032268,QB,LV,0,1.0,14.86,14.86,14.86,25.84,25.84,25.84,53.24,54.36,50.04,9.73,138.03,55.12
2021,Daniel Brown,00-0032098,TE,NYJ,0,8.0,2.9,3.9,4.9,3.1,4.1,5.1,11.06,15.41,17.51,0.0,37.91,5.49
2021,Mike Davis,00-0032063,RB,ATL,0,15.0,94.2,116.2,138.2,147.5,177.0,206.5,105.14,123.92,135.42,26.74,184.97,101.23
2021,Blake Bell,00-0032062,TE,KC,0,11.0,9.7,14.2,18.7,11.2,16.7,22.2,14.68,19.88,24.24,7.9,49.33,14.77
2021,Tevin Coleman,00-0032058,RB,NYJ,0,6.0,40.5,46.0,51.5,8.7,10.7,12.7,76.4,81.82,89.91,15.02,195.59,36.43
2021,Jacob Harris,00-0036918,TE,LA,1,,0.0,0.0,0.0,,,,14.54,18.15,21.78,0.0,56.63,19.7
2021,Kenny Gainwell,00-0036919,RB,PHI,1,,90.4,106.9,123.4,,,,42.65,49.29,56.86,1.42,100.89,19.7
2021,Adam Humphries,00-0032009,WR,WAS,0,7.0,38.3,58.8,79.3,34.8,46.3,57.8,45.82,59.72,73.92,5.17,117.49,27.33
2021,James O'Shaughnessy,00-0031951,TE,JAX,0,15.0,26.4,38.4,50.4,26.2,40.2,54.2,20.25,29.64,34.47,8.13,56.0,27.76
2021,Geoff Swaim,00-0032141,TE,TEN,0,7.0,39.0,54.5,70.0,14.3,18.8,23.3,34.12,43.35,49.62,11.98,94.63,9.47
2021,Tyrell Williams,00-0032160,WR,DET,0,,1.4,2.4,3.4,,,,49.2,66.71,84.55,5.78,136.29,48.7
2021,Trevor Siemian,00-0032156,QB,NO,0,,90.16,90.16,90.16,,,,5.67,6.22,7.87,0.0,52.79,4.68
2021,Melvin Gordon,00-0032144,RB,DEN,0,15.0,167.1,181.1,195.1,166.4,182.4,198.4,129.87,137.89,151.2,37.48,239.68,95.57
2021,Jesse James,00-0032135,TE,CHI,0,13.0,12.2,15.7,19.2,24.9,31.9,38.9,11.91,14.45,17.75,0.37,38.23,20.53
2021,C.J. Uzomah,00-0032134,TE,CIN,0,2.0,79.3,103.8,128.3,14.7,18.7,22.7,41.95,57.29,71.59,13.63,107.72,14.44
2021,Chris Conley,00-0032128,WR,HOU,0,14.0,42.6,53.6,64.6,57.1,77.1,97.1,61.38,76.71,90.89,8.79,134.61,44.68
2021,Ameer Abdullah,00-0032104,RB,MIN,0,11.0,51.5,70.5,89.5,22.0,26.0,30.0,14.45,18.77,21.18,1.0,59.02,25.88
2021,Kylen Granson,00-0036876,TE,IND,1,,10.6,16.1,21.6,,,,16.64,20.43,23.53,2.38,67.03,19.7
2021,Alex Erickson,00-0032543,WR,CAR,0,16.0,5.5,7.0,8.5,12.6,18.6,24.6,7.14,9.49,14.29,0.0,26.54,23.3
2021,Dwayne Washington,00-0032450,RB,NO,0,6.0,2.8,3.8,4.8,1.5,1.5,1.5,6.95,7.21,6.19,0.13,24.74,9.11
2021,Rhamondre Stevenson,00-0036875,RB,NE,1,,100.9,107.9,114.9,,,,33.51,38.86,42.82,0.57,104.82,19.7
2021,Luke Farrell,00-0036887,TE,JAX,1,,5.6,9.1,12.6,,,,11.99,15.99,19.03,0.36,38.31,19.7
2021,Brandon Allen,00-0032434,QB,CIN,0,5.0,13.86,13.86,13.86,49.7,49.7,49.7,36.91,38.24,41.54,0.25,108.75,33.95
2021,Kalif Raymond,00-0032464,WR,DET,0,15.0,84.4,108.4,132.4,18.4,22.9,27.4,58.91,79.2,95.86,9.71,147.22,12.0
2021,J.D. McKissic,00-0032602,RB,WAS,0,16.0,84.9,106.4,127.9,111.4,151.4,191.4,75.16,89.58,110.26,28.27,153.93,67.48
2021,Najee Harris,00-0036893,RB,PIT,1,,226.7,263.7,300.7,,,,131.31,151.84,162.33,17.76,243.77,19.7
2021,Pat Freiermuth,00-0036894,TE,PIT,1,,91.7,121.7,151.7,,,,35.17,44.83,52.25,5.21,88.29,19.7
2021,Ian Book,00-0036929,QB,NO,1,,2.0,2.0,2.0,,,,20.89,21.22,19.54,0.37,69.75,19.7
2021,Ben Skowronek,00-0036862,WR,LA,1,,13.3,18.8,24.3,,,,0.99,1.28,2.34,0.0,14.77,19.7
2021,Jake Luton,00-0036312,QB,SEA,0,3.0,0.0,0.0,0.0,28.26,28.26,28.26,26.05,26.87,23.67,1.67,67.19,19.63
2021,Kyle Trask,00-0036928,QB,TB,1,,0.0,0.0,0.0,,,,18.84,17.2,18.17,0.66,90.97,19.7
2021,Jaelon Darden,00-0036877,WR,TB,1,,5.4,8.4,11.4,,,,14.36,20.36,25.11,0.24,62.79,19.7
2021,Tre' McKitty,00-0037011,TE,LAC,1,,4.5,7.5,10.5,,,,11.07,15.03,17.27,0.89,37.9,19.7
2021,Ben Ellefson,00-0035823,TE,MIN,0,3.0,0.0,0.0,0.0,3.0,3.5,4.0,8.26,11.32,13.05,0.0,32.37,8.31
2021,Bryce Perkins,00-0035939,QB,LA,0,,0.0,0.0,0.0,,,,2.48,2.67,2.29,0.0,9.08,19.7
2021,Kellen Mond,00-0036946,QB,MIN,1,,0.2,0.2,0.2,,,,57.61,57.77,56.53,2.27,147.31,19.7
2021,Adam Prentice,00-0036727,RB,NO,1,,0.0,0.0,0.0,,,,1.14,1.11,0.52,0.0,1.67,19.7
2021,La'Mical Perine,00-0036269,RB,NYJ,0,10.0,3.1,3.1,3.1,41.5,47.0,52.5,52.99,63.66,67.11,6.9,125.47,51.8
2021,Eno Benjamin,00-0036383,RB,ARI,0,,22.0,25.0,28.0,,,,27.69,33.48,38.84,0.44,96.27,19.7
2021,Frank Darby,00-0036951,WR,ATL,1,,1.4,1.9,2.4,,,,3.16,3.97,5.15,0.0,11.64,19.7
2021,Scottie Phillips,00-0036069,RB,HOU,0,1.0,2.2,3.2,4.2,1.6,2.1,2.6,20.36,26.22,27.19,0.19,67.26,8.7
2021,Brevin Jordan,00-0036556,TE,HOU,1,,35.8,45.8,55.8,,,,19.82,26.29,31.76,0.75,53.27,19.7
2021,Nick Bowers,00-0036083,TE,LV,0,,0.0,0.0,0.0,,,,5.13,7.12,7.76,0.0,29.02,19.7
2021,J.J. Taylor,00-0036096,RB,NE,0,6.0,14.5,16.5,18.5,11.4,11.9,12.4,33.45,37.73,46.28,1.0,90.47,22.67
2021,Chris Streveler,00-0035752,QB,ARI,0,2.0,2.04,2.04,2.04,7.7,7.7,7.7,5.75,6.84,7.7,0.0,46.74,13.89
2021,Nate McCrary,00-0036582,RB,DEN,1,,-0.1,-0.1,-0.1,,,,16.04,18.24,21.1,0.13,62.05,19.7
2021,Zack Moss,00-0036251,RB,BUF,0,13.0,82.2,93.7,105.2,87.6,94.6,101.6,63.22,72.66,78.49,12.54,157.9,73.2
2021,Shi Smith,00-0036572,WR,CAR,1,,10.1,13.1,16.1,,,,13.3,17.43,20.71,0.37,53.31,19.7
2021,Feleipe Franks,00-0036825,QB,ATL,1,,-1.4,-1.4,-1.4,,,,3.48,4.32,4.14,0.0,21.49,19.7
2021,Jermar Jefferson,00-0036670,RB,DET,1,,21.7,23.7,25.7,,,,45.38,49.65,55.62,0.97,113.8,19.7
2021,Collin Johnson,00-0036254,WR,NYG,0,11.0,10.5,16.0,21.5,41.2,50.2,59.2,14.09,19.39,23.26,1.5,73.08,35.3
2021,Devin Asiasi,00-0036194,TE,NE,0,4.0,0.0,0.0,0.0,9.9,10.9,11.9,12.55,14.0,19.02,1.17,44.16,13.43
2021,Ke'Shawn Vaughn,00-0036450,RB,TB,0,6.0,32.6,34.6,36.6,18.3,20.8,23.3,37.16,44.89,48.27,1.57,101.5,26.9
2021,Sammis Reyes,00-0036474,TE,WAS,1,,0.0,0.0,0.0,,,,9.18,11.51,13.56,0.0,36.86,19.7
2021,Tommy Hudson,00-0036173,TE,TEN,0,,3.1,4.6,6.1,,,,6.9,8.68,10.18,0.07,31.37,19.7
2021,Joshua Kelley,00-0036370,RB,LAC,0,13.0,12.0,14.5,17.0,58.2,69.7,81.2,25.75,28.6,34.81,9.75,81.89,48.65
2021,Easton Stick,00-0035282,QB,LAC,0,1.0,0.0,0.0,0.0,-0.04,-0.04,-0.04,7.72,10.0,12.13,0.0,63.44,8.62
2021,Daurice Fountain,00-0034395,WR,KC,0,2.0,0.0,0.0,0.0,2.3,3.3,4.3,11.94,15.61,18.7,0.22,46.47,8.1
2021,Josh Adams,00-0034457,RB,NYJ,0,8.0,0.0,0.0,0.0,30.6,33.6,36.6,26.97,31.76,33.94,1.44,82.65,44.07
2021,Alex Collins,00-0032426,RB,SEA,0,3.0,59.8,64.3,68.8,20.1,20.6,21.1,38.73,46.12,48.2,1.25,101.72,19.36
2021,Anthony Miller,00-0034353,WR,HOU,0,16.0,8.5,11.5,14.5,59.7,84.2,108.7,45.88,58.28,69.99,6.98,122.27,50.36
2021,Will Grier,00-0035251,QB,DAL,0,,0.0,0.0,0.0,,,,11.65,11.71,9.66,0.0,45.46,9.65
2021,Dwayne Haskins,00-0035232,QB,PIT,0,7.0,0.0,0.0,0.0,68.16,68.16,68.16,36.57,33.27,34.43,0.0,113.11,33.0
2021,Kyle Allen,00-0034577,QB,WAS,0,4.0,7.9,7.9,7.9,45.0,45.0,45.0,24.62,25.81,23.31,0.0,76.31,83.88
2021,Cameron Batson,00-0034652,WR,TEN,0,10.0,9.0,10.0,11.0,18.0,24.0,30.0,14.91,18.38,24.36,0.28,53.65,23.12
2021,Breshad Perriman,00-0032054,WR,CHI,0,12.0,22.4,27.9,33.4,69.1,84.1,99.1,11.13,14.09,17.15,0.0,68.76,59.5
2021,Wayne Gallman,00-0033950,RB,ATL,0,14.0,12.5,13.0,13.5,115.6,126.1,136.6,29.37,33.28,38.16,4.35,77.85,86.18
2021,Nathan Peterman,00-0033958,QB,LV,0,1.0,0.2,0.2,0.2,1.9,1.9,1.9,2.58,2.89,3.42,0.0,37.95,7.86
2021,Josh Reynolds,00-0033943,WR,TEN,0,16.0,51.6,66.1,80.6,74.3,100.3,126.3,40.08,50.55,61.12,2.24,119.03,58.38
2021,Evan Engram,00-0033881,TE,NYG,0,16.0,56.5,79.5,102.5,78.0,109.5,141.0,55.96,70.39,82.58,26.52,166.15,60.3
2021,Preston Williams,00-0035350,WR,MIA,0,8.0,7.8,10.8,13.8,56.8,65.8,74.8,27.45,34.62,43.37,4.4,107.83,33.35
2021,Keelan Cole,00-0033681,WR,NYJ,0,16.0,50.9,64.9,78.9,100.4,127.9,155.4,46.31,58.16,75.26,6.59,157.37,70.31
2021,Noah Brown,00-0033591,WR,DAL,0,10.0,18.4,26.4,34.4,15.8,22.8,29.8,18.94,25.29,31.69,0.77,77.53,20.88
2021,Deshaun Watson,00-0033537,QB,HOU,0,16.0,0.0,0.0,0.0,369.32,369.32,369.32,102.63,95.26,91.07,8.12,258.56,257.45
2021,Jacob Hollister,00-0033387,TE,JAX,0,13.0,11.5,16.0,20.5,40.9,53.4,65.9,18.44,23.5,27.2,5.51,47.68,26.63
2021,Gardner Minshew,00-0035289,QB,PHI,0,9.0,33.66,33.66,33.66,159.66,160.16,160.66,68.02,59.64,61.98,17.44,186.65,160.22
2021,Jesper Horsted,00-0035562,TE,CHI,0,,14.1,15.1,16.1,,,,1.55,1.91,2.0,0.0,6.49,10.77
2021,Trey Sermon,00-0036984,RB,SF,1,,25.3,26.8,28.3,,,,53.53,58.27,63.49,3.69,118.54,19.7
2021,KhaDarel Hodge,00-0034854,WR,DET,0,7.0,17.7,24.2,30.7,18.0,23.5,29.0,15.84,21.47,25.28,0.1,51.72,12.65
2021,Odell Beckham Jr.,00-0031235,WR,CLE,0,7.0,85.1,107.1,129.1,63.82,75.32,86.82,78.9,99.37,111.75,17.95,181.29,52.28
2021,Nick Foles,00-0029567,QB,CHI,0,9.0,16.8,16.8,16.8,104.18,104.18,104.18,0.0,0.0,0.0,0.0,65.09,51.74
2021,Tom Kennedy,00-0035544,WR,DET,0,,12.4,15.4,18.4,,,,15.33,19.82,25.03,0.0,47.49,19.7
2021,Andrew Beck,00-0034959,TE,DEN,0,,0.0,0.0,0.0,,,,1.39,1.64,1.78,0.02,2.49,19.7
2021,Justice Hill,00-0034975,RB,BAL,0,11.0,0.0,0.0,0.0,8.0,10.5,13.0,1.85,3.19,2.65,0.19,15.08,15.41
2021,Gus Edwards,00-0034184,RB,BAL,0,16.0,0.0,0.0,0.0,119.2,123.7,128.2,26.95,26.19,30.29,0.0,79.23,100.72
2021,Jalen Hurd,00-0034971,WR,SF,0,,0.0,0.0,0.0,,,,10.46,10.5,12.26,0.28,42.79,19.7
2021,Irv Smith,00-0034970,TE,MIN,0,13.0,0.0,0.0,0.0,68.5,83.5,98.5,10.6,14.81,15.81,0.0,73.24,41.79
2021,Raymond Calais,00-0036435,RB,LA,0,4.0,0.0,0.0,0.0,0.0,0.0,0.0,3.83,4.13,4.67,0.0,24.91,7.71
2021,Tim Boyle,00-0034177,QB,DET,0,8.0,24.34,24.34,24.34,-0.9,-0.9,-0.9,0.88,0.0,0.0,0.0,13.55,9.53
2021,Mike Boone,00-0034208,RB,DEN,0,10.0,5.7,6.7,7.7,12.9,13.9,14.9,8.58,10.56,12.43,0.0,17.24,12.73
2021,Tre'Quan Smith,00-0034765,WR,NO,0,13.0,55.7,71.7,87.7,69.1,86.1,103.1,16.83,19.79,22.95,0.88,69.72,48.71
2021,Rashod Bateman,00-0036550,WR,BAL,1,,57.5,80.5,103.5,,,,21.81,28.54,35.99,2.31,64.28,19.7
2021,Dylan Soehner,00-0036540,TE,NO,1,,0.0,0.0,0.0,,,,0.86,0.94,1.09,0.0,2.25,19.7
2021,Jeff Wilson,00-0034115,RB,SF,0,11.0,44.5,48.0,51.5,129.3,135.8,142.3,25.91,31.63,38.19,2.9,98.63,96.18
2021,Connor Davis,00-0036451,TE,CLE,0,,0.0,0.0,0.0,,,,0.51,0.6,0.91,0.0,1.26,19.7
2021,Lynn Bowden,00-0036364,RB,MIA,0,9.0,0.0,0.0,0.0,25.58,39.58,53.58,19.18,22.31,23.96,0.0,77.47,39.63
2021,Anthony McFarland,00-0036336,RB,PIT,0,11.0,1.4,1.9,2.4,16.7,19.7,22.7,16.87,17.63,19.85,0.26,55.46,29.6
2021,Jaeden Graham,00-0034788,TE,ATL,0,8.0,0.0,0.0,0.0,2.5,4.0,5.5,1.66,1.74,2.25,0.0,7.81,6.29
2021,Richie James,00-0034286,WR,SF,0,10.0,0.0,0.0,0.0,45.4,56.9,68.4,10.49,13.4,15.07,0.77,44.56,27.78
2021,Chad Beebe,00-0034309,WR,MIN,0,12.0,0.0,0.0,0.0,32.1,42.1,52.1,5.18,6.55,8.34,0.0,28.04,21.96
2021,Cam Akers,00-0036414,RB,LA,0,11.0,1.3,2.8,4.3,90.8,96.3,101.8,35.31,40.2,48.6,4.5,116.2,82.66
2021,Nate Stanley,00-0036279,QB,MIN,0,,0.0,0.0,0.0,,,,0.0,0.0,0.0,0.0,2.18,19.7
2021,DaeSean Hamilton,00-0034370,WR,DEN,0,12.0,0.0,0.0,0.0,39.3,50.8,62.3,7.78,9.8,12.2,0.13,25.66,27.25
2021,Malik Turner,00-0034867,WR,DAL,0,1.0,32.9,38.9,44.9,0.0,0.0,0.0,2.33,2.77,3.45,0.03,7.27,6.12
2021,Justin Watson,00-0034386,WR,TB,0,7.0,0.0,0.0,0.0,9.4,12.9,16.4,1.91,2.15,2.7,0.02,6.55,9.73
2021,Troy Fumagalli,00-0034393,TE,NE,0,7.0,0.0,0.0,0.0,14.0,18.0,22.0,3.7,3.8,5.22,0.0,13.58,8.36
2021,Darrynton Evans,00-0036297,RB,TEN,0,5.0,1.8,2.8,3.8,14.1,15.1,16.1,12.95,13.57,15.51,0.3,45.74,17.15
2021,Dylan Cantrell,00-0034409,TE,WAS,0,,0.0,0.0,0.0,,,,0.45,0.1,0.0,0.0,8.83,19.7
2021,Jordan Thomas,00-0034420,TE,IND,0,,0.0,0.0,0.0,,,,0.0,0.0,0.0,0.0,0.82,19.7
2021,Nick Boyle,00-0031598,TE,BAL,0,9.0,0.2,0.7,1.2,23.3,30.3,37.3,1.5,2.1,2.88,0.0,8.75,22.66
2021,Jamison Crowder,00-0031941,WR,NYJ,0,12.0,58.7,84.2,109.7,113.02,142.52,172.02,35.51,53.53,64.03,1.5,109.41,81.11
2021,J.J. Nelson,00-0032112,WR,IND,0,,0.0,0.0,0.0,,,,3.43,4.65,5.98,0.0,16.91,9.61
2021,Nick Vannett,00-0032394,TE,NO,0,11.0,19.3,23.8,28.3,15.5,22.5,29.5,2.92,4.18,5.77,0.0,21.27,17.21
2021,Sam Ehlinger,00-0036879,QB,IND,1,,0.9,0.9,0.9,,,,2.77,2.32,1.93,0.0,25.68,19.7
2021,Miles Boykin,00-0035703,WR,BAL,0,14.0,0.6,1.1,1.6,50.6,60.1,69.6,4.37,5.09,5.77,0.21,32.21,27.63
2021,Travis Etienne,00-0036973,RB,JAX,1,,0.0,0.0,0.0,,,,17.59,20.44,22.64,3.28,80.04,19.7
2021,T.Y. Hilton,00-0029608,WR,IND,0,15.0,51.1,62.6,74.1,108.2,136.2,164.2,6.33,11.64,15.98,4.34,96.81,71.63
2021,Levine Toilolo,00-0030443,TE,NYG,0,7.0,0.0,0.0,0.0,4.6,7.1,9.6,0.0,0.0,0.0,0.0,3.74,6.8
2021,Tavon Austin,00-0030525,WR,JAX,0,4.0,29.4,41.4,53.4,2.0,4.5,7.0,0.0,0.0,0.0,0.08,20.85,7.18
2021,Allen Hurns,00-0030821,WR,MIA,0,,0.0,0.0,0.0,,,,0.0,0.0,0.0,0.0,8.11,17.41
2021,AJ McCarron,00-0031288,QB,ATL,0,2.0,0.0,0.0,0.0,0.8,0.8,0.8,1.42,1.07,0.0,0.0,10.93,5.41
2021,John Ross,00-0033460,WR,NYG,0,2.0,30.0,35.5,41.0,1.7,2.7,3.7,1.77,1.13,2.13,0.02,35.94,11.98
2021,Tarik Cohen,00-0033556,RB,CHI,0,3.0,0.0,0.0,0.0,11.5,14.5,17.5,13.33,17.48,22.15,0.0,43.3,28.78
2021,Ryan Switzer,00-0033562,WR,CLE,0,,0.0,0.0,0.0,,,,0.0,0.0,0.0,0.0,4.71,10.09
2021,Jason Croom,00-0033627,TE,PHI,0,1.0,0.0,0.0,0.0,6.3,6.8,7.3,2.68,3.32,4.05,0.0,11.2,16.29
2021,Tyrone Swoopes,00-0033742,TE,WAS,0,,0.0,0.0,0.0,,,,0.52,0.85,1.09,0.0,1.62,9.58
2021,Marquez Stevenson,00-0036571,WR,BUF,1,,0.0,0.0,0.0,,,,3.21,4.59,4.29,0.0,6.16,19.7
2021,Adam Shaheen,00-0033896,TE,MIA,0,13.0,11.0,17.0,23.0,33.0,39.0,45.0,3.97,5.4,6.15,0.2,23.06,20.57
2021,Taywan Taylor,00-0033911,WR,HOU,0,1.0,0.0,0.0,0.0,0.0,0.0,0.0,0.0,0.14,0.65,0.0,22.37,2.11
2021,Marcus Johnson,00-0032980,WR,TEN,0,9.0,15.8,20.3,24.8,25.5,32.5,39.5,4.06,5.54,6.15,0.27,21.97,25.87
2021,Michael Thomas,00-0032765,WR,NO,0,7.0,0.0,0.0,0.0,43.9,63.9,83.9,48.14,61.01,71.9,5.44,136.32,95.48
2021,Kene Nwangwu,00-0036842,RB,MIN,1,,19.0,21.0,23.0,,,,0.83,0.99,1.59,0.08,11.45,19.7
2021,Blake Proehl,00-0036818,WR,MIN,1,,0.0,0.0,0.0,,,,0.49,1.5,1.73,0.0,7.12,19.7
2021,Bruno Labelle,00-0036808,TE,ARI,1,,0.0,0.0,0.0,,,,1.7,2.53,3.12,0.0,8.87,19.7
2021,Joshua Dobbs,00-0033949,QB,PIT,0,1.0,0.0,0.0,0.0,2.08,2.08,2.08,1.52,2.91,5.67,0.04,26.58,8.64
2021,T.J. Vasher,00-0036776,WR,DAL,1,,0.0,0.0,0.0,,,,1.37,1.82,2.2,0.0,6.84,19.7
2021,Jalen Richard,00-0033025,RB,LV,0,13.0,11.2,17.2,23.2,32.1,41.6,51.1,9.49,11.44,13.5,0.45,22.1,26.57
2021,Will Fuller,00-0033127,WR,MIA,0,11.0,4.6,6.6,8.6,135.9,162.4,188.9,30.26,38.88,45.85,8.67,179.07,112.05
2021,Briley Moore,00-0036696,TE,TEN,1,,0.0,0.0,0.0,,,,0.81,1.18,1.56,0.0,5.25,19.7
2021,Tre Harbison,00-0036685,RB,CLE,1,,0.0,0.0,0.0,,,,1.96,2.09,2.47,0.0,6.4,19.7
2021,Curtis Samuel,00-0033282,WR,WAS,0,15.0,3.8,6.8,9.8,135.1,173.6,212.1,41.34,53.21,64.88,8.92,136.95,106.9
2021,Ryan Becker,00-0035914,TE,ATL,1,,0.0,0.0,0.0,,,,0.0,0.07,0.22,0.0,0.34,19.7
2021,Hunter Bryant,00-0036008,TE,DET,0,3.0,0.0,0.0,0.0,4.4,4.9,5.4,9.86,13.98,16.91,0.46,29.28,10.8
2021,Dezmon Patmon,00-0036228,WR,IND,0,,8.1,9.1,10.1,,,,1.14,0.74,0.96,0.0,10.71,19.7
2021,Tyree Jackson,00-0035356,TE,PHI,1,,8.2,9.7,11.2,,,,2.25,2.91,4.02,0.0,4.83,19.7
2021,J.K. Dobbins,00-0036158,RB,BAL,0,15.0,0.0,0.0,0.0,150.5,159.5,168.5,75.25,76.76,79.3,6.42,153.76,146.63
2021,Antoine Wesley,00-0035126,WR,ARI,0,,38.8,48.3,57.8,,,,1.5,1.75,2.3,0.0,4.7,19.7
2021,Terry Godwin,00-0035313,WR,JAX,0,2.0,0.0,0.0,0.0,3.5,5.0,6.5,2.86,3.64,4.4,0.04,13.03,8.89
2021,Jarrett Stidham,00-0035264,QB,NE,0,5.0,0.0,0.0,0.0,12.94,12.94,12.94,0.0,0.0,0.0,0.0,21.79,22.97
2021,Rysen John,00-0035991,TE,NYG,0,,0.0,0.0,0.0,,,,1.78,2.3,3.1,0.0,10.64,19.7
2021,Adrian Killins Jr.,00-0036000,RB,DEN,0,1.0,0.0,0.0,0.0,-1.0,-0.5,0.0,6.82,6.36,8.37,0.0,9.81,12.88
2021,Sean McKeon,00-0036032,TE,DAL,0,1.0,8.7,10.7,12.7,0.0,0.0,0.0,2.01,2.52,3.06,0.03,7.22,7.96
2021,Xavier Jones,00-0036078,RB,LA,0,5.0,0.0,0.0,0.0,0.0,0.0,0.0,3.03,3.78,4.54,0.0,8.58,7.62
2021,Dalton Keene,00-0036225,TE,NE,0,3.0,0.0,0.0,0.0,1.6,3.1,4.6,4.71,4.92,7.27,0.2,19.72,7.95
2021,Levante Bellamy,00-0035912,RB,DEN,0,4.0,0.0,0.0,0.0,1.6,2.1,2.6,3.01,3.44,4.42,0.0,9.66,11.23
2021,Michael Walker,00-0035374,WR,PHI,0,,0.0,0.0,0.0,,,,0.21,0.89,0.97,0.0,2.31,9.75
2021,Jace Sternberger,00-0035671,TE,GB,0,8.0,0.0,0.0,0.0,17.4,23.4,29.4,1.51,1.59,2.94,0.3,14.11,7.88
2021,Charlie Taumoepeau,00-0036140,TE,DET,0,,0.0,0.0,0.0,,,,3.67,5.05,5.99,0.0,8.65,19.7
2021,Dan Chisena,00-0035976,WR,MIN,0,7.0,0.0,0.0,0.0,0.0,0.0,0.0,1.19,1.26,1.64,0.0,1.67,7.82
2021,N'Keal Harry,00-0035624,WR,NE,0,13.0,18.4,24.4,30.4,40.9,57.4,73.9,10.24,14.2,15.81,0.64,50.64,29.68
2021,Bisi Johnson,00-0035006,WR,MIN,0,9.0,0.0,0.0,0.0,20.9,27.9,34.9,3.36,4.11,5.24,0.0,15.35,22.56
2021,Davion Davis,00-0035101,WR,CLE,0,,1.7,2.2,2.7,,,,1.37,1.81,2.55,0.0,2.32,19.7
2021,Rico Dowdle,00-0036139,RB,DAL,0,5.0,0.0,0.0,0.0,2.4,2.4,2.4,6.8,7.57,8.03,0.12,24.93,13.41
2021,Stephen Carlson,00-0035039,TE,CLE,0,7.0,0.0,0.0,0.0,3.1,3.6,4.1,3.42,4.4,4.89,0.0,7.03,5.35
2021,John Ursua,00-0035597,WR,SEA,0,,0.0,0.0,0.0,,,,1.56,1.19,0.48,0.0,5.77,9.58
2021,Sewo Olonilua,00-0036033,RB,DAL,0,1.0,0.0,0.0,0.0,0.0,0.0,0.0,3.69,4.64,5.66,0.0,12.64,7.96
2021,Quartney Davis,00-0035978,WR,IND,1,,0.0,0.0,0.0,,,,1.4,1.58,1.75,0.0,6.53,19.7
2021,Malcolm Perry,00-0036245,RB,NE,0,9.0,0.0,0.0,0.0,15.7,20.2,24.7,5.81,9.21,10.67,0.05,32.36,21.76
2021,Colby Parkinson,00-0036244,TE,SEA,0,1.0,3.3,5.8,8.3,1.6,2.6,3.6,7.93,9.5,10.82,0.18,15.57,8.41
2021,Josh Johnson,00-0036799,RB,SEA,1,,0.0,0.0,0.0,,,,2.89,2.74,3.08,0.0,8.68,19.7
2021,Brandon Smith,00-0036775,WR,DAL,1,,0.0,0.0,0.0,,,,2.9,3.18,3.89,0.0,9.28,19.7
2021,Jordan Howard,00-0032780,RB,PHI,0,7.0,60.5,61.5,62.5,29.7,30.2,30.7,10.74,13.63,15.54,0.0,70.11,32.06
2021,John Raine,00-0036837,TE,ATL,1,,0.0,0.0,0.0,,,,0.09,0.23,0.46,0.0,2.66,19.7
2021,Jonathan Williams,00-0032975,RB,WAS,0,2.0,16.7,18.7,20.7,0.6,2.6,4.6,9.82,12.9,15.16,0.0,34.9,7.03
2021,Omar Bayless,00-0035947,WR,CAR,0,,0.0,0.0,0.0,,,,2.54,2.71,3.21,0.0,10.14,19.7
2021,Hunter Kampmoyer,00-0036779,TE,LAC,1,,0.0,0.0,0.0,,,,1.22,1.6,2.29,0.0,4.6,19.7
2021,Aaron Fuller,00-0035987,WR,SEA,0,,0.0,0.0,0.0,,,,1.9,2.49,2.78,0.01,4.06,19.7
2021,Caleb Huntley,00-0036829,RB,ATL,1,,0.0,0.0,0.0,,,,2.13,2.36,2.65,0.0,6.2,19.7
2021,Austin Trammell,00-0036841,WR,ATL,1,,0.0,0.0,0.0,,,,2.18,2.66,3.16,0.0,4.74,19.7
2021,Laquon Treadwell,00-0032951,WR,JAX,0,4.0,49.4,65.9,82.4,16.9,19.9,22.9,5.57,6.53,6.83,0.0,19.8,10.4
2021,A.J. Rose,00-0036819,RB,MIN,1,,0.0,0.0,0.0,,,,0.87,1.14,1.29,0.0,3.41,19.7
2021,Whop Philyor,00-0036817,WR,MIN,1,,0.0,0.0,0.0,,,,1.81,2.03,2.45,0.0,7.27,19.7
2021,Myron Mitchell,00-0036815,WR,MIN,1,,0.0,0.0,0.0,,,,1.31,1.62,1.87,0.0,6.57,19.7
2021,Nate Sudfeld,00-0032792,QB,SF,0,1.0,0.0,0.0,0.0,-1.52,-1.52,-1.52,2.53,1.61,0.54,0.0,23.59,16.74
2021,Cade Johnson,00-0036810,WR,SEA,1,,0.0,0.0,0.0,,,,1.57,1.92,2.0,0.0,3.86,19.7
2021,Jake Bargas,00-0035975,RB,MIN,0,,0.0,0.0,0.0,,,,0.95,1.18,1.12,0.02,0.28,19.7
2021,Patrick Taylor,00-0035973,RB,GB,0,,15.2,16.2,17.2,,,,4.73,4.92,5.58,0.01,15.22,19.7
2021,Connor Wedington,00-0036804,WR,SEA,1,,0.0,0.0,0.0,,,,2.08,1.97,2.21,0.0,3.45,19.7
2021,JoJo Natson,00-0033266,WR,CLE,0,3.0,0.0,0.0,0.0,0.3,0.3,0.3,2.3,2.14,2.64,0.0,3.01,1.41
2021,Cyril Grayson,00-0033215,WR,TB,0,2.0,34.6,39.6,44.6,0.0,0.0,0.0,1.36,1.89,2.05,0.0,2.77,4.47
2021,Shane Buechele,00-0036679,QB,KC,1,,0.0,0.0,0.0,,,,3.7,3.43,3.41,0.0,9.28,19.7
2021,Trent Taylor,00-0033292,WR,CIN,0,12.0,4.1,5.1,6.1,8.6,13.6,18.6,4.02,7.2,10.08,0.11,29.71,17.44
2021,Tory Carter,00-0036691,TE,TEN,1,,0.0,0.0,0.0,,,,2.59,2.07,2.54,0.0,18.92,19.7
2021,Seth Williams,00-0036657,WR,DEN,1,,3.4,3.9,4.4,,,,7.38,10.36,12.68,0.0,18.01,19.7
2021,Thaddeus Moss,00-0036023,TE,CIN,0,,0.0,0.0,0.0,,,,1.92,2.76,3.46,0.0,2.68,19.7
2021,Steven Montez,00-0036022,QB,DET,0,,0.0,0.0,0.0,,,,5.84,5.39,6.13,0.0,21.7,19.7
2021,Nick Mullens,00-0033319,QB,CLE,0,10.0,9.88,9.88,9.88,116.28,116.28,116.28,27.43,28.14,26.22,0.0,73.68,48.98
2021,Cole Hikutini,00-0033315,TE,NYG,0,,0.0,0.0,0.0,,,,1.19,1.4,2.07,0.0,3.52,19.7
2021,Alex Armah,00-0033296,RB,NO,0,12.0,8.2,8.7,9.2,2.7,5.2,7.7,0.88,2.76,2.63,0.0,7.79,10.32
2021,Jake Hausmann,00-0036746,TE,NYG,1,,0.0,0.0,0.0,,,,1.33,1.85,2.63,0.0,1.94,19.7
2021,Javon McKinley,00-0036750,WR,DET,1,,0.0,0.0,0.0,,,,3.7,4.48,5.48,0.0,14.06,19.7
2021,,00-0036751,RB,DET,0,,0.0,0.0,0.0,,,,1.7,1.93,2.55,0.0,1.93,19.7
2021,Sage Surratt,00-0036753,WR,DET,1,,0.0,0.0,0.0,,,,4.25,5.12,6.3,0.0,12.32,19.7
2021,Brock Wright,00-0036754,TE,DET,1,,23.7,29.7,35.7,,,,2.64,3.65,4.25,0.0,5.26,19.7
2021,Nick Eubanks,00-0036766,TE,PHI,1,,0.0,0.0,0.0,,,,0.8,0.93,1.17,0.0,1.54,19.7
2021,JaQuan Hardy,00-0036768,RB,DAL,1,,8.9,8.9,8.9,,,,2.54,2.93,3.26,0.0,10.36,19.7
2021,Osirus Mitchell,00-0036773,WR,DAL,1,,0.0,0.0,0.0,,,,1.71,2.15,2.73,0.0,5.52,19.7
2021,Bronson Kaufusi,00-0033117,TE,GB,0,,0.0,0.0,0.0,,,,0.0,0.0,0.0,0.0,8.26,4.68
2021,Shaun Beyer,00-0036718,TE,DEN,1,,0.0,0.0,0.0,,,,1.04,1.44,1.82,0.0,0.09,19.7
2021,Nick Ralston,00-0036774,RB,DAL,1,,0.0,0.0,0.0,,,,1.44,1.66,1.91,0.0,3.58,19.7
2021,Noah Togiai,00-0036005,TE,IND,0,1.0,0.0,0.0,0.0,0.0,0.0,0.0,1.53,2.03,2.83,0.01,2.83,8.21
2021,Pooka Williams Jr.,00-0036734,RB,CIN,1,,0.0,0.0,0.0,,,,7.51,8.46,9.62,0.0,21.82,19.7
2021,Matt Cole,00-0035838,WR,NYG,0,1.0,0.0,0.0,0.0,0.0,0.0,0.0,1.67,2.2,3.01,0.0,5.93,7.96
2021,Michael Bandy,00-0036959,WR,LAC,1,,0.0,0.0,0.0,,,,2.12,2.39,3.1,0.0,5.27,19.7
2021,Nathan Cottrell,00-0035835,RB,JAX,0,7.0,0.3,0.3,0.3,0.0,0.0,0.0,2.39,2.68,3.58,0.0,2.78,7.82
2021,Bernhard Seikovits,00-0037020,TE,ARI,1,,0.0,0.0,0.0,,,,0.91,1.4,1.84,0.0,4.71,19.7
2021,Kirk Merritt,00-0035844,WR,MIA,0,,1.3,1.8,2.3,,,,0.72,0.88,1.21,0.0,5.02,19.7
2021,Craig Reynolds,00-0035567,RB,DET,0,1.0,28.2,31.7,35.2,0.7,1.2,1.7,5.42,7.55,8.72,0.01,20.71,8.37
2021,Josh Hammond,00-0035826,WR,JAX,0,,0.0,0.0,0.0,,,,2.37,2.93,3.49,0.0,5.07,19.7
2021,Matt Barkley,00-0030533,QB,TEN,0,4.0,0.0,0.0,0.0,9.28,9.28,9.28,6.88,5.8,3.71,0.0,13.87,10.96
2021,Travis Fulgham,00-0035592,WR,PHI,0,12.0,0.0,0.0,0.0,77.9,96.9,115.9,8.5,11.73,12.21,0.15,70.92,44.43
2021,Le'Veon Bell,00-0030496,RB,BAL,0,11.0,33.1,35.6,38.1,58.6,66.6,74.6,24.26,30.27,32.08,0.0,41.7,43.75
2021,Ben Victor,00-0035819,WR,BAL,0,,0.0,0.0,0.0,,,,1.81,2.23,2.42,0.0,7.78,19.7
2021,Garrett Gilbert,00-0031395,QB,NE,0,1.0,7.76,7.76,7.76,14.52,14.52,14.52,4.71,5.55,6.36,0.0,33.22,18.32
2021,Andre Baccellia,00-0035876,WR,ARI,1,,0.0,0.0,0.0,,,,1.64,1.75,1.96,0.0,6.36,19.7
2021,Kendall Hinton,00-0035864,WR,DEN,0,1.0,23.54,31.04,38.54,-2.78,-2.78,-2.78,1.25,0.88,2.39,0.0,2.81,14.47
2021,Kevin White,00-0031545,WR,NO,0,1.0,3.8,4.3,4.8,0.0,0.0,0.0,2.38,1.8,1.27,0.1,32.77,7.96
2021,Kawaan Baker,00-0036939,WR,NO,1,,0.0,0.0,0.0,,,,3.59,3.5,3.76,0.0,12.62,19.7
2021,Farrod Green,00-0035852,TE,IND,0,,0.0,0.0,0.0,,,,1.05,1.44,1.94,0.01,1.29,19.7
2021,Jordan Matthews,00-0031299,WR,SF,0,,0.0,0.0,0.0,,,,7.2,9.01,9.08,0.4,30.81,9.99
2021,De'Michael Harris,00-0035848,WR,IND,0,6.0,0.0,0.0,0.0,12.5,17.5,22.5,4.59,5.56,6.9,0.14,17.7,19.66
2021,Devonta Freeman,00-0031285,RB,BAL,0,5.0,112.6,129.6,146.6,29.0,32.5,36.0,8.81,12.26,13.45,0.54,44.55,50.28
2021,Travis Benjamin,00-0029269,WR,SF,0,,0.0,0.0,0.0,,,,0.0,0.0,0.36,0.0,13.91,10.0
2021,,00-0035773,TE,SEA,0,,0.0,0.0,0.0,,,,0.0,0.0,0.0,0.0,0.0,19.7
2021,Josh Johnson,00-0026300,QB,NYJ,0,,46.32,46.32,46.32,,,,0.41,0.52,0.0,0.0,36.2,19.7
2021,Jacques Patrick,00-0035760,RB,CIN,0,,1.2,1.2,1.2,,,,2.12,2.45,3.03,0.0,9.14,19.7
2021,Kahale Warring,00-0035660,TE,BUF,0,4.0,0.0,0.0,0.0,3.5,5.0,6.5,7.19,9.14,11.69,1.7,34.29,8.95
2021,Otis Anderson,00-0036969,RB,LA,1,,0.0,0.0,0.0,,,,2.81,3.64,4.44,0.0,7.32,19.7
2021,Derrick Gore,00-0035715,RB,KC,0,,48.1,52.1,56.1,,,,2.21,2.77,2.72,0.0,7.18,19.7
2021,Josh Hokit,00-0035807,RB,SF,0,,0.0,0.0,0.0,,,,3.3,3.8,4.64,0.01,6.26,19.7
2021,Juwann Winfree,00-0035593,WR,GB,0,,3.8,7.8,11.8,,,,0.0,0.0,0.0,0.0,4.36,4.92
2021,Ryan Griffin,00-0029857,QB,TB,0,,0.0,0.0,0.0,,,,0.0,0.0,0.0,0.0,9.27,9.82
2021,Jared Pinkney,00-0035787,TE,DET,0,,0.0,0.0,0.0,,,,1.03,1.9,2.12,0.0,1.86,19.7
2021,Kendall Blanton,00-0035603,TE,LA,0,,3.7,5.7,7.7,,,,0.0,0.02,0.13,0.0,0.0,19.7
2021,Juwan Green,00-0035782,WR,ATL,0,,0.0,0.0,0.0,,,,2.01,2.53,3.09,0.0,4.87,19.7
2021,J.J. Koski,00-0035935,WR,LA,0,,0.0,0.0,0.0,,,,1.77,1.96,2.48,0.0,4.29,19.7
2021,Matt Sokol,00-0035436,TE,JAX,0,1.0,0.0,0.0,0.0,0.0,0.0,0.0,1.05,1.22,1.63,0.04,0.0,7.96
2021,Trishton Jackson,00-0035934,WR,MIN,0,,0.0,0.0,0.0,,,,1.33,1.63,1.87,0.0,6.08,19.7
2021,Jeff Driskel,00-0032436,QB,HOU,0,3.0,0.0,0.0,0.0,30.08,30.08,30.08,13.99,12.6,12.6,0.0,52.94,34.12
2021,Josh Doctson,00-0032760,WR,ARI,0,,0.0,0.0,0.0,,,,0.0,0.0,0.0,0.0,18.22,19.7
2021,Jalen Camp,00-0036858,WR,HOU,1,,0.0,0.0,0.0,,,,0.56,1.01,1.38,0.0,2.81,19.7
2021,Jon'Vea Johnson,00-0035417,WR,CHI,0,,0.0,0.0,0.0,,,,1.18,1.3,1.48,0.0,4.01,19.7
2021,Rodney Smith,00-0035957,RB,CAR,0,7.0,4.8,7.3,9.8,27.5,32.0,36.5,14.78,16.19,17.2,0.0,40.94,37.25
2021,Jason Moore,00-0035432,WR,LAC,0,,5.6,7.1,8.6,,,,1.14,1.61,1.74,0.0,2.63,10.17
2021,Darius Bradwell,00-0035898,RB,LAC,0,,0.0,0.0,0.0,,,,2.13,2.5,3.01,0.01,6.95,19.7
2021,Cody White,00-0035891,WR,PIT,0,,3.3,5.8,8.3,,,,1.3,1.4,1.72,0.0,3.22,19.7
2021,Greg Dortch,00-0035500,WR,ARI,0,,3.9,5.4,6.9,,,,0.29,0.46,0.43,0.0,4.98,4.92
2021,Maurice Ffrench,00-0035883,WR,KC,0,,0.3,0.3,0.3,,,,1.23,1.21,1.5,0.0,0.79,19.7
2021,Matt LaCosse,00-0031744,TE,NE,0,,0.0,0.0,0.0,,,,0.5,0.3,0.66,0.0,4.33,12.01
2021,Brett Hundley,00-0031589,QB,IND,0,,0.0,0.0,0.0,,,,0.0,0.0,0.0,0.0,21.1,10.07
2021,Travis Toivonen,00-0036931,WR,SEA,1,,0.0,0.0,0.0,,,,1.09,1.34,1.45,0.0,0.87,19.7
2021,Duke Johnson,00-0032257,RB,JAX,0,11.0,55.1,57.1,59.1,56.4,70.4,84.4,7.7,9.13,9.89,0.0,52.01,40.73
2021,Chris Moore,00-0032398,WR,HOU,0,2.0,34.7,45.2,55.7,0.0,0.0,0.0,0.15,0.65,0.62,0.0,1.34,4.66
2021,Ross Travis,00-0032319,TE,ARI,0,,0.0,0.0,0.0,,,,2.6,2.43,2.55,0.0,8.75,9.99
2021,Jeff Cotton,00-0035901,WR,JAX,0,,0.0,0.0,0.0,,,,2.02,2.49,3.06,0.0,4.3,19.7
2021,Dazz Newsome,00-0036907,WR,CHI,1,,2.3,3.3,4.3,,,,5.32,6.02,7.55,0.01,19.65,19.7
2021,Phillip Dorsett,00-0032208,WR,JAX,0,,11.0,14.5,18.0,,,,5.2,5.17,4.61,0.0,15.7,35.56
2021,C.J. Saunders,00-0036910,WR,CAR,1,,1.1,2.1,3.1,,,,2.42,2.8,3.48,0.0,6.8,19.7
2021,Buddy Howell,00-0034449,RB,LA,0,5.0,1.1,1.1,1.1,6.7,7.2,7.7,9.46,9.68,10.34,0.02,16.41,9.08
2021,Joe Reed,00-0036377,WR,LAC,0,10.0,0.0,0.0,0.0,8.9,8.9,8.9,6.87,8.77,10.57,0.0,28.33,20.3
2021,Austin Proehl,00-0034442,WR,LAC,0,,0.0,0.0,0.0,,,,1.82,1.64,2.6,0.0,4.52,19.7
2021,Ryan Izzo,00-0034439,TE,NYG,0,10.0,0.0,0.0,0.0,17.9,24.4,30.9,2.69,3.19,4.07,0.18,13.24,14.25
2021,Ben DiNucci,00-0036384,QB,DAL,0,2.0,0.0,0.0,0.0,6.96,6.96,6.96,6.85,8.51,9.28,0.0,22.6,23.04
2021,Jake Fromm,00-0036197,QB,BUF,0,,10.9,10.9,10.9,,,,0.53,0.46,0.0,0.0,12.86,19.7
2021,Qadree Ollison,00-0035273,RB,ATL,0,1.0,15.7,17.7,19.7,0.3,0.3,0.3,13.12,13.96,15.29,0.11,42.94,6.3
2021,Ito Smith,00-0034378,RB,MIN,0,14.0,6.4,6.4,6.4,40.3,48.8,57.3,19.92,23.5,26.81,2.56,54.5,37.09
2021,Jordan Franks,00-0034532,TE,CLE,0,,0.0,0.0,0.0,,,,1.3,1.55,2.14,0.0,6.1,19.7
2021,Andrew Vollert,00-0034491,TE,IND,0,,0.0,0.0,0.0,,,,0.64,0.84,1.14,0.0,2.31,19.7
2021,Equanimeous St. Brown,00-0034279,WR,GB,0,8.0,11.2,15.7,20.2,18.4,21.9,25.4,4.31,5.72,7.99,0.0,10.14,15.51
2021,Trayveon Williams,00-0035291,RB,CIN,0,6.0,5.5,6.0,6.5,16.7,19.2,21.7,18.27,21.69,23.92,0.17,45.85,32.21
2021,Isaiah Hodgins,00-0036165,WR,BUF,0,,0.0,0.0,0.0,,,,5.72,7.6,9.52,0.08,18.04,19.7
2021,Kevin Rader,00-0034193,TE,PIT,0,1.0,0.8,1.8,2.8,0.0,0.0,0.0,1.96,1.89,2.7,0.0,5.33,8.21
2021,Stephen Sullivan,00-0036438,TE,CAR,0,1.0,0.0,0.0,0.0,0.0,0.0,0.0,3.71,3.8,4.51,0.06,11.09,7.96
2021,Tyrie Cleveland,00-0036439,WR,DEN,0,7.0,0.0,0.0,0.0,6.3,9.3,12.3,3.56,4.46,6.16,0.0,13.54,13.68
2021,KeeSean Johnson,00-0035287,WR,PHI,0,8.0,0.0,0.0,0.0,17.3,24.8,32.3,4.02,6.11,9.56,0.0,20.29,13.82
2021,Antonio Williams,00-0036188,RB,BUF,0,1.0,0.0,0.0,0.0,20.3,20.8,21.3,20.37,22.99,27.19,2.5,124.91,22.83
2021,John Hightower,00-0036398,WR,PHI,0,10.0,0.0,0.0,0.0,18.8,23.8,28.8,6.63,7.27,9.96,1.43,30.87,22.28
2021,Kristian Wilkerson,00-0036183,WR,NE,0,,16.2,18.2,20.2,,,,2.03,2.27,2.83,0.0,10.56,19.7
2021,Kyle Lauletta,00-0034369,QB,JAX,0,,0.0,0.0,0.0,,,,4.11,4.55,3.77,0.0,11.83,19.7
2021,Keke Coutee,00-0034366,WR,IND,0,8.0,0.5,1.0,1.5,56.0,72.5,89.0,10.56,14.75,20.02,0.0,45.63,30.59
2021,Mason Kinsey,00-0036176,WR,TEN,0,,0.0,0.0,0.0,,,,1.22,1.28,1.46,0.0,1.51,19.7
2021,David Wells,00-0034575,TE,ATL,0,,0.0,0.0,0.0,,,,0.0,0.0,0.0,0.0,0.9,19.7
2021,Jaylen Samuels,00-0034331,RB,PIT,0,9.0,2.3,3.8,5.3,7.4,11.9,16.4,4.93,7.07,8.59,0.0,19.54,15.25
2021,Deon Yelder,00-0034319,TE,TB,0,6.0,0.0,0.5,1.0,3.6,7.1,10.6,1.45,1.74,2.16,0.0,5.28,7.05
2021,Keith Kirkwood,00-0034317,WR,CAR,0,1.0,1.7,3.2,4.7,1.3,1.8,2.3,3.54,4.46,5.32,0.07,21.49,8.21
2021,Johnny Stanton,00-0034311,RB,CLE,0,,7.2,8.2,9.2,,,,1.38,1.7,2.17,0.0,1.93,19.7
2021,Dante Pettis,00-0034860,WR,NYG,0,6.0,15.34,20.34,25.34,13.6,15.6,17.6,3.45,3.69,5.37,0.5,32.35,9.34
2021,Steven Sims,00-0034928,WR,PIT,0,12.0,0.0,0.0,0.0,34.3,47.8,61.3,11.48,15.88,18.17,0.0,45.48,35.22
2021,Tyler Davis,00-0036250,TE,IND,0,1.0,3.5,5.5,7.5,0.0,0.0,0.0,1.88,2.37,3.02,0.09,9.64,8.21
2021,Ian Bunting,00-0035067,TE,DAL,0,,0.0,0.0,0.0,,,,0.74,0.85,1.04,0.0,2.33,19.7
2021,Jake Browning,00-0035100,QB,CIN,0,,0.0,0.0,0.0,,,,3.21,3.25,3.63,0.0,11.07,19.7
2021,James Morgan,00-0036301,QB,CAR,0,,0.0,0.0,0.0,,,,0.78,0.0,0.0,0.0,12.33,19.7
2021,John Kelly,00-0034808,RB,CLE,0,,1.3,1.3,1.3,,,,2.58,3.6,4.75,0.01,20.97,9.58
2021,Dexter Williams,00-0034995,RB,NYG,0,1.0,0.0,0.0,0.0,0.8,0.8,0.8,11.2,11.99,12.82,0.0,18.0,6.12
2021,Isaiah Coulter,00-0036308,WR,CHI,0,,0.0,0.0,0.0,,,,2.99,3.05,3.22,0.0,14.09,19.7
2021,Jason Huntley,00-0036278,RB,PHI,0,4.0,5.1,5.1,5.1,1.9,2.4,2.9,8.12,11.42,12.14,0.0,36.93,10.8
2021,D.J. Montgomery,00-0035045,WR,NYJ,0,,3.6,5.1,6.6,,,,1.46,1.69,2.42,0.0,5.41,19.7
2021,Brett Rypien,00-0034955,QB,DEN,0,2.0,0.0,0.0,0.0,11.3,11.3,11.3,0.0,0.69,0.64,0.0,10.38,1.33
2021,Jordan Veasy,00-0034669,WR,HOU,0,,0.0,0.0,0.0,,,,1.38,1.65,2.18,0.0,1.55,19.7
2021,Brandon Powell,00-0034646,WR,MIA,0,15.0,6.0,6.0,6.0,17.6,23.6,29.6,2.51,3.17,4.36,0.0,10.22,22.81
2021,Vyncint Smith,00-0034631,WR,NYJ,0,4.0,0.0,0.0,0.0,1.3,1.8,2.3,1.85,2.46,3.57,0.0,8.46,5.88
2021,Tanner Hudson,00-0034613,TE,SF,0,4.0,0.0,0.0,0.0,4.1,5.6,7.1,5.57,7.06,9.95,0.0,27.73,6.84
2021,Antonio Gandy-Golden,00-0036340,WR,WAS,0,4.0,0.0,0.0,0.0,2.5,3.0,3.5,7.42,10.59,12.62,0.0,26.28,8.3
2021,Ethan Wolf,00-0034672,TE,NO,0,,0.8,1.8,2.8,,,,1.19,1.4,1.78,0.0,2.74,19.7
2021,Ryan Nall,00-0034597,RB,CHI,0,9.0,0.8,1.3,1.8,12.7,16.7,20.7,3.81,4.58,6.49,0.21,10.5,14.55
2021,Devine Ozigbo,00-0035184,RB,JAX,0,6.0,0.4,0.9,1.4,4.3,8.8,13.3,3.86,5.02,5.86,0.35,12.2,6.98
2021,Codey McElroy,00-0034735,TE,TB,0,,0.0,0.0,0.0,,,,0.5,0.54,0.46,0.0,0.0,9.75
2021,Keelan Doss,00-0035120,WR,ATL,0,,0.0,0.0,0.0,,,,1.33,1.7,1.88,0.01,3.05,10.86
2021,Trace McSorley,00-0035146,QB,BAL,0,2.0,0.0,0.0,0.0,9.3,9.3,9.3,8.43,7.83,7.38,0.0,22.37,10.09
2021,Darwin Thompson,00-0035148,RB,TB,0,5.0,0.0,0.0,0.0,26.2,29.7,33.2,14.92,17.83,19.23,0.58,49.29,27.99
2021,Cody Thompson,00-0035164,WR,SEA,0,,0.0,0.0,0.0,,,,0.0,0.0,0.0,0.0,2.14,19.7
2021,Gerrid Doaks,00-0036578,RB,MIA,1,,0.0,0.0,0.0,,,,4.11,5.32,5.85,0.0,24.42,19.7
2021,Tony Poljan,00-0036583,TE,BAL,1,,0.0,0.0,0.0,,,,1.24,1.41,1.88,0.0,3.28,19.7
2021,Mason Schreck,00-0033798,TE,CIN,0,2.0,0.0,0.0,0.0,0.0,0.0,0.0,5.02,6.79,10.04,0.07,15.53,8.55
2021,Trey Edmunds,00-0033838,RB,PIT,0,1.0,0.0,0.0,0.0,0.0,0.0,0.0,1.6,2.13,2.55,0.0,7.49,5.48
2021,Quintin Morris,00-0036590,TE,BUF,1,,0.0,0.0,0.0,,,,2.16,2.99,3.52,0.0,13.95,19.7
2021,Carl Tucker,00-0036597,TE,MIA,1,,0.0,0.0,0.0,,,,1.25,1.46,2.18,0.0,3.22,19.7
2021,Landen Akers,00-0036598,WR,LA,1,,0.0,0.0,0.0,,,,1.91,2.24,2.78,0.0,4.56,19.7
2021,,00-0036602,WR,LA,0,,0.0,0.0,0.0,,,,0.0,0.0,0.0,0.0,0.0,19.7
2021,David Sills,00-0035359,WR,NYG,0,,1.7,2.7,3.7,,,,2.48,2.43,2.98,0.0,8.08,19.7
2021,Ben Mason,00-0036565,TE,NE,1,,0.0,0.0,0.0,,,,2.0,2.28,2.94,0.0,7.4,19.7
2021,Isaiah Zuber,00-0036100,WR,SF,0,4.0,0.0,0.0,0.0,5.0,6.0,7.0,5.23,5.63,7.86,0.0,15.84,11.38
2021,D'Onta Foreman,00-0033925,RB,ATL,0,5.0,84.9,89.4,93.9,16.0,16.5,17.0,14.75,14.52,16.54,0.26,52.84,18.26
2021,Brian Lewerke,00-0036092,QB,NYG,1,,0.0,0.0,0.0,,,,1.99,2.32,2.12,0.0,10.64,19.7
2021,Chris Myarick,00-0035345,TE,NYG,0,,7.7,9.2,10.7,,,,0.68,0.59,0.87,0.0,1.29,19.7
2021,Easop Winston,00-0036080,WR,NO,1,,0.5,1.0,1.5,,,,1.9,2.0,2.21,0.0,1.75,19.7
2021,Travis Jonsen,00-0036047,WR,TB,0,,0.0,0.0,0.0,,,,0.93,1.05,1.06,0.0,0.61,19.7
2021,Davis Webb,00-0033550,QB,BUF,0,,-0.3,-0.3,-0.3,,,,1.81,1.59,0.95,0.0,12.93,19.7
2021,Dez Fitzpatrick,00-0036627,WR,TEN,1,,10.9,13.4,15.9,,,,3.59,5.11,5.57,0.09,10.71,19.7
2021,Zach Davidson,00-0036640,TE,MIN,1,,0.0,0.0,0.0,,,,0.89,1.41,1.8,0.0,3.38,19.7
2021,Aaron Parker,00-0036034,WR,CAR,0,,0.0,0.0,0.0,,,,2.79,3.35,4.53,0.0,7.31,19.7
2021,Gehrig Dieter,00-0033474,WR,KC,0,1.0,0.0,0.0,0.0,1.0,1.5,2.0,0.12,0.42,0.38,0.07,5.96,2.11
2021,Isaiah Ford,00-0033471,WR,MIA,0,9.0,28.1,34.1,40.1,27.6,41.6,55.6,7.45,11.73,16.16,0.0,41.38,27.13
2021,Cornell Powell,00-0036647,WR,KC,1,,0.0,0.0,0.0,,,,4.33,5.36,7.12,0.0,13.88,19.7
2021,Tanner Gentry,00-0033633,WR,BUF,0,,0.0,0.0,0.0,,,,0.89,0.78,0.72,0.0,1.77,19.7
2021,Reid Sinnett,00-0036052,QB,MIA,0,,0.0,0.0,0.0,,,,3.98,3.85,3.59,0.0,14.47,19.7
2021,David Moore,00-0033589,WR,LV,0,16.0,0.0,0.0,0.0,83.8,101.3,118.8,17.14,18.15,24.25,0.49,72.36,63.87
2021,Tarik Black,00-0036491,WR,IND,1,,1.0,1.5,2.0,,,,2.27,2.04,2.89,0.0,6.87,19.7
2021,,00-0036475,WR,SEA,0,,0.0,0.0,0.0,,,,0.0,0.0,0.0,0.0,0.0,19.7
2021,De'Mornay Pierson-El,00-0034103,WR,DEN,0,,0.0,0.0,0.0,,,,1.96,2.32,2.72,0.0,3.82,19.7
2021,Deon Jackson,00-0036493,RB,IND,1,,9.1,9.1,9.1,,,,3.25,3.65,4.09,0.09,14.42,19.7
2021,Tyler Vaughns,00-0036495,WR,PIT,1,,0.0,0.0,0.0,,,,2.87,3.19,4.22,0.0,8.56,19.7
2021,Jaylon Moore,00-0036125,WR,BAL,0,,0.0,0.0,0.0,,,,1.67,1.69,2.35,0.0,2.79,19.7
2021,Sandro Platzgummer,00-0036449,RB,NYG,0,,0.0,0.0,0.0,,,,4.27,4.55,4.54,0.0,8.13,19.7
2021,Devin Gray,00-0034141,WR,BAL,0,,0.0,0.0,0.0,,,,1.35,1.3,1.89,0.0,2.2,19.7
2021,Paul Quessenberry,00-0036453,TE,HOU,0,,0.0,0.0,0.0,,,,0.85,1.1,1.42,0.31,0.52,19.7
2021,Chris Blair,00-0036463,WR,GB,1,,0.0,0.0,0.0,,,,0.91,1.12,1.57,0.0,1.21,19.7
2021,,00-0036468,QB,MIA,0,,0.0,0.0,0.0,,,,1.03,0.93,0.98,0.0,4.29,19.7
2021,Kurt Benkert,00-0034131,QB,GB,0,,-0.1,-0.1,-0.1,,,,0.99,0.95,0.67,0.0,6.64,19.7
2021,Mathew Sexton,00-0036471,WR,PIT,1,,0.0,0.0,0.0,,,,1.71,1.79,2.2,0.0,3.83,19.7
2021,Spencer Brown,00-0036543,RB,CAR,1,,0.0,0.0,0.0,,,,3.53,3.32,3.88,0.0,17.08,19.7
2021,Shane Zylstra,00-0036534,TE,DET,1,,3.4,4.9,6.4,,,,2.51,3.04,3.97,0.0,6.06,19.7
2021,Tre Nixon,00-0036536,WR,NE,1,,0.0,0.0,0.0,,,,3.46,3.75,4.37,0.0,14.84,19.7
2021,Benny LeMay,00-0036117,RB,IND,1,,0.0,0.0,0.0,,,,1.63,1.72,1.93,0.0,14.1,19.7
2021,Rico Bussey,00-0036541,WR,PIT,1,,0.0,0.0,0.0,,,,1.59,1.72,2.16,0.0,2.85,19.7
2021,Trenton Irwin,00-0035341,WR,CIN,0,1.0,3.4,4.4,5.4,0.5,1.0,1.5,2.17,2.83,4.19,0.0,19.62,8.21
2021,Ja'Marcus Bradley,00-0036110,WR,CLE,0,1.0,6.4,8.4,10.4,6.0,8.5,11.0,0.0,0.0,0.3,0.31,30.64,14.72
2021,Patrick Laird,00-0035342,RB,MIA,0,9.0,2.1,3.6,5.1,12.0,17.0,22.0,6.49,8.43,10.26,0.27,15.61,15.3
2021,Rodney Adams,00-0033957,WR,CHI,0,,0.0,0.0,0.0,,,,2.99,3.79,5.01,0.0,13.8,19.7
2021,Kenny Yeboah,00-0036510,TE,NYJ,1,,3.6,4.6,5.6,,,,1.98,2.97,3.9,0.0,4.45,19.7
2021,Matt Bushman,00-0036519,TE,LV,1,,0.0,0.0,0.0,,,,0.42,0.49,0.48,0.0,0.0,19.7
2021,River Cracraft,00-0034054,WR,SF,0,5.0,0.0,0.0,0.0,4.1,7.1,10.1,4.27,6.19,7.93,0.07,18.97,11.12
2021,Dillon Stoner,00-0036526,WR,LV,1,,0.0,0.0,0.0,,,,2.21,2.95,3.37,0.0,6.44,19.7
2021,DJ Turner,00-0036527,WR,LV,1,,0.0,0.0,0.0,,,,1.65,1.97,2.06,0.0,4.71,19.7
2021,Drew Brees,00-0020531,QB,,0,12.0,0.0,0.0,0.0,209.48,209.48,209.48,72.25,66.98,63.55,2.62,200.83,167.16
2021,Jason Witten,00-0022127,TE,,0,10.0,0.0,0.0,0.0,18.9,25.4,31.9,0.12,0.42,0.68,0.0,12.79,23.17
2021,Matt Schaub,00-0022787,QB,,0,1.0,0.0,0.0,0.0,-0.4,-0.4,-0.4,0.24,0.0,0.0,0.0,7.53,16.88
2021,Larry Fitzgerald,00-0022921,WR,,0,13.0,0.0,0.0,0.0,46.9,73.9,100.9,2.62,3.23,4.82,0.0,50.29,39.22
2021,Philip Rivers,00-0022942,QB,,0,16.0,0.0,0.0,0.0,239.96,239.96,239.96,46.69,42.53,41.5,2.58,164.02,195.12
2021,Alex Smith,00-0023436,QB,,0,8.0,0.0,0.0,0.0,71.58,71.58,71.58,4.53,4.0,3.62,0.0,43.07,36.17
2021,Frank Gore,00-0023500,RB,,0,15.0,0.0,0.0,0.0,84.2,92.2,100.2,8.62,9.36,9.88,0.0,54.92,76.82
2021,Adrian Peterson,00-0025394,RB,,0,16.0,22.6,24.6,26.6,112.5,118.5,124.5,11.49,10.36,10.79,0.0,59.04,72.38
2021,Ted Ginn,00-0025396,WR,,0,5.0,0.0,0.0,0.0,4.0,5.5,7.0,0.0,0.0,0.0,0.0,8.49,12.6
2021,Greg Olsen,00-0025418,TE,,0,11.0,0.0,0.0,0.0,29.9,41.9,53.9,0.02,0.43,0.18,0.0,21.11,35.11
2021,LeSean McCoy,00-0027029,RB,,0,8.0,0.0,0.0,0.0,13.2,20.7,28.2,1.76,1.69,2.16,0.0,10.01,29.56
2021,Julian Edelman,00-0027150,WR,,0,6.0,0.0,0.0,0.0,35.22,45.72,56.22,22.08,27.98,33.58,0.0,82.82,51.18
2021,Joe Webb,00-0027796,QB,,0,1.0,0.0,0.0,0.0,0.0,0.0,0.0,0.0,0.0,0.0,0.0,0.65,7.96
2021,Golden Tate,00-0027891,WR,,0,12.0,0.0,0.0,0.0,51.52,69.02,86.52,2.74,4.0,4.89,0.0,32.85,36.98
2021,Dez Bryant,00-0027902,WR,,0,4.0,0.0,0.0,0.0,16.7,19.7,22.7,0.85,0.7,1.21,0.0,13.86,14.53
2021,Cam Newton,00-0027939,QB,,0,15.0,86.36,86.36,86.36,258.98,259.98,260.98,53.28,52.42,50.17,2.08,177.29,157.2
2021,Luke Stocker,00-0028042,TE,,0,11.0,1.2,2.2,3.2,6.3,9.8,13.3,0.0,0.0,0.0,0.0,1.35,9.86
2021,Dion Lewis,00-0028087,RB,,0,16.0,0.0,0.0,0.0,40.2,49.7,59.2,7.08,8.68,11.34,0.0,16.08,38.45
2021,Dwayne Harris,00-0028114,WR,,0,3.0,0.0,0.0,0.0,0.0,0.0,0.0,0.0,0.0,0.0,0.0,0.39,5.3
2021,Virgil Green,00-0028142,TE,,0,5.0,0.0,0.0,0.0,11.0,12.5,14.0,0.0,0.0,0.0,0.0,2.73,8.38
2021,Dontrelle Inman,00-0028411,WR,,0,7.0,0.0,0.0,0.0,28.3,37.3,46.3,1.05,1.7,1.75,0.0,8.12,20.54
2021,Alshon Jeffery,00-0029137,WR,,0,7.0,0.0,0.0,0.0,17.5,20.5,23.5,3.05,3.4,4.01,0.0,18.15,23.96
2021,Alfred Morris,00-0029141,RB,,0,9.0,0.0,0.0,0.0,37.7,39.2,40.7,13.87,15.74,15.78,0.0,30.29,40.18
2021,Lamar Miller,00-0029615,RB,,0,1.0,0.0,0.0,0.0,0.6,1.6,2.6,2.17,1.84,0.8,0.0,19.69,8.21
2021,Robert Griffin III,00-0029665,QB,,0,4.0,0.0,0.0,0.0,2.58,2.58,2.58,0.0,0.0,0.0,0.0,14.85,7.09
2021,Kenny Stills,00-0030085,WR,,0,7.0,12.9,15.9,18.9,20.4,25.9,31.4,3.54,5.31,5.82,0.0,12.6,24.22
2021,Luke Willson,00-0030089,TE,,0,2.0,0.0,0.0,0.0,1.2,1.7,2.2,0.0,0.0,0.0,0.0,1.61,5.3
2021,Theo Riddick,00-0030107,RB,,0,4.0,0.0,0.0,0.0,5.7,8.2,10.7,2.01,3.26,3.25,0.0,11.65,15.49
2021,Tyler Bray,00-0030151,QB,,0,1.0,0.0,0.0,0.0,0.72,0.72,0.72,0.53,0.96,1.08,0.01,1.88,7.25
2021,Josh Hill,00-0030216,TE,,0,9.0,0.0,0.0,0.0,10.6,14.6,18.6,0.0,0.0,0.16,0.0,3.6,13.47
2021,Chris Thompson,00-0030404,RB,,0,6.0,0.0,0.0,0.0,22.6,32.6,42.6,2.68,4.31,5.39,0.0,15.4,25.21
2021,Kenjon Barner,00-0030465,RB,,0,5.0,0.0,0.0,0.0,0.0,0.0,0.0,0.0,0.0,0.28,0.0,3.95,7.1
2021,Vance McDonald,00-0030470,TE,,0,10.0,0.0,0.0,0.0,9.9,17.4,24.9,0.09,0.01,0.0,0.0,18.35,17.48
2021,Jordan Reed,00-0030472,TE,,0,10.0,0.0,0.0,0.0,47.1,60.1,73.1,2.16,3.13,5.29,0.0,47.81,38.68
2021,Tyler Eifert,00-0030549,TE,,0,15.0,0.0,0.0,0.0,46.9,64.9,82.9,1.13,1.83,1.92,0.0,33.31,32.87
2021,Bennie Fowler,00-0030670,WR,,0,2.0,0.0,0.0,0.0,1.1,2.1,3.1,0.7,0.99,1.23,0.0,0.0,6.28
2021,Trey Burton,00-0030710,TE,,0,12.0,0.0,0.0,0.0,55.3,69.3,83.3,3.08,4.09,5.51,0.0,21.97,35.51
2021,John Brown,00-0031051,WR,,0,9.0,0.0,0.0,0.0,63.8,80.3,96.8,16.78,20.37,25.94,0.0,56.25,72.99
2021,Seth Roberts,00-0031166,WR,,0,3.0,0.0,0.0,0.0,3.1,5.1,7.1,0.56,0.82,1.11,0.0,0.0,7.81
2021,Senorise Perry,00-0031209,RB,,0,4.0,0.0,0.0,0.0,0.9,0.9,0.9,0.79,0.68,0.34,0.0,0.6,3.42
2021,Donte Moncrief,00-0031339,WR,,0,5.0,0.0,0.0,0.0,1.9,2.4,2.9,1.15,2.07,2.14,0.0,5.3,4.75
2021,Richard Rodgers,00-0031384,TE,,0,8.0,1.1,2.1,3.1,46.5,58.5,70.5,0.99,1.85,3.06,0.0,29.6,34.95
2021,T.J. Yeldon,00-0032209,RB,,0,3.0,0.0,0.0,0.0,15.2,15.7,16.2,3.84,5.22,5.7,0.0,25.37,11.06
2021,Todd Gurley,00-0032241,RB,,0,15.0,0.0,0.0,0.0,138.2,150.7,163.2,26.93,24.54,25.51,0.0,119.79,80.09
2021,C.J. Prosise,00-0032393,RB,,0,5.0,0.0,0.0,0.0,7.7,10.2,12.7,1.79,2.58,2.52,0.0,12.72,11.19
2021,Tyler Ervin,00-0032404,RB,,0,8.0,0.0,0.0,0.0,15.1,20.6,26.1,1.83,0.23,1.11,0.0,9.38,13.55
2021,D.J. Foster,00-0032577,RB,,0,6.0,0.0,0.0,0.0,0.9,1.4,1.9,0.0,0.06,0.13,0.0,0.0,1.78
2021,Tommylee Lewis,00-0032881,WR,,0,5.0,0.7,1.2,1.7,1.9,2.4,2.9,1.44,1.73,2.2,0.0,2.21,7.85
2021,DeAndre Washington,00-0032940,RB,,0,4.0,0.0,0.0,0.0,12.1,14.6,17.1,2.56,3.81,5.47,0.0,4.34,27.38
2021,Seth DeValve,00-0033080,TE,,0,2.0,0.0,0.0,0.0,0.0,0.0,0.0,0.5,0.67,1.01,0.0,0.0,5.9
2021,Marvin Hall,00-0033094,WR,,0,11.0,1.0,1.5,2.0,42.3,51.3,60.3,3.95,4.54,5.44,0.0,20.63,29.05
2021,Pharoh Cooper,00-0033111,WR,,0,15.0,3.6,5.6,7.6,7.3,9.8,12.3,4.66,5.35,6.97,0.0,17.83,11.51
2021,Temarrick Hemingway,00-0033112,TE,,0,3.0,0.0,0.0,0.0,1.0,1.5,2.0,0.42,0.71,1.25,0.0,0.55,7.95
2021,Troymaine Pope,00-0033164,RB,,0,4.0,0.0,0.0,0.0,11.8,15.8,19.8,5.11,5.86,6.52,0.0,12.92,11.07
2021,Austin Carr,00-0033382,WR,,0,5.0,0.0,0.0,0.0,8.7,10.2,11.7,0.98,1.13,1.55,0.0,1.05,7.24
2021,Cody Hollister,00-0033386,WR,,0,1.0,3.3,5.3,7.3,1.2,1.7,2.2,0.85,1.18,1.51,0.0,0.0,5.49
2021,Jake Butt,00-0033564,TE,,0,4.0,0.0,0.0,0.0,0.5,1.5,2.5,1.08,1.56,2.13,0.0,5.2,7.95
2021,Brian Hill,00-0033567,RB,,0,16.0,0.0,0.0,0.0,70.4,82.9,95.4,14.66,14.65,17.75,0.0,64.66,55.86
2021,Chad Hansen,00-0033840,WR,,0,5.0,0.0,0.0,0.0,29.6,38.1,46.6,0.0,0.73,1.99,0.0,36.27,26.32
2021,Josh Malone,00-0033859,WR,,0,3.0,0.0,0.0,0.0,2.8,4.8,6.8,2.15,3.24,4.59,0.0,4.99,8.7
2021,Steven Mitchell,00-0034081,WR,,0,4.0,0.0,0.0,0.0,6.0,8.5,11.0,1.04,1.57,1.76,0.0,0.0,7.12
2021,Marcus Baugh,00-0034169,TE,,0,1.0,0.0,0.0,0.0,0.2,0.7,1.2,0.03,0.43,0.39,0.0,0.0,8.21
2021,Nick Keizer,00-0034192,TE,,0,11.0,0.0,0.0,0.0,4.3,7.3,10.3,1.14,1.53,1.78,0.0,5.3,13.79
2021,Jeff Badet,00-0034207,WR,,0,1.0,0.0,0.0,0.0,0.0,0.0,0.0,1.54,1.91,2.17,0.0,0.0,8.21
2021,Dontrell Hilliard,00-0034253,RB,,0,5.0,53.7,63.2,72.7,5.0,5.5,6.0,2.32,2.71,3.62,0.0,6.7,11.61
2021,Jaleel Scott,00-0034267,WR,,0,1.0,0.0,0.0,0.0,1.6,2.1,2.6,3.71,5.18,6.91,0.0,7.0,5.88
2021,Damion Ratley,00-0034273,WR,,0,5.0,0.0,0.0,0.0,6.3,8.3,10.3,1.87,2.24,2.95,0.0,1.68,9.07
2021,Trey Quinn,00-0034339,WR,,0,1.0,0.0,0.0,0.0,0.0,0.0,0.0,2.69,3.42,5.19,0.0,1.85,6.12
2021,Kerryon Johnson,00-0034349,RB,,0,14.0,0.0,0.0,0.0,52.8,62.3,71.8,10.71,12.73,15.0,0.0,52.45,52.21
2021,Javon Wims,00-0034426,WR,,0,10.0,0.0,0.0,0.0,11.0,14.0,17.0,2.82,3.1,3.67,0.0,9.82,11.23
2021,Bo Scarbrough,00-0034432,RB,,0,1.0,0.0,0.0,0.0,3.1,3.1,3.1,0.67,0.0,0.19,0.0,9.65,11.8
2021,Robert Foster,00-0034510,WR,,0,3.0,0.0,0.0,0.0,3.7,4.7,5.7,0.92,1.34,2.52,0.0,1.6,6.95
2021,Reggie Bonnafon,00-0034578,RB,,0,2.0,1.6,2.6,3.6,14.7,15.7,16.7,3.48,3.8,5.11,0.0,14.67,13.63
2021,Deontay Burnett,00-0034653,WR,,0,1.0,0.0,0.0,0.0,1.9,3.4,4.9,2.04,2.61,2.92,0.0,0.39,6.91
2021,Rico Gafford,00-0034660,WR,,0,3.0,0.0,0.0,0.0,0.0,0.0,0.0,1.62,1.92,2.14,0.0,0.0,6.1
2021,Antonio Callaway,00-0034772,WR,,0,4.0,0.0,0.0,0.0,2.0,3.0,4.0,3.53,4.83,6.02,0.0,6.24,5.5
2021,Darrius Shepherd,00-0035181,WR,,0,8.0,0.0,0.0,0.0,4.6,7.1,9.6,0.65,0.93,1.12,0.0,0.0,3.26
2021,Austin Walter,00-0035187,RB,,0,3.0,17.0,18.0,19.0,3.0,3.5,4.0,2.37,3.47,4.44,0.0,8.44,8.4
2021,Caleb Wilson,00-0035320,TE,,0,1.0,0.0,0.0,0.0,0.0,0.0,0.0,1.66,1.88,2.43,0.0,5.76,7.96
2021,Hakeem Butler,00-0035529,WR,,0,1.0,0.0,0.0,0.0,0.0,0.0,0.0,2.62,3.34,4.65,0.0,8.11,8.21
2021,Isaac Nauta,00-0035539,TE,,0,2.0,0.0,0.0,0.0,0.3,0.8,1.3,0.29,1.21,1.48,0.0,6.61,5.08
2021,Tony Brooks-James,00-0035551,RB,,0,1.0,0.0,0.0,0.0,0.4,0.4,0.4,1.75,1.95,1.96,0.0,3.31,10.27
2021,Riley Ridley,00-0035590,WR,,0,2.0,0.0,0.0,0.0,3.9,5.9,7.9,1.09,1.47,1.64,0.0,1.0,8.2
2021,Ryan Finley,00-0035652,QB,,0,4.0,0.0,0.0,0.0,19.16,19.16,19.16,1.23,1.21,2.01,0.0,8.43,5.07
2021,Chris Rowland,00-0035789,WR,,0,2.0,0.0,0.0,0.0,0.0,0.0,0.0,1.79,2.18,2.5,0.0,2.09,7.71
2021,Austin Mack,00-0035869,WR,,0,5.0,0.0,0.0,0.0,9.1,12.6,16.1,2.16,3.21,3.81,0.0,4.2,13.78
2021,Isaiah Wright,00-0036142,WR,,0,11.0,0.0,0.0,0.0,21.3,34.8,48.3,2.78,3.95,6.1,0.0,8.56,37.72
2021,Lawrence Cager,00-0036145,TE,,0,2.0,0.0,0.0,0.0,3.5,4.5,5.5,1.79,2.36,2.65,0.0,4.77,8.95
2021,Artavis Pierce,00-0036208,RB,,0,4.0,0.0,0.0,0.0,9.4,9.4,9.4,2.0,2.41,2.77,0.0,2.06,18.75
2021,Tommy Stevens,00-0036433,QB,,0,1.0,0.0,0.0,0.0,2.4,2.4,2.4,4.54,4.22,4.38,0.0,11.81,13.1
2022,Wan'Dale Robinson,00-0038117,WR,NYG,1,,28.6,40.1,51.6,,,,36.69,50.36,61.26,0.25,84.37,19.35
2022,Breece Hall,00-0038120,RB,NYJ,1,,96.1,105.6,115.1,,,,133.21,159.51,173.54,5.59,234.69,19.35
2022,Desmond Ridder,00-0038122,QB,ATL,1,,38.72,38.72,38.72,,,,103.15,98.36,98.76,5.34,157.65,19.35
2022,Christian Watson,00-0038124,WR,GB,1,,123.1,143.6,164.1,,,,17.99,20.39,21.03,0.0,42.12,19.35
2022,Andre Roberts,00-0027691,WR,CAR,0,16.0,0.0,0.0,0.0,11.4,11.9,12.4,12.34,14.47,18.12,0.0,41.67,15.79
2022,Daniel Bellinger,00-0038115,TE,NYG,1,,45.0,60.0,75.0,,,,10.76,16.34,20.4,0.71,26.36,19.35
2022,Joe Flacco,00-0026158,QB,NYJ,0,2.0,48.34,48.34,48.34,23.82,23.82,23.82,114.22,117.13,120.1,34.48,186.29,35.83
2022,Chad Henne,00-0026197,QB,KC,0,4.0,-0.5,-0.5,-0.5,3.28,3.28,3.28,13.68,14.3,14.47,0.04,75.19,16.65
2022,Matthew Slater,00-0026293,WR,NE,0,10.0,0.0,0.0,0.0,0.0,0.0,0.0,6.16,8.28,9.93,0.0,37.39,4.01
2022,Matthew Stafford,00-0026498,QB,LA,0,17.0,108.38,108.38,108.38,329.74,329.74,329.74,252.61,257.41,255.96,123.25,320.33,215.74
2022,Chase Daniel,00-0026544,QB,LAC,0,1.0,8.48,8.48,8.48,-0.2,-0.2,-0.2,17.13,16.28,16.55,0.0,72.59,13.89
2022,Brian Hoyer,00-0026625,QB,NE,0,5.0,1.48,1.48,1.48,12.28,12.28,12.28,17.57,16.44,16.3,0.36,76.28,14.36
2022,Randall Cobb,00-0028002,WR,GB,0,11.0,47.7,64.7,81.7,67.6,81.6,95.6,60.19,77.17,93.35,0.0,137.12,39.55
2022,Taiwan Jones,00-0028063,RB,BUF,0,7.0,0.0,0.0,0.0,0.0,0.0,0.0,7.95,8.0,9.8,0.0,48.76,2.66
2022,Tyrod Taylor,00-0028118,QB,NYG,0,6.0,11.32,11.32,11.32,81.74,81.74,81.74,17.14,15.66,15.34,2.7,88.01,55.9
2022,Julio Jones,00-0027944,WR,TB,0,10.0,46.4,58.4,70.4,49.4,64.9,80.4,55.1,70.57,82.17,0.0,105.89,43.45
2022,Blaine Gabbert,00-0027948,QB,TB,0,6.0,5.16,5.16,5.16,1.98,1.98,1.98,19.68,23.05,23.22,0.0,98.63,9.91
2022,Mark Ingram,00-0027966,RB,NO,0,14.0,34.1,42.1,50.1,81.6,95.1,108.6,68.16,73.42,79.09,0.0,121.06,54.96
2022,Andy Dalton,00-0027973,QB,NO,0,8.0,174.24,174.24,174.24,84.2,84.2,84.2,38.5,40.31,40.86,0.43,102.74,23.14
2022,A.J. Green,00-0027942,WR,ARI,0,16.0,37.6,49.6,61.6,102.8,129.8,156.8,87.03,113.75,131.7,0.0,153.98,63.71
2022,Adam Thielen,00-0030035,WR,MIN,0,13.0,110.0,145.0,180.0,132.8,166.3,199.8,107.9,142.93,178.8,0.0,212.21,143.09
2022,Zach Ertz,00-0030061,TE,ARI,0,17.0,68.6,92.1,115.6,106.7,143.7,180.7,80.31,110.79,130.1,27.19,151.06,92.83
2022,Marquise Goodwin,00-0030068,WR,SEA,0,14.0,63.2,76.7,90.2,37.2,47.2,57.2,33.64,43.95,56.69,7.67,101.81,40.33
2022,Ryan Tannehill,00-0029701,QB,TEN,0,17.0,161.24,161.24,161.24,268.36,268.36,268.36,258.0,261.83,262.46,132.41,307.34,290.44
2022,Kyle Juszczyk,00-0029892,RB,SF,0,,0.0,0.0,0.0,,,,2.22,2.75,3.58,0.0,11.18,19.35
2022,Nick Foles,00-0029567,QB,IND,0,1.0,1.8,1.8,1.8,16.8,16.8,16.8,22.89,23.82,27.01,11.02,83.97,45.37
2022,Kirk Cousins,00-0029604,QB,MIN,0,16.0,291.58,291.58,291.58,300.34,300.34,300.34,303.85,301.11,301.14,150.11,324.32,309.19
2022,Giovani Bernard,00-0030456,RB,TB,0,10.0,2.7,3.7,4.7,36.1,47.6,59.1,41.98,54.53,54.95,2.12,101.23,38.0
2022,Travis Kelce,00-0030506,TE,KC,0,16.0,206.3,261.3,316.3,170.8,216.8,262.8,184.8,230.65,280.79,52.29,264.41,153.74
2022,Geno Smith,00-0030565,QB,SEA,0,4.0,303.88,303.88,303.88,54.28,54.28,54.28,140.5,140.75,135.21,69.81,219.1,41.12
2022,Cordarrelle Patterson,00-0030578,RB,ATL,0,16.0,133.7,144.2,154.7,182.6,208.6,234.6,103.85,118.16,135.37,32.13,175.55,153.39
2022,Rex Burkhead,00-0030288,RB,HOU,0,15.0,34.4,52.9,71.4,79.3,91.8,104.3,59.51,73.64,82.44,7.66,126.8,63.73
2022,Robert Woods,00-0030431,WR,TEN,0,9.0,64.7,91.2,117.7,92.2,114.7,137.2,92.4,124.84,155.35,16.64,201.18,81.48
2022,Ryan Griffin,00-0030108,TE,CHI,0,14.0,2.6,4.6,6.6,38.1,51.6,65.1,24.31,33.19,41.34,3.77,70.69,28.31
2022,Keenan Allen,00-0030279,WR,LAC,0,16.0,98.0,131.0,164.0,151.8,204.8,257.8,119.0,162.92,199.55,29.3,226.2,120.94
2022,Kyren Williams,00-0037840,RB,LA,1,,21.5,26.0,30.5,,,,40.55,46.86,56.88,0.11,102.24,19.35
2022,Damien Williams,00-0030874,RB,ATL,0,12.0,0.2,0.2,0.2,44.7,52.7,60.7,50.74,60.18,68.48,0.0,110.06,33.91
2022,Keith Smith,00-0030968,RB,ATL,0,,0.0,0.0,0.0,,,,0.0,0.0,0.0,0.0,5.54,19.35
2022,Isaiah Likely,00-0037838,TE,BAL,1,,55.3,73.3,91.3,,,,16.72,21.56,27.08,0.01,61.73,19.35
2022,Romeo Doubs,00-0037816,WR,GB,1,,59.6,80.6,101.6,,,,22.91,28.98,36.45,0.08,84.36,19.35
2022,Derek Carr,00-0031280,QB,LV,0,17.0,219.08,219.08,219.08,256.96,256.96,256.96,240.48,233.66,233.56,150.17,266.75,245.24
2022,Sammy Watkins,00-0031325,WR,GB,0,11.0,30.5,38.5,46.5,43.4,56.9,70.4,57.35,73.57,95.66,1.96,132.66,31.71
2022,Jimmy Garoppolo,00-0031345,QB,SF,0,15.0,164.78,164.78,164.78,227.5,227.5,227.5,79.52,73.31,73.37,14.01,179.9,143.44
2022,Logan Thomas,00-0031260,TE,WAS,0,5.0,38.3,57.8,77.3,35.6,44.6,53.6,62.6,84.24,96.23,22.91,135.82,34.17
2022,Cameron Brate,00-0031273,TE,TB,0,16.0,17.4,27.4,37.4,48.5,63.5,78.5,44.33,58.67,73.5,0.0,101.86,28.54
2022,Brandin Cooks,00-0031236,WR,HOU,0,16.0,88.6,117.1,145.6,141.8,186.8,231.8,103.92,137.42,174.38,18.44,193.88,119.57
2022,Teddy Bridgewater,00-0031237,QB,MIA,0,14.0,38.02,38.02,38.02,202.68,202.68,202.68,88.71,81.12,77.68,6.72,187.11,110.32
2022,Maxx Williams,00-0031558,TE,ARI,0,5.0,1.8,3.3,4.8,25.3,33.3,41.3,25.41,33.91,44.05,2.15,85.65,20.57
2022,Jameis Winston,00-0031503,QB,NO,0,7.0,43.92,43.92,43.92,117.4,117.4,117.4,191.35,195.29,189.57,63.4,263.62,94.8
2022,Amari Cooper,00-0031544,WR,CLE,0,15.0,168.0,207.0,246.0,134.5,168.5,202.5,107.52,136.39,170.9,8.03,200.4,105.39
2022,DeVante Parker,00-0031547,WR,NE,0,9.0,71.9,87.4,102.9,63.5,83.5,103.5,57.15,74.24,86.21,3.21,124.69,53.28
2022,Nelson Agholor,00-0031549,WR,NE,0,14.0,44.2,59.7,75.2,66.4,84.9,103.4,62.13,76.9,100.42,7.78,155.12,71.17
2022,Mike Evans,00-0031408,WR,TB,0,16.0,148.4,186.9,225.4,188.5,225.5,262.5,123.49,151.3,187.24,22.93,211.81,131.82
2022,Allen Robinson,00-0031428,WR,LA,0,12.0,51.9,68.4,84.9,49.0,68.0,87.0,96.9,127.8,152.64,2.98,169.9,53.1
2022,Chris Manhertz,00-0031484,TE,JAX,0,10.0,4.2,7.2,10.2,13.1,16.1,19.1,22.28,28.73,35.3,0.0,82.2,10.55
2022,Jerick McKinnon,00-0031376,RB,KC,0,9.0,140.3,168.3,196.3,22.9,29.4,35.9,48.14,61.26,71.38,2.07,115.47,30.41
2022,Davante Adams,00-0031381,WR,LV,0,16.0,235.5,285.5,335.5,221.3,282.8,344.3,147.26,194.06,241.74,43.31,267.15,106.03
2022,Jarvis Landry,00-0031382,WR,NO,0,12.0,35.2,47.7,60.2,81.0,107.0,133.0,80.91,103.2,125.25,17.22,176.85,59.83
2022,Richard Rodgers,00-0031384,TE,LAC,0,1.0,0.4,0.9,1.4,1.1,2.1,3.1,12.51,15.02,18.3,0.53,29.68,6.11
2022,Jamison Crowder,00-0031941,WR,BUF,0,12.0,6.0,9.0,12.0,58.7,84.2,109.7,57.72,78.56,94.63,1.73,123.82,47.67
2022,Alec Pierce,00-0037664,WR,IND,1,,71.3,91.8,112.3,,,,85.02,105.04,125.87,8.6,167.01,19.35
2022,Taylor Heinicke,00-0031800,QB,WAS,0,16.0,115.96,115.96,115.96,221.86,222.36,222.86,69.32,67.03,73.72,19.2,165.41,120.14
2022,Raheem Mostert,00-0031687,RB,MIA,0,1.0,137.3,152.8,168.3,2.0,2.0,2.0,59.38,67.21,73.6,0.0,130.12,17.55
2022,Eric Tomlinson,00-0031690,TE,DEN,0,7.0,19.9,24.4,28.9,0.7,1.2,1.7,3.45,4.68,6.15,0.0,27.68,2.8
2022,DeAndre Carter,00-0031763,WR,LAC,0,17.0,68.3,91.3,114.3,62.5,74.5,86.5,23.06,29.33,29.39,0.0,74.14,38.44
2022,Jake Kumerow,00-0031787,WR,BUF,0,7.0,6.4,8.4,10.4,2.8,3.8,4.8,12.65,16.54,19.64,0.0,55.73,6.01
2022,Stefon Diggs,00-0031588,WR,BUF,0,17.0,208.6,262.6,316.6,182.5,234.0,285.5,140.84,182.94,221.49,33.87,255.02,132.87
2022,Michael Burton,00-0031595,RB,KC,0,,0.0,0.0,0.0,,,,0.23,0.24,0.67,0.0,1.77,19.35
2022,Darren Waller,00-0031610,TE,LV,0,11.0,56.8,70.8,84.8,78.5,106.0,133.5,89.53,125.37,152.11,23.21,213.41,112.32
2022,Ameer Abdullah,00-0032104,RB,LV,0,17.0,29.1,41.6,54.1,51.5,70.5,89.5,34.02,41.6,49.87,5.34,105.64,33.52
2022,Chris Conley,00-0032128,WR,HOU,0,14.0,4.6,6.6,8.6,42.6,53.6,64.6,7.33,9.45,11.95,0.72,28.82,32.64
2022,C.J. Uzomah,00-0032134,TE,NYJ,0,16.0,35.2,45.7,56.2,79.3,103.8,128.3,46.54,67.94,86.39,28.36,116.35,50.33
2022,Breshad Perriman,00-0032054,WR,TB,0,5.0,14.3,18.8,23.3,22.4,27.9,33.4,22.95,29.19,33.86,1.7,79.63,24.93
2022,Mike Davis,00-0032063,RB,BAL,0,17.0,2.2,3.2,4.2,94.2,116.2,138.2,88.45,97.82,117.07,28.75,170.94,60.44
2022,KaVontae Turpin,00-0037801,WR,DAL,1,,2.6,3.1,3.6,,,,18.76,21.47,25.47,0.0,69.8,19.35
2022,Chig Okonkwo,00-0037809,TE,TEN,1,,65.2,81.2,97.2,,,,26.07,33.17,42.87,0.75,82.07,19.35
2022,Garrett Wilson,00-0037740,WR,NYJ,1,,132.7,174.2,215.7,,,,90.34,116.75,133.99,0.71,189.92,19.35
2022,Jahan Dotson,00-0037741,WR,WAS,1,,95.6,113.1,130.6,,,,104.74,129.28,152.98,5.63,196.79,19.35
2022,Treylon Burks,00-0037742,WR,TEN,1,,55.1,71.6,88.1,,,,86.14,106.5,126.73,1.39,179.24,19.35
2022,Jelani Woods,00-0037755,TE,IND,1,,49.2,61.7,74.2,,,,39.17,49.32,62.03,1.41,85.07,19.35
2022,Marcus Mariota,00-0032268,QB,ATL,0,7.0,196.56,196.56,196.56,14.86,14.86,14.86,101.6,115.13,110.09,39.54,210.35,14.15
2022,Tyler Kroft,00-0032214,TE,SF,0,9.0,5.7,7.7,9.7,23.3,31.3,39.3,14.32,17.15,21.74,1.75,48.32,24.25
2022,Ty Montgomery,00-0032200,WR,NE,0,14.0,7.3,8.8,10.3,13.9,21.9,29.9,23.79,30.66,36.8,4.08,83.04,18.16
2022,Phillip Dorsett,00-0032208,WR,HOU,0,5.0,31.7,41.7,51.7,11.0,14.5,18.0,32.58,42.21,52.33,0.85,111.16,14.0
2022,Tyler Lockett,00-0032211,WR,SEA,0,16.0,155.3,197.3,239.3,168.4,204.9,241.4,126.21,163.97,208.3,41.94,209.65,156.26
2022,Jesse James,00-0032135,TE,CLE,0,5.0,0.0,0.0,0.0,12.2,15.7,19.2,13.97,19.43,23.13,3.05,46.32,10.56
2022,Geoff Swaim,00-0032141,TE,TEN,0,16.0,11.8,17.8,23.8,39.0,54.5,70.0,30.1,39.58,51.97,17.0,85.69,28.45
2022,Melvin Gordon,00-0032144,RB,DEN,0,16.0,62.1,74.6,87.1,167.1,181.1,195.1,93.51,101.36,111.17,13.59,151.55,123.29
2022,Trevor Siemian,00-0032156,QB,CHI,0,6.0,10.16,10.16,10.16,90.16,90.16,90.16,45.73,46.04,41.87,2.28,135.26,116.19
2022,Kalif Raymond,00-0032464,WR,DET,0,16.0,69.2,92.7,116.2,84.4,108.4,132.4,43.92,54.3,71.31,0.0,126.4,62.59
2022,Brandon Allen,00-0032434,QB,CIN,0,5.0,0.78,0.78,0.78,13.86,13.86,13.86,21.3,18.67,20.54,0.93,82.62,23.44
2022,Jeff Driskel,00-0032436,QB,HOU,0,,16.22,16.72,17.22,,,,20.99,13.77,13.0,0.0,52.74,12.8
2022,Chris Moore,00-0032398,WR,HOU,0,10.0,67.1,91.1,115.1,34.7,45.2,55.7,22.3,31.79,38.37,4.45,82.51,23.03
2022,Sterling Shepard,00-0032385,WR,NYG,0,7.0,21.4,27.9,34.4,41.7,59.7,77.7,26.23,36.2,43.94,1.69,98.38,33.56
2022,Austin Hooper,00-0032392,TE,TEN,0,15.0,56.4,76.9,97.4,54.5,73.5,92.5,51.06,65.98,87.14,29.01,118.91,38.5
2022,Demarcus Robinson,00-0032775,WR,BAL,0,14.0,55.8,79.8,103.8,44.4,56.9,69.4,41.44,53.43,69.34,4.71,87.65,30.8
2022,Peyton Hendershot,00-0037569,TE,DAL,1,,28.5,34.0,39.5,,,,8.16,10.49,11.32,0.0,31.92,19.35
2022,Dennis Houston,00-0037570,WR,DAL,1,,1.6,2.6,3.6,,,,11.91,13.91,16.05,0.0,50.46,19.35
2022,Jared Bernhardt,00-0037580,WR,ATL,1,,0.0,0.0,0.0,,,,11.98,15.15,18.29,0.0,55.22,19.35
2022,Derrick Henry,00-0032764,RB,TEN,0,8.0,269.76,286.26,302.76,175.3,184.3,193.3,185.07,205.47,221.6,27.99,304.77,185.92
2022,Michael Thomas,00-0032765,WR,NO,0,,35.1,43.1,51.1,,,,89.43,117.99,144.72,9.33,195.96,14.54
2022,J.D. McKissic,00-0032602,RB,WAS,0,11.0,28.8,42.3,55.8,84.9,106.4,127.9,67.57,81.33,96.55,0.0,137.79,74.63
2022,Robbie Chosen,00-0032688,WR,CAR,0,17.0,32.2,42.2,52.2,85.5,112.0,138.5,84.31,106.63,135.86,0.0,149.98,74.65
2022,Stephen Anderson,00-0032725,TE,ARI,0,14.0,0.9,2.4,3.9,22.5,30.5,38.5,14.28,19.22,24.5,0.0,44.04,21.05
2022,Hassan Haskins,00-0037617,RB,TEN,1,,15.0,20.5,26.0,,,,15.81,17.86,18.69,0.23,42.78,19.35
2022,Zander Horvath,00-0037331,RB,LAC,1,,13.6,16.1,18.6,,,,32.25,39.6,51.54,0.0,111.38,19.35
2022,Carson Wentz,00-0032950,QB,WAS,0,17.0,112.8,112.8,112.8,258.02,258.02,258.02,175.43,182.9,182.92,90.04,262.67,215.01
2022,Troy Hairston,00-0037456,RB,HOU,1,,1.9,4.4,6.9,,,,2.23,3.05,3.51,0.0,10.88,19.35
2022,Nate Sudfeld,00-0032792,QB,DET,0,,-0.4,-0.4,-0.4,,,,14.8,14.71,15.37,0.38,78.78,6.53
2022,Derek Watt,00-0032897,RB,PIT,0,,0.0,0.0,0.0,,,,0.46,0.36,0.71,0.0,3.43,19.35
2022,C.J. Ham,00-0032918,RB,MIN,0,,0.0,0.0,0.0,,,,0.49,0.62,0.93,0.0,1.68,19.35
2022,,00-0037523,WR,SF,0,,0.0,0.0,0.0,,,,0.3,0.48,0.68,0.0,8.02,19.35
2022,Jordan Mason,00-0037525,RB,SF,1,,31.8,31.8,31.8,,,,16.45,18.99,20.61,0.0,61.76,19.35
2022,Jared Goff,00-0033106,QB,DET,0,14.0,283.32,283.82,284.32,194.5,194.5,194.5,184.02,186.15,188.52,113.41,257.85,122.95
2022,Jalen Nailor,00-0037291,WR,MIN,1,,23.9,28.4,32.9,,,,16.43,20.94,26.99,0.02,71.11,19.35
2022,Dak Prescott,00-0033077,QB,DAL,0,16.0,198.6,198.6,198.6,320.56,320.56,320.56,249.52,243.48,237.7,112.96,336.26,235.44
2022,Hunter Henry,00-0033090,TE,NE,0,16.0,62.9,83.4,103.9,114.3,139.3,164.3,79.2,107.35,133.03,28.32,150.02,69.18
2022,Ezekiel Elliott,00-0033045,RB,DAL,0,17.0,168.8,177.3,185.8,205.06,228.56,252.06,151.16,164.15,182.95,44.28,245.66,149.55
2022,Jonathan Williams,00-0032975,RB,WAS,0,5.0,19.2,22.7,26.2,16.7,18.7,20.7,41.84,46.42,49.25,4.04,93.17,10.61
2022,Rashard Higgins,00-0032977,WR,CAR,0,12.0,0.0,0.0,0.0,33.5,45.5,57.5,45.21,63.88,76.57,0.69,116.79,33.32
2022,Tyler Boyd,00-0033009,WR,CIN,0,16.0,109.12,138.12,167.12,116.84,150.34,183.84,108.7,147.26,176.98,12.97,182.55,81.67
2022,Tyreek Hill,00-0033040,WR,MIA,0,17.0,222.2,281.7,341.2,185.5,241.0,296.5,146.52,170.36,209.15,60.69,268.62,113.64
2022,Curtis Samuel,00-0033282,WR,WAS,0,5.0,112.3,144.3,176.3,3.8,6.8,9.8,67.08,91.67,117.02,5.52,169.15,59.32
2022,Trent Taylor,00-0033292,WR,CIN,0,4.0,7.7,10.7,13.7,4.1,5.1,6.1,19.41,26.96,34.04,0.43,76.39,7.02
2022,Aaron Jones,00-0033293,RB,GB,0,15.0,189.6,219.1,248.6,177.0,203.0,229.0,192.36,221.13,248.03,31.06,271.91,148.73
2022,Rachaad White,00-0037256,RB,TB,1,,91.1,116.1,141.1,,,,80.86,91.63,102.1,4.32,152.13,19.35
2022,Mo Alie-Cox,00-0033217,TE,IND,0,17.0,34.9,44.4,53.9,55.6,67.6,79.6,46.44,62.72,73.69,0.0,105.18,29.06
2022,Johnny Mundt,00-0033246,TE,MIN,0,3.0,20.0,29.5,39.0,0.9,1.4,1.9,15.36,18.87,22.6,0.0,55.25,5.71
2022,Zach Pascal,00-0033251,WR,PHI,0,16.0,21.0,28.5,36.0,56.5,75.5,94.5,50.74,60.84,77.33,0.0,107.72,42.77
2022,PJ Walker,00-0033275,QB,CAR,0,5.0,39.14,39.14,39.14,13.78,13.78,13.78,13.83,16.31,18.74,0.0,73.61,24.93
2022,Christian McCaffrey,00-0033280,RB,CAR,0,7.0,271.36,313.86,356.36,90.5,109.0,127.5,149.84,176.99,208.84,27.31,260.88,86.16
2022,Kenyan Drake,00-0033118,RB,BAL,0,12.0,87.1,95.6,104.1,72.5,87.5,102.5,44.95,52.99,64.22,2.84,113.59,68.89
2022,Jacoby Brissett,00-0033119,QB,CLE,0,10.0,168.62,168.62,168.62,72.32,72.32,72.32,116.32,128.81,132.79,45.66,215.92,42.08
2022,Connor Heyward,00-0037304,TE,PIT,1,,0.0,0.0,0.0,,,,15.77,19.76,22.26,0.0,55.45,19.35
2022,Ko Kieft,00-0037311,TE,TB,1,,14.0,17.5,21.0,,,,7.74,9.94,10.56,0.02,34.53,19.35
2022,Tyler Higbee,00-0033110,TE,LA,0,15.0,80.0,116.0,152.0,86.0,116.5,147.0,62.15,82.59,101.73,30.68,136.56,59.41
2022,Mike Thomas,00-0033114,WR,CIN,0,7.0,5.8,6.8,7.8,5.2,7.7,10.2,15.28,20.16,25.15,0.27,69.33,8.17
2022,Pharaoh Brown,00-0033439,TE,HOU,0,13.0,11.7,17.7,23.7,15.1,26.6,38.1,36.53,48.82,60.94,0.0,95.75,20.61
2022,Anthony Firkser,00-0033455,TE,ATL,0,15.0,10.0,14.5,19.0,39.1,56.1,73.1,33.71,44.34,60.33,0.0,67.6,29.7
2022,Matt Breida,00-0033308,RB,NYG,0,7.0,39.8,49.8,59.8,35.7,39.2,42.7,20.62,22.94,26.69,0.0,49.59,31.57
2022,Nick Mullens,00-0033319,QB,MIN,0,1.0,11.76,11.76,11.76,9.88,9.88,9.88,27.09,25.51,25.6,0.91,91.09,34.47
2022,Cethan Carter,00-0033338,TE,MIA,0,8.0,0.0,0.0,0.0,1.6,2.6,3.6,13.09,16.9,21.71,0.0,50.23,5.73
2022,Taysom Hill,00-0033357,QB,NO,0,12.0,136.8,141.3,145.8,117.72,119.72,121.72,100.6,99.8,103.19,12.85,174.2,70.31
2022,Patrick Ricard,00-0033376,RB,BAL,0,8.0,9.0,14.5,20.0,12.7,16.7,20.7,5.57,6.69,7.74,0.0,9.52,9.03
2022,Cody Hollister,00-0033386,WR,TEN,0,3.0,5.4,6.9,8.4,3.3,5.3,7.3,30.29,40.19,50.75,0.0,95.96,5.68
2022,Montrell Washington,00-0037272,WR,DEN,1,,3.2,5.2,7.2,,,,32.15,39.16,48.23,2.62,95.87,19.35
2022,Kyle Philips,00-0037273,WR,TEN,1,,7.8,11.8,15.8,,,,22.31,29.41,37.95,0.42,88.43,19.35
2022,Kendrick Bourne,00-0033307,WR,NE,0,17.0,53.3,70.8,88.3,125.5,153.0,180.5,64.4,84.64,111.04,0.0,147.0,83.7
2022,David Bell,00-0037257,WR,CLE,1,,21.4,33.4,45.4,,,,58.99,76.63,94.26,1.57,143.46,19.35
2022,Dameon Pierce,00-0037258,RB,HOU,1,,136.4,151.4,166.4,,,,94.55,112.67,120.78,26.25,207.41,19.35
2022,Jerome Ford,00-0037267,RB,CLE,1,,1.2,1.2,1.2,,,,25.02,27.05,29.56,0.33,84.37,19.35
2022,Jaylen Warren,00-0037228,RB,PIT,1,,65.3,79.3,93.3,,,,33.12,37.62,44.81,0.0,109.28,19.35
2022,Drake London,00-0037238,WR,ATL,1,,106.6,142.6,178.6,,,,72.39,82.06,99.65,0.94,141.31,19.35
2022,Jamal Agnew,00-0033572,WR,JAX,0,10.0,47.3,58.8,70.3,58.0,70.0,82.0,38.98,48.36,61.66,0.0,85.69,40.56
2022,Eric Saubert,00-0033576,TE,DEN,0,10.0,20.8,28.3,35.8,10.7,14.7,18.7,13.52,17.49,21.16,0.0,41.19,9.44
2022,James Conner,00-0033553,RB,ARI,0,15.0,154.2,177.2,200.2,220.7,239.2,257.7,175.57,196.74,221.58,48.59,238.98,141.67
2022,Mack Hollins,00-0033555,WR,LV,0,15.0,97.16,125.66,154.16,46.3,53.3,60.3,31.51,42.48,48.65,6.78,83.5,27.84
2022,Isaiah McKenzie,00-0033466,WR,BUF,0,15.0,77.8,98.8,119.8,34.5,44.5,54.5,62.36,81.46,100.71,8.83,119.77,33.61
2022,Samaje Perine,00-0033526,RB,CIN,0,15.0,104.1,123.1,142.1,56.2,69.7,83.2,64.04,69.68,78.21,8.33,115.99,38.36
2022,Mike Williams,00-0033536,WR,LAC,0,16.0,113.5,145.0,176.5,170.6,208.6,246.6,108.91,135.92,161.47,42.41,183.56,117.43
2022,Robert Tonyan,00-0033757,TE,GB,0,8.0,59.0,85.5,112.0,32.4,41.4,50.4,23.92,31.15,38.02,0.0,52.47,40.0
2022,Cooper Rush,00-0033662,QB,DAL,0,4.0,56.64,56.64,56.64,24.08,24.08,24.08,22.1,22.77,21.16,1.07,93.78,40.19
2022,Austin Ekeler,00-0033699,RB,LAC,0,16.0,265.7,319.2,372.7,273.8,308.8,343.8,186.47,214.49,234.67,0.0,274.56,208.33
2022,Noah Brown,00-0033591,WR,DAL,0,9.0,71.5,93.0,114.5,18.4,26.4,34.4,43.04,57.18,74.29,11.36,98.52,16.56
2022,Chris Olave,00-0037239,WR,NO,1,,126.2,162.2,198.2,,,,58.74,72.83,85.98,0.71,158.19,19.35
2022,George Pickens,00-0037247,WR,PIT,1,,114.5,140.5,166.5,,,,90.14,105.67,132.81,12.45,168.78,19.35
2022,James Cook,00-0037248,RB,BUF,1,,84.7,95.2,105.7,,,,53.43,61.99,71.33,1.71,122.61,19.35
2022,Zay Jones,00-0033891,WR,JAX,0,15.0,116.1,157.1,198.1,58.9,82.4,105.9,55.56,69.04,83.18,0.0,132.04,45.38
2022,Armani Rogers,00-0037168,TE,WAS,1,,9.0,11.5,14.0,,,,14.79,17.52,20.32,0.0,45.62,19.35
2022,O.J. Howard,00-0033879,TE,HOU,0,10.0,26.5,31.5,36.5,19.5,26.5,33.5,23.83,30.2,37.55,1.98,64.07,16.29
2022,Evan Engram,00-0033881,TE,JAX,0,15.0,103.9,140.4,176.9,56.5,79.5,102.5,47.52,63.07,81.25,19.3,128.19,36.76
2022,David Njoku,00-0033885,TE,CLE,0,15.0,84.0,113.0,142.0,71.6,89.6,107.6,59.42,77.86,93.9,17.37,120.07,43.4
2022,Mitchell Trubisky,00-0033869,QB,PIT,0,5.0,73.88,73.88,73.88,8.12,8.12,8.12,93.65,97.96,101.02,21.52,205.38,46.81
2022,Corey Davis,00-0033871,WR,NYJ,0,9.0,65.6,81.6,97.6,71.2,88.2,105.2,75.14,92.31,114.71,3.3,167.08,59.52
2022,Patrick Mahomes,00-0033873,QB,KC,0,17.0,416.4,416.9,417.4,361.66,361.66,361.66,274.57,268.04,262.21,86.29,357.33,186.78
2022,Dare Ogunbowale,00-0033854,RB,HOU,0,13.0,28.7,38.7,48.7,37.1,43.6,50.1,27.4,31.44,37.35,0.0,82.44,29.72
2022,Leonard Fournette,00-0033856,RB,TB,0,14.0,153.1,189.6,226.1,186.6,221.1,255.6,153.77,178.93,212.49,44.3,230.89,156.25
2022,JuJu Smith-Schuster,00-0033857,WR,KC,0,5.0,107.3,146.3,185.3,19.8,27.3,34.8,76.45,95.83,123.1,4.15,171.82,55.07
2022,Jonnu Smith,00-0033858,TE,NE,0,16.0,25.0,38.5,52.0,39.4,53.4,67.4,44.81,56.35,78.34,0.0,88.12,41.25
2022,Chris Godwin Jr.,00-0033921,WR,TB,0,14.0,118.8,170.8,222.8,144.4,193.4,242.4,124.56,162.27,206.82,33.05,233.57,125.63
2022,Kareem Hunt,00-0033923,RB,CLE,0,8.0,91.8,109.3,126.8,88.0,99.0,110.0,95.05,100.22,115.42,8.2,155.98,96.56
2022,D'Onta Foreman,00-0033925,RB,CAR,0,9.0,126.0,128.5,131.0,84.9,89.4,93.9,74.48,74.2,84.28,11.75,147.64,80.02
2022,Alvin Kamara,00-0033906,RB,NO,0,13.0,154.7,183.2,211.7,187.7,211.2,234.7,145.7,166.74,193.47,35.89,263.83,166.84
2022,Cooper Kupp,00-0033908,WR,LA,0,17.0,126.4,163.9,201.4,294.5,367.0,439.5,172.33,213.22,247.68,42.09,286.98,189.82
2022,Dalvin Cook,00-0033893,RB,MIN,0,13.0,198.8,218.3,237.8,172.3,189.3,206.3,188.3,199.12,213.86,42.22,277.91,169.29
2022,Gerald Everett,00-0033895,TE,LAC,0,15.0,81.5,110.5,139.5,69.8,93.8,117.8,61.63,80.41,97.7,23.98,115.21,54.24
2022,Joe Mixon,00-0033897,RB,CIN,0,16.0,179.5,209.5,239.5,245.9,266.9,287.9,178.05,197.58,214.33,39.68,245.47,162.91
2022,Isiah Pacheco,00-0037197,RB,KC,1,,122.0,128.5,135.0,,,,31.26,33.79,40.99,0.56,92.39,19.35
2022,Jake Tonges,00-0037112,TE,CHI,1,,0.0,0.0,0.0,,,,10.95,13.88,16.38,0.0,43.37,19.35
2022,Britain Covey,00-0037132,WR,PHI,1,,0.0,0.0,0.0,,,,2.98,3.54,3.79,0.0,16.89,19.35
2022,Dan Arnold,00-0034011,TE,JAX,0,11.0,13.5,18.0,22.5,40.8,58.3,75.8,40.54,52.58,66.37,0.0,78.67,32.75
2022,River Cracraft,00-0034054,WR,MIA,0,3.0,22.2,26.7,31.2,0.0,0.0,0.0,2.22,2.49,2.71,0.0,9.26,5.84
2022,Ross Dwelley,00-0034073,TE,SF,0,4.0,16.5,18.0,19.5,11.1,13.1,15.1,14.1,17.72,21.9,0.0,43.88,10.48
2022,Jamaal Williams,00-0033948,RB,DET,0,13.0,213.9,219.9,225.9,93.8,106.8,119.8,76.61,84.68,89.55,10.02,130.75,41.69
2022,Joshua Dobbs,00-0033949,QB,CLE,0,,20.84,20.84,20.84,,,,34.06,33.34,36.03,3.85,93.3,8.92
2022,Kenny Golladay,00-0033932,WR,NYG,0,14.0,14.1,17.1,20.1,52.1,70.6,89.1,66.75,87.14,105.01,7.82,153.95,34.04
2022,C.J. Beathard,00-0033936,QB,JAX,0,2.0,-1.0,-1.0,-1.0,1.52,1.52,1.52,23.12,24.37,24.69,0.0,86.88,6.84
2022,Josh Reynolds,00-0033943,WR,DET,0,11.0,65.9,84.9,103.9,51.6,66.1,80.6,54.47,66.43,83.81,7.91,117.15,37.14
2022,Mike Boone,00-0034208,RB,DEN,0,3.0,19.8,24.3,28.8,5.7,6.7,7.7,18.86,24.69,30.72,0.0,62.97,11.54
2022,Trenton Cannon,00-0034164,RB,TEN,0,10.0,0.0,0.0,0.0,0.4,0.4,0.4,13.24,16.89,16.64,0.0,22.49,10.2
2022,Will Dissly,00-0034159,TE,SEA,0,13.0,52.9,69.9,86.9,29.1,39.6,50.1,36.17,46.81,59.96,26.27,98.55,27.11
2022,Cam Sims,00-0034104,WR,WAS,0,12.0,8.9,12.9,16.9,33.8,41.3,48.8,35.44,46.96,57.09,0.0,84.92,25.74
2022,Jeff Wilson,00-0034115,RB,SF,0,8.0,136.5,147.5,158.5,44.5,48.0,51.5,58.41,67.75,73.16,0.0,126.81,38.98
2022,Equanimeous St. Brown,00-0034279,WR,CHI,0,12.0,43.7,54.2,64.7,11.2,15.7,20.2,45.2,57.52,69.78,11.0,116.25,14.07
2022,Richie James,00-0034286,WR,NYG,0,,81.5,110.0,138.5,,,,28.28,43.2,53.06,2.63,94.35,14.34
2022,Byron Pringle,00-0034297,WR,CHI,0,16.0,25.5,30.5,35.5,86.8,107.8,128.8,51.08,67.83,80.46,0.0,120.63,54.51
2022,Darrel Williams,00-0034301,RB,ARI,0,17.0,17.1,19.1,21.1,149.0,172.5,196.0,58.89,73.9,80.48,0.0,134.39,87.08
2022,Tyler Conklin,00-0034270,TE,NYJ,0,17.0,73.5,102.5,131.5,77.3,107.8,138.3,50.81,69.85,84.22,8.03,121.52,55.14
2022,Marquez Valdes-Scantling,00-0034272,WR,KC,0,11.0,80.4,101.4,122.4,61.0,74.0,87.0,68.72,83.52,99.71,15.23,151.13,46.44
2022,Trestan Ebner,00-0037087,RB,CHI,1,,4.2,5.2,6.2,,,,28.67,35.53,40.87,0.8,81.41,19.35
2022,Dareke Young,00-0037093,WR,SEA,1,,2.4,3.4,4.4,,,,11.73,14.75,17.6,0.0,53.71,19.35
2022,Dontrell Hilliard,00-0034253,RB,TEN,0,8.0,56.2,66.7,77.2,53.7,63.2,72.7,56.7,71.73,80.56,0.0,111.92,39.42
2022,Ian Thomas,00-0034365,TE,CAR,0,14.0,19.7,30.2,40.7,18.8,27.8,36.8,32.48,44.92,55.64,13.19,87.7,19.48
2022,Nyheim Hines,00-0034367,RB,IND,0,17.0,51.4,66.4,81.4,76.6,96.6,116.6,85.53,108.48,127.47,14.5,165.11,66.81
2022,Courtland Sutton,00-0034348,WR,DEN,0,17.0,95.4,127.4,159.4,92.24,121.24,150.24,78.9,100.61,124.08,13.0,178.44,68.25
2022,Dallas Goedert,00-0034351,TE,PHI,0,15.0,86.2,113.7,141.2,109.0,137.0,165.0,80.59,108.72,126.73,27.46,157.68,80.2
2022,Tre' McKitty,00-0037011,TE,LAC,0,6.0,7.2,12.2,17.2,4.5,7.5,10.5,21.06,24.74,30.93,4.52,58.55,10.69
2022,Trey Lance,00-0037012,QB,SF,0,6.0,12.46,12.46,12.46,64.92,64.92,64.92,162.42,167.49,173.06,50.66,256.29,75.52
2022,Javonte Williams,00-0036997,RB,DEN,0,17.0,26.0,34.0,42.0,161.9,183.4,204.9,157.33,185.41,202.23,48.0,244.46,136.36
2022,Anthony Schwartz,00-0036999,WR,CLE,0,13.0,14.8,16.8,18.8,23.4,28.4,33.4,42.88,57.72,63.26,1.39,106.92,27.51
2022,Hunter Long,00-0037004,TE,MIA,0,3.0,0.0,0.0,0.0,0.8,1.3,1.8,18.12,23.43,27.97,0.37,54.15,8.17
2022,Tommy Tremble,00-0037005,TE,CAR,0,15.0,35.4,44.9,54.4,33.1,43.1,53.1,63.63,85.51,102.21,22.39,128.9,35.86
2022,Justin Jackson,00-0034440,RB,DET,0,14.0,39.1,45.1,51.1,64.2,75.2,86.2,37.75,45.76,49.63,0.04,82.32,44.23
2022,Amon-Ra St. Brown,00-0036963,WR,DET,0,16.0,161.6,214.6,267.6,137.3,182.3,227.3,136.84,181.1,216.62,38.1,231.74,142.44
2022,Boston Scott,00-0034414,RB,PHI,0,11.0,41.2,43.7,46.2,85.6,92.1,98.6,69.77,76.14,81.51,5.98,135.31,47.51
2022,Cedrick Wilson Jr.,00-0034418,WR,MIA,0,14.0,14.4,20.4,26.4,102.82,125.32,147.82,68.45,89.26,108.8,12.97,139.89,70.48
2022,Braxton Berrios,00-0034419,WR,NYJ,0,16.0,39.68,48.68,57.68,75.1,98.1,121.1,64.65,83.82,110.81,13.81,149.87,54.76
2022,Mike White,00-0034401,QB,NYJ,0,4.0,56.58,56.58,56.58,44.02,44.02,44.02,42.09,42.5,43.01,0.76,106.45,49.35
2022,Ray-Ray McCloud,00-0034407,WR,SF,0,16.0,44.1,51.1,58.1,29.2,48.7,68.2,48.72,60.06,68.1,2.83,98.97,29.08
2022,Russell Gage,00-0034411,WR,TB,0,13.0,72.6,98.1,123.6,97.0,130.0,163.0,79.24,112.51,143.75,39.91,167.38,72.53
2022,Dalton Schultz,00-0034383,TE,DAL,0,17.0,85.7,114.2,142.7,130.8,169.8,208.8,93.49,119.43,146.08,53.23,178.55,96.06
2022,Justin Watson,00-0034386,WR,KC,0,,43.5,51.0,58.5,,,,11.37,13.44,18.4,0.0,55.07,10.14
2022,Trent Sherfield,00-0034487,WR,MIA,0,12.0,53.7,68.7,83.7,14.7,19.2,23.7,24.09,30.69,36.63,0.0,64.26,12.18
2022,Josh Palmer,00-0036988,WR,LAC,0,15.0,97.3,133.3,169.3,59.9,76.4,92.9,66.57,82.28,99.51,5.36,129.97,60.67
2022,Amari Rodgers,00-0036991,WR,GB,0,16.0,27.1,35.1,43.1,5.6,7.6,9.6,42.33,50.93,62.89,1.28,90.81,18.78
2022,Elijah Moore,00-0036980,WR,NYJ,0,11.0,51.1,69.6,88.1,95.2,116.7,138.2,108.1,138.71,167.88,10.82,207.54,87.82
2022,Kyle Pitts,00-0036970,TE,ATL,0,17.0,47.6,61.6,75.6,108.6,142.6,176.6,115.86,149.48,178.22,27.91,190.99,115.88
2022,Trevor Lawrence,00-0036971,QB,JAX,0,17.0,295.62,295.62,295.62,199.04,199.04,199.04,237.82,242.05,238.16,128.33,297.54,174.25
2022,Mac Jones,00-0036972,QB,NE,0,17.0,170.08,170.08,170.08,224.94,224.94,224.94,227.15,227.81,225.51,142.84,281.44,219.11
2022,Travis Etienne,00-0036973,RB,JAX,0,,170.1,187.6,205.1,,,,112.64,125.48,141.03,4.63,182.73,19.35
2022,Chase Edmonds,00-0034681,RB,MIA,0,12.0,58.2,66.2,74.2,100.3,121.8,143.3,111.06,127.24,141.18,17.77,171.44,74.27
2022,Tanner Hudson,00-0034613,TE,NYG,0,,13.2,18.2,23.2,,,,4.12,5.2,5.96,0.0,19.38,9.63
2022,Brandon Powell,00-0034646,WR,LA,0,6.0,23.6,35.6,47.6,6.0,6.0,6.0,14.39,19.64,23.68,0.0,69.04,9.05
2022,Christian Kirk,00-0034775,WR,JAX,0,17.0,157.9,199.9,241.9,130.62,169.12,207.62,110.06,133.68,157.7,16.07,183.44,105.58
2022,DJ Chark,00-0034777,WR,DET,0,3.0,68.2,83.2,98.2,27.4,30.9,34.4,70.81,81.75,92.0,7.51,161.29,34.06
2022,Rashaad Penny,00-0034750,RB,SEA,0,10.0,48.2,50.2,52.2,115.7,118.7,121.7,134.36,135.28,143.81,38.65,235.45,104.66
2022,Mark Andrews,00-0034753,TE,BAL,0,17.0,117.5,154.0,190.5,194.1,247.6,301.1,140.69,175.16,221.6,59.33,252.96,128.08
2022,Justin Fields,00-0036945,QB,CHI,0,12.0,295.98,295.98,295.98,126.8,126.8,126.8,173.75,173.04,167.2,82.31,271.71,76.05
2022,Avery Williams,00-0036950,RB,ATL,0,15.0,23.0,29.5,36.0,0.0,0.0,0.0,25.93,34.26,38.75,0.0,80.67,12.69
2022,Terrace Marshall Jr.,00-0036955,WR,CAR,0,12.0,55.0,69.0,83.0,15.8,24.3,32.8,32.64,42.94,47.67,0.0,93.24,23.5
2022,Saquon Barkley,00-0034844,RB,NYG,0,13.0,227.0,255.5,284.0,107.6,128.1,148.6,132.86,146.46,164.3,31.27,229.53,66.74
2022,Sony Michel,00-0034845,RB,LAC,0,17.0,15.9,20.4,24.9,125.3,135.8,146.3,46.25,57.94,61.05,6.07,121.62,61.22
2022,DJ Moore,00-0034827,WR,CAR,0,17.0,136.1,167.6,199.1,144.5,191.0,237.5,123.99,150.61,179.33,22.36,222.85,131.09
2022,Mike Gesicki,00-0034829,TE,MIA,0,17.0,66.2,82.2,98.2,92.0,128.5,165.0,75.51,96.54,118.74,29.03,165.0,79.64
2022,Hayden Hurst,00-0034830,TE,CIN,0,12.0,53.4,79.4,105.4,38.1,51.1,64.1,53.76,75.26,95.33,23.82,124.51,32.4
2022,Durham Smythe,00-0034798,TE,MIA,0,16.0,25.0,32.5,40.0,36.0,53.0,70.0,30.47,43.61,53.82,8.38,72.65,31.16
2022,Nick Chubb,00-0034791,RB,CLE,0,14.0,254.4,267.9,281.4,195.3,205.3,215.3,159.18,166.88,184.02,34.26,242.97,122.23
2022,Lamar Jackson,00-0034796,QB,BAL,0,12.0,236.08,236.08,236.08,239.98,239.98,239.98,271.99,280.59,286.11,115.87,343.34,189.15
2022,Justice Hill,00-0034975,RB,BAL,0,,30.0,36.0,42.0,,,,35.12,40.25,44.84,4.88,90.51,10.14
2022,Najee Harris,00-0036893,RB,PIT,0,17.0,184.46,204.96,225.46,226.7,263.7,300.7,168.79,184.34,210.52,45.48,273.69,180.13
2022,Pat Freiermuth,00-0036894,TE,PIT,0,16.0,85.2,116.7,148.2,91.7,121.7,151.7,81.09,111.13,137.73,31.02,170.81,73.77
2022,Davis Mills,00-0036898,QB,HOU,0,13.0,181.52,181.52,181.52,156.96,156.96,156.96,171.73,173.13,180.7,107.1,257.21,108.72
2022,Andrew Beck,00-0034959,TE,DEN,0,,0.0,0.0,0.0,,,,1.36,1.83,1.94,0.0,8.16,19.35
2022,Jakobi Meyers,00-0034960,WR,NE,0,16.0,115.3,148.8,182.3,103.3,144.8,186.3,100.72,126.27,163.43,0.07,212.48,78.51
2022,Irv Smith,00-0034970,TE,MIN,0,,30.2,42.7,55.2,,,,80.17,103.14,122.35,20.52,143.62,28.95
2022,Alexander Mattison,00-0034972,RB,MIN,0,16.0,73.4,80.9,88.4,93.9,109.9,125.9,78.73,89.16,102.17,10.34,150.1,60.14
2022,John Wolford,00-0034899,QB,LA,0,2.0,14.8,14.8,14.8,-1.9,-1.9,-1.9,12.23,13.32,13.18,0.37,73.29,12.18
2022,Brett Rypien,00-0034955,QB,DEN,0,1.0,18.02,18.02,18.02,0.0,0.0,0.0,10.84,12.72,12.75,0.2,70.28,6.14
2022,KhaDarel Hodge,00-0034854,WR,ATL,0,12.0,28.2,34.7,41.2,17.7,24.2,30.7,32.76,44.14,53.9,0.0,106.29,16.38
2022,Baker Mayfield,00-0034855,QB,CAR,0,14.0,121.42,121.42,121.42,180.9,180.9,180.9,192.78,187.4,181.02,81.75,253.94,164.88
2022,Josh Allen,00-0034857,QB,BUF,0,17.0,395.52,395.52,395.52,402.58,402.58,402.58,280.52,276.53,269.85,136.62,385.27,242.84
2022,Dante Pettis,00-0034860,WR,CHI,0,3.0,46.2,55.7,65.2,15.34,20.34,25.34,23.99,32.74,39.2,0.2,87.6,11.52
2022,Malik Turner,00-0034867,WR,SF,0,7.0,0.0,0.0,0.0,32.9,38.9,44.9,8.86,12.92,15.51,0.0,40.47,16.81
2022,Ashton Dulin,00-0035021,WR,IND,0,16.0,27.5,35.0,42.5,32.5,39.0,45.5,35.37,44.28,50.87,0.0,78.69,26.75
2022,Penny Hart,00-0035022,WR,SEA,0,11.0,2.0,3.5,5.0,5.9,9.4,12.9,14.34,18.42,25.33,0.0,42.65,8.54
2022,Foster Moreau,00-0034981,TE,LV,0,15.0,54.2,70.7,87.2,55.3,70.3,85.3,37.5,50.18,61.46,7.69,89.67,29.24
2022,Hunter Renfrow,00-0034983,WR,LV,0,17.0,43.0,61.0,79.0,156.1,207.6,259.1,116.39,153.84,200.63,52.31,213.88,108.36
2022,Kenny Gainwell,00-0036919,RB,PHI,0,16.0,64.9,76.4,87.9,90.4,106.9,123.4,67.12,79.37,87.73,4.88,129.42,80.94
2022,Michael Carter,00-0036924,RB,NYJ,0,14.0,85.0,105.5,126.0,118.4,136.4,154.4,101.47,118.84,138.28,34.47,212.33,94.5
2022,Ja'Marr Chase,00-0036900,WR,CIN,0,17.0,155.4,198.9,242.4,223.6,264.1,304.6,203.74,245.75,282.05,27.71,303.3,178.43
2022,Khalil Herbert,00-0036906,RB,CHI,0,16.0,108.8,113.3,117.8,64.9,71.9,78.9,77.77,94.17,103.56,9.72,131.23,68.15
2022,DeVonta Smith,00-0036912,WR,PHI,0,17.0,161.6,209.1,256.6,121.6,153.6,185.6,119.22,151.31,186.9,21.31,204.1,105.27
2022,Kadarius Toney,00-0036913,WR,NYG,0,9.0,43.3,51.3,59.3,43.36,62.86,82.36,72.87,98.33,127.58,20.48,184.68,48.96
2022,Olamide Zaccheaus,00-0035208,WR,ATL,0,15.0,70.0,90.0,110.0,58.8,74.3,89.8,56.07,70.87,82.87,0.0,138.32,37.29
2022,Chris Evans,00-0036857,RB,CIN,0,9.0,9.8,11.3,12.8,34.8,42.3,49.8,36.7,43.43,49.82,4.43,89.97,34.15
2022,Trace McSorley,00-0035146,QB,ARI,0,,8.58,8.58,8.58,,,,27.53,30.53,34.56,0.85,86.24,9.88
2022,Alec Ingold,00-0035125,RB,MIA,0,,0.0,0.0,0.0,,,,0.96,0.86,1.47,0.0,5.14,19.35
2022,Mecole Hardman,00-0035140,WR,KC,0,17.0,68.8,81.3,93.8,81.9,111.4,140.9,86.19,106.15,132.69,10.46,163.07,71.77
2022,Khari Blasingame,00-0035099,RB,CHI,0,,0.0,0.0,0.0,,,,1.75,2.12,2.36,0.0,6.72,19.35
2022,Deonte Harty,00-0035215,WR,NO,0,13.0,1.3,2.3,3.3,79.1,97.1,115.1,36.28,45.89,64.13,0.0,102.61,52.74
2022,Diontae Johnson,00-0035216,WR,PIT,0,16.0,94.7,137.7,180.7,167.4,220.9,274.4,104.7,135.66,173.3,41.43,229.26,140.97
2022,Benny Snell,00-0035217,RB,PIT,0,16.0,16.7,17.7,18.7,11.1,12.1,13.1,40.73,45.91,45.5,3.06,102.91,23.43
2022,Zach Gentry,00-0035222,TE,PIT,0,10.0,13.2,22.7,32.2,16.7,26.2,35.7,18.76,29.58,33.91,4.07,64.02,24.12
2022,Kyler Murray,00-0035228,QB,ARI,0,14.0,200.52,200.52,200.52,300.48,300.48,300.48,282.85,286.77,285.44,91.08,362.39,310.84
2022,T.J. Hockenson,00-0035229,TE,DET,0,12.0,131.4,174.4,217.4,84.3,114.8,145.3,77.8,100.07,129.95,18.68,152.79,60.0
2022,Rhamondre Stevenson,00-0036875,RB,NE,0,12.0,180.1,214.6,249.1,100.9,107.9,114.9,106.03,117.91,133.64,20.48,189.3,74.43
2022,Kylen Granson,00-0036876,TE,IND,0,10.0,30.2,45.7,61.2,10.6,16.1,21.6,42.36,56.6,74.23,12.46,105.94,18.43
2022,Jaelon Darden,00-0036877,WR,TB,0,9.0,2.8,3.8,4.8,5.4,8.4,11.4,25.92,34.28,45.27,0.21,88.66,13.93
2022,Luke Farrell,00-0036887,TE,JAX,0,8.0,4.0,6.0,8.0,5.6,9.1,12.6,16.56,19.81,25.77,4.2,52.55,11.48
2022,Jake Funk,00-0036860,RB,LA,0,5.0,0.0,0.0,0.0,0.5,0.5,0.5,24.8,27.76,32.96,1.71,74.79,8.27
2022,Ben Skowronek,00-0036862,WR,LA,0,12.0,45.3,64.8,84.3,13.3,18.8,24.3,39.11,50.47,65.45,7.28,108.36,18.57
2022,Gardner Minshew,00-0035289,QB,PHI,0,3.0,36.82,36.82,36.82,33.66,33.66,33.66,49.02,43.62,41.69,0.66,160.71,56.04
2022,Tony Pollard,00-0035261,RB,DAL,0,15.0,209.8,229.3,248.8,123.6,143.1,162.6,96.99,113.87,131.06,12.15,152.77,92.95
2022,Jarrett Stidham,00-0035264,QB,LV,0,,42.64,42.64,42.64,,,,13.6,14.88,14.92,0.0,77.86,10.75
2022,Miles Sanders,00-0035243,RB,PHI,0,12.0,196.7,206.7,216.7,91.2,104.2,117.2,111.48,119.68,132.15,31.23,194.48,82.93
2022,Josh Oliver,00-0035249,TE,BAL,0,11.0,26.9,33.9,40.9,6.6,11.1,15.6,29.39,36.8,47.48,4.33,79.09,14.54
2022,Devin Singletary,00-0035250,RB,BUF,0,17.0,139.9,158.9,177.9,157.8,177.8,197.8,128.67,144.62,153.72,47.96,209.37,108.88
2022,Dax Milne,00-0036671,WR,WAS,0,9.0,9.7,12.7,15.7,6.4,10.9,15.4,23.37,32.97,41.63,0.77,96.75,14.59
2022,Tory Carter,00-0036691,RB,TEN,0,,0.0,0.0,0.0,,,,6.2,7.63,8.92,0.0,23.07,19.35
2022,Adam Prentice,00-0036727,RB,NO,0,,0.0,0.0,0.0,,,,1.79,1.83,2.24,0.0,5.15,19.35
2022,Jack Stoll,00-0036741,TE,PHI,0,6.0,12.3,17.8,23.3,2.2,4.2,6.2,19.4,25.51,30.58,0.0,63.34,8.17
2022,Brock Wright,00-0036754,TE,DET,0,8.0,45.6,54.6,63.6,23.7,29.7,35.7,23.96,31.11,36.41,0.0,68.68,22.91
2022,David Sills,00-0035359,WR,NYG,0,4.0,10.6,16.1,21.6,1.7,2.7,3.7,17.81,23.6,30.26,0.0,54.27,8.46
2022,Myles Gaskin,00-0035311,RB,MIA,0,17.0,5.4,7.4,9.4,124.6,149.1,173.6,79.58,97.46,111.59,14.03,150.86,92.72
2022,Chris Myarick,00-0035345,TE,NYG,0,4.0,12.5,16.0,19.5,7.7,9.2,10.7,24.81,32.22,37.96,0.0,74.2,12.25
2022,Feleipe Franks,00-0036825,QB,ATL,0,4.0,0.0,0.0,0.0,-1.4,-1.4,-1.4,19.93,20.76,20.32,0.0,56.57,17.0
2022,Kene Nwangwu,00-0036842,RB,MIN,0,9.0,9.5,10.5,11.5,19.0,21.0,23.0,24.85,27.86,33.47,2.63,59.55,21.16
2022,Tutu Atwell,00-0036849,WR,LA,0,6.0,45.2,54.2,63.2,0.0,0.0,0.0,31.67,41.03,51.67,0.47,98.49,8.03
2022,Tommy Sweeney,00-0035308,TE,BUF,0,7.0,0.7,1.2,1.7,10.4,14.9,19.4,13.33,16.71,21.73,1.15,33.06,13.22
2022,Jalen Guyton,00-0035414,WR,LAC,0,16.0,6.4,7.4,8.4,66.2,81.7,97.2,55.43,66.67,80.4,0.0,102.9,54.77
2022,Tyron Johnson,00-0035457,WR,LV,0,7.0,0.8,1.3,1.8,1.6,2.6,3.6,20.58,24.57,27.27,0.0,56.18,7.43
2022,Greg Dortch,00-0035500,WR,ARI,0,5.0,63.1,89.1,115.1,3.9,5.4,6.9,27.76,34.36,37.99,0.0,71.0,11.03
2022,Jeff Smith,00-0035510,WR,NYJ,0,9.0,13.4,17.4,21.4,11.2,15.2,19.2,22.01,28.93,37.9,0.0,78.74,12.12
2022,Stanley Morgan,00-0035399,WR,CIN,0,11.0,0.0,0.0,0.0,1.4,2.4,3.4,14.21,16.98,19.79,0.0,61.5,4.21
2022,Lil'Jordan Humphrey,00-0035406,WR,NE,0,8.0,2.0,3.0,4.0,36.9,43.4,49.9,13.02,17.65,20.47,0.0,32.11,24.69
2022,Demetric Felton,00-0036654,RB,CLE,0,15.0,0.4,1.4,2.4,32.5,41.5,50.5,34.57,42.57,52.53,4.99,84.5,35.17
2022,Ihmir Smith-Marsette,00-0036635,WR,CHI,0,6.0,-0.6,-0.1,0.4,23.6,26.1,28.6,22.17,29.44,38.65,1.76,90.6,22.99
2022,Noah Gray,00-0036637,TE,KC,0,7.0,42.0,56.0,70.0,9.6,13.1,16.6,30.54,42.65,49.7,5.1,83.96,13.5
2022,Simi Fehoko,00-0036646,WR,DAL,0,,2.4,3.9,5.4,,,,20.39,25.18,30.82,0.79,81.37,19.35
2022,Jaylen Waddle,00-0036613,WR,MIA,0,16.0,184.2,221.7,259.2,143.8,195.8,247.8,144.66,187.65,232.21,48.46,223.42,151.04
2022,Dee Eskridge,00-0036620,WR,SEA,0,8.0,6.8,10.3,13.8,18.3,23.3,28.3,47.18,58.53,69.21,1.0,116.33,19.51
2022,Drew Sample,00-0035631,TE,CIN,0,10.0,-0.2,0.8,1.8,8.1,13.6,19.1,22.47,28.91,36.19,5.22,72.08,15.01
2022,Parker Hesse,00-0035572,TE,ATL,0,4.0,8.9,13.4,17.9,4.3,6.8,9.3,22.83,29.23,34.93,0.0,80.25,10.69
2022,Juwann Winfree,00-0035593,WR,GB,0,5.0,1.7,2.2,2.7,3.8,7.8,11.8,23.78,30.09,39.1,3.81,81.75,9.69
2022,Travis Homer,00-0035594,RB,SEA,0,14.0,27.1,35.1,43.1,45.8,53.8,61.8,42.07,50.87,54.85,2.95,93.08,36.91
2022,Andy Isabella,00-0035527,WR,ARI,0,3.0,2.2,3.2,4.2,1.3,1.8,2.3,22.67,30.22,36.23,0.49,83.28,6.27
2022,Ty Johnson,00-0035537,RB,NYJ,0,15.0,30.8,36.8,42.8,83.0,100.0,117.0,45.1,54.2,66.51,8.93,107.43,54.56
2022,Joseph Fortson,00-0035547,TE,KC,0,4.0,22.8,27.3,31.8,16.7,19.2,21.7,21.29,27.98,32.75,0.0,61.62,15.42
2022,Jesper Horsted,00-0035562,TE,LV,0,4.0,1.9,3.4,4.9,14.1,15.1,16.1,18.2,26.0,32.49,0.0,50.4,14.01
2022,Craig Reynolds,00-0035567,RB,DET,0,5.0,21.8,26.3,30.8,28.2,31.7,35.2,37.36,43.42,46.88,0.0,87.54,44.02
2022,Damien Harris,00-0035657,RB,NE,0,15.0,73.9,82.4,90.9,192.1,201.1,210.1,138.51,139.79,150.37,30.49,204.97,135.05
2022,Terry McLaurin,00-0035659,WR,WAS,0,17.0,152.0,190.5,229.0,136.5,175.0,213.5,101.17,128.69,153.45,41.94,208.58,107.9
2022,Marquise Brown,00-0035662,WR,ARI,0,16.0,89.0,122.5,156.0,137.3,182.8,228.3,122.79,152.11,177.84,25.79,205.68,115.2
2022,Darrell Henderson,00-0035664,RB,LA,0,12.0,56.5,65.0,73.5,134.4,148.9,163.4,129.11,143.57,158.35,27.14,195.64,108.99
2022,Noah Fant,00-0035644,TE,SEA,0,16.0,72.6,97.6,122.6,91.0,125.0,159.0,76.13,94.57,126.42,10.87,143.45,73.03
2022,Gunner Olszewski,00-0035645,WR,PIT,0,16.0,9.2,11.7,14.2,4.0,5.0,6.0,17.91,21.56,28.01,0.0,59.36,10.73
2022,Tylan Wallace,00-0036630,WR,BAL,0,10.0,3.3,5.3,7.3,2.3,3.3,4.3,23.32,28.87,37.98,0.1,75.77,10.67
2022,Parris Campbell,00-0035639,WR,IND,0,6.0,86.1,117.6,149.1,22.2,27.2,32.2,50.8,66.57,77.92,11.48,132.11,17.46
2022,DK Metcalf,00-0035640,WR,SEA,0,17.0,136.8,181.8,226.8,169.3,206.8,244.3,137.51,174.09,211.25,32.6,240.6,129.5
2022,Dyami Brown,00-0036626,WR,WAS,0,10.0,27.8,30.3,32.8,16.1,22.1,28.1,39.21,49.98,61.15,1.3,110.03,19.49
2022,John Bates,00-0036628,TE,WAS,0,12.0,16.8,23.8,30.8,30.9,40.9,50.9,26.75,39.68,46.47,8.49,76.73,31.25
2022,Miles Boykin,00-0035703,WR,PIT,0,1.0,1.1,2.1,3.1,0.6,1.1,1.6,19.68,24.6,27.4,0.83,87.19,8.89
2022,Drew Lock,00-0035704,QB,SEA,0,6.0,0.0,0.0,0.0,50.88,51.38,51.88,60.05,53.93,53.6,3.76,127.45,43.45
2022,Daniel Jones,00-0035710,QB,NYG,0,11.0,289.0,289.0,289.0,166.52,167.02,167.52,154.69,174.98,178.37,93.63,260.34,105.76
2022,Dawson Knox,00-0035689,TE,BUF,0,15.0,87.7,111.7,135.7,115.1,139.6,164.1,79.74,104.8,125.53,43.0,164.4,73.85
2022,Josh Jacobs,00-0035700,RB,LV,0,15.0,275.3,301.8,328.3,172.0,199.0,226.0,146.26,166.15,181.26,47.94,221.93,140.14
2022,David Montgomery,00-0035685,RB,CHI,0,13.0,143.7,160.7,177.7,153.0,174.0,195.0,148.64,163.33,185.34,46.96,235.22,121.73
2022,A.J. Brown,00-0035676,WR,PHI,0,13.0,211.6,255.6,299.6,117.9,149.4,180.9,137.87,172.11,207.91,20.53,259.49,142.48
2022,Elijah Mitchell,00-0036567,RB,SF,0,11.0,40.6,42.1,43.6,146.0,155.5,165.0,136.11,150.48,164.5,29.1,238.43,116.86
2022,Gary Brightwell,00-0036569,RB,NYG,0,7.0,24.0,26.5,29.0,1.0,1.5,2.0,31.13,37.7,42.08,2.56,88.9,8.47
2022,Shi Smith,00-0036572,WR,CAR,0,5.0,39.6,50.6,61.6,10.1,13.1,16.1,28.64,37.8,46.73,0.8,85.02,16.72
2022,Tony Jones,00-0035860,RB,NO,0,10.0,5.4,7.9,10.4,17.1,19.6,22.1,26.17,30.63,33.34,0.0,82.25,17.64
2022,Rashod Bateman,00-0036550,WR,BAL,0,12.0,38.5,46.0,53.5,57.5,80.5,103.5,94.41,118.27,148.77,8.32,183.06,58.94
2022,Nico Collins,00-0036554,WR,HOU,0,14.0,60.1,78.6,97.1,50.6,67.1,83.6,68.99,89.76,110.19,10.39,156.37,43.63
2022,Chuba Hubbard,00-0036555,RB,CAR,0,16.0,75.7,82.7,89.7,112.6,125.1,137.6,48.8,57.18,64.29,4.74,130.6,90.46
2022,Brevin Jordan,00-0036556,TE,HOU,0,8.0,12.8,19.8,26.8,35.8,45.8,55.8,45.5,61.84,81.78,4.31,98.92,30.98
2022,JaMycal Hasty,00-0035806,RB,JAX,0,11.0,50.0,60.0,70.0,28.5,40.0,51.5,31.92,39.73,48.59,0.0,85.72,25.91
2022,Ben Ellefson,00-0035823,TE,MIN,0,3.0,2.6,4.1,5.6,0.0,0.0,0.0,14.46,16.94,19.3,0.0,32.3,5.0
2022,James Robinson,00-0035831,RB,JAX,0,14.0,77.6,83.1,88.6,142.9,158.4,173.9,137.36,154.16,161.15,0.0,228.91,123.05
2022,Deebo Samuel Sr.,00-0035719,WR,SF,0,16.0,112.4,140.4,168.4,261.96,300.46,338.96,209.03,245.94,281.2,47.11,308.41,185.97
2022,Jakob Johnson,00-0035726,RB,LV,0,6.0,1.0,3.5,6.0,4.3,6.3,8.3,2.45,3.87,4.5,0.0,9.68,6.89
2022,Mitchell Wilcox,00-0035771,TE,CIN,0,4.0,19.9,28.4,36.9,1.6,3.1,4.6,9.68,12.3,15.92,0.0,29.84,8.17
2022,DJ Turner,00-0036527,WR,LV,0,,2.6,2.6,2.6,,,,19.38,24.97,28.83,0.0,77.82,19.35
2022,Shane Zylstra,00-0036534,TE,DET,0,3.0,30.0,35.5,41.0,3.4,4.9,6.4,14.9,18.82,22.87,0.0,43.54,9.68
2022,Cam Akers,00-0036414,RB,LA,0,1.0,128.3,134.8,141.3,1.3,2.8,4.3,83.81,89.26,101.49,5.99,159.87,25.2
2022,Mike Strachan,00-0036482,WR,IND,0,2.0,5.9,7.4,8.9,2.6,3.6,4.6,21.06,25.15,32.37,0.0,73.47,8.17
2022,Deon Jackson,00-0036493,RB,IND,0,3.0,54.5,69.5,84.5,9.1,9.1,9.1,27.03,33.09,37.22,0.0,76.03,16.08
2022,Tim Jones,00-0036497,WR,JAX,0,,3.0,4.5,6.0,,,,19.7,25.22,30.96,0.0,76.79,19.35
2022,Giovanni Ricci,00-0035956,TE,CAR,0,8.0,10.0,14.0,18.0,0.0,0.0,0.0,16.94,20.79,26.14,0.0,55.97,8.17
2022,Andre Baccellia,00-0035876,WR,ARI,0,,4.5,8.0,11.5,,,,2.63,3.08,3.23,0.0,11.75,19.35
2022,Jonathan Ward,00-0035924,RB,ARI,0,9.0,3.2,4.2,5.2,6.7,8.2,9.7,24.34,28.46,31.6,0.0,68.55,12.75
2022,Juwan Johnson,00-0036040,TE,NO,0,13.0,92.8,113.8,134.8,39.9,46.4,52.9,34.36,44.84,54.44,0.0,72.81,25.66
2022,Tyler Huntley,00-0035993,QB,BAL,0,7.0,50.02,50.02,50.02,82.64,82.64,82.64,37.88,37.76,42.8,2.03,138.28,52.92
2022,Noah Togiai,00-0036005,TE,PHI,0,1.0,0.0,0.0,0.0,0.0,0.0,0.0,2.24,3.09,3.53,0.0,8.7,2.84
2022,Charlie Woerner,00-0036429,TE,SF,0,8.0,0.0,0.0,0.0,5.2,7.7,10.2,13.59,16.92,19.27,4.54,54.83,7.73
2022,Tyrie Cleveland,00-0036439,WR,DEN,0,4.0,2.8,3.8,4.8,0.0,0.0,0.0,15.61,18.01,20.67,1.44,59.09,5.73
2022,Joe Burrow,00-0036442,QB,CIN,0,16.0,350.7,350.7,350.7,314.24,314.24,314.24,266.74,271.93,265.52,138.83,342.86,186.37
2022,Adam Trautman,00-0036422,TE,NO,0,11.0,26.7,35.7,44.7,36.3,49.8,63.3,47.39,62.11,75.41,0.0,105.6,29.31
2022,Albert Okwuegbunam,00-0036423,TE,DEN,0,14.0,15.5,20.5,25.5,43.0,59.5,76.0,55.98,73.87,94.76,21.67,132.37,29.41
2022,Brycen Hopkins,00-0036424,TE,LA,0,1.0,10.9,14.4,17.9,0.9,1.4,1.9,22.34,30.44,38.07,1.23,65.63,8.22
2022,DeeJay Dallas,00-0036425,RB,SEA,0,17.0,29.2,37.7,46.2,39.1,49.6,60.1,38.16,47.84,52.27,1.73,89.87,32.24
2022,James Proche,00-0036133,WR,BAL,0,7.0,4.2,8.2,12.2,20.2,28.2,36.2,31.89,41.72,49.57,2.68,94.39,12.23
2022,Rico Dowdle,00-0036139,RB,DAL,0,,0.0,0.0,0.0,,,,16.52,19.26,20.67,0.0,59.0,9.17
2022,Lawrence Cager,00-0036145,WR,NYJ,0,,17.8,24.3,30.8,,,,8.52,11.03,12.4,0.0,52.1,9.63
2022,Jerry Jeudy,00-0036407,WR,DEN,0,10.0,137.2,170.7,204.2,47.0,66.0,85.0,82.86,109.13,135.48,10.1,177.43,44.98
2022,Tee Higgins,00-0036410,WR,CIN,0,14.0,146.9,183.9,220.9,145.1,182.1,219.1,151.5,193.66,235.19,37.42,231.33,118.22
2022,KJ Hamler,00-0036412,WR,DEN,0,3.0,18.8,22.3,25.8,7.4,9.9,12.4,60.46,79.42,97.75,5.83,124.06,11.63
2022,Eno Benjamin,00-0036383,RB,ARI,0,8.0,64.6,77.1,89.6,22.0,25.0,28.0,63.71,75.99,85.86,5.37,132.15,32.74
2022,Jalen Reagor,00-0036387,WR,MIN,0,17.0,18.9,22.9,26.9,45.1,61.6,78.1,63.08,76.89,101.1,1.69,134.85,33.62
2022,Jalen Hurts,00-0036389,QB,PHI,0,15.0,378.04,378.04,378.04,312.16,312.16,312.16,243.48,246.34,245.69,93.7,300.9,217.86
2022,Jonathan Taylor,00-0036223,RB,IND,0,17.0,118.4,132.4,146.4,333.1,353.1,373.1,230.53,250.74,280.73,47.59,337.63,182.71
2022,K.J. Osborn,00-0036345,WR,MIN,0,17.0,95.6,125.6,155.6,108.5,133.5,158.5,60.95,79.83,98.79,9.07,141.85,68.48
2022,Tua Tagovailoa,00-0036212,QB,MIA,0,13.0,230.92,230.92,230.92,180.92,180.92,180.92,176.82,182.24,180.26,73.23,237.5,127.45
2022,Marquez Callaway,00-0036219,WR,NO,0,17.0,21.8,29.8,37.8,105.8,128.8,151.8,54.26,68.04,83.24,0.0,142.52,65.22
2022,Nick Westbrook-Ikhine,00-0036182,WR,TEN,0,15.0,57.7,70.2,82.7,69.6,88.6,107.6,49.2,62.96,79.22,0.0,130.18,41.59
2022,Reggie Gilliam,00-0036187,RB,BUF,0,8.0,12.9,16.9,20.9,2.6,4.1,5.6,6.25,6.39,7.61,0.0,12.82,9.44
2022,Gabe Davis,00-0036196,WR,BUF,0,15.0,123.6,147.6,171.6,90.9,108.4,125.9,89.22,111.81,132.68,11.96,163.28,61.72
2022,Colby Parkinson,00-0036244,TE,SEA,0,5.0,44.2,56.7,69.2,3.3,5.8,8.3,18.09,23.8,29.67,0.87,48.85,5.3
2022,Tyler Davis,00-0036250,TE,GB,0,8.0,2.6,4.6,6.6,3.5,5.5,7.5,9.42,12.88,16.17,1.71,38.67,3.31
2022,Zack Moss,00-0036251,RB,BUF,0,13.0,53.5,59.0,64.5,82.2,93.7,105.2,73.14,83.86,92.3,10.01,140.49,35.58
2022,Michael Pittman,00-0036252,WR,IND,0,17.0,117.5,167.0,216.5,150.6,194.6,238.6,136.43,170.12,209.67,37.74,212.35,117.88
2022,Harrison Bryant,00-0036232,TE,CLE,0,15.0,30.7,46.2,61.7,41.3,51.8,62.3,46.47,60.76,83.14,9.06,111.95,28.3
2022,Donovan Peoples-Jones,00-0036233,WR,CLE,0,13.0,106.1,136.6,167.1,75.7,92.7,109.7,75.97,95.18,116.65,13.75,160.91,50.01
2022,Bryan Edwards,00-0036365,WR,ATL,0,16.0,1.5,3.0,4.5,75.1,92.1,109.1,46.81,56.18,69.23,3.37,123.35,45.12
2022,Joshua Kelley,00-0036370,RB,LAC,0,8.0,50.8,57.8,64.8,12.0,14.5,17.0,50.82,59.64,69.26,5.3,101.83,19.18
2022,Justin Herbert,00-0036355,QB,LAC,0,17.0,279.26,280.26,281.26,380.76,380.76,380.76,295.63,299.28,295.81,147.82,365.51,186.32
2022,CeeDee Lamb,00-0036358,WR,DAL,0,16.0,194.6,248.1,301.6,153.8,193.3,232.8,155.07,204.19,239.04,28.0,230.01,119.1
2022,Clyde Edwards-Helaire,00-0036360,RB,KC,0,10.0,81.3,89.8,98.3,98.6,108.1,117.6,165.36,169.39,187.42,27.23,227.57,70.85
2022,Cole Kmet,00-0036290,TE,CHI,0,17.0,97.3,122.3,147.3,61.2,91.2,121.2,71.11,88.93,106.65,27.07,129.41,50.91
2022,Quez Watkins,00-0036271,WR,PHI,0,17.0,51.5,68.0,84.5,73.0,94.5,116.0,68.15,82.9,107.13,17.27,136.14,61.27
2022,D'Andre Swift,00-0036275,RB,DET,0,13.0,143.1,167.1,191.1,146.9,177.9,208.9,125.32,152.58,179.93,35.52,231.83,126.44
2022,Quintez Cephus,00-0036277,WR,DET,0,5.0,1.5,2.5,3.5,34.4,41.9,49.4,36.54,43.7,54.67,1.61,101.64,24.89
2022,Jauan Jennings,00-0036259,WR,SF,0,13.0,47.6,65.1,82.6,58.2,70.2,82.2,56.65,69.58,87.07,3.1,114.46,50.7
2022,Brandon Aiyuk,00-0036261,WR,SF,0,17.0,149.8,188.8,227.8,114.3,142.3,170.3,119.55,150.85,185.07,37.54,197.25,84.31
2022,Jordan Love,00-0036264,QB,GB,0,6.0,11.7,11.7,11.7,21.14,21.14,21.14,43.73,44.09,46.46,1.79,116.78,36.36
2022,AJ Dillon,00-0036265,RB,GB,0,17.0,139.6,153.6,167.6,151.6,168.6,185.6,106.77,118.36,127.8,25.37,181.37,81.0
2022,Aaron Rodgers,00-0023459,QB,GB,0,16.0,239.2,239.2,239.2,332.3,332.8,333.3,294.52,294.99,294.17,97.78,356.23,321.62
2022,Marcedes Lewis,00-0024243,TE,GB,0,13.0,20.6,23.6,26.6,21.4,32.9,44.4,42.62,57.93,67.26,0.0,100.67,25.21
2022,Matt Ryan,00-0026143,QB,IND,0,17.0,155.28,155.28,155.28,222.92,222.92,222.92,239.94,234.88,232.51,103.95,306.27,267.04
2022,Devin Duvernay,00-0036331,WR,BAL,0,16.0,79.1,97.6,116.1,44.2,60.7,77.2,73.74,96.03,115.18,9.69,143.38,35.67
2022,Josiah Deguara,00-0036332,TE,GB,0,14.0,11.4,17.9,24.4,36.5,49.0,61.5,36.7,48.95,61.4,5.05,81.74,28.27
2022,Justin Jefferson,00-0036322,WR,MIN,0,17.0,240.66,304.66,368.66,222.4,276.4,330.4,191.14,230.58,272.04,44.32,318.93,133.46
2022,Chase Claypool,00-0036326,WR,PIT,0,15.0,59.04,82.04,105.04,107.6,137.1,166.6,101.45,129.32,156.53,17.9,221.61,89.3
2022,Antonio Gibson,00-0036328,RB,WAS,0,16.0,119.9,142.9,165.9,187.1,208.1,229.1,143.51,165.88,185.72,40.54,226.01,136.19
2022,Darnell Mooney,00-0036309,WR,CHI,0,17.0,61.5,81.5,101.5,138.7,179.2,219.7,101.83,121.77,159.14,34.81,194.0,106.98
2022,Russell Wilson,00-0029263,QB,DEN,0,14.0,224.76,225.26,225.76,242.82,242.82,242.82,295.04,291.35,285.64,128.93,343.9,265.51
2022,Marvin Jones,00-0029293,WR,JAX,0,17.0,70.9,93.9,116.9,107.2,143.7,180.2,78.72,104.24,122.75,0.0,161.75,74.95
2022,Case Keenum,00-0028986,QB,BUF,0,5.0,0.32,0.32,0.32,28.68,28.68,28.68,19.74,20.0,19.35,1.46,84.19,37.11
2022,Brandon Bolden,00-0029239,RB,LV,0,16.0,18.3,22.8,27.3,83.1,103.6,124.1,66.88,81.39,98.19,0.0,131.94,93.88
2022,Kenny Pickett,00-0038102,QB,PIT,1,,149.86,149.86,149.86,,,,52.24,47.9,48.75,4.21,128.04,19.35
2022,Zamir White,00-0038040,RB,LV,1,,7.0,7.0,7.0,,,,54.8,63.82,71.51,4.72,121.76,19.35
2022,Jake Ferguson,00-0038041,TE,DAL,1,,29.4,38.9,48.4,,,,22.11,26.39,32.02,1.65,71.23,19.35
2022,Skyy Moore,00-0038090,WR,KC,1,,27.4,38.4,49.4,,,,74.36,94.72,118.29,0.63,159.73,19.35
2022,Malik Willis,00-0038128,QB,TEN,1,,19.34,19.34,19.34,,,,30.56,28.9,29.18,1.73,117.52,19.35
2022,Cade Otton,00-0038129,TE,TB,1,,51.1,72.1,93.1,,,,15.0,19.28,23.41,1.06,47.4,19.35
2022,Tom Brady,00-0019596,QB,TB,0,17.0,271.66,271.66,271.66,374.74,374.74,374.74,266.57,268.46,265.6,72.06,343.54,285.67
2022,Isaiah Spiller,00-0038045,RB,LAC,1,,5.4,6.9,8.4,,,,58.69,65.96,76.87,14.01,160.25,19.35
2022,Pierre Strong,00-0038098,RB,NE,1,,20.2,23.7,27.2,,,,26.24,31.4,36.02,2.01,95.54,19.35
2022,Kyle Rudolph,00-0027981,TE,TB,0,15.0,8.8,10.3,11.8,33.7,46.7,59.7,19.6,24.74,31.21,0.0,63.1,27.45
2022,Bailey Zappe,00-0038108,QB,NE,1,,38.64,39.14,39.64,,,,10.88,10.68,11.1,0.11,53.53,19.35
2022,Kenneth Walker III,00-0038134,RB,SEA,1,,175.5,189.0,202.5,,,,86.38,99.84,108.39,6.12,172.3,19.35
2022,Tyrion Davis-Price,00-0037827,RB,SF,1,,9.9,9.9,9.9,,,,31.88,37.77,41.38,0.89,97.75,19.35
2022,Salvon Ahmed,00-0036020,RB,MIA,0,11.0,13.2,13.7,14.2,26.6,32.6,38.6,34.97,38.96,48.06,0.0,92.44,34.45
2022,Ke'Shawn Vaughn,00-0036450,RB,TB,0,6.0,7.2,8.7,10.2,32.6,34.6,36.6,32.05,35.34,37.32,1.77,92.29,44.88
2022,Dwayne Washington,00-0032450,RB,NO,0,8.0,4.5,5.0,5.5,2.8,3.8,4.8,12.21,12.21,15.68,0.8,43.24,8.39
2022,Nick Vannett,00-0032394,TE,NO,0,7.0,5.5,8.5,11.5,19.3,23.8,28.3,8.97,11.04,12.73,0.67,32.24,11.16
2022,Jeremy Ruckert,00-0037805,TE,NYJ,1,,0.8,1.3,1.8,,,,15.35,19.53,23.28,0.44,39.13,19.35
2022,Kellen Mond,00-0036946,QB,CLE,0,1.0,0.0,0.0,0.0,0.2,0.2,0.2,19.8,18.98,19.32,0.29,63.72,8.25
2022,Rondale Moore,00-0036936,WR,ARI,0,14.0,46.9,67.4,87.9,57.1,84.1,111.1,60.22,79.02,97.76,12.63,162.75,65.04
2022,Kyle Trask,00-0036928,QB,TB,0,,0.92,0.92,0.92,,,,12.25,13.19,12.21,0.03,67.61,19.35
2022,Ian Book,00-0036929,QB,PHI,0,1.0,0.0,0.0,0.0,2.0,2.0,2.0,14.75,16.58,18.26,0.0,49.35,18.31
2022,Kyle Allen,00-0034577,QB,HOU,0,2.0,15.94,15.94,15.94,7.9,7.9,7.9,23.46,20.82,22.15,0.96,79.76,17.39
2022,Allen Lazard,00-0034521,WR,GB,0,14.0,114.8,144.8,174.8,102.5,122.5,142.5,63.41,78.34,87.62,0.0,171.72,67.23
2022,Trey Sermon,00-0036984,RB,PHI,0,6.0,1.9,1.9,1.9,25.3,26.8,28.3,31.84,36.21,39.49,1.21,96.4,40.66
2022,Daurice Fountain,00-0034395,WR,KC,0,1.0,0.0,0.0,0.0,0.0,0.0,0.0,3.69,3.79,6.39,0.0,13.41,5.05
2022,Grant Calcaterra,00-0037086,TE,PHI,1,,8.1,10.6,13.1,,,,9.25,11.66,14.71,0.0,38.43,19.35
2022,Cole Turner,00-0037078,TE,WAS,1,,2.3,3.3,4.3,,,,15.42,19.55,23.6,0.56,51.64,19.35
2022,Sam Howell,00-0037077,QB,WAS,1,,18.26,18.26,18.26,,,,19.0,20.19,21.64,0.41,82.04,19.35
2022,Steven Sims,00-0034928,WR,PIT,0,,17.4,24.4,31.4,,,,13.34,16.03,21.75,0.0,61.76,14.43
2022,Ronald Jones,00-0034816,RB,KC,0,15.0,15.2,15.7,16.2,69.2,74.2,79.2,37.27,45.66,49.37,2.56,105.19,48.47
2022,Michael Gallup,00-0034764,WR,DAL,0,9.0,66.4,85.9,105.4,56.5,74.0,91.5,67.56,81.65,97.77,6.01,167.74,44.84
2022,Tre'Quan Smith,00-0034765,WR,NO,0,10.0,33.8,43.3,52.8,55.7,71.7,87.7,34.09,41.31,51.16,1.96,98.14,39.86
2022,Mason Rudolph,00-0034771,QB,PIT,0,2.0,0.0,0.0,0.0,18.38,18.38,18.38,23.0,22.38,20.75,1.87,93.0,21.34
2022,Trey McBride,00-0037744,TE,ARI,1,,32.5,47.0,61.5,,,,23.93,29.66,33.1,0.0,71.57,19.35
2022,Stephen Sullivan,00-0036438,TE,CAR,0,1.0,4.6,5.6,6.6,0.0,0.0,0.0,11.16,15.91,18.93,1.13,43.52,2.84
2022,Tyler Johnson,00-0036427,WR,HOU,0,16.0,0.0,0.0,0.0,36.0,54.0,72.0,18.77,24.51,29.63,0.87,63.9,28.92
2022,Van Jefferson,00-0036415,WR,LA,0,17.0,54.9,66.9,78.9,118.2,143.2,168.2,24.68,31.17,40.96,6.9,96.8,71.46
2022,Bryce Perkins,00-0035939,QB,LA,0,,15.44,15.44,15.44,,,,6.89,7.63,8.37,0.0,39.85,19.35
2022,Lance McCutcheon,00-0037055,WR,LA,1,,0.0,0.0,0.0,,,,7.72,9.78,11.38,0.0,38.96,19.35
2022,Samori Toure,00-0037098,WR,GB,1,,14.2,16.7,19.2,,,,9.82,12.65,14.48,0.0,46.73,19.35
2022,Julius Chestnut,00-0037594,RB,TEN,1,,5.3,6.8,8.3,,,,7.17,8.0,9.02,0.0,21.09,19.35
2022,Trey Edmunds,00-0033838,RB,PIT,0,,0.0,0.0,0.0,,,,0.2,0.03,0.6,0.0,4.62,6.53
2022,Trayveon Williams,00-0035291,RB,CIN,0,4.0,6.0,7.0,8.0,5.5,6.0,6.5,19.67,21.69,24.12,0.97,56.57,11.76
2022,Scott Miller,00-0035298,WR,TB,0,6.0,19.3,30.8,42.3,14.1,16.6,19.1,26.95,32.55,40.89,0.63,65.65,16.37
2022,Easton Stick,00-0035282,QB,LAC,0,,0.0,0.0,0.0,,,,5.18,4.88,5.67,0.0,45.77,6.53
2022,Trevon Wesco,00-0035259,TE,CHI,0,8.0,4.6,5.6,6.6,3.5,5.0,6.5,5.69,8.51,10.11,0.0,19.79,5.61
2022,Sam Ehlinger,00-0036879,QB,IND,0,3.0,35.62,35.62,35.62,0.9,0.9,0.9,11.74,10.61,13.54,0.0,45.93,12.42
2022,James Mitchell,00-0037282,TE,DET,1,,17.3,22.8,28.3,,,,7.5,7.99,9.82,0.0,26.18,19.35
2022,Ty Chandler,00-0037276,RB,MIN,1,,2.0,2.0,2.0,,,,21.56,27.32,30.14,0.21,65.86,19.35
2022,Donald Parham,00-0035329,TE,LAC,0,13.0,19.0,24.0,29.0,39.0,49.0,59.0,17.71,25.53,32.02,0.0,68.31,27.92
2022,Quintin Morris,00-0036590,TE,BUF,0,,12.4,16.4,20.4,,,,12.79,15.52,18.68,0.0,57.69,19.35
2022,Skylar Thompson,00-0037327,QB,MIA,1,,17.46,17.46,17.46,,,,6.68,8.01,8.21,0.0,36.94,19.35
2022,Brittain Brown,00-0037329,RB,LV,1,,0.0,0.0,0.0,,,,13.52,15.76,17.43,0.07,47.08,19.35
2022,Kendric Pryor,00-0037422,WR,JAX,1,,0.0,0.0,0.0,,,,15.08,19.95,24.03,0.0,65.65,19.35
2022,Jalen Virgil,00-0037387,WR,DEN,1,,13.5,14.5,15.5,,,,13.56,17.3,20.92,0.0,67.03,19.35
2022,Khalil Shakir,00-0037261,WR,BUF,1,,24.1,29.1,34.1,,,,15.8,23.04,29.96,0.13,78.44,19.35
2022,Tyler Allgeier,00-0037263,RB,ATL,1,,143.4,151.4,159.4,,,,30.15,32.37,35.04,0.18,85.04,19.35
2022,George Kittle,00-0033288,TE,SF,0,14.0,140.5,170.5,200.5,127.0,162.5,198.0,107.92,146.1,179.14,52.84,216.28,98.32
2022,Keaontay Ingram,00-0037299,RB,ARI,1,,14.1,16.1,18.1,,,,17.04,20.18,20.64,0.05,57.29,19.35
2022,Mike Woods,00-0037300,WR,CLE,1,,4.0,6.5,9.0,,,,12.84,16.89,20.09,0.18,50.59,19.35
2022,Shane Buechele,00-0036679,QB,KC,0,,0.0,0.0,0.0,,,,3.75,3.52,3.63,0.01,12.09,19.35
2022,D'Ernest Johnson,00-0035628,RB,CLE,0,13.0,2.4,3.9,5.4,85.1,94.6,104.1,28.41,30.26,37.55,0.0,90.6,60.45
2022,Darius Slayton,00-0035535,WR,NYG,0,13.0,82.4,105.4,128.4,42.6,55.6,68.6,28.88,36.6,42.85,2.42,97.49,28.68
2022,Tanner Conner,00-0037348,WR,MIA,1,,0.0,0.0,0.0,,,,7.63,9.56,10.63,0.0,38.31,19.35
2022,Snoop Conner,00-0037265,RB,JAX,1,,10.2,10.2,10.2,,,,25.9,26.84,31.54,0.17,80.38,19.35
2022,Erik Ezukanma,00-0038092,WR,MIA,1,,0.3,0.8,1.3,,,,13.17,16.21,19.13,0.23,54.32,19.35
2022,Antonio Williams,00-0036188,RB,NYG,0,,0.0,0.0,0.0,,,,20.83,19.3,20.17,0.0,83.99,11.99
2022,Devin Asiasi,00-0036194,TE,CIN,0,,0.5,1.5,2.5,,,,8.99,11.84,13.24,0.0,32.0,10.06
2022,J.K. Dobbins,00-0036158,RB,BAL,0,,74.2,77.7,81.2,,,,74.81,82.25,93.52,15.47,190.66,79.33
2022,Velus Jones Jr.,00-0037745,WR,CHI,1,,31.0,34.5,38.0,,,,32.12,38.0,46.62,1.43,107.0,19.35
2022,Jalen Tolbert,00-0037666,WR,DAL,1,,1.2,2.2,3.2,,,,31.88,39.46,47.63,0.77,103.07,19.35
2022,Damiere Byrd,00-0031868,WR,ATL,0,11.0,38.8,45.3,51.8,40.9,53.9,66.9,23.26,28.61,38.69,0.0,77.64,36.69
2022,Nick Boyle,00-0031598,TE,BAL,0,2.0,0.0,0.0,0.0,0.2,0.7,1.2,5.77,6.7,8.33,0.0,18.31,6.19
2022,Zach Wilson,00-0037013,QB,NYJ,0,13.0,97.92,98.42,98.92,151.86,151.86,151.86,36.54,36.85,45.04,3.49,137.59,127.6
2022,Laviska Shenault Jr.,00-0036268,WR,CAR,0,16.0,45.7,59.2,72.7,64.0,95.5,127.0,32.77,42.25,49.89,4.67,103.89,58.06
2022,Denzel Mims,00-0036255,WR,NYJ,0,10.0,18.6,24.1,29.6,13.3,17.3,21.3,17.34,23.26,28.35,0.93,78.65,12.28
2022,Dezmon Patmon,00-0036228,WR,IND,0,4.0,2.4,3.4,4.4,8.1,9.1,10.1,9.98,13.16,16.59,0.0,39.51,11.96
2022,Danny Gray,00-0037828,WR,SF,1,,1.9,2.4,2.9,,,,16.57,20.31,24.86,0.04,75.01,19.35
2022,Brock Purdy,00-0037834,QB,SF,1,,106.26,106.26,106.26,,,,9.17,10.97,10.88,0.0,52.89,19.35
2022,DeAndre Hopkins,00-0030564,WR,ARI,0,10.0,87.7,119.7,151.7,105.2,126.2,147.2,57.88,81.3,99.08,3.79,169.53,133.85
2022,Kenjon Barner,00-0030465,RB,TB,0,3.0,0.0,0.0,0.0,0.0,0.0,0.0,2.72,3.35,3.39,0.0,21.25,6.16
2022,Collin Johnson,00-0036254,WR,NYG,0,8.0,0.0,0.0,0.0,10.5,16.0,21.5,3.07,3.86,4.52,0.0,13.77,12.46
2022,Anthony Miller,00-0034353,WR,PIT,0,3.0,0.0,0.0,0.0,8.5,11.5,14.5,4.33,5.11,6.8,0.0,32.99,12.26
2022,Jordan Matthews,00-0031299,TE,SF,0,,0.0,0.0,0.0,,,,7.29,9.47,13.38,0.0,26.7,19.35
2022,Brian Robinson,00-0037746,RB,WAS,1,,103.7,108.2,112.7,,,,9.71,11.23,10.8,0.08,36.08,19.35
2022,Tommy Hudson,00-0036173,TE,TEN,0,4.0,0.0,0.0,0.0,3.1,4.6,6.1,3.87,5.5,6.77,0.0,13.09,9.3
2022,Kristian Wilkerson,00-0036183,WR,NE,0,1.0,0.0,0.0,0.0,16.2,18.2,20.2,13.96,16.97,16.59,0.0,94.31,18.48
2022,Eli Wolf,00-0036129,TE,WAS,0,,0.0,0.0,0.0,,,,1.92,2.23,2.43,0.0,4.51,19.35
2022,Charlie Kolar,00-0038046,TE,BAL,1,,4.9,6.9,8.9,,,,1.45,1.8,2.55,0.02,6.89,19.35
2022,Isaiah Weston,00-0037343,WR,CLE,1,,0.0,0.0,0.0,,,,1.68,2.11,2.42,0.0,5.43,19.35
2022,Racey McMath,00-0036652,WR,TEN,0,6.0,4.4,5.4,6.4,-1.2,-0.2,0.8,1.04,0.0,0.91,0.0,12.48,13.21
2022,Andrew Ogletree,00-0037292,TE,IND,1,,0.0,0.0,0.0,,,,1.68,2.08,2.32,0.0,2.4,19.35
2022,Elijah Holyfield,00-0035442,RB,CIN,0,,0.0,0.0,0.0,,,,0.54,0.31,0.63,0.0,2.56,19.35
2022,Damarea Crockett,00-0035448,RB,DEN,0,1.0,0.0,0.0,0.0,0.7,0.7,0.7,6.2,6.99,6.68,0.0,15.41,12.61
2022,Malik Taylor,00-0035480,WR,GB,0,7.0,0.0,0.0,0.0,1.4,2.4,3.4,1.69,2.46,3.96,0.0,22.74,5.84
2022,Kylin Hill,00-0036669,RB,GB,0,8.0,0.7,0.7,0.7,2.9,3.4,3.9,10.94,11.24,13.34,0.02,34.13,13.31
2022,Osirus Mitchell,00-0036773,WR,GB,0,,0.0,0.0,0.0,,,,0.95,0.99,1.09,0.0,0.0,19.35
2022,David Moore,00-0033589,WR,CHI,0,2.0,0.0,0.0,0.0,0.0,0.0,0.0,2.53,3.4,4.52,0.0,11.17,12.78
2022,John FitzPatrick,00-0037306,TE,ATL,1,,0.0,0.0,0.0,,,,0.91,0.99,1.5,0.0,7.2,19.35
2022,N'Keal Harry,00-0035624,WR,CHI,0,10.0,17.6,21.1,24.6,18.4,24.4,30.4,8.55,13.22,17.09,0.0,28.21,16.16
2022,Thomas Hennigan,00-0037494,WR,MIN,1,,0.0,0.0,0.0,,,,1.27,1.52,2.05,0.0,3.03,19.35
2022,Stone Smartt,00-0037475,TE,LAC,1,,1.7,3.7,5.7,,,,1.65,1.88,2.29,0.0,3.59,19.35
2022,Greg Bell,00-0037437,RB,DET,1,,0.0,0.0,0.0,,,,2.98,3.46,3.81,0.0,10.1,19.35
2022,John Raine,00-0036837,TE,ATL,0,,0.0,0.0,0.0,,,,1.42,1.67,2.21,0.0,5.27,19.35
2022,Josh Johnson,00-0036799,RB,SEA,0,1.0,0.0,0.0,0.0,0.0,0.0,0.0,3.7,4.55,5.63,0.0,10.73,8.22
2022,Blake Proehl,00-0036818,WR,MIN,0,,0.0,0.0,0.0,,,,0.75,1.16,2.08,0.0,8.29,19.35
2022,Slade Bolden,00-0037173,WR,BAL,1,,0.0,0.0,0.0,,,,2.53,3.36,4.03,0.0,7.44,19.35
2022,Teagan Quitoriano,00-0037277,TE,HOU,1,,23.3,26.8,30.3,,,,1.06,0.92,1.75,0.0,4.41,19.35
2022,Tyree Jackson,00-0035356,TE,PHI,0,3.0,0.0,0.0,0.0,8.2,9.7,11.2,3.43,4.91,5.83,0.0,9.4,12.25
2022,Alize Mack,00-0035309,TE,GB,0,,0.0,0.0,0.0,,,,0.92,0.91,1.69,0.0,0.0,19.35
2022,Nate Becker,00-0035322,TE,GB,0,,0.0,0.0,0.0,,,,0.58,0.73,0.73,0.0,0.06,19.35
2022,Deshaun Watson,00-0033537,QB,CLE,0,,85.58,85.58,85.58,,,,68.87,64.9,64.1,1.22,132.88,193.28
2022,Jacob Hollister,00-0033387,TE,LV,0,7.0,0.0,0.0,0.0,11.5,16.0,20.5,3.62,4.94,6.27,0.0,5.64,10.09
2022,Tim Patrick,00-0033375,WR,DEN,0,16.0,0.0,0.0,0.0,103.4,129.9,156.4,17.18,23.14,30.58,0.0,100.52,68.34
2022,Jeremy McNichols,00-0033955,RB,PIT,0,13.0,0.0,0.0,0.0,45.6,59.6,73.6,12.78,15.0,18.87,2.42,41.2,30.67
2022,Ricky Seals-Jones,00-0033611,TE,NYG,0,11.0,0.0,0.0,0.0,39.1,54.1,69.1,7.77,9.72,13.78,0.0,37.88,27.91
2022,Greg Dulcich,00-0037252,TE,DEN,1,,53.1,69.6,86.1,,,,8.76,11.97,14.87,0.3,38.04,19.35
2022,Jameson Williams,00-0037240,WR,DET,1,,14.1,14.6,15.1,,,,21.59,27.55,31.19,0.17,64.69,19.35
2022,Shemar Bridges,00-0037174,WR,BAL,1,,0.0,0.0,0.0,,,,1.72,2.06,2.48,0.0,3.23,19.35
2022,Greg Ward,00-0033733,WR,PHI,0,10.0,0.0,0.0,0.0,27.58,31.08,34.58,4.92,6.52,8.35,0.39,22.47,28.03
2022,Jakeem Grant,00-0032791,WR,CLE,0,15.0,0.0,0.0,0.0,32.5,38.0,43.5,12.87,18.93,21.5,0.6,29.97,30.09
2022,Brandon Johnson,00-0037382,WR,DEN,1,,10.2,13.2,16.2,,,,1.52,1.92,2.38,0.0,3.68,19.35
2022,Spencer Brown,00-0036543,RB,CAR,0,,5.3,6.3,7.3,,,,4.1,4.28,4.8,0.0,17.57,19.35
2022,Alex Ellis,00-0032864,TE,ARI,0,,0.0,0.0,0.0,,,,0.49,0.66,0.64,0.0,0.0,19.35
2022,Marquez Stevenson,00-0036571,WR,BUF,0,5.0,0.0,0.0,0.0,0.0,0.0,0.0,1.91,2.5,2.87,0.01,12.38,8.03
2022,Dylan Soehner,00-0036540,TE,NO,0,,0.0,0.0,0.0,,,,1.25,1.45,1.69,0.0,2.54,19.35
2022,Chris Pierce,00-0037556,TE,ARI,1,,0.0,0.0,0.0,,,,1.32,1.61,1.87,0.0,2.91,19.35
2022,Gus Edwards,00-0034184,RB,BAL,0,,59.3,59.3,59.3,,,,4.62,5.05,5.49,0.0,16.03,57.55
2022,Ian Bunting,00-0035067,TE,DAL,0,,0.0,0.0,0.0,,,,0.32,0.22,0.31,0.0,0.9,19.35
2022,Bisi Johnson,00-0035006,WR,MIN,0,,0.0,0.0,0.0,,,,1.86,2.36,2.96,0.06,9.9,12.26
2022,Jason Cabinda,00-0034171,RB,DET,0,,0.0,0.0,0.0,,,,1.07,1.1,1.23,0.0,1.87,19.35
2022,Ricky Person,00-0037182,RB,BAL,1,,0.0,0.0,0.0,,,,2.01,2.36,2.82,0.0,3.81,19.35
2022,Curtis Hodges,00-0037164,TE,WAS,1,,0.0,0.0,0.0,,,,1.61,2.29,3.01,0.0,8.03,19.35
2022,John Lovett,00-0035161,QB,MIA,0,,0.0,0.0,0.0,,,,2.27,2.39,2.14,0.0,8.64,19.35
2022,Cody Thompson,00-0035164,WR,SEA,0,2.0,0.0,0.0,0.0,0.0,0.0,0.0,1.58,2.19,2.62,0.0,7.83,8.03
2022,Antoine Wesley,00-0035126,WR,ARI,0,8.0,0.0,0.0,0.0,38.8,48.3,57.8,5.3,6.16,7.21,0.0,30.02,32.71
2022,Rodney Adams,00-0033957,WR,NYJ,0,1.0,0.0,0.0,0.0,0.0,0.0,0.0,0.39,0.22,1.0,0.0,10.34,8.22
2022,Adam Shaheen,00-0033896,TE,MIA,0,7.0,0.0,0.0,0.0,11.0,17.0,23.0,3.13,3.87,4.9,0.0,7.1,13.14
2022,Justyn Ross,00-0037216,WR,KC,1,,0.0,0.0,0.0,,,,2.84,3.15,4.12,0.0,14.7,19.35
2022,Willie Johnson,00-0037641,WR,JAX,1,,0.0,0.0,0.0,,,,1.89,2.41,2.84,0.0,8.78,19.35
2022,Sincere McCormick,00-0037509,RB,LV,1,,0.0,0.0,0.0,,,,4.24,4.54,5.1,0.0,15.92,19.35
2022,Tajae Sharpe,00-0032778,WR,CHI,0,14.0,0.0,0.0,0.0,23.0,35.5,48.0,6.42,9.3,9.73,0.0,24.79,21.15
2022,Matt Bushman,00-0036519,TE,KC,0,,0.0,0.0,0.0,,,,1.1,1.33,1.78,0.0,6.99,19.35
2022,J.J. Koski,00-0035935,WR,LA,0,3.0,0.0,0.0,0.0,0.0,0.0,0.0,1.25,1.63,1.7,0.0,11.4,8.03
2022,Jaeden Graham,00-0034788,TE,PHI,0,,0.0,0.0,0.0,,,,0.32,0.72,0.4,0.0,2.01,9.17
2022,Ishmael Hyman,00-0034922,WR,GB,0,,0.0,0.0,0.0,,,,1.61,1.9,2.23,0.0,3.28,19.35
2022,Sam Darnold,00-0034869,QB,CAR,0,12.0,86.32,86.32,86.32,157.28,157.28,157.28,21.55,22.04,22.15,0.0,95.45,93.06
2022,Nick Bawden,00-0034433,RB,NYJ,0,1.0,0.0,0.0,0.0,2.0,2.5,3.0,2.43,3.63,3.9,0.0,7.63,8.22
2022,James Washington,00-0034676,WR,DAL,0,15.0,0.0,0.0,0.0,41.8,53.8,65.8,11.46,15.63,16.94,0.0,32.75,38.29
2022,Kawaan Baker,00-0036939,WR,NO,0,1.0,0.0,0.0,0.0,0.0,0.0,0.0,2.94,3.59,4.0,0.14,16.91,8.22
2022,Blake Bell,00-0032062,TE,KC,0,11.0,8.0,9.0,10.0,9.7,14.2,18.7,1.9,1.2,3.34,0.0,10.77,13.62
2022,Aaron Shampklin,00-0037609,RB,DAL,1,,0.0,0.0,0.0,,,,2.59,2.63,2.91,0.0,3.61,19.35
2022,John Metchie III,00-0037614,WR,HOU,1,,0.0,0.0,0.0,,,,9.61,11.96,14.58,0.12,38.05,19.35
2022,Xavier Jones,00-0036078,RB,LA,0,,0.0,0.0,0.0,,,,0.49,0.49,0.82,0.0,4.0,6.78
2022,Darius Anderson,00-0036027,RB,HOU,0,,0.0,0.0,0.0,,,,2.64,3.36,4.25,0.0,9.59,19.35
2022,Calvin Austin III,00-0037837,WR,PIT,1,,0.0,0.0,0.0,,,,1.27,0.0,0.0,0.0,23.99,19.35
2022,Scottie Phillips,00-0036069,RB,HOU,0,2.0,0.0,0.0,0.0,2.2,3.2,4.2,4.56,5.21,6.44,0.0,19.75,8.6
2022,Tyquan Thornton,00-0038104,WR,NE,1,,44.3,55.3,66.3,,,,16.27,15.88,19.0,0.34,34.15,19.35
2022,Colt McCoy,00-0027688,QB,ARI,0,7.0,32.8,32.8,32.8,41.3,41.3,41.3,12.78,10.77,8.4,0.0,32.77,28.02
2022,Matt Corral,00-0038132,QB,CAR,1,,0.0,0.0,0.0,,,,4.2,4.81,4.66,0.0,20.89,19.35
2022,Ryan Griffin,00-0029857,QB,TB,0,,0.0,0.0,0.0,,,,1.41,0.64,0.84,0.0,8.08,19.35
2022,Josh Gordon,00-0029664,WR,TEN,0,9.0,0.0,0.0,0.0,9.2,11.7,14.2,3.38,5.17,6.77,0.0,13.34,15.65
2022,Matt Barkley,00-0030533,QB,BUF,0,,0.0,0.0,0.0,,,,0.0,0.0,0.0,0.0,5.38,9.88
2022,Willie Snead,00-0030663,WR,SF,0,7.0,0.0,0.0,0.0,3.8,5.8,7.8,3.55,4.52,5.51,0.0,13.35,9.14
2022,Tavon Austin,00-0030525,WR,BUF,0,11.0,0.0,0.0,0.0,29.4,41.4,53.4,1.56,2.51,3.48,0.0,27.86,26.67
2022,Lynn Bowden,00-0036364,RB,NE,0,,0.0,0.0,0.0,,,,6.6,8.64,10.1,0.0,18.47,13.06
2022,Anthony McFarland,00-0036336,RB,PIT,0,2.0,4.1,5.1,6.1,1.4,1.9,2.4,6.16,6.54,6.72,0.1,29.16,9.38
2022,Freddie Swain,00-0036247,WR,MIA,0,17.0,7.4,9.4,11.4,61.5,74.0,86.5,13.21,18.67,22.49,0.08,43.23,39.74
2022,Jacob Eason,00-0036226,QB,CAR,0,1.0,0.36,0.36,0.36,-1.0,-1.0,-1.0,0.0,0.0,0.0,0.0,3.54,13.98
2022,Darrynton Evans,00-0036297,RB,CHI,0,1.0,9.7,10.2,10.7,1.8,2.8,3.8,13.0,13.98,14.86,0.39,32.68,6.05
2022,Jason Huntley,00-0036278,RB,PIT,0,1.0,0.0,0.0,0.0,5.1,5.1,5.1,7.76,7.98,9.55,0.01,16.72,12.44
2022,La'Mical Perine,00-0036269,RB,PHI,0,2.0,0.0,0.0,0.0,3.1,3.1,3.1,7.62,7.81,8.91,0.0,26.2,10.52
2022,Jake Luton,00-0036312,QB,NO,0,,0.0,0.0,0.0,,,,0.0,0.68,0.0,0.0,20.43,12.8
2022,Isaiah Coulter,00-0036308,WR,CHI,0,1.0,0.0,0.0,0.0,0.0,0.0,0.0,2.66,2.95,3.99,0.0,10.63,8.22
2022,Devon Allen,00-0037039,WR,PHI,1,,0.0,0.0,0.0,,,,1.22,1.44,1.68,0.0,4.6,19.35
2022,Dai'Jean Dixon,00-0037042,WR,NO,1,,0.0,0.0,0.0,,,,1.47,1.85,2.41,0.0,5.29,19.35
2022,Keke Coutee,00-0034366,WR,IND,0,1.0,0.0,0.5,1.0,0.5,1.0,1.5,6.55,10.51,13.37,0.08,25.11,8.92
2022,Jordan Akins,00-0034364,TE,HOU,0,12.0,79.5,98.0,116.5,17.7,29.7,41.7,3.38,4.34,6.43,0.0,8.24,20.14
2022,Danny Etling,00-0034423,QB,GB,0,,0.0,0.0,0.0,,,,0.48,0.56,0.34,0.0,5.6,19.35
2022,Deon Cain,00-0034406,WR,PHI,0,,0.0,0.0,0.0,,,,2.06,1.6,2.33,0.0,12.13,19.35
2022,Troy Fumagalli,00-0034393,TE,SF,0,,0.0,0.0,0.0,,,,2.63,3.14,4.08,0.0,6.79,10.76
2022,Logan Woodside,00-0034438,QB,TEN,0,4.0,0.0,0.0,0.0,-0.6,-0.6,-0.6,5.92,6.31,6.81,0.0,14.8,11.82
2022,Cameron Batson,00-0034652,WR,ATL,0,4.0,0.0,0.0,0.0,9.0,10.0,11.0,2.31,3.3,4.74,0.0,12.49,9.16
2022,Rico Gafford,00-0034660,WR,GB,0,,0.0,0.0,0.0,,,,0.76,1.19,1.5,0.0,5.29,6.53
2022,David Wells,00-0034575,TE,TEN,0,,0.0,0.0,0.0,,,,1.94,2.51,3.21,0.0,7.14,19.35
2022,Jordan Franks,00-0034532,TE,KC,0,,0.0,0.0,0.0,,,,1.42,1.68,2.13,0.0,9.68,19.35
2022,Auden Tate,00-0034686,WR,PHI,0,4.0,0.0,0.0,0.0,9.9,11.4,12.9,5.75,9.05,10.51,0.0,14.82,9.25
2022,Vyncint Smith,00-0034631,WR,DEN,0,1.0,0.0,0.0,0.0,0.0,0.0,0.0,3.35,4.48,5.38,0.0,3.54,5.05
2022,Travis Toivonen,00-0036931,WR,MIN,0,,0.0,0.0,0.0,,,,1.2,1.48,1.94,0.0,2.52,19.35
2022,Frank Darby,00-0036951,WR,ATL,0,4.0,1.5,2.0,2.5,1.4,1.9,2.4,2.69,3.45,3.77,0.0,8.8,8.17
2022,Michael Bandy,00-0036959,WR,LAC,0,1.0,8.9,13.9,18.9,0.0,0.0,0.0,2.2,2.88,3.5,0.0,7.01,8.22
2022,John Kelly,00-0034808,RB,CLE,0,1.0,0.0,0.0,0.0,1.3,1.3,1.3,8.42,8.59,9.68,0.0,30.95,8.46
2022,Tyler Badie,00-0037085,RB,BAL,1,,8.4,8.9,9.4,,,,8.63,9.27,10.39,0.01,24.33,19.35
2022,E.J. Perry,00-0037068,QB,JAX,1,,0.0,0.0,0.0,,,,4.36,4.59,4.85,0.0,12.17,19.35
2022,Bo Melton,00-0037091,WR,SEA,1,,0.0,0.0,0.0,,,,3.96,4.09,4.57,0.0,17.69,19.35
2022,Josh Rosen,00-0034343,QB,CLE,0,3.0,0.0,0.0,0.0,-3.24,-3.24,-3.24,8.0,7.05,7.59,0.14,20.2,17.24
2022,Bernhard Seikovits,00-0037020,TE,ARI,0,,0.0,0.0,0.0,,,,0.28,0.19,0.18,0.0,0.0,19.35
2022,Nikola Kalinic,00-0037031,TE,IND,1,,0.0,0.0,0.0,,,,1.65,2.27,2.48,0.0,1.23,19.35
2022,Tyler Goodson,00-0037120,RB,GB,1,,0.0,0.0,0.0,,,,8.68,9.78,11.05,0.0,20.07,19.35
2022,Chase Allen,00-0037100,TE,CHI,1,,0.0,0.0,0.0,,,,1.16,1.43,1.64,0.0,2.0,19.35
2022,Bam Knight,00-0037157,RB,NYJ,1,,46.0,52.5,59.0,,,,6.46,7.52,9.64,0.0,20.91,19.35
2022,Kennedy Brooks,00-0037131,RB,PHI,1,,0.0,0.0,0.0,,,,2.86,3.34,3.56,0.0,12.34,19.35
2022,Phillip Lindsay,00-0034109,RB,IND,0,14.0,8.8,11.8,14.8,41.4,43.4,45.4,11.19,13.17,15.31,0.0,42.97,37.6
2022,Irvin Charles,00-0037156,WR,NYJ,1,,0.0,0.0,0.0,,,,1.49,1.69,1.79,0.0,3.08,19.35
2022,Kevin Rader,00-0034193,TE,TEN,0,3.0,0.0,0.0,0.0,0.8,1.8,2.8,1.69,2.73,3.77,0.0,10.04,2.8
2022,Tim Boyle,00-0034177,QB,DET,0,4.0,-2.88,-2.88,-2.88,24.34,24.34,24.34,4.65,4.96,5.84,0.51,17.59,3.22
2022,Jacob Harris,00-0036918,WR,LA,0,2.0,0.6,1.1,1.6,0.0,0.0,0.0,1.47,2.36,2.58,0.0,16.3,8.03
2022,C.J. Saunders,00-0036910,WR,CAR,0,1.0,0.0,0.0,0.0,1.1,2.1,3.1,2.71,3.47,4.25,0.0,10.1,8.22
2022,Jake Browning,00-0035100,QB,CIN,0,,0.0,0.0,0.0,,,,1.39,1.38,1.38,0.0,6.12,19.35
2022,David Blough,00-0035040,QB,MIN,0,1.0,18.58,18.58,18.58,0.6,0.6,0.6,7.29,6.21,6.25,0.0,16.78,4.98
2022,Darwin Thompson,00-0035148,RB,SEA,0,,0.0,0.0,0.0,,,,4.04,5.93,7.44,0.0,20.09,13.05
2022,Jalen Camp,00-0036858,WR,HOU,0,1.0,0.7,1.2,1.7,0.0,0.0,0.0,1.87,2.7,3.39,0.09,15.04,8.22
2022,Darrius Shepherd,00-0035181,WR,DEN,0,,0.0,0.0,0.0,,,,0.82,1.01,1.23,0.0,4.77,10.14
2022,Devine Ozigbo,00-0035184,RB,DEN,0,1.0,0.7,1.2,1.7,0.4,0.9,1.4,4.46,5.9,7.1,0.0,16.18,10.2
2022,Austin Walter,00-0035187,RB,LV,0,4.0,0.0,0.0,0.0,17.0,18.0,19.0,7.72,7.48,10.54,0.0,27.45,12.83
2022,Makai Polk,00-0037183,WR,BAL,1,,0.0,0.0,0.0,,,,4.99,6.77,8.81,0.0,16.48,19.35
2022,Raleigh Webb,00-0037185,WR,BAL,1,,0.0,0.0,0.0,,,,1.74,2.09,2.46,0.0,1.34,19.35
2022,Jerrion Ealy,00-0037210,RB,KC,1,,0.0,0.0,0.0,,,,8.44,8.77,11.15,0.0,17.78,19.35
2022,Nathan Peterman,00-0033958,QB,CHI,0,1.0,8.26,8.26,8.26,0.2,0.2,0.2,0.0,0.06,0.0,0.0,18.41,5.23
2022,Marlon Mack,00-0033951,RB,HOU,0,5.0,30.3,34.3,38.3,10.9,11.9,12.9,13.65,15.01,17.33,0.0,41.24,16.54
2022,Will Grier,00-0035251,QB,DAL,0,,0.0,0.0,0.0,,,,0.0,0.0,0.0,0.0,7.5,19.35
2022,J.J. Arcega-Whiteside,00-0035246,TE,SEA,0,7.0,0.0,0.0,0.0,3.6,4.6,5.6,6.14,8.05,9.53,0.0,23.0,6.32
2022,Qadree Ollison,00-0035273,RB,DAL,0,6.0,0.0,0.0,0.0,15.7,17.7,19.7,18.05,18.99,20.48,0.04,39.61,11.4
2022,Hunter Kampmoyer,00-0036779,TE,LAC,0,,0.0,0.0,0.0,,,,0.95,1.01,1.39,0.0,2.02,19.35
2022,Gerrit Prince,00-0037233,TE,JAX,1,,0.0,0.0,0.0,,,,1.36,1.83,2.23,0.0,4.75,19.35
2022,John Lovett,00-0037234,RB,CAR,1,,0.0,0.0,0.0,,,,3.29,3.77,4.43,0.0,8.97,19.35
2022,Calvin Jackson,00-0037221,WR,NYJ,1,,0.0,0.0,0.0,,,,1.78,2.12,2.42,0.0,3.04,19.35
2022,Keelan Cole,00-0033681,WR,LV,0,14.0,20.1,25.1,30.1,50.9,64.9,78.9,6.13,7.81,9.19,0.0,29.83,40.67
2022,Colin Thompson,00-0033720,TE,CAR,0,3.0,0.0,0.0,0.0,0.0,0.0,0.0,1.17,1.55,2.24,0.0,0.37,5.71
2022,Tanner Gentry,00-0033633,WR,BUF,0,,0.0,0.0,0.0,,,,0.67,0.57,0.66,0.0,0.52,19.35
2022,Mason Schreck,00-0033798,TE,HOU,0,,0.6,1.6,2.6,,,,0.08,0.26,0.59,0.0,7.44,6.53
2022,Kyric McGowan,00-0037172,WR,WAS,1,,0.0,0.0,0.0,,,,1.99,2.46,3.16,0.0,8.09,19.35
2022,Anthony Brown,00-0037175,QB,BAL,1,,5.58,5.58,5.58,,,,4.19,4.2,4.14,0.0,11.22,19.35
2022,Austin Trammell,00-0036841,WR,LA,0,,1.3,2.3,3.3,,,,1.56,1.8,2.62,0.0,6.74,19.35
2022,Connor Wedington,00-0036804,WR,SF,0,,0.0,0.0,0.0,,,,1.59,2.14,2.71,0.0,4.45,19.35
2022,Cade Johnson,00-0036810,WR,SEA,0,,2.1,3.1,4.1,,,,1.99,2.65,3.41,0.0,4.46,19.35
2022,Caleb Huntley,00-0036829,RB,ATL,0,,42.9,43.9,44.9,,,,2.23,2.56,3.11,0.0,9.57,19.35
2022,Trenton Irwin,00-0035341,WR,CIN,0,5.0,48.2,55.7,63.2,3.4,4.4,5.4,1.81,2.29,2.77,0.0,7.79,5.61
2022,Patrick Laird,00-0035342,RB,TB,0,3.0,0.0,0.0,0.0,2.1,3.6,5.1,5.46,5.97,7.31,0.0,23.87,5.9
2022,Preston Williams,00-0035350,WR,CAR,0,6.0,0.0,0.0,0.0,7.8,10.8,13.8,3.64,5.02,6.74,0.0,11.2,12.94
2022,Kevin Harris,00-0037286,RB,NE,1,,11.2,11.2,11.2,,,,7.97,9.74,10.83,0.0,36.94,19.35
2022,C.J. Board,00-0033367,WR,NYG,0,6.0,0.6,1.1,1.6,5.7,7.7,9.7,3.25,4.27,6.84,0.0,9.84,7.99
2022,Victor Bolden,00-0033306,WR,ARI,0,,0.0,0.0,0.0,,,,1.71,1.8,2.21,0.0,2.51,19.35
2022,Kevin Austin Jr.,00-0037231,WR,JAX,1,,0.0,0.0,0.0,,,,2.2,2.51,2.03,0.0,14.68,19.35
2022,Davis Webb,00-0033550,QB,NYG,0,1.0,20.82,20.82,20.82,-0.3,-0.3,-0.3,7.73,7.07,6.4,0.0,19.45,17.27
2022,Mekhi Sargent,00-0036698,RB,JAX,0,4.0,0.0,0.0,0.0,1.1,1.1,1.1,5.11,5.78,6.37,0.0,21.55,12.56
2022,Shaun Beyer,00-0036718,TE,GB,0,,0.0,0.0,0.0,,,,0.93,1.17,1.63,0.0,0.0,19.35
2022,Miller Forristall,00-0036692,TE,CLE,0,1.0,0.0,0.0,0.0,0.0,0.0,0.0,3.04,3.84,4.28,0.0,7.06,8.22
2022,Jaret Patterson,00-0036755,RB,WAS,0,15.0,7.8,7.8,7.8,45.9,50.9,55.9,20.13,23.86,26.97,0.0,61.14,56.39
2022,Brandon Smith,00-0036775,WR,DAL,0,,0.0,0.0,0.0,,,,1.61,1.61,1.31,0.0,3.95,19.35
2022,Seth Williams,00-0036657,WR,JAX,0,1.0,0.0,0.0,0.0,3.4,3.9,4.4,9.09,10.46,13.28,0.0,26.62,10.64
2022,Cornell Powell,00-0036647,WR,KC,0,,0.0,0.0,0.0,,,,3.84,4.27,5.62,0.0,17.39,19.35
2022,Larry Rountree III,00-0036650,RB,LAC,0,9.0,3.3,4.3,5.3,14.6,15.1,15.6,10.47,12.65,13.55,0.0,32.19,26.92
2022,Zach Davidson,00-0036640,TE,BUF,0,,0.0,0.0,0.0,,,,1.95,2.16,2.29,0.0,2.86,19.35
2022,Nick Muse,00-0037317,TE,MIN,1,,0.0,0.0,0.0,,,,3.52,3.69,3.77,0.0,4.49,19.35
2022,ZaQuandre White,00-0037357,RB,MIA,1,,0.0,0.0,0.0,,,,2.69,3.14,3.43,0.0,5.7,19.35
2022,Mike Harley Jr.,00-0037334,WR,CLE,1,,0.0,0.0,0.0,,,,2.01,2.5,3.0,0.0,5.43,19.35
2022,Zaire Mitchell-Paden,00-0037340,TE,CLE,1,,0.0,0.0,0.0,,,,1.06,1.39,1.66,0.0,1.1,19.35
2022,Derek Wright,00-0037368,WR,CAR,1,,0.0,0.0,0.0,,,,2.19,2.74,3.47,0.0,4.95,19.35
2022,Austin Allen,00-0037369,TE,NYG,1,,0.0,0.0,0.0,,,,1.67,2.6,3.35,0.0,3.93,19.35
2022,Braylon Sanders,00-0037355,WR,MIA,1,,-0.3,0.7,1.7,,,,1.9,2.32,2.6,0.0,4.43,19.35
2022,Marcus Johnson,00-0032980,WR,NYG,0,7.0,9.9,14.4,18.9,15.8,20.3,24.8,2.73,3.11,4.83,0.0,7.89,12.14
2022,J.P. Holtz,00-0032986,TE,NO,0,5.0,0.0,0.0,0.0,0.0,0.0,0.0,0.0,0.1,0.14,0.0,0.05,2.66
2022,Josh Babicz,00-0037359,TE,CAR,1,,0.0,0.0,0.0,,,,1.16,1.59,2.0,0.0,1.42,19.35
2022,Ra'Shaun Henry,00-0037362,WR,CAR,1,,0.0,0.0,0.0,,,,2.37,2.85,3.46,0.0,4.78,19.35
2022,Garrett Griffin,00-0033095,TE,DET,0,5.0,0.0,0.0,0.0,3.9,5.9,7.9,1.81,2.24,2.81,0.0,3.75,10.4
2022,Jermar Jefferson,00-0036670,RB,DET,0,4.0,0.0,0.0,0.0,21.7,23.7,25.7,19.45,20.45,20.93,0.72,67.41,24.27
2022,Jason Moore,00-0035432,WR,LAC,0,1.0,0.5,1.0,1.5,5.6,7.1,8.6,3.16,3.67,4.68,0.0,11.59,12.87
2022,Matt Sokol,00-0035436,TE,NE,0,,0.0,0.0,0.0,,,,0.28,0.26,0.33,0.0,2.92,6.53
2022,Travis Fulgham,00-0035592,WR,GB,0,,0.0,0.0,0.0,,,,4.75,5.39,6.77,0.08,20.49,31.52
2022,Kendall Blanton,00-0035603,TE,KC,0,4.0,3.5,4.5,5.5,3.7,5.7,7.7,2.04,3.52,3.69,0.0,13.09,9.97
2022,Nsimba Webster,00-0035621,WR,CHI,0,6.0,1.4,2.4,3.4,0.0,0.0,0.0,0.85,1.23,1.99,0.0,4.58,4.04
2022,Tom Kennedy,00-0035544,WR,DET,0,6.0,14.1,18.1,22.1,12.4,15.4,18.4,0.77,1.99,2.85,0.0,13.32,8.82
2022,D'vonte Price,00-0037400,RB,IND,1,,0.0,0.0,0.0,,,,3.05,3.64,3.89,0.0,9.88,19.35
2022,Dylan Parham,00-0037386,TE,DEN,1,,0.0,0.0,0.0,,,,1.67,2.17,2.79,0.0,1.96,19.35
2022,Ethan Fernea,00-0037394,WR,IND,1,,0.0,0.0,0.0,,,,2.14,2.58,3.08,0.0,3.12,19.35
2022,Justin Rigg,00-0037424,TE,PIT,1,,0.0,0.0,0.0,,,,1.55,1.59,1.93,0.0,5.48,19.35
2022,Raheem Blackshear,00-0037429,RB,BUF,1,,35.0,40.0,45.0,,,,2.83,3.06,3.4,0.0,3.71,19.35
2022,Jashaun Corbin,00-0037410,RB,NYG,1,,0.0,0.0,0.0,,,,5.14,5.26,5.51,0.0,15.63,19.35
2022,Chris Oladokun,00-0037324,QB,KC,1,,0.0,0.0,0.0,,,,2.02,1.95,2.64,0.05,16.94,19.35
2022,Kwamie Lassiter II,00-0037420,WR,CIN,1,,0.0,0.0,0.0,,,,0.88,0.91,1.17,0.0,4.15,19.35
2022,Gerrid Doaks,00-0036578,RB,HOU,0,,0.0,0.0,0.0,,,,5.09,6.13,7.49,0.0,18.74,19.35
2022,Dez Fitzpatrick,00-0036627,WR,TEN,0,3.0,0.0,0.0,0.0,10.9,13.4,15.9,5.8,6.46,9.05,0.01,22.12,13.5
2022,Kirk Merritt,00-0035844,WR,NO,0,1.0,0.0,0.0,0.0,1.3,1.8,2.3,2.86,3.68,3.64,0.0,19.4,8.22
2022,Jared Pinkney,00-0035787,TE,LA,0,,0.0,0.0,0.0,,,,0.29,0.27,0.44,0.0,2.87,19.35
2022,Chris Streveler,00-0035752,QB,NYJ,0,2.0,9.0,9.0,9.0,2.04,2.04,2.04,1.93,2.37,2.79,0.0,14.77,14.04
2022,Jalen Wydermyer,00-0037436,TE,NE,1,,0.0,0.0,0.0,,,,3.64,4.44,5.23,0.0,12.57,19.35
2022,,00-0037439,TE,DET,0,,0.0,0.0,0.0,,,,0.1,0.1,0.31,0.0,0.01,19.35
2022,Kalil Pimpleton,00-0037443,WR,NYG,1,,0.0,0.0,0.0,,,,2.84,3.71,4.91,0.0,4.07,19.35
2022,Drew Estrada,00-0037454,WR,HOU,1,,0.0,0.0,0.0,,,,1.56,2.24,2.59,0.0,7.53,19.35
2022,Johnny Johnson III,00-0037460,WR,HOU,1,,0.0,0.0,0.0,,,,2.28,3.05,3.5,0.0,8.96,19.35
2022,Bryant Koback,00-0037495,RB,MIN,1,,0.0,0.0,0.0,,,,2.44,2.81,3.27,0.0,5.73,19.35
2022,Kaylon Geiger,00-0037483,WR,TB,1,,0.0,0.0,0.0,,,,0.7,0.77,1.11,0.0,3.99,19.35
2022,Deven Thompkins,00-0037487,WR,TB,1,,5.8,8.3,10.8,,,,1.55,2.24,2.46,0.0,3.1,19.35
2022,Lucas Krull,00-0037539,TE,NO,1,,0.0,0.0,0.0,,,,1.11,1.39,1.92,0.0,1.31,19.35
2022,Rashid Shaheed,00-0037545,WR,NO,1,,72.5,86.5,100.5,,,,1.49,1.97,2.51,0.0,4.95,19.35
2022,Jontre Kirklin,00-0037553,WR,ARI,1,,0.0,0.0,0.0,,,,1.49,1.72,1.92,0.0,0.95,19.35
2022,Tay Martin,00-0037524,WR,SF,1,,0.0,0.0,0.0,,,,1.45,1.95,2.52,0.0,4.04,19.35
2022,Laquon Treadwell,00-0032951,WR,NE,0,12.0,4.2,7.2,10.2,49.4,65.9,82.4,10.74,13.34,16.18,0.0,39.28,32.59
2022,Kendall Hinton,00-0035864,WR,DEN,0,11.0,32.4,44.4,56.4,23.54,31.04,38.54,0.39,1.44,1.76,0.0,18.63,16.44
2022,Ben Victor,00-0035819,WR,BAL,0,,0.0,0.0,0.0,,,,2.45,2.93,3.9,0.0,2.33,19.35
2022,Ben Mason,00-0036565,TE,BAL,0,,0.0,0.0,0.0,,,,0.21,0.2,0.48,0.0,0.02,19.35
2022,Cody White,00-0035891,WR,PIT,0,6.0,0.2,0.7,1.2,3.3,5.8,8.3,2.64,3.45,4.41,0.0,11.76,9.3
2022,Jaquarii Roberson,00-0037574,WR,PIT,1,,0.0,0.0,0.0,,,,1.82,2.03,2.73,0.0,5.52,19.35
2022,Reggie Roberson Jr.,00-0037604,WR,TEN,1,,0.0,0.0,0.0,,,,2.54,3.1,4.25,0.0,3.83,19.35
2022,Cole Fotheringham,00-0037506,TE,LV,1,,0.0,0.0,0.0,,,,1.08,1.4,1.67,0.0,1.1,19.35
2022,Chase Garbers,00-0037507,QB,LV,1,,0.0,0.0,0.0,,,,3.05,3.2,3.06,0.0,9.37,19.35
2022,Roger Carter,00-0037632,TE,LA,1,,0.0,0.0,0.0,,,,1.87,2.28,2.42,0.0,4.1,19.35
2022,Jarrett Guarantano,00-0037650,QB,ARI,1,,0.0,0.0,0.0,,,,1.42,1.2,1.2,0.0,6.48,19.35
2022,Tucker Fisk,00-0037654,TE,ATL,1,,0.0,0.0,0.0,,,,0.66,0.84,1.1,0.0,2.77,19.35
2022,Jared Scott,00-0037629,TE,IND,1,,0.0,0.0,0.0,,,,2.1,2.8,3.36,0.0,8.13,19.35
2022,J.J. Howland,00-0037631,TE,TB,1,,0.0,0.0,0.0,,,,0.42,0.52,0.47,0.0,0.0,19.35
2022,Alex Erickson,00-0032543,WR,WAS,0,17.0,0.0,0.0,0.0,5.5,7.0,8.5,3.02,3.82,5.58,0.0,13.34,13.79
2022,Marken Michel,00-0032609,WR,WAS,0,,0.0,0.0,0.0,,,,1.11,1.54,1.91,0.0,4.18,19.35
2022,Malik Davis,00-0037563,RB,DAL,1,,28.4,31.4,34.4,,,,2.4,2.51,2.79,0.0,5.25,19.35
2022,Dontario Drummond,00-0037564,WR,DAL,1,,0.0,0.0,0.0,,,,1.49,1.46,1.68,0.0,2.81,19.35
2022,Patrick Taylor,00-0035973,RB,GB,0,5.0,4.8,5.3,5.8,15.2,16.2,17.2,14.02,16.14,16.91,0.0,37.39,19.57
2022,Dan Chisena,00-0035976,WR,MIN,0,2.0,0.0,0.0,0.0,0.0,0.0,0.0,0.2,0.65,0.75,0.0,2.32,2.66
2022,Trishton Jackson,00-0035934,WR,MIN,0,,0.0,0.0,0.0,,,,0.83,0.97,1.34,0.0,1.86,19.35
2022,Tarik Black,00-0036491,WR,NYJ,0,1.0,0.0,0.0,0.0,1.0,1.5,2.0,1.86,1.41,1.92,0.0,16.46,8.22
2022,Paul Quessenberry,00-0036453,RB,HOU,0,,0.0,0.0,0.0,,,,0.73,0.81,1.14,0.0,6.02,19.35
2022,Dillon Stoner,00-0036526,WR,LV,0,2.0,0.0,0.0,0.0,0.0,0.0,0.0,2.16,2.6,3.3,0.0,8.09,8.03
2022,Tre Nixon,00-0036536,WR,NE,0,,0.0,0.0,0.0,,,,1.86,1.86,3.02,0.0,8.39,19.35
2022,Kenny Yeboah,00-0036510,TE,NYJ,0,3.0,0.0,0.0,0.0,3.6,4.6,5.6,3.59,4.39,5.52,0.0,7.85,9.39
2022,Trey Ragas,00-0036523,RB,LA,0,1.0,0.0,0.0,0.0,1.5,2.5,3.5,10.34,10.31,13.28,0.0,20.54,8.39
2022,Sean Mannion,00-0032245,QB,SEA,0,1.0,0.0,0.0,0.0,12.96,12.96,12.96,9.16,10.68,12.22,0.0,19.06,18.81
2022,Duke Johnson,00-0032257,RB,BUF,0,5.0,0.4,0.4,0.4,55.1,57.1,59.1,13.66,13.48,12.66,0.0,50.06,38.7
2022,Sandro Platzgummer,00-0036449,RB,NYG,0,,0.0,0.0,0.0,,,,2.73,3.24,3.48,0.0,6.0,19.35
2022,Thaddeus Moss,00-0036023,TE,CIN,0,,0.0,0.0,0.0,,,,0.94,1.22,1.5,0.0,1.59,19.35
2022,Nick Bowers,00-0036083,TE,CIN,0,,0.0,0.0,0.0,,,,0.6,0.59,0.74,0.0,2.21,19.35
2022,Sean McKeon,00-0036032,TE,DAL,0,5.0,1.1,2.1,3.1,8.7,10.7,12.7,0.9,1.27,1.54,0.0,9.57,5.11
2022,Reid Sinnett,00-0036052,QB,PHI,0,,0.0,0.0,0.0,,,,1.78,1.57,1.52,0.03,8.2,19.35
2022,Joe Reed,00-0036377,WR,LAC,0,,0.0,0.0,0.0,,,,1.71,1.69,1.71,0.0,10.07,10.14
2022,Tyler Mabry,00-0036059,TE,SEA,0,,6.7,7.2,7.7,,,,0.43,0.37,0.38,0.0,1.04,19.35
2022,Diontae Spencer,00-0031319,WR,NYJ,0,15.0,0.0,0.0,0.0,-0.3,0.2,0.7,2.28,3.3,3.39,0.0,6.38,13.37
2022,MyCole Pruitt,00-0031585,TE,ATL,0,10.0,39.0,47.0,55.0,34.5,41.5,48.5,2.81,4.6,5.42,0.0,18.89,26.31
2022,Maurice Alexander,00-0037708,WR,DET,1,,0.7,1.2,1.7,,,,1.16,1.39,1.83,0.0,9.67,19.35
2022,J.J. Taylor,00-0036096,RB,NE,0,5.0,1.7,2.2,2.7,14.5,16.5,18.5,7.96,9.03,10.28,0.0,25.1,12.98
2022,Isaiah Zuber,00-0036100,WR,LV,0,,0.0,0.0,0.0,,,,0.95,1.18,1.45,0.0,4.16,9.88
2022,Isaiah Hodgins,00-0036165,WR,BUF,0,,63.2,81.7,100.2,,,,5.58,7.57,8.97,0.0,14.73,19.35
2022,Jaylon Moore,00-0036125,WR,JAX,0,,0.0,0.0,0.0,,,,1.71,2.22,2.48,0.0,5.8,19.35
2022,Mason Kinsey,00-0036176,WR,TEN,0,1.0,0.3,0.8,1.3,0.0,0.0,0.0,2.84,3.1,4.95,0.0,9.82,8.22
2022,Dalton Keene,00-0036225,TE,PHI,0,,0.0,0.0,0.0,,,,0.89,1.66,3.29,0.0,10.56,8.92
2022,Josh Johnson,00-0026300,QB,DEN,0,4.0,0.7,0.7,0.7,46.32,46.32,46.32,6.35,8.67,6.31,1.89,50.7,61.79
2022,Daylen Baldwin,00-0038147,WR,CLE,1,,2.5,3.5,4.5,,,,2.11,2.85,3.2,0.0,4.04,19.35
2022,Thomas Odukoya,00-0038145,TE,TEN,1,,0.0,0.0,0.0,,,,2.18,2.72,3.43,0.0,3.35,19.35
2022,Ben Roethlisberger,00-0022924,QB,,0,16.0,0.0,0.0,0.0,218.1,218.1,218.1,27.27,26.83,27.94,1.11,179.01,201.48
2022,Ryan Fitzpatrick,00-0023682,QB,,0,1.0,0.0,0.0,0.0,0.72,0.72,0.72,2.91,0.9,1.92,0.0,66.59,47.39
2022,Adrian Peterson,00-0025394,RB,,0,4.0,0.0,0.0,0.0,22.6,24.6,26.6,2.84,1.31,0.11,0.0,20.81,26.98
2022,Danny Amendola,00-0026035,WR,,0,8.0,0.0,0.0,0.0,44.8,56.8,68.8,7.78,7.59,8.56,0.0,22.83,28.03
2022,DeSean Jackson,00-0026189,WR,,0,14.0,15.3,19.8,24.3,55.8,65.8,75.8,2.15,2.89,2.95,0.0,30.77,33.98
2022,Jared Cook,00-0027061,TE,,0,16.0,0.0,0.0,0.0,84.4,108.4,132.4,6.97,8.66,11.44,0.0,72.42,58.7
2022,Rob Gronkowski,00-0027656,TE,,0,12.0,0.0,0.0,0.0,116.2,143.7,171.2,14.71,20.73,25.12,0.0,94.48,80.74
2022,Emmanuel Sanders,00-0027685,WR,,0,14.0,0.0,0.0,0.0,89.7,110.7,131.7,13.11,15.69,18.53,0.0,89.64,77.84
2022,Jimmy Graham,00-0027696,TE,,0,11.0,0.0,0.0,0.0,36.7,43.7,50.7,1.24,0.61,0.96,0.0,16.44,32.13
2022,Antonio Brown,00-0027793,WR,,0,7.0,0.0,0.0,0.0,79.1,100.1,121.1,22.49,28.79,37.88,0.0,119.84,75.17
2022,Cam Newton,00-0027939,QB,,0,7.0,0.0,0.0,0.0,86.36,86.36,86.36,22.31,21.57,22.77,0.0,123.03,101.19
2022,Luke Stocker,00-0028042,TE,,0,6.0,0.0,0.0,0.0,1.2,2.2,3.2,0.0,0.04,0.0,0.0,1.24,5.73
2022,Lee Smith,00-0028097,TE,,0,10.0,0.0,0.0,0.0,12.5,17.0,21.5,0.0,0.0,0.0,0.0,0.7,10.69
2022,Chris Hogan,00-0028237,WR,,0,5.0,0.0,0.0,0.0,10.1,12.1,14.1,0.78,0.58,0.13,0.0,0.0,9.31
2022,Cole Beasley,00-0029000,WR,,0,16.0,3.5,6.5,9.5,77.3,118.3,159.3,20.66,27.8,37.55,0.0,94.84,70.36
2022,Derek Carrier,00-0029119,TE,,0,2.0,0.0,0.0,0.0,1.3,2.3,3.3,0.11,0.24,0.2,0.0,1.25,5.0
2022,Travis Benjamin,00-0029269,WR,,0,5.0,0.0,0.0,0.0,0.0,0.0,0.0,0.35,0.49,0.4,0.0,4.51,8.17
2022,T.Y. Hilton,00-0029608,WR,,0,10.0,12.1,15.6,19.1,51.1,62.6,74.1,2.55,2.61,3.17,0.0,27.34,35.96
2022,Mohamed Sanu,00-0029632,WR,,0,8.0,0.0,0.0,0.0,17.7,25.2,32.7,5.18,5.78,7.67,0.0,7.2,14.51
2022,Darren Fells,00-0029738,TE,,0,3.0,0.0,0.0,0.0,4.3,6.3,8.3,1.41,1.54,1.6,0.0,2.86,9.45
2022,Kenny Stills,00-0030085,WR,,0,7.0,0.0,0.0,0.0,12.9,15.9,18.9,2.87,3.07,3.79,0.0,5.2,10.36
2022,Demetrius Harris,00-0030155,TE,,0,10.0,0.0,0.0,0.0,1.0,2.5,4.0,0.15,0.25,0.03,0.0,1.99,7.32
2022,Jack Doyle,00-0030181,TE,,0,15.0,0.0,0.0,0.0,50.2,64.7,79.2,2.16,3.18,3.25,0.0,17.44,28.41
2022,Le'Veon Bell,00-0030496,RB,,0,8.0,0.0,0.0,0.0,33.1,35.6,38.1,2.49,4.92,4.87,0.0,24.01,30.14
2022,Latavius Murray,00-0030513,RB,,0,14.0,127.2,140.7,154.2,93.6,98.6,103.6,21.41,22.29,23.93,0.0,56.91,78.39
2022,Mike Glennon,00-0030520,QB,,0,6.0,0.0,0.0,0.0,30.9,30.9,30.9,0.46,1.52,0.9,0.0,16.14,9.33
2022,Albert Wilson,00-0030669,WR,,0,10.0,0.0,0.0,0.0,23.0,35.5,48.0,0.0,0.2,0.61,0.0,7.14,37.58
2022,Carlos Hyde,00-0031045,RB,,0,11.0,0.0,0.0,0.0,33.8,39.8,45.8,3.85,4.25,5.49,0.0,24.32,43.82
2022,John Brown,00-0031051,WR,,0,3.0,10.2,10.7,11.2,0.0,0.0,0.0,0.0,0.13,0.93,0.0,3.84,8.59
2022,James White,00-0031062,RB,,0,3.0,0.0,0.0,0.0,19.2,25.2,31.2,7.21,9.19,11.14,0.06,15.05,21.08
2022,Odell Beckham Jr.,00-0031235,WR,,0,14.0,0.0,0.0,0.0,85.1,107.1,129.1,12.81,18.47,23.75,0.96,82.55,63.85
2022,Devonta Freeman,00-0031285,RB,,0,16.0,0.0,0.0,0.0,112.6,129.6,146.6,17.34,20.72,24.55,3.58,67.64,67.33
2022,Eric Ebron,00-0031387,TE,,0,8.0,0.0,0.0,0.0,20.5,26.5,32.5,3.18,4.42,5.03,0.0,15.88,21.69
2022,Garrett Gilbert,00-0031395,QB,,0,1.0,0.0,0.0,0.0,7.76,7.76,7.76,3.42,2.8,3.58,0.0,4.93,15.38
2022,Kevin White,00-0031545,WR,,0,4.0,7.4,8.4,9.4,3.8,4.3,4.8,0.44,0.49,0.8,0.0,5.72,3.41
2022,Malcolm Brown,00-0031806,RB,,0,6.0,17.8,20.3,22.8,19.5,21.0,22.5,3.23,3.48,3.64,0.0,7.5,26.22
2022,Devin Smith,00-0031934,WR,,0,1.0,0.0,0.0,0.0,0.0,0.0,0.0,0.85,1.23,1.44,0.16,3.86,8.22
2022,James O'Shaughnessy,00-0031951,TE,,0,7.0,0.0,0.0,0.0,26.4,38.4,50.4,1.53,2.03,2.3,0.0,12.45,25.99
2022,Adam Humphries,00-0032009,WR,,0,17.0,0.0,0.0,0.0,38.3,58.8,79.3,3.22,3.71,4.4,0.0,13.62,30.91
2022,Tevin Coleman,00-0032058,RB,,0,11.0,19.0,20.5,22.0,40.5,46.0,51.5,5.52,4.25,4.85,0.0,28.1,43.24
2022,Daniel Brown,00-0032098,TE,,0,3.0,0.0,0.0,0.0,2.9,3.9,4.9,0.29,0.57,0.69,0.0,2.22,5.22
2022,Tyrell Williams,00-0032160,WR,,0,1.0,0.0,0.0,0.0,1.4,2.4,3.4,0.97,1.13,1.48,0.0,9.92,8.22
2022,David Johnson,00-0032187,RB,,0,13.0,5.1,7.1,9.1,49.3,65.3,81.3,0.65,0.68,1.56,0.0,33.26,56.58
2022,Chester Rogers,00-0032355,WR,,0,16.0,0.0,0.0,0.0,37.0,52.0,67.0,4.02,4.72,5.47,0.0,14.04,45.15
2022,Alex Collins,00-0032426,RB,,0,11.0,0.0,0.0,0.0,59.8,64.3,68.8,7.52,8.23,9.14,0.0,30.73,31.64
2022,Geronimo Allison,00-0032626,WR,,0,1.0,0.0,0.0,0.0,0.0,0.0,0.0,1.11,1.31,2.01,0.0,1.56,8.22
2022,Peyton Barber,00-0032741,RB,,0,9.0,0.0,0.0,0.0,39.9,44.9,49.9,5.6,7.1,7.93,0.0,24.8,39.03
2022,Jordan Howard,00-0032780,RB,,0,7.0,0.1,0.1,0.1,60.5,61.5,62.5,11.1,11.8,12.5,0.0,38.11,45.08
2022,Wendell Smallwood,00-0032782,RB,,0,2.0,0.0,0.0,0.0,4.7,6.7,8.7,2.48,2.26,3.42,0.13,6.42,15.72
2022,Tommylee Lewis,00-0032881,WR,,0,2.0,0.0,0.0,0.0,0.7,1.2,1.7,1.63,2.28,3.07,0.0,2.49,5.0
2022,Devontae Booker,00-0032972,RB,,0,16.0,0.0,0.0,0.0,104.1,124.1,144.1,15.23,19.09,24.47,2.48,62.82,65.65
2022,Jaydon Mickens,00-0033006,WR,,0,11.0,0.0,0.0,0.0,1.0,2.0,3.0,1.05,1.47,2.05,0.0,0.0,7.24
2022,Jalen Richard,00-0033025,RB,,0,9.0,0.0,0.0,0.0,11.2,17.2,23.2,2.74,3.15,4.19,0.0,3.04,16.5
2022,Marvin Hall,00-0033094,WR,,0,1.0,0.0,0.0,0.0,1.0,1.5,2.0,1.11,1.18,1.61,0.0,2.9,6.11
2022,Pharoh Cooper,00-0033111,WR,,0,8.0,2.1,3.1,4.1,3.6,5.6,7.6,2.82,3.0,4.41,0.0,7.83,7.78
2022,Will Fuller,00-0033127,WR,,0,2.0,0.0,0.0,0.0,4.6,6.6,8.6,2.79,0.91,1.32,0.0,26.96,57.29
2022,Cyril Grayson,00-0033215,WR,,0,3.0,0.0,0.0,0.0,34.6,39.6,44.6,6.44,9.78,10.73,0.0,33.89,22.27
2022,Darrell Daniels,00-0033258,TE,,0,10.0,0.0,0.0,0.0,0.0,0.5,1.0,0.54,0.89,0.95,0.0,0.25,7.36
2022,JoJo Natson,00-0033266,WR,,0,3.0,0.0,0.0,0.0,0.0,0.0,0.0,0.06,0.24,0.66,0.0,1.47,2.85
2022,Alex Armah,00-0033296,RB,,0,9.0,0.0,0.0,0.0,8.2,8.7,9.2,1.22,1.33,2.18,0.0,2.82,11.62
2022,Antony Auclair,00-0033421,TE,,0,4.0,0.0,0.0,0.0,10.7,13.2,15.7,0.0,0.0,0.0,0.0,2.31,5.69
2022,John Ross,00-0033460,WR,,0,9.0,0.0,0.0,0.0,30.0,35.5,41.0,2.27,2.85,2.76,0.1,25.25,22.32
2022,Isaiah Ford,00-0033471,WR,,0,10.0,0.0,0.0,0.0,28.1,34.1,40.1,8.41,11.31,13.22,0.13,28.39,23.95
2022,Marcus Kemp,00-0033481,WR,,0,12.0,0.0,0.0,0.0,2.4,3.4,4.4,1.35,1.92,2.33,0.0,0.11,6.67
2022,Jeremy Sprinkle,00-0033528,TE,,0,6.0,0.0,0.0,0.0,3.1,4.6,6.1,0.0,0.0,0.16,0.0,2.25,5.22
2022,Brian Hill,00-0033567,RB,,0,1.0,0.0,0.0,0.0,0.0,0.0,0.0,4.16,4.74,4.22,0.0,20.79,13.79
2022,Chris Carson,00-0033594,RB,,0,4.0,0.0,0.0,0.0,42.1,45.1,48.1,12.48,10.44,9.24,0.07,96.51,43.23
2022,Blake Jarwin,00-0033658,TE,,0,8.0,0.0,0.0,0.0,21.6,27.1,32.6,1.89,2.54,2.89,0.0,6.7,17.68
2022,Corey Clement,00-0033725,RB,,0,11.0,16.9,19.4,21.9,22.9,25.9,28.9,7.49,7.25,8.89,0.0,16.34,29.4
2022,Dede Westbrook,00-0033839,WR,,0,15.0,0.0,0.0,0.0,6.8,11.8,16.8,3.31,4.61,6.6,0.0,11.86,7.57
2022,Wayne Gallman,00-0033950,RB,,0,7.0,0.0,0.0,0.0,12.5,13.0,13.5,5.34,5.52,5.66,0.0,13.02,35.06
2022,Brandon Zylstra,00-0034052,WR,,0,12.0,0.0,0.0,0.0,31.0,40.0,49.0,0.72,1.18,1.0,0.0,11.75,23.07
2022,Kurt Benkert,00-0034131,QB,,0,1.0,0.0,0.0,0.0,-0.1,-0.1,-0.1,1.39,0.95,0.84,0.05,1.93,10.87
2022,Christian Blake,00-0034132,WR,,0,9.0,0.0,0.0,0.0,2.5,4.5,6.5,1.32,1.96,2.23,0.0,1.78,7.37
2022,Johnny Stanton,00-0034311,RB,,0,3.0,0.0,0.0,0.0,7.2,8.2,9.2,0.87,1.19,1.55,0.0,0.62,15.87
2022,Keith Kirkwood,00-0034317,WR,,0,3.0,1.8,2.8,3.8,1.7,3.2,4.7,0.72,0.79,1.12,0.0,0.0,5.07
2022,Deon Yelder,00-0034319,TE,,0,1.0,0.0,0.0,0.0,0.0,0.5,1.0,0.25,0.45,0.16,0.0,0.2,5.77
2022,Jaylen Samuels,00-0034331,RB,,0,3.0,0.0,0.0,0.0,2.3,3.8,5.3,1.02,1.49,1.65,0.0,0.54,9.19
2022,Ito Smith,00-0034378,RB,,0,1.0,0.0,0.0,0.0,6.4,6.4,6.4,3.63,4.61,4.69,0.07,8.79,11.63
2022,Jordan Wilkins,00-0034400,RB,,0,2.0,8.7,11.7,14.7,0.0,0.0,0.0,1.71,2.01,2.47,0.0,11.08,7.22
2022,Buddy Howell,00-0034449,RB,,0,5.0,0.0,0.0,0.0,1.1,1.1,1.1,1.39,1.36,1.32,0.0,0.0,9.89
2022,Reggie Bonnafon,00-0034578,RB,,0,1.0,0.8,0.8,0.8,1.6,2.6,3.6,1.56,1.96,2.15,0.0,1.82,6.12
2022,Ryan Nall,00-0034597,RB,,0,5.0,0.0,0.0,0.0,0.8,1.3,1.8,2.27,2.56,3.07,0.0,3.32,5.9
2022,Godwin Igwebuike,00-0034614,RB,,0,15.0,0.7,1.2,1.7,19.8,23.3,26.8,4.12,4.99,5.67,0.0,6.26,27.72
2022,Jordan Veasy,00-0034669,WR,,0,1.0,0.0,0.0,0.0,0.0,0.0,0.0,0.96,1.15,1.38,0.0,1.67,8.22
2022,Ethan Wolf,00-0034672,TE,,0,1.0,0.0,0.0,0.0,0.8,1.8,2.8,0.7,0.91,1.11,0.0,4.1,8.22
2022,Codey McElroy,00-0034735,TE,,0,1.0,0.0,0.0,0.0,0.0,0.0,0.0,0.15,0.38,0.3,0.0,0.58,8.22
2022,Chris Herndon,00-0034766,TE,,0,6.0,0.0,0.0,0.0,10.0,12.0,14.0,0.85,1.43,1.52,0.05,5.46,10.23
2022,Kalen Ballage,00-0034799,RB,,0,8.0,0.0,0.0,0.0,4.4,5.4,6.4,3.78,5.22,6.73,0.0,8.46,13.25
2022,Calvin Ridley,00-0034837,WR,,0,5.0,0.0,0.0,0.0,40.1,55.6,71.1,23.91,29.41,37.96,2.41,127.12,98.97
2022,Royce Freeman,00-0034838,RB,,0,12.0,13.0,16.0,19.0,24.6,29.6,34.6,6.41,7.02,8.23,0.0,30.1,31.77
2022,Trinity Benson,00-0034930,WR,,0,7.0,0.0,0.0,0.0,10.3,15.3,20.3,1.42,1.49,1.91,0.0,2.22,14.17
2022,Kaden Smith,00-0034988,TE,,0,4.0,0.0,0.0,0.0,3.3,4.8,6.3,1.46,2.26,2.72,0.0,8.73,7.37
2022,D.J. Montgomery,00-0035045,WR,,0,2.0,0.0,0.0,0.0,3.6,5.1,6.6,1.26,1.59,1.93,0.0,2.21,10.53
2022,Davion Davis,00-0035101,WR,,0,2.0,0.0,0.0,0.0,1.7,2.2,2.7,1.19,1.49,1.77,0.0,3.19,8.17
2022,Sutton Smith,00-0035218,RB,,0,1.0,0.0,0.0,0.0,0.0,0.0,0.0,0.78,1.07,1.3,0.0,0.32,8.22
2022,Ryquell Armstead,00-0035268,RB,,0,2.0,0.0,0.0,0.0,9.6,11.1,12.6,3.28,3.54,4.14,0.0,7.65,19.33
2022,Cullen Gillaspia,00-0035304,RB,,0,4.0,0.0,0.0,0.0,0.0,0.0,0.0,0.98,1.1,0.51,0.0,2.59,5.06
2022,Daniel Helm,00-0035428,TE,,0,3.0,0.0,0.0,0.0,-0.1,0.4,0.9,0.0,0.0,0.0,0.0,0.0,8.17
2022,Alex Bachman,00-0035602,WR,,0,2.0,0.0,0.0,0.0,-0.3,-0.3,-0.3,1.32,1.42,1.4,0.0,0.53,17.01
2022,Derrick Gore,00-0035715,RB,,0,8.0,0.0,0.0,0.0,48.1,52.1,56.1,7.13,7.44,8.81,0.0,31.41,47.69
2022,Jacques Patrick,00-0035760,RB,,0,1.0,0.0,0.0,0.0,1.2,1.2,1.2,1.57,1.78,2.05,0.0,1.96,8.46
2022,Nathan Cottrell,00-0035835,RB,,0,3.0,0.0,0.0,0.0,0.3,0.3,0.3,0.19,0.46,0.56,0.0,0.0,2.72
2022,Matt Cole,00-0035838,WR,,0,1.0,0.0,0.0,0.0,0.0,0.0,0.0,0.29,0.5,0.7,0.0,0.38,2.84
2022,Maurice Ffrench,00-0035883,WR,,0,2.0,0.0,0.0,0.0,0.3,0.3,0.3,1.19,1.49,1.67,0.0,0.23,8.33
2022,Darius Bradwell,00-0035898,RB,,0,1.0,0.0,0.0,0.0,0.0,0.0,0.0,1.1,1.32,1.54,0.0,2.84,8.22
2022,Rodney Smith,00-0035957,RB,,0,1.0,0.0,0.0,0.0,4.8,7.3,9.8,0.88,0.79,1.23,0.0,1.97,8.96
2022,Easop Winston,00-0036080,WR,,0,3.0,0.0,0.0,0.0,0.5,1.0,1.5,1.4,1.48,1.69,0.0,1.27,8.17
2022,Ja'Marcus Bradley,00-0036110,WR,,0,4.0,0.0,0.0,0.0,6.4,8.4,10.4,3.38,5.72,8.16,0.0,5.56,8.06
2022,Jake Fromm,00-0036197,QB,,0,3.0,0.0,0.0,0.0,10.9,10.9,10.9,2.1,0.15,0.28,0.0,5.95,2.1
2022,Artavis Pierce,00-0036208,RB,,0,1.0,0.0,0.0,0.0,0.0,0.0,0.0,1.36,1.77,2.02,0.0,3.71,6.2
2022,Antonio Gandy-Golden,00-0036340,WR,,0,1.0,0.0,0.0,0.0,0.0,0.0,0.0,2.17,3.42,4.46,0.0,7.87,5.05
2022,Henry Ruggs III,00-0036357,WR,,0,7.0,0.0,0.0,0.0,60.5,72.5,84.5,9.61,12.81,12.69,7.99,63.14,46.0
2022,K.J. Hill,00-0036382,WR,,0,6.0,0.0,0.0,0.0,3.0,4.5,6.0,2.66,3.83,4.7,0.06,6.33,5.95
2022,John Hightower,00-0036398,WR,,0,1.0,0.0,0.0,0.0,0.0,0.0,0.0,1.76,2.11,2.23,0.03,5.25,6.27
2022,Dominique Dafney,00-0036456,TE,,0,6.0,0.0,0.0,0.0,3.4,4.4,5.4,1.24,1.72,2.05,0.0,4.97,6.32
2022,Ty'Son Williams,00-0036457,RB,,0,7.0,0.5,1.0,1.5,32.9,37.4,41.9,7.4,8.68,9.05,0.0,27.66,47.3
2022,Sammis Reyes,00-0036474,TE,,0,2.0,0.0,0.0,0.0,0.0,0.0,0.0,0.76,1.02,1.27,0.0,0.0,8.03
2022,Nate McCrary,00-0036582,RB,,0,1.0,0.0,0.0,0.0,-0.1,-0.1,-0.1,1.95,2.07,2.42,0.0,4.23,10.79
2022,Landen Akers,00-0036598,WR,,0,1.0,0.0,0.0,0.0,0.0,0.0,0.0,1.18,1.5,1.73,0.0,2.54,8.22
2022,Pooka Williams Jr.,00-0036734,RB,,0,1.0,0.0,0.0,0.0,0.0,0.0,0.0,1.17,1.38,1.72,0.0,4.36,8.22
2022,JaQuan Hardy,00-0036768,RB,,0,2.0,0.0,0.0,0.0,8.9,8.9,8.9,2.42,2.71,3.19,0.0,3.61,17.18
2022,Dazz Newsome,00-0036907,WR,,0,3.0,0.0,0.0,0.0,2.3,3.3,4.3,2.92,3.47,4.5,0.01,12.18,8.17
2023,C.J. Stroud,00-0039163,QB,HOU,1,,275.02,275.52,276.02,,,,202.3,200.11,204.75,54.01,269.49,18.86
2023,Anthony Richardson,00-0039164,QB,IND,1,,72.68,72.68,72.68,,,,227.03,230.59,235.42,53.84,295.83,18.86
2023,Zach Charbonnet,00-0039165,RB,SEA,1,,73.1,89.6,106.1,,,,74.99,81.05,90.38,0.0,138.47,18.86
2023,Luke Musgrave,00-0039144,TE,GB,1,,41.2,58.2,75.2,,,,100.66,123.91,147.47,0.0,192.08,18.86
2023,Jayden Reed,00-0039146,WR,GB,1,,153.2,185.2,217.2,,,,102.57,124.41,155.59,0.0,189.97,18.86
2023,Bryce Young,00-0039150,QB,CAR,1,,156.38,156.38,156.38,,,,200.15,207.33,207.96,56.51,272.63,18.86
2023,Jahmyr Gibbs,00-0039139,RB,DET,1,,190.1,216.1,242.1,,,,143.28,162.91,181.67,0.0,207.27,18.86
2023,Blaine Gabbert,00-0027948,QB,KC,0,1.0,5.9,5.9,5.9,5.16,5.16,5.16,18.49,17.52,18.24,0.0,81.66,6.54
2023,Andy Dalton,00-0027973,QB,CAR,0,14.0,23.64,23.64,23.64,174.24,174.24,174.24,55.27,48.79,49.04,18.72,159.44,138.37
2023,Randall Cobb,00-0028002,WR,NYJ,0,13.0,11.9,14.4,16.9,47.7,64.7,81.7,22.14,29.4,34.98,0.0,93.39,35.28
2023,Taiwan Jones,00-0028063,RB,NYG,0,7.0,0.0,0.0,0.0,0.0,0.0,0.0,0.26,0.0,0.13,0.0,13.8,2.29
2023,Tyrod Taylor,00-0028118,QB,NYG,0,2.0,87.34,87.34,87.34,11.32,11.32,11.32,22.94,21.56,21.57,1.84,99.13,25.64
2023,Ryan Tannehill,00-0029701,QB,TEN,0,12.0,80.04,80.04,80.04,161.24,161.24,161.24,178.49,174.5,168.39,72.88,279.08,118.5
2023,Trey Palmer,00-0039052,WR,TB,1,,56.7,76.2,95.7,,,,32.76,41.63,49.15,0.0,112.96,18.86
2023,Kirk Cousins,00-0029604,QB,MIN,0,17.0,149.74,149.74,149.74,291.58,291.58,291.58,249.16,250.62,245.28,137.88,327.15,250.91
2023,Brandon Bolden,00-0029239,RB,LV,0,13.0,11.1,11.1,11.1,18.3,22.8,27.3,18.41,23.78,26.17,0.0,69.81,22.56
2023,Russell Wilson,00-0029263,QB,DEN,0,15.0,256.9,256.9,256.9,224.76,225.26,225.76,212.56,205.8,211.08,76.89,307.45,134.8
2023,Marvin Jones,00-0029293,WR,DET,0,16.0,1.5,4.0,6.5,70.9,93.9,116.9,58.34,75.66,91.76,0.0,124.64,47.71
2023,Aaron Rodgers,00-0023459,QB,NYJ,0,17.0,0.0,0.0,0.0,239.2,239.2,239.2,236.36,229.7,232.84,118.48,302.34,267.02
2023,Marcedes Lewis,00-0024243,TE,CHI,0,6.0,8.9,10.9,12.9,20.6,23.6,26.6,14.75,14.83,17.37,0.0,52.7,20.43
2023,Keith Smith,00-0030968,RB,ATL,0,,0.0,0.0,0.0,,,,0.0,0.0,0.06,0.0,5.29,18.86
2023,Geno Smith,00-0030565,QB,SEA,0,17.0,226.26,226.76,227.26,303.88,303.88,303.88,227.22,224.41,219.05,123.71,302.37,203.48
2023,Robert Woods,00-0030431,WR,HOU,0,17.0,49.3,69.3,89.3,64.7,91.2,117.7,65.43,83.66,108.45,0.0,163.47,49.43
2023,Latavius Murray,00-0030513,RB,BUF,0,13.0,65.9,74.4,82.9,127.2,140.7,154.2,65.27,70.04,77.49,0.0,118.22,105.54
2023,DeAndre Hopkins,00-0030564,WR,TEN,0,9.0,148.6,186.1,223.6,87.7,119.7,151.7,85.7,111.8,147.24,0.0,224.58,78.46
2023,Keenan Allen,00-0030279,WR,LAC,0,10.0,170.86,224.86,278.86,98.0,131.0,164.0,101.57,138.63,176.86,0.0,207.26,84.54
2023,Allen Robinson,00-0031428,WR,PIT,0,10.0,28.0,45.0,62.0,51.9,68.4,84.9,48.28,70.65,87.05,0.0,133.45,30.63
2023,Chris Manhertz,00-0031484,TE,DEN,0,7.0,1.6,2.6,3.6,4.2,7.2,10.2,9.3,11.13,14.17,0.0,38.99,7.28
2023,Jameis Winston,00-0031503,QB,NO,0,3.0,11.96,11.96,11.96,43.92,43.92,43.92,37.69,36.52,36.11,4.56,139.31,16.15
2023,Amari Cooper,00-0031544,WR,CLE,0,17.0,155.0,191.0,227.0,168.0,207.0,246.0,100.39,127.31,154.74,0.0,199.84,111.75
2023,Nelson Agholor,00-0031549,WR,BAL,0,14.0,62.1,79.6,97.1,44.2,59.7,75.2,42.08,51.33,58.17,0.0,114.21,31.23
2023,Jerick McKinnon,00-0031376,RB,KC,0,17.0,59.36,71.86,84.36,140.3,168.3,196.3,83.7,104.53,118.11,0.0,155.47,60.1
2023,Davante Adams,00-0031381,WR,LV,0,17.0,162.4,213.9,265.4,235.5,285.5,335.5,189.64,236.07,282.64,0.0,299.4,139.94
2023,Mike Evans,00-0031408,WR,TB,0,15.0,203.5,243.0,282.5,148.4,186.9,225.4,120.15,153.55,186.17,0.0,218.09,140.76
2023,Logan Thomas,00-0031260,TE,WAS,0,13.0,71.8,99.3,126.8,38.3,57.8,77.3,48.78,71.98,88.29,12.95,132.19,30.93
2023,Derek Carr,00-0031280,QB,NO,0,15.0,241.12,241.12,241.12,219.08,219.08,219.08,182.37,182.94,183.57,118.41,256.7,170.77
2023,Jimmy Garoppolo,00-0031345,QB,LV,0,11.0,64.1,64.1,64.1,164.78,164.78,164.78,177.63,179.4,180.34,56.25,261.88,112.18
2023,Odell Beckham Jr.,00-0031235,WR,BAL,0,,72.5,90.0,107.5,,,,66.5,84.68,102.65,0.0,167.64,33.17
2023,Brandin Cooks,00-0031236,WR,DAL,0,13.0,119.2,146.2,173.2,88.6,117.1,145.6,86.42,105.87,134.84,0.0,169.08,82.91
2023,Teddy Bridgewater,00-0031237,QB,DET,0,5.0,-0.2,-0.2,-0.2,38.02,38.02,38.02,32.77,39.48,41.89,4.72,119.96,61.0
2023,Jamison Crowder,00-0031941,WR,WAS,0,4.0,21.9,29.9,37.9,6.0,9.0,12.0,29.69,40.77,55.4,0.0,97.88,10.3
2023,Josh Downs,00-0038997,WR,IND,1,,89.1,123.1,157.1,,,,77.43,96.41,121.06,0.0,175.61,18.86
2023,Raheem Mostert,00-0031687,RB,MIA,0,16.0,242.7,255.2,267.7,137.3,152.8,168.3,87.71,98.36,107.89,0.0,157.82,73.37
2023,DeAndre Carter,00-0031763,WR,LV,0,17.0,5.7,7.7,9.7,68.3,91.3,114.3,42.04,52.77,65.64,0.0,103.94,35.71
2023,Taylor Heinicke,00-0031800,QB,ATL,0,9.0,66.0,66.0,66.0,115.96,115.96,115.96,47.69,49.35,46.41,3.74,128.72,61.14
2023,MyCole Pruitt,00-0031585,TE,ATL,0,10.0,17.0,21.5,26.0,39.0,47.0,55.0,24.54,37.42,45.73,0.0,76.48,25.91
2023,Stefon Diggs,00-0031588,WR,BUF,0,16.0,166.8,220.3,273.8,208.6,262.6,316.6,165.15,213.65,270.37,0.0,247.73,129.35
2023,Michael Burton,00-0031595,RB,DEN,0,,0.0,0.0,0.0,,,,0.48,0.63,1.05,0.0,7.52,18.86
2023,Darren Waller,00-0031610,TE,NYG,0,8.0,61.2,87.2,113.2,56.8,70.8,84.8,67.94,89.82,104.31,0.0,155.0,37.48
2023,C.J. Uzomah,00-0032134,TE,NYJ,0,14.0,11.8,15.8,19.8,35.2,45.7,56.2,31.95,44.93,53.68,0.0,86.54,33.5
2023,Geoff Swaim,00-0032141,TE,ARI,0,12.0,9.4,14.4,19.4,11.8,17.8,23.8,11.62,15.9,21.33,0.0,41.74,15.07
2023,Blake Bell,00-0032062,TE,KC,0,2.0,6.6,9.1,11.6,8.0,9.0,10.0,8.52,12.38,16.13,0.0,40.85,8.59
2023,Ameer Abdullah,00-0032104,RB,LV,0,16.0,22.0,31.5,41.0,29.1,41.6,54.1,32.98,40.2,45.54,0.0,87.13,27.49
2023,Roschon Johnson,00-0039021,RB,CHI,1,,68.1,85.1,102.1,,,,37.44,42.69,48.95,0.0,100.9,18.86
2023,Tyjae Spears,00-0039032,RB,TEN,1,,101.8,127.8,153.8,,,,97.63,102.03,107.5,0.0,165.79,18.86
2023,Sterling Shepard,00-0032385,WR,NYG,0,3.0,12.3,17.3,22.3,21.4,27.9,34.4,43.41,57.82,72.32,0.0,121.85,21.04
2023,Austin Hooper,00-0032392,TE,LV,0,17.0,23.4,35.9,48.4,56.4,76.9,97.4,46.14,62.9,75.58,0.0,116.55,30.49
2023,Chris Moore,00-0032398,WR,TEN,0,15.0,46.3,57.3,68.3,67.1,91.1,115.1,55.53,70.74,80.11,0.0,118.09,50.64
2023,Marcus Mariota,00-0032268,QB,PHI,0,13.0,11.76,11.76,11.76,196.56,196.56,196.56,68.09,71.45,79.17,12.84,174.67,126.06
2023,Tyler Lockett,00-0032211,WR,SEA,0,16.0,123.4,162.9,202.4,155.3,197.3,239.3,117.76,145.64,180.08,0.0,206.46,115.05
2023,Tyler Kroft,00-0032214,TE,MIA,0,6.0,0.0,0.0,0.0,5.7,7.7,9.7,5.51,7.56,9.36,0.0,24.98,7.63
2023,Ty Montgomery,00-0032200,WR,NE,0,1.0,4.9,7.4,9.9,7.3,8.8,10.3,7.37,10.43,11.75,0.0,31.22,12.51
2023,Phillip Dorsett,00-0032208,WR,DEN,0,15.0,0.0,0.0,0.0,31.7,41.7,51.7,12.26,14.24,16.09,0.0,45.9,23.51
2023,Derrick Henry,00-0032764,RB,TEN,0,16.0,218.66,232.66,246.66,269.76,286.26,302.76,200.53,205.71,216.81,67.73,288.23,188.79
2023,Michael Thomas,00-0032765,WR,NO,0,3.0,50.8,70.3,89.8,35.1,43.1,51.1,80.64,106.37,128.99,0.0,195.29,26.55
2023,Kalif Raymond,00-0032464,WR,DET,0,17.0,62.4,79.9,97.4,69.2,92.7,116.2,50.25,65.7,76.94,0.0,110.39,56.94
2023,Tyler Boyd,00-0033009,WR,CIN,0,16.0,77.8,111.3,144.8,109.12,138.12,167.12,81.55,113.07,133.99,15.69,153.12,76.01
2023,Demarcus Robinson,00-0032775,WR,LA,0,16.0,61.4,74.4,87.4,55.8,79.8,103.8,42.93,59.18,69.36,0.0,110.12,35.07
2023,C.J. Ham,00-0032918,RB,MIN,0,,0.0,0.0,0.0,,,,0.49,0.38,0.77,0.0,2.87,18.86
2023,Cedric Tillman,00-0038979,WR,CLE,1,,23.2,33.7,44.2,,,,41.05,54.58,65.73,0.0,113.73,18.86
2023,Jordan Addison,00-0038994,WR,MIN,1,,151.3,186.3,221.3,,,,89.41,117.43,141.06,6.49,180.53,18.86
2023,Tucker Kraft,00-0038996,TE,GB,1,,47.5,63.0,78.5,,,,29.35,37.18,46.02,0.0,84.64,18.86
2023,Jalin Hyatt,00-0038938,WR,NYG,1,,37.3,48.8,60.3,,,,50.91,66.97,83.81,0.0,147.36,18.86
2023,Tyler Scott,00-0038941,WR,CHI,1,,18.9,27.4,35.9,,,,35.55,44.64,56.66,0.0,118.7,18.86
2023,Sean Tucker,00-0038951,RB,TB,1,,3.2,4.2,5.2,,,,41.9,45.89,53.3,0.0,107.54,18.86
2023,Kearis Jackson,00-0038969,WR,TEN,1,,0.0,0.0,0.0,,,,17.96,21.88,26.76,0.0,61.79,18.86
2023,Marvin Mims Jr.,00-0038976,WR,DEN,1,,52.7,63.7,74.7,,,,72.69,91.28,114.4,0.0,160.11,18.86
2023,Tank Dell,00-0038977,WR,HOU,1,,118.0,141.5,165.0,,,,21.46,25.27,30.35,0.0,64.87,18.86
2023,Mo Alie-Cox,00-0033217,TE,IND,0,14.0,36.1,42.6,49.1,34.9,44.4,53.9,31.36,40.28,47.55,0.0,84.82,29.96
2023,Jared Goff,00-0033106,QB,DET,0,17.0,289.1,289.1,289.1,283.32,283.82,284.32,236.18,231.06,231.61,131.42,303.23,245.45
2023,Tyler Higbee,00-0033110,TE,LA,0,16.0,61.5,85.0,108.5,80.0,116.0,152.0,65.93,90.1,116.48,0.0,145.66,69.97
2023,Jacoby Brissett,00-0033119,QB,WAS,0,14.0,22.86,22.86,22.86,168.62,168.62,168.62,65.53,66.63,69.44,7.32,156.72,139.43
2023,Dak Prescott,00-0033077,QB,DAL,0,12.0,342.84,342.84,342.84,198.6,198.6,198.6,271.83,265.98,264.02,116.58,329.52,209.24
2023,Hunter Henry,00-0033090,TE,NE,0,16.0,77.9,98.9,119.9,62.9,83.4,103.9,49.97,66.68,86.32,0.0,130.63,47.57
2023,Tyreek Hill,00-0033040,WR,MIA,0,17.0,257.4,316.9,376.4,222.2,281.7,341.2,163.78,211.23,263.95,0.0,273.38,160.34
2023,Ezekiel Elliott,00-0033045,RB,NE,0,15.0,123.5,149.0,174.5,168.8,177.3,185.8,123.33,140.85,153.91,26.96,199.1,152.79
2023,Dalton Kincaid,00-0038933,TE,BUF,1,,77.3,113.8,150.3,,,,64.02,82.48,96.5,0.0,139.73,18.86
2023,Brenton Strange,00-0038935,TE,JAX,1,,9.5,12.0,14.5,,,,35.98,47.58,56.18,0.0,85.97,18.86
2023,Taysom Hill,00-0033357,QB,NO,0,16.0,110.52,127.02,143.52,136.8,141.3,145.8,77.84,90.81,90.96,4.19,139.42,95.54
2023,Patrick Ricard,00-0033376,RB,BAL,0,13.0,11.2,13.7,16.2,9.0,14.5,20.0,3.31,5.11,6.06,0.0,8.69,16.32
2023,Pharaoh Brown,00-0033439,TE,NE,0,8.0,24.8,31.3,37.8,11.7,17.7,23.7,8.28,10.76,13.95,0.0,8.94,10.98
2023,Isaiah McKenzie,00-0033466,WR,IND,0,15.0,9.6,15.1,20.6,77.8,98.8,119.8,44.33,58.21,65.47,0.0,121.43,48.46
2023,Trent Taylor,00-0033292,WR,CHI,0,16.0,-0.2,-0.2,-0.2,7.7,10.7,13.7,15.75,19.43,24.17,0.0,53.04,14.1
2023,Aaron Jones,00-0033293,RB,GB,0,17.0,104.9,119.9,134.9,189.6,219.1,248.6,169.37,187.23,201.85,1.41,242.96,129.45
2023,Kendrick Bourne,00-0033307,WR,NE,0,16.0,63.0,81.5,100.0,53.3,70.8,88.3,48.35,65.07,78.82,0.0,98.59,47.4
2023,Matt Breida,00-0033308,RB,NYG,0,17.0,29.9,38.4,46.9,39.8,49.8,59.8,46.56,54.65,62.92,0.0,106.49,34.85
2023,Nick Mullens,00-0033319,QB,MIN,0,4.0,66.74,66.74,66.74,11.76,11.76,11.76,16.08,19.67,21.08,0.0,71.51,23.99
2023,Johnny Mundt,00-0033246,TE,MIN,0,13.0,23.2,31.7,40.2,20.0,29.5,39.0,12.45,17.37,23.41,1.93,35.55,15.07
2023,Zach Pascal,00-0033251,WR,ARI,0,15.0,1.9,3.9,5.9,21.0,28.5,36.0,25.35,31.24,40.95,0.0,73.83,24.51
2023,Christian McCaffrey,00-0033280,RB,SF,0,17.0,324.3,357.8,391.3,271.36,313.86,356.36,190.65,220.29,261.49,23.55,318.28,182.35
2023,Curtis Samuel,00-0033282,WR,WAS,0,17.0,95.2,126.2,157.2,112.3,144.3,176.3,73.29,97.83,125.06,0.0,166.04,68.49
2023,George Kittle,00-0033288,TE,SF,0,15.0,138.2,170.7,203.2,140.5,170.5,200.5,127.07,168.92,200.17,0.0,205.17,87.33
2023,Jamal Agnew,00-0033572,WR,JAX,0,15.0,26.3,33.3,40.3,47.3,58.8,70.3,44.29,57.01,69.89,0.0,89.27,30.9
2023,Noah Brown,00-0033591,WR,HOU,0,16.0,68.6,85.1,101.6,71.5,93.0,114.5,42.63,53.1,67.44,0.0,103.09,42.96
2023,Jake Bobo,00-0038752,WR,SEA,1,,37.9,47.4,56.9,,,,11.46,14.1,16.01,0.0,50.19,18.86
2023,James Conner,00-0033553,RB,ARI,0,13.0,174.5,188.0,201.5,154.2,177.2,200.2,147.46,168.03,180.76,36.62,236.04,117.69
2023,Mack Hollins,00-0033555,WR,ATL,0,17.0,25.1,34.1,43.1,97.16,125.66,154.16,69.18,87.58,111.23,11.35,148.19,71.57
2023,Samaje Perine,00-0033526,RB,DEN,0,16.0,71.3,96.3,121.3,104.1,123.1,142.1,67.06,83.63,99.03,40.67,140.92,51.58
2023,Mike Williams,00-0033536,WR,LAC,0,13.0,31.2,40.7,50.2,113.5,145.0,176.5,96.31,120.93,141.57,0.0,167.65,110.72
2023,Deshaun Watson,00-0033537,QB,CLE,0,6.0,86.8,86.8,86.8,85.58,85.58,85.58,224.78,220.36,218.51,61.47,315.29,91.94
2023,Rakim Jarrett,00-0038821,WR,TB,1,,6.0,8.0,10.0,,,,18.28,22.75,28.36,0.0,76.85,18.86
2023,Elijah Dotson,00-0038862,RB,LAC,1,,1.9,2.9,3.9,,,,7.14,8.04,8.79,0.0,18.57,18.86
2023,Emari Demercado,00-0038705,RB,ARI,1,,52.3,62.8,73.3,,,,19.65,22.82,25.66,0.0,62.14,18.86
2023,Hunter Luepke,00-0038738,RB,DAL,1,,9.7,11.2,12.7,,,,12.23,14.9,16.48,0.0,52.39,18.86
2023,Ronnie Bell,00-0038647,WR,SF,1,,24.8,27.8,30.8,,,,20.92,25.18,28.87,0.0,72.6,18.86
2023,JuJu Smith-Schuster,00-0033857,WR,NE,0,16.0,32.0,46.5,61.0,107.3,146.3,185.3,85.81,119.05,141.52,0.0,163.59,75.15
2023,Jonnu Smith,00-0033858,TE,ATL,0,12.0,74.2,99.2,124.2,25.0,38.5,52.0,42.4,60.31,77.61,0.0,97.57,29.25
2023,Mitchell Trubisky,00-0033869,QB,PIT,0,7.0,48.68,48.68,48.68,73.88,73.88,73.88,39.61,41.37,43.77,3.47,124.13,21.99
2023,Robert Tonyan,00-0033757,TE,CHI,0,17.0,11.2,16.7,22.2,59.0,85.5,112.0,44.68,54.21,67.96,0.0,96.41,39.6
2023,Jaleel McLaughlin,00-0038794,RB,DEN,1,,75.0,90.5,106.0,,,,23.83,28.26,33.19,0.0,68.28,18.86
2023,Ben Sims,00-0038809,TE,GB,1,,8.1,10.1,12.1,,,,13.95,19.45,22.75,0.0,51.5,18.86
2023,Cooper Rush,00-0033662,QB,DAL,0,8.0,3.26,3.26,3.26,56.64,56.64,56.64,23.63,22.29,23.8,0.0,80.23,55.86
2023,Austin Ekeler,00-0033699,RB,LAC,0,17.0,134.4,159.9,185.4,265.7,319.2,372.7,167.02,194.84,229.4,62.18,282.54,183.09
2023,Evan Engram,00-0033881,TE,JAX,0,17.0,116.3,173.3,230.3,103.9,140.4,176.9,85.7,116.2,143.76,0.0,141.81,74.75
2023,David Njoku,00-0033885,TE,CLE,0,14.0,120.2,160.7,201.2,84.0,113.0,142.0,64.5,88.4,113.3,0.0,145.27,65.28
2023,Patrick Mahomes,00-0033873,QB,KC,0,17.0,280.22,280.22,280.22,416.4,416.9,417.4,299.44,303.49,301.38,144.53,380.39,293.95
2023,Xavier Hutchinson,00-0038618,WR,HOU,1,,13.9,17.9,21.9,,,,27.71,35.68,45.4,0.0,105.3,18.86
2023,Andrei Iosivas,00-0038619,WR,CIN,1,,35.6,43.1,50.6,,,,18.15,24.12,28.62,0.0,73.83,18.86
2023,DeMario Douglas,00-0038621,WR,NE,1,,58.2,82.7,107.2,,,,27.31,34.02,40.81,0.0,84.29,18.86
2023,Deuce Vaughn,00-0038622,RB,DAL,1,,8.0,11.5,15.0,,,,49.3,52.82,59.55,0.0,107.83,18.86
2023,Antoine Green,00-0038627,WR,DET,1,,0.2,0.7,1.2,,,,18.49,23.08,30.15,0.0,76.43,18.86
2023,Chris Brooks,00-0038685,RB,MIA,1,,10.6,10.6,10.6,,,,4.42,5.0,5.48,0.0,13.17,18.86
2023,Kayshon Boutte,00-0038608,WR,NE,1,,1.9,2.9,3.9,,,,23.55,28.83,35.88,0.0,78.32,18.86
2023,Chris Rodriguez Jr.,00-0038611,RB,WAS,1,,35.9,36.9,37.9,,,,23.68,24.56,29.13,0.0,76.71,18.86
2023,Jamaal Williams,00-0033948,RB,NO,0,17.0,42.8,51.8,60.8,213.9,219.9,225.9,46.56,48.22,57.15,0.0,124.94,138.31
2023,Joshua Dobbs,00-0033949,QB,ARI,0,2.0,200.66,200.66,200.66,20.84,20.84,20.84,133.95,133.69,121.15,34.02,219.97,38.47
2023,Nathan Peterman,00-0033958,QB,CHI,0,3.0,-0.4,-0.4,-0.4,8.26,8.26,8.26,7.73,7.49,9.11,0.0,64.86,12.42
2023,River Cracraft,00-0034054,WR,MIA,0,8.0,18.1,22.6,27.1,22.2,26.7,31.2,24.0,30.61,36.63,0.0,75.69,13.82
2023,C.J. Beathard,00-0033936,QB,JAX,0,4.0,21.46,21.46,21.46,-1.0,-1.0,-1.0,8.56,7.61,8.57,0.0,61.13,12.69
2023,Josh Reynolds,00-0033943,WR,DET,0,12.0,88.8,108.8,128.8,65.9,84.9,103.9,59.88,76.1,89.28,0.0,127.02,37.37
2023,Chris Godwin Jr.,00-0033921,WR,TB,0,15.0,126.2,167.7,209.2,118.8,170.8,222.8,111.23,154.12,189.99,0.0,220.6,123.0
2023,D'Onta Foreman,00-0033925,RB,CHI,0,16.0,80.2,85.7,91.2,126.0,128.5,131.0,89.45,98.64,99.85,0.0,165.83,86.92
2023,Zay Jones,00-0033891,WR,JAX,0,16.0,44.1,61.1,78.1,116.1,157.1,198.1,93.96,121.11,144.11,0.0,154.19,79.7
2023,Dalvin Cook,00-0033893,RB,NYJ,0,17.0,25.2,32.7,40.2,198.8,218.3,237.8,109.9,117.68,132.13,0.0,189.03,149.21
2023,Gerald Everett,00-0033895,TE,LAC,0,15.0,60.1,85.6,111.1,81.5,110.5,139.5,63.38,84.33,104.69,0.0,131.71,62.63
2023,Joe Mixon,00-0033897,RB,CIN,0,14.0,215.0,241.0,267.0,179.5,209.5,239.5,174.91,197.88,221.58,69.88,262.21,143.64
2023,Clayton Tune,00-0038582,QB,ARI,1,,7.48,7.48,7.48,,,,51.14,50.29,51.0,0.09,104.35,18.86
2023,Dorian Thompson-Robinson,00-0038583,QB,CLE,1,,22.1,22.1,22.1,,,,52.63,52.78,54.4,0.72,116.39,18.86
2023,Mike Boone,00-0034208,RB,HOU,0,8.0,6.3,9.8,13.3,19.8,24.3,28.8,26.94,32.18,36.68,0.0,65.1,17.02
2023,Tyler Conklin,00-0034270,TE,NYJ,0,17.0,62.1,92.6,123.1,73.5,102.5,131.5,58.29,76.15,94.7,0.0,117.72,52.71
2023,Charlie Jones,00-0038576,WR,CIN,1,,13.7,17.2,20.7,,,,25.56,31.57,36.92,0.0,81.8,18.86
2023,Jason Cabinda,00-0034171,RB,DET,0,,0.0,0.0,0.0,,,,0.99,0.89,1.14,0.0,4.36,18.86
2023,Gus Edwards,00-0034184,RB,BAL,0,9.0,175.0,181.0,187.0,59.3,59.3,59.3,81.78,87.09,97.68,0.0,156.04,68.11
2023,Ross Dwelley,00-0034073,TE,SF,0,5.0,1.2,1.7,2.2,16.5,18.0,19.5,14.26,18.05,22.42,0.0,48.16,12.45
2023,Will Dissly,00-0034159,TE,SEA,0,15.0,23.2,31.7,40.2,52.9,69.9,86.9,35.94,47.62,57.97,0.0,97.4,30.12
2023,Courtland Sutton,00-0034348,WR,DEN,0,15.0,131.2,160.7,190.2,95.4,127.4,159.4,76.9,95.99,121.57,0.0,159.01,85.3
2023,Dallas Goedert,00-0034351,TE,PHI,0,12.0,77.3,106.8,136.3,86.2,113.7,141.2,72.45,105.9,130.49,0.0,158.28,65.81
2023,Quentin Johnston,00-0038544,WR,LAC,1,,56.0,75.0,94.0,,,,77.29,98.8,115.19,0.0,161.48,18.86
2023,Keith Kirkwood,00-0034317,WR,NO,0,3.0,9.7,12.2,14.7,1.8,2.8,3.8,10.77,13.97,16.87,0.0,41.63,4.56
2023,Richie James,00-0034286,WR,KC,0,16.0,11.4,16.4,21.4,81.5,110.0,138.5,60.18,83.0,100.13,0.0,136.08,77.26
2023,Byron Pringle,00-0034297,WR,WAS,0,10.0,16.1,23.1,30.1,25.5,30.5,35.5,26.93,35.06,44.55,0.0,86.49,32.14
2023,Josh Whyle,00-0038589,TE,TEN,1,,15.4,19.9,24.4,,,,20.32,28.62,32.73,0.0,64.47,18.86
2023,Marquez Valdes-Scantling,00-0034272,WR,KC,0,17.0,35.5,46.0,56.5,80.4,101.4,122.4,61.92,76.86,91.62,0.0,135.16,53.32
2023,Dalton Schultz,00-0034383,TE,HOU,0,15.0,91.5,121.0,150.5,85.7,114.2,142.7,33.56,42.61,61.06,0.0,97.74,61.83
2023,Derius Davis,00-0038573,WR,LAC,1,,22.7,30.2,37.7,,,,17.25,21.73,25.99,0.0,75.97,18.86
2023,Jordan Akins,00-0034364,TE,CLE,0,15.0,13.2,20.7,28.2,79.5,98.0,116.5,43.04,54.34,67.74,0.0,101.56,49.36
2023,Ian Thomas,00-0034365,TE,CAR,0,13.0,5.6,8.1,10.6,19.7,30.2,40.7,29.86,42.48,49.7,0.0,86.6,23.48
2023,Darnell Washington,00-0038558,TE,PIT,1,,6.1,9.6,13.1,,,,34.24,43.52,52.64,0.0,90.94,18.86
2023,Michael Wilson,00-0038559,WR,ARI,1,,76.5,95.5,114.5,,,,67.04,80.92,100.77,0.0,144.71,18.86
2023,Luke Schoonmaker,00-0038547,TE,DAL,1,,18.5,22.5,26.5,,,,27.16,37.36,46.73,0.0,77.01,18.86
2023,Tank Bigsby,00-0038555,RB,JAX,1,,23.8,24.3,24.8,,,,82.25,87.53,97.7,0.0,147.44,18.86
2023,Trent Sherfield,00-0034487,WR,BUF,0,16.0,14.6,20.1,25.6,53.7,68.7,83.7,33.73,41.02,52.42,0.0,86.26,30.41
2023,Boston Scott,00-0034414,RB,PHI,0,15.0,13.8,15.8,17.8,41.2,43.7,46.2,34.13,40.87,44.92,0.0,95.73,36.19
2023,Braxton Berrios,00-0034419,WR,MIA,0,17.0,30.9,44.4,57.9,39.68,48.68,57.68,25.69,34.54,43.03,3.04,75.43,27.96
2023,Nick Bawden,00-0034433,RB,NYJ,0,,8.5,10.0,11.5,,,,2.26,2.67,3.09,0.0,8.06,9.24
2023,Justin Watson,00-0034386,WR,KC,0,17.0,62.0,75.5,89.0,43.5,51.0,58.5,28.43,36.81,46.1,0.0,78.67,34.16
2023,Mike White,00-0034401,QB,MIA,0,4.0,2.06,2.06,2.06,56.58,56.58,56.58,20.07,18.55,18.36,0.0,93.26,25.58
2023,Ray-Ray McCloud,00-0034407,WR,SF,0,17.0,16.5,22.5,28.5,44.1,51.1,58.1,36.39,46.74,58.06,0.0,89.26,27.9
2023,Xavier Gipson,00-0038496,WR,NYJ,1,,41.7,52.2,62.7,,,,16.87,21.39,26.19,0.0,58.05,18.86
2023,Chase Edmonds,00-0034681,RB,TB,0,13.0,25.7,32.7,39.7,58.2,66.2,74.2,37.28,44.38,54.79,0.0,95.32,43.11
2023,Godwin Igwebuike,00-0034614,RB,ATL,0,5.0,0.0,0.0,0.0,0.7,1.2,1.7,1.33,1.71,3.57,0.0,17.55,10.23
2023,Brandon Powell,00-0034646,WR,MIN,0,17.0,40.1,54.6,69.1,23.6,35.6,47.6,20.2,28.56,37.73,4.17,61.68,24.06
2023,Allen Lazard,00-0034521,WR,NYJ,0,15.0,37.1,48.6,60.1,114.8,144.8,174.8,83.77,106.73,131.12,0.0,168.84,83.99
2023,David Wells,00-0034575,TE,TB,0,,-1.0,0.0,1.0,,,,13.1,16.94,20.29,0.0,48.28,18.86
2023,Kyle Allen,00-0034577,QB,BUF,0,2.0,-1.3,-1.3,-1.3,15.94,15.94,15.94,20.57,19.74,20.26,0.0,74.39,17.23
2023,Nick Chubb,00-0034791,RB,CLE,0,17.0,19.1,21.1,23.1,254.4,267.9,281.4,186.95,196.14,204.13,56.3,260.46,157.25
2023,Lamar Jackson,00-0034796,QB,BAL,0,12.0,331.22,331.22,331.22,236.08,236.08,236.08,282.21,280.66,280.14,108.97,351.28,183.12
2023,Durham Smythe,00-0034798,TE,MIA,0,13.0,36.6,54.1,71.6,25.0,32.5,40.0,39.17,55.8,70.94,0.0,101.09,24.2
2023,Christian Kirk,00-0034775,WR,JAX,0,17.0,93.26,121.76,150.26,157.9,199.9,241.9,115.66,150.43,190.85,1.09,199.85,114.15
2023,Michael Gallup,00-0034764,WR,DAL,0,14.0,53.8,70.8,87.8,66.4,85.9,105.4,61.86,77.25,95.43,0.0,139.35,39.7
2023,Bijan Robinson,00-0038542,RB,ATL,1,,188.3,217.3,246.3,,,,172.77,194.25,214.56,0.0,254.76,18.86
2023,Jaxon Smith-Njigba,00-0038543,WR,SEA,1,,86.8,118.3,149.8,,,,92.31,111.71,128.01,0.0,164.86,18.86
2023,Mike Gesicki,00-0034829,TE,NE,0,17.0,36.4,50.9,65.4,66.2,82.2,98.2,44.48,61.77,74.82,0.0,105.26,46.15
2023,Hayden Hurst,00-0034830,TE,CAR,0,13.0,24.4,33.4,42.4,53.4,79.4,105.4,55.7,72.81,91.9,0.0,129.04,35.02
2023,DJ Moore,00-0034827,WR,CHI,0,17.0,190.5,238.5,286.5,136.1,167.6,199.1,122.71,157.89,189.23,0.0,201.17,110.72
2023,Eric Gray,00-0038396,RB,NYG,1,,7.0,10.0,13.0,,,,30.38,34.04,41.15,0.0,89.45,18.86
2023,Evan Hull,00-0038397,RB,IND,1,,0.7,1.2,1.7,,,,36.12,41.41,45.49,0.0,91.79,18.86
2023,Malik Heath,00-0038465,WR,GB,1,,18.5,26.0,33.5,,,,24.63,32.64,39.09,0.0,91.12,18.86
2023,Sean Clifford,00-0038391,QB,GB,1,,1.28,1.28,1.28,,,,39.6,40.05,40.7,1.92,108.61,18.86
2023,Dontayvion Wicks,00-0038393,WR,GB,1,,80.76,100.26,119.76,,,,29.57,38.78,47.1,0.0,111.56,18.86
2023,Justice Hill,00-0034975,RB,BAL,0,15.0,81.3,95.3,109.3,30.0,36.0,42.0,37.59,41.09,49.06,0.0,96.43,51.63
2023,Foster Moreau,00-0034981,TE,NO,0,14.0,25.3,35.8,46.3,54.2,70.7,87.2,20.94,26.0,34.95,0.0,45.11,32.49
2023,Hunter Renfrow,00-0034983,WR,LV,0,10.0,23.5,36.0,48.5,43.0,61.0,79.0,62.36,82.93,104.68,0.0,133.55,49.32
2023,Brett Rypien,00-0034955,QB,LA,0,4.0,4.78,4.78,4.78,18.02,18.02,18.02,4.94,4.49,4.87,0.0,15.0,5.86
2023,Andrew Beck,00-0034959,TE,HOU,0,,0.0,0.0,0.0,,,,1.0,0.88,1.1,0.0,1.82,18.86
2023,Jakobi Meyers,00-0034960,WR,LV,0,14.0,147.58,183.08,218.58,115.3,148.8,182.3,95.47,123.4,153.5,0.0,182.3,79.96
2023,Irv Smith,00-0034970,TE,CIN,0,8.0,15.5,24.5,33.5,30.2,42.7,55.2,58.33,79.58,103.16,0.0,118.18,27.77
2023,Alexander Mattison,00-0034972,RB,MIN,0,17.0,103.2,118.2,133.2,73.4,80.9,88.4,110.92,118.11,129.52,35.58,186.57,53.29
2023,Josh Allen,00-0034857,QB,BUF,0,16.0,392.64,392.64,392.64,395.52,395.52,395.52,303.43,310.27,305.5,149.87,393.03,288.25
2023,Sam Darnold,00-0034869,QB,SF,0,6.0,23.38,23.38,23.38,86.32,86.32,86.32,68.72,68.54,62.19,5.73,156.82,81.29
2023,Calvin Ridley,00-0034837,WR,JAX,0,,153.9,191.9,229.9,,,,23.75,26.94,32.19,0.0,78.66,15.97
2023,Saquon Barkley,00-0034844,RB,NYG,0,16.0,182.2,202.7,223.2,227.0,255.5,284.0,145.59,162.81,185.57,1.41,253.29,161.18
2023,KhaDarel Hodge,00-0034854,WR,ATL,0,13.0,23.2,30.2,37.2,28.2,34.7,41.2,21.69,27.91,34.19,0.0,74.88,22.45
2023,Baker Mayfield,00-0034855,QB,TB,0,12.0,274.06,274.06,274.06,121.42,121.42,121.42,185.0,186.49,186.26,67.98,243.24,75.23
2023,Khari Blasingame,00-0035099,RB,CHI,0,,0.0,0.0,0.0,,,,1.55,1.73,1.93,0.0,8.1,18.86
2023,Kenneth Walker III,00-0038134,RB,SEA,0,15.0,170.4,184.9,199.4,175.5,189.0,202.5,159.15,165.88,169.7,46.95,258.42,180.08
2023,Desmond Ridder,00-0038122,QB,ATL,0,4.0,176.14,176.64,177.14,38.72,38.72,38.72,162.93,169.32,162.97,35.56,247.93,36.2
2023,Malik Willis,00-0038128,QB,TEN,0,7.0,3.06,3.06,3.06,19.34,19.34,19.34,40.9,37.85,38.49,0.0,108.9,36.38
2023,Cade Otton,00-0038129,TE,TB,0,16.0,71.5,95.0,118.5,51.1,72.1,93.1,53.13,72.07,91.89,0.0,116.91,41.53
2023,Daniel Bellinger,00-0038115,TE,NYG,0,11.0,25.5,38.0,50.5,45.0,60.0,75.0,35.55,48.05,58.61,0.0,81.49,36.52
2023,Breece Hall,00-0038120,RB,NYJ,0,7.0,214.5,252.5,290.5,96.1,105.6,115.1,159.44,178.85,194.9,0.0,284.83,88.58
2023,Olamide Zaccheaus,00-0035208,WR,PHI,0,16.0,28.4,33.4,38.4,70.0,90.0,110.0,45.25,55.51,68.76,0.0,105.86,48.85
2023,Deonte Harty,00-0035215,WR,BUF,0,4.0,27.0,34.5,42.0,1.3,2.3,3.3,43.97,61.74,72.32,0.0,97.78,12.17
2023,Diontae Johnson,00-0035216,WR,PIT,0,17.0,101.7,127.2,152.7,94.7,137.7,180.7,100.01,122.35,156.72,0.0,205.97,79.39
2023,T.J. Hockenson,00-0035229,TE,MIN,0,17.0,124.0,171.5,219.0,131.4,174.4,217.4,120.59,155.82,178.44,55.78,191.96,86.63
2023,Cody Thompson,00-0035164,WR,SEA,0,,1.0,1.5,2.0,,,,14.62,19.37,23.27,0.0,69.08,5.97
2023,Jake Browning,00-0035100,QB,CIN,0,,143.44,143.94,144.44,,,,16.93,18.07,20.99,0.0,74.54,18.86
2023,Alec Ingold,00-0035125,RB,MIA,0,,0.0,0.0,0.0,,,,0.21,0.56,1.45,0.0,2.83,18.86
2023,Mecole Hardman,00-0035140,WR,NYJ,0,8.0,12.7,20.2,27.7,68.8,81.3,93.8,57.09,72.86,91.28,0.0,135.67,55.4
2023,Josh Oliver,00-0035249,TE,MIN,0,12.0,31.3,42.3,53.3,26.9,33.9,40.9,30.02,38.6,49.52,20.27,78.33,23.04
2023,Devin Singletary,00-0035250,RB,HOU,0,16.0,137.34,152.34,167.34,139.9,158.9,177.9,79.73,94.47,109.69,0.0,153.38,108.2
2023,Trevon Wesco,00-0035259,TE,TEN,0,6.0,2.1,2.6,3.1,4.6,5.6,6.6,20.89,25.53,30.38,0.0,76.91,5.52
2023,Kenny Pickett,00-0038102,QB,PIT,0,13.0,110.2,110.2,110.2,149.86,149.86,149.86,204.53,208.75,198.19,70.8,274.18,133.27
2023,Bailey Zappe,00-0038108,QB,NE,0,4.0,69.18,69.18,69.18,38.64,39.14,39.64,44.37,40.84,39.33,6.22,108.82,48.25
2023,Miles Sanders,00-0035243,RB,CAR,0,17.0,60.6,74.1,87.6,196.7,206.7,216.7,128.58,135.99,147.76,23.42,211.53,127.63
2023,Erik Ezukanma,00-0038092,WR,MIA,0,1.0,2.2,2.2,2.2,0.3,0.8,1.3,22.95,26.63,33.44,0.0,82.22,7.58
2023,Pierre Strong,00-0038098,RB,CLE,0,10.0,37.8,40.3,42.8,20.2,23.7,27.2,21.27,25.98,28.35,0.0,66.39,22.91
2023,Zamir White,00-0038040,RB,LV,0,11.0,58.9,66.4,73.9,7.0,7.0,7.0,47.54,48.95,49.07,0.0,102.98,17.31
2023,Jake Ferguson,00-0038041,TE,DAL,0,11.0,106.1,141.6,177.1,29.4,38.9,48.4,43.62,58.37,79.04,0.0,102.15,26.65
2023,Charlie Kolar,00-0038046,TE,BAL,0,1.0,14.7,18.2,21.7,4.9,6.9,8.9,28.39,39.02,46.08,0.0,84.42,12.65
2023,Skyy Moore,00-0038090,WR,KC,0,16.0,32.7,43.2,53.7,27.4,38.4,49.4,70.88,96.35,117.27,0.0,136.15,36.32
2023,Donald Parham,00-0035329,TE,LAC,0,6.0,52.5,66.0,79.5,19.0,24.0,29.0,27.48,35.54,45.36,0.0,70.8,15.31
2023,Trenton Irwin,00-0035341,WR,CIN,0,9.0,37.6,50.1,62.6,48.2,55.7,63.2,43.53,54.84,65.64,0.0,98.26,29.28
2023,Easton Stick,00-0035282,QB,LAC,0,,67.56,67.56,67.56,,,,17.96,21.48,25.79,0.0,88.1,18.86
2023,Gardner Minshew,00-0035289,QB,IND,0,5.0,196.2,196.2,196.2,36.82,36.82,36.82,35.73,34.54,29.58,0.0,98.71,29.71
2023,Trayveon Williams,00-0035291,RB,CIN,0,7.0,7.9,11.4,14.9,6.0,7.0,8.0,38.55,44.98,49.07,0.0,77.92,11.51
2023,Scott Miller,00-0035298,WR,ATL,0,12.0,28.1,33.6,39.1,19.3,30.8,42.3,36.71,49.12,60.97,0.0,89.64,20.67
2023,Myles Gaskin,00-0035311,RB,MIN,0,2.0,0.0,0.0,0.0,5.4,7.4,9.4,53.06,58.71,69.3,8.96,106.38,51.45
2023,Tony Pollard,00-0035261,RB,DAL,0,16.0,167.6,195.1,222.6,209.8,229.3,248.8,152.98,179.01,205.53,79.87,225.4,148.63
2023,Jarrett Stidham,00-0035264,QB,DEN,0,3.0,26.64,26.64,26.64,42.64,42.64,42.64,35.33,35.73,34.92,1.84,100.88,28.2
2023,Lil'Jordan Humphrey,00-0035406,WR,DEN,0,4.0,34.2,40.7,47.2,2.0,3.0,4.0,6.05,8.21,10.14,0.0,12.99,6.7
2023,Greg Dortch,00-0035500,WR,ARI,0,16.0,40.5,52.5,64.5,63.1,89.1,115.1,51.06,69.23,80.69,0.0,113.83,48.33
2023,Brock Purdy,00-0037834,QB,SF,0,9.0,295.6,295.6,295.6,106.26,106.26,106.26,180.37,172.2,156.27,44.62,237.97,73.17
2023,Calvin Austin III,00-0037837,WR,PIT,0,,35.7,44.2,52.7,,,,22.18,27.25,30.9,0.0,87.59,18.86
2023,Isaiah Likely,00-0037838,TE,BAL,0,14.0,71.1,86.1,101.1,55.3,73.3,91.3,66.34,90.4,109.36,0.0,127.69,46.41
2023,Kyren Williams,00-0037840,RB,LA,0,8.0,223.0,239.0,255.0,21.5,26.0,30.5,74.25,79.15,94.94,0.0,125.84,30.72
2023,Romeo Doubs,00-0037816,WR,GB,0,13.0,115.4,144.9,174.4,59.6,80.6,101.6,72.02,90.61,108.78,0.0,153.91,60.76
2023,Noah Fant,00-0035644,TE,SEA,0,17.0,41.4,57.4,73.4,72.6,97.6,122.6,61.94,82.73,100.03,0.0,117.05,48.41
2023,Damien Harris,00-0035657,RB,BUF,0,11.0,17.0,18.0,19.0,73.9,82.4,90.9,79.72,89.76,96.19,0.0,150.49,86.8
2023,Terry McLaurin,00-0035659,WR,WAS,0,17.0,124.2,163.7,203.2,152.0,190.5,229.0,110.21,141.73,175.17,0.0,201.2,128.52
2023,Drew Sample,00-0035631,TE,CIN,0,2.0,28.3,39.3,50.3,-0.2,0.8,1.8,17.69,21.34,26.1,0.0,68.11,9.5
2023,Parris Campbell,00-0035639,WR,NYG,0,17.0,10.4,20.4,30.4,86.1,117.6,149.1,60.08,79.47,103.34,0.0,153.65,62.42
2023,DK Metcalf,00-0035640,WR,SEA,0,17.0,159.4,192.4,225.4,136.8,181.8,226.8,118.16,152.37,177.91,0.0,211.73,113.93
2023,Juwann Winfree,00-0035593,WR,IND,0,3.0,0.0,0.0,0.0,1.7,2.2,2.7,6.27,7.04,8.98,0.0,17.64,5.17
2023,Travis Homer,00-0035594,RB,CHI,0,10.0,0.0,0.0,0.0,27.1,35.1,43.1,35.06,42.59,47.02,0.0,92.34,26.1
2023,D'Ernest Johnson,00-0035628,RB,JAX,0,9.0,24.8,29.8,34.8,2.4,3.9,5.4,21.0,25.16,27.44,0.0,65.36,18.17
2023,Darius Slayton,00-0035535,WR,NYG,0,13.0,101.0,126.0,151.0,82.4,105.4,128.4,71.34,96.02,116.02,0.0,162.14,58.34
2023,Jesper Horsted,00-0035562,TE,LV,0,5.0,0.4,0.9,1.4,1.9,3.4,4.9,9.92,13.88,17.32,0.0,41.3,5.04
2023,Craig Reynolds,00-0035567,RB,DET,0,6.0,26.6,29.1,31.6,21.8,26.3,30.8,31.68,37.47,41.22,0.0,78.02,24.32
2023,Parker Hesse,00-0035572,TE,ATL,0,12.0,0.0,0.0,0.0,8.9,13.4,17.9,4.06,5.59,6.96,0.0,6.7,10.92
2023,A.J. Brown,00-0035676,WR,PHI,0,17.0,183.6,236.6,289.6,211.6,255.6,299.6,169.24,208.14,239.9,0.0,263.31,125.52
2023,KaVontae Turpin,00-0037801,WR,DAL,0,17.0,47.7,53.7,59.7,2.6,3.1,3.6,15.86,22.83,26.07,0.0,58.87,12.07
2023,Jeremy Ruckert,00-0037805,TE,NYJ,0,2.0,15.1,23.1,31.1,0.8,1.3,1.8,15.73,21.01,26.59,0.0,55.41,7.58
2023,Chig Okonkwo,00-0037809,TE,TEN,0,16.0,59.4,86.4,113.4,65.2,81.2,97.2,70.76,90.19,119.14,0.0,137.43,56.89
2023,Trey McBride,00-0037744,TE,ARI,0,12.0,100.5,141.0,181.5,32.5,47.0,61.5,48.51,64.54,79.8,0.0,106.93,33.07
2023,Brian Robinson,00-0037746,RB,WAS,0,12.0,162.1,180.1,198.1,103.7,108.2,112.7,109.75,115.85,128.01,0.0,216.71,65.61
2023,Marquise Brown,00-0035662,WR,ARI,0,12.0,83.7,109.2,134.7,89.0,122.5,156.0,97.67,121.63,150.09,0.0,193.89,84.24
2023,Jalen Tolbert,00-0037666,WR,DAL,0,3.0,38.8,49.8,60.8,1.2,2.2,3.2,23.95,27.61,34.36,0.0,82.72,7.67
2023,Garrett Wilson,00-0037740,WR,NYJ,0,17.0,118.2,165.7,213.2,132.7,174.2,215.7,136.89,173.91,204.25,0.0,231.04,138.39
2023,Jahan Dotson,00-0037741,WR,WAS,0,12.0,75.8,100.3,124.8,95.6,113.1,130.6,112.66,136.88,155.84,0.0,206.84,70.55
2023,Treylon Burks,00-0037742,WR,TEN,0,11.0,23.9,31.9,39.9,55.1,71.6,88.1,90.25,111.35,132.75,0.0,181.21,48.2
2023,Jakob Johnson,00-0035726,RB,LV,0,11.0,1.2,1.7,2.2,1.0,3.5,6.0,4.04,5.38,5.73,0.0,5.67,6.74
2023,Mitchell Wilcox,00-0035771,TE,CIN,0,9.0,5.6,10.1,14.6,19.9,28.4,36.9,13.28,15.92,21.3,0.0,35.99,13.19
2023,Drew Lock,00-0035704,QB,SEA,0,,29.12,29.12,29.12,,,,33.89,37.44,41.14,1.63,112.4,16.21
2023,Daniel Jones,00-0035710,QB,NYG,0,16.0,56.96,56.96,56.96,289.0,289.0,289.0,269.13,265.86,261.02,108.53,318.87,283.52
2023,Deebo Samuel Sr.,00-0035719,WR,SF,0,13.0,183.7,213.7,243.7,112.4,140.4,168.4,153.54,182.44,222.63,0.0,260.05,124.2
2023,Dawson Knox,00-0035689,TE,BUF,0,15.0,32.6,43.6,54.6,87.7,111.7,135.7,62.02,84.92,102.05,0.0,144.65,58.91
2023,Josh Jacobs,00-0035700,RB,LV,0,17.0,144.1,162.6,181.1,275.3,301.8,328.3,193.11,227.57,255.14,75.41,289.61,202.12
2023,Miles Boykin,00-0035703,WR,PIT,0,10.0,1.7,3.2,4.7,1.1,2.1,3.1,14.38,19.14,22.49,0.0,62.77,6.68
2023,David Montgomery,00-0035685,RB,DET,0,16.0,191.2,199.2,207.2,143.7,160.7,177.7,125.72,137.18,152.32,67.82,211.08,94.88
2023,Julius Chestnut,00-0037594,RB,TEN,0,6.0,0.0,0.0,0.0,5.3,6.8,8.3,21.61,25.13,28.65,0.0,63.1,12.58
2023,Salvon Ahmed,00-0036020,RB,MIA,0,6.0,26.9,34.9,42.9,13.2,13.7,14.2,38.35,42.91,50.29,0.0,91.6,13.87
2023,Juwan Johnson,00-0036040,TE,NO,0,16.0,60.8,79.3,97.8,92.8,113.8,134.8,57.48,79.13,101.58,0.0,133.67,58.5
2023,Giovanni Ricci,00-0035956,TE,CAR,0,11.0,0.2,0.7,1.2,10.0,14.0,18.0,13.18,17.43,20.85,0.0,57.07,6.71
2023,Patrick Taylor,00-0035973,RB,GB,0,6.0,19.0,24.5,30.0,4.8,5.3,5.8,12.98,14.84,17.72,0.0,37.0,10.37
2023,Kirk Merritt,00-0035844,WR,NO,0,,0.0,0.0,0.0,,,,10.58,14.06,18.58,0.0,54.47,10.12
2023,Tony Jones,00-0035860,RB,NO,0,3.0,25.2,28.7,32.2,5.4,7.9,10.4,55.83,59.12,71.26,0.0,124.49,12.65
2023,Jordan Mason,00-0037525,RB,SF,0,12.0,41.7,43.2,44.7,31.8,31.8,31.8,39.24,43.51,48.03,0.0,95.25,57.58
2023,Rashid Shaheed,00-0037545,WR,NO,0,12.0,111.6,134.6,157.6,72.5,86.5,100.5,55.52,68.79,82.58,0.0,127.43,63.74
2023,Isaiah Hodgins,00-0036165,WR,NYG,0,9.0,39.0,49.5,60.0,63.2,81.7,100.2,68.89,90.43,114.72,0.0,168.26,56.67
2023,Rico Dowdle,00-0036139,RB,DAL,0,2.0,74.5,83.0,91.5,0.0,0.0,0.0,24.5,28.66,30.79,0.0,76.77,7.58
2023,Lawrence Cager,00-0036145,TE,NYG,0,6.0,9.6,11.6,13.6,17.8,24.3,30.8,20.93,27.2,31.54,0.0,51.83,17.5
2023,J.K. Dobbins,00-0036158,RB,BAL,0,8.0,9.7,10.7,11.7,74.2,77.7,81.2,103.14,113.62,117.11,0.0,174.86,80.98
2023,Alec Pierce,00-0037664,WR,IND,0,16.0,63.4,79.4,95.4,71.3,91.8,112.3,89.76,107.7,130.36,0.0,177.2,69.23
2023,Raheem Blackshear,00-0037429,RB,CAR,0,13.0,11.1,14.1,17.1,35.0,40.0,45.0,33.82,39.45,45.24,0.0,83.56,25.96
2023,Stone Smartt,00-0037475,TE,LAC,0,3.0,21.5,27.0,32.5,1.7,3.7,5.7,5.89,7.62,9.58,0.0,13.02,7.67
2023,Harrison Bryant,00-0036232,TE,CLE,0,14.0,24.9,31.4,37.9,30.7,46.2,61.7,27.32,31.97,39.57,0.0,70.7,30.08
2023,Donovan Peoples-Jones,00-0036233,WR,CLE,0,17.0,15.5,22.0,28.5,106.1,136.6,167.1,76.77,103.7,126.93,0.0,162.82,84.47
2023,Reggie Gilliam,00-0036187,RB,BUF,0,7.0,0.3,0.8,1.3,12.9,16.9,20.9,4.16,6.07,7.06,0.0,8.75,7.64
2023,Gabe Davis,00-0036196,WR,BUF,0,15.0,116.4,138.9,161.4,123.6,147.6,171.6,100.82,121.38,146.73,0.0,172.59,82.59
2023,Tua Tagovailoa,00-0036212,QB,MIA,0,13.0,270.36,270.36,270.36,230.92,230.92,230.92,227.86,230.67,228.05,100.75,295.96,150.12
2023,Ronnie Rivers,00-0037557,RB,LA,0,2.0,15.1,17.6,20.1,5.0,7.5,10.0,16.23,20.21,25.68,0.0,42.78,14.13
2023,Peyton Hendershot,00-0037569,TE,DAL,0,12.0,3.8,5.8,7.8,28.5,34.0,39.5,23.3,30.97,36.16,0.0,63.27,26.85
2023,Nick Westbrook-Ikhine,00-0036182,WR,TEN,0,16.0,57.0,71.0,85.0,57.7,70.2,82.7,42.89,55.21,65.21,0.0,95.52,46.96
2023,Kristian Wilkerson,00-0036183,WR,LV,0,,0.0,0.0,0.0,,,,46.32,49.94,56.52,0.0,108.33,11.94
2023,Laviska Shenault Jr.,00-0036268,WR,CAR,0,13.0,11.5,16.5,21.5,45.7,59.2,72.7,48.21,67.15,85.9,0.0,126.69,30.35
2023,Quez Watkins,00-0036271,WR,PHI,0,17.0,20.2,27.7,35.2,51.5,68.0,84.5,52.93,70.53,87.13,0.0,119.92,40.63
2023,D'Andre Swift,00-0036275,RB,PHI,0,14.0,160.3,179.8,199.3,143.1,167.1,191.1,126.61,152.13,176.86,0.0,202.16,120.42
2023,Jauan Jennings,00-0036259,WR,SF,0,16.0,32.5,42.0,51.5,47.6,65.1,82.6,44.63,56.83,71.92,0.0,110.49,30.79
2023,Brandon Aiyuk,00-0036261,WR,SF,0,17.0,174.2,211.7,249.2,149.8,188.8,227.8,121.79,160.23,193.39,0.0,210.38,104.28
2023,Jordan Love,00-0036264,QB,GB,0,4.0,319.06,319.06,319.06,11.7,11.7,11.7,109.15,104.66,108.59,34.27,181.31,8.31
2023,AJ Dillon,00-0036265,RB,GB,0,17.0,95.6,106.6,117.6,139.6,153.6,167.6,88.16,97.76,108.17,0.0,168.32,73.97
2023,Colby Parkinson,00-0036244,TE,SEA,0,14.0,36.7,49.2,61.7,44.2,56.7,69.2,25.06,29.96,38.17,0.0,59.06,27.94
2023,Michael Pittman,00-0036252,WR,IND,0,16.0,143.2,197.7,252.2,117.5,167.0,216.5,102.38,137.7,168.26,0.0,204.89,102.5
2023,Deven Thompkins,00-0037487,WR,TB,0,5.0,17.9,26.4,34.9,5.8,8.3,10.8,31.24,40.67,46.98,0.0,84.8,13.25
2023,Brandon Johnson,00-0037382,WR,DEN,0,5.0,54.4,63.9,73.4,10.2,13.2,16.2,24.21,33.22,39.67,0.0,78.24,12.93
2023,Cole Kmet,00-0036290,TE,CHI,0,17.0,108.1,144.6,181.1,97.3,122.3,147.3,72.09,99.64,126.07,0.0,145.13,63.52
2023,Keaontay Ingram,00-0037299,RB,ARI,0,11.0,10.0,12.0,14.0,14.1,16.1,18.1,57.52,60.2,62.52,0.0,103.12,19.38
2023,Connor Heyward,00-0037304,TE,PIT,0,,0.0,0.0,0.0,,,,32.08,40.32,49.75,0.0,108.23,18.86
2023,Ko Kieft,00-0037311,TE,TB,0,13.0,6.2,6.7,7.2,14.0,17.5,21.0,24.76,33.6,43.83,0.0,82.55,17.74
2023,Jalen Nailor,00-0037291,WR,MIN,0,8.0,2.9,4.4,5.9,23.9,28.4,32.9,35.63,45.11,55.04,8.36,91.57,22.4
2023,Andrew Ogletree,00-0037292,TE,IND,0,,26.7,31.2,35.7,,,,15.17,18.74,22.08,0.0,48.94,18.86
2023,Justin Herbert,00-0036355,QB,LAC,0,17.0,233.16,233.66,234.16,279.26,280.26,281.26,273.69,277.03,275.89,133.1,362.89,294.94
2023,CeeDee Lamb,00-0036358,WR,DAL,0,17.0,268.2,335.7,403.2,194.6,248.1,301.6,143.79,186.18,230.12,0.0,243.83,139.0
2023,Clyde Edwards-Helaire,00-0036360,RB,KC,0,10.0,53.1,61.6,70.1,81.3,89.8,98.3,70.75,77.6,86.64,0.0,133.15,64.54
2023,Anthony McFarland,00-0036336,RB,PIT,0,1.0,1.1,2.1,3.1,4.1,5.1,6.1,28.73,32.93,37.44,0.0,68.85,10.23
2023,K.J. Osborn,00-0036345,WR,MIN,0,17.0,72.0,96.0,120.0,95.6,125.6,155.6,77.23,97.99,123.14,44.77,154.02,73.73
2023,Chase Claypool,00-0036326,WR,CHI,0,15.0,13.7,17.7,21.7,59.04,82.04,105.04,77.04,100.58,125.06,15.19,159.12,43.4
2023,Antonio Gibson,00-0036328,RB,WAS,0,15.0,79.4,103.4,127.4,119.9,142.9,165.9,95.67,109.34,125.2,0.0,170.44,103.31
2023,Devin Duvernay,00-0036331,WR,BAL,0,14.0,3.3,5.3,7.3,79.1,97.6,116.1,29.81,36.23,39.23,0.0,100.66,45.47
2023,Josiah Deguara,00-0036332,TE,GB,0,9.0,6.5,10.5,14.5,11.4,17.9,24.4,22.02,28.96,34.52,0.0,79.2,16.17
2023,Darnell Mooney,00-0036309,WR,CHI,0,11.0,47.9,63.4,78.9,61.5,81.5,101.5,78.31,100.09,121.39,0.0,166.26,71.79
2023,Justin Jefferson,00-0036322,WR,MIN,0,17.0,134.2,168.2,202.2,240.66,304.66,368.66,182.3,230.8,275.5,70.34,313.13,168.66
2023,David Bell,00-0037257,WR,CLE,0,15.0,34.7,41.7,48.7,21.4,33.4,45.4,30.64,41.37,49.12,0.0,97.6,33.65
2023,Dameon Pierce,00-0037258,RB,HOU,0,13.0,69.7,76.2,82.7,136.4,151.4,166.4,119.63,125.41,134.13,0.0,215.4,93.04
2023,Khalil Shakir,00-0037261,WR,BUF,0,10.0,74.1,93.6,113.1,24.1,29.1,34.1,33.6,41.51,53.81,0.0,92.95,25.3
2023,Tyler Allgeier,00-0037263,RB,ATL,0,16.0,119.6,128.6,137.6,143.4,151.4,159.4,85.3,96.33,100.43,14.86,180.83,95.1
2023,Jerome Ford,00-0037267,RB,CLE,0,13.0,167.2,189.2,211.2,1.2,1.2,1.2,49.57,54.18,54.74,0.0,95.68,14.84
2023,Jalen Hurts,00-0036389,QB,PHI,0,15.0,356.82,356.82,356.82,378.04,378.04,378.04,273.17,275.56,272.31,100.93,362.06,293.05
2023,Joshua Kelley,00-0036370,RB,LAC,0,12.0,53.7,57.7,61.7,50.8,57.8,64.8,72.33,82.4,92.33,0.0,117.46,39.43
2023,DeeJay Dallas,00-0036425,RB,SEA,0,15.0,6.2,9.2,12.2,29.2,37.7,46.2,61.87,68.26,74.0,0.0,109.89,36.61
2023,Charlie Woerner,00-0036429,TE,SF,0,5.0,3.2,4.7,6.2,0.0,0.0,0.0,10.04,13.46,16.15,0.0,50.62,4.94
2023,Joe Burrow,00-0036442,QB,CIN,0,16.0,147.16,147.16,147.16,350.7,350.7,350.7,278.91,278.87,274.19,141.85,379.76,293.61
2023,Cam Akers,00-0036414,RB,LA,0,15.0,35.7,41.2,46.7,128.3,134.8,141.3,131.35,135.9,159.01,45.45,204.98,61.87
2023,Van Jefferson,00-0036415,WR,LA,0,10.0,21.3,31.3,41.3,54.9,66.9,78.9,72.92,88.78,108.59,0.0,140.49,41.31
2023,Adam Trautman,00-0036422,TE,DEN,0,12.0,38.4,49.4,60.4,26.7,35.7,44.7,37.62,48.83,63.03,0.0,95.92,23.67
2023,Brycen Hopkins,00-0036424,TE,LA,0,7.0,7.8,10.3,12.8,10.9,14.4,17.9,23.7,32.54,41.94,0.0,67.05,8.9
2023,James Mitchell,00-0037282,TE,DET,0,8.0,2.8,3.8,4.8,17.3,22.8,28.3,10.77,14.65,18.79,0.0,41.33,17.65
2023,Tee Higgins,00-0036410,WR,CIN,0,14.0,95.6,116.6,137.6,146.9,183.9,220.9,134.47,172.31,217.45,0.0,226.38,128.92
2023,Ty Chandler,00-0037276,RB,MIN,0,2.0,80.0,90.5,101.0,2.0,2.0,2.0,56.81,61.41,61.09,6.44,109.07,10.67
2023,Teagan Quitoriano,00-0037277,TE,HOU,0,7.0,3.3,4.3,5.3,23.3,26.8,30.3,40.12,48.89,59.68,0.0,101.97,23.06
2023,Rachaad White,00-0037256,RB,TB,0,17.0,203.9,235.9,267.9,91.1,116.1,141.1,99.25,117.03,141.84,44.69,194.55,89.74
2023,Deon Jackson,00-0036493,RB,IND,0,12.0,-1.0,1.5,4.0,54.5,69.5,84.5,48.66,56.85,69.83,0.0,111.46,39.81
2023,Tim Jones,00-0036497,WR,JAX,0,7.0,8.3,13.8,19.3,3.0,4.5,6.0,16.11,20.43,23.41,0.0,65.33,8.19
2023,George Pickens,00-0037247,WR,PIT,0,17.0,145.8,177.3,208.8,114.5,140.5,166.5,108.32,139.33,172.95,0.0,202.59,103.49
2023,James Cook,00-0037248,RB,BUF,0,16.0,188.7,210.7,232.7,84.7,95.2,105.7,118.92,139.9,163.07,0.0,194.08,76.48
2023,Greg Dulcich,00-0037252,TE,DEN,0,10.0,2.5,4.0,5.5,53.1,69.6,86.1,55.02,73.07,88.08,0.0,127.6,44.54
2023,Drake London,00-0037238,WR,ATL,0,17.0,105.38,139.88,174.38,106.6,142.6,178.6,120.43,154.85,186.93,0.0,206.37,93.04
2023,Chris Olave,00-0037239,WR,NO,0,15.0,144.3,187.8,231.3,126.2,162.2,198.2,132.67,164.01,207.73,0.0,245.89,117.05
2023,Justyn Ross,00-0037216,WR,KC,0,,5.3,8.3,11.3,,,,11.84,14.6,17.18,0.0,54.28,18.86
2023,Jaylen Warren,00-0037228,RB,PIT,0,16.0,135.4,165.9,196.4,65.3,79.3,93.3,70.01,83.8,95.0,0.0,144.18,72.91
2023,Quintin Morris,00-0036590,TE,BUF,0,9.0,8.6,9.6,10.6,12.4,16.4,20.4,10.63,14.61,17.62,0.0,34.48,16.15
2023,Jaylen Waddle,00-0036613,WR,MIA,0,17.0,126.6,162.6,198.6,184.2,221.7,259.2,157.7,200.29,237.53,0.0,239.1,158.74
2023,Nico Collins,00-0036554,WR,HOU,0,10.0,180.4,220.4,260.4,60.1,78.6,97.1,63.75,79.13,98.74,0.0,145.1,41.65
2023,Chuba Hubbard,00-0036555,RB,CAR,0,14.0,143.5,163.0,182.5,75.7,82.7,89.7,82.77,89.75,99.08,0.0,159.12,49.74
2023,Brevin Jordan,00-0036556,TE,HOU,0,9.0,33.9,42.4,50.9,12.8,19.8,26.8,30.15,41.9,52.32,0.0,70.72,18.83
2023,Elijah Mitchell,00-0036567,RB,SF,0,5.0,41.5,44.5,47.5,40.6,42.1,43.6,85.52,88.63,93.78,0.0,140.1,48.65
2023,Gary Brightwell,00-0036569,RB,NYG,0,15.0,6.6,9.1,11.6,24.0,26.5,29.0,32.14,35.48,39.99,0.0,87.34,31.4
2023,Matt Bushman,00-0036519,TE,KC,0,,0.0,0.0,0.0,,,,1.38,1.61,1.76,0.0,4.97,18.86
2023,Rashod Bateman,00-0036550,WR,BAL,0,6.0,44.5,60.5,76.5,38.5,46.0,53.5,69.69,87.14,110.61,0.0,156.12,26.12
2023,Isiah Pacheco,00-0037197,RB,KC,0,17.0,169.9,191.9,213.9,122.0,128.5,135.0,121.23,136.04,144.38,0.0,217.95,87.29
2023,Britain Covey,00-0037132,WR,PHI,0,17.0,4.2,6.2,8.2,0.0,0.0,0.0,5.88,6.95,9.42,0.0,16.26,11.34
2023,Noah Gray,00-0036637,TE,KC,0,17.0,42.6,56.6,70.6,42.0,56.0,70.0,33.61,47.74,57.1,0.0,80.82,25.41
2023,Dyami Brown,00-0036626,WR,WAS,0,9.0,22.96,28.96,34.96,27.8,30.3,32.8,38.48,48.11,61.87,0.0,101.08,21.95
2023,John Bates,00-0036628,TE,WAS,0,9.0,15.1,24.6,34.1,16.8,23.8,30.8,18.54,24.05,33.23,0.0,56.28,17.23
2023,Tylan Wallace,00-0036630,WR,BAL,0,5.0,7.1,7.6,8.1,3.3,5.3,7.3,36.05,49.08,61.67,0.0,105.56,5.6
2023,Ihmir Smith-Marsette,00-0036635,WR,CAR,0,4.0,24.5,28.5,32.5,-0.6,-0.1,0.4,19.23,21.39,26.52,0.0,72.46,11.15
2023,Adam Prentice,00-0036727,RB,NO,0,,0.0,0.0,0.0,,,,0.06,0.31,0.11,0.0,5.93,18.86
2023,Jack Stoll,00-0036741,TE,PHI,0,9.0,3.8,6.3,8.8,12.3,17.8,23.3,18.83,25.01,31.85,0.0,56.38,10.73
2023,Brock Wright,00-0036754,TE,DET,0,14.0,15.1,21.6,28.1,45.6,54.6,63.6,39.94,51.99,61.74,0.0,100.92,26.28
2023,Grant Calcaterra,00-0037086,TE,PHI,0,6.0,3.9,5.9,7.9,8.1,10.6,13.1,16.08,21.74,26.9,0.0,41.18,12.4
2023,Samori Toure,00-0037098,WR,GB,0,4.0,9.8,13.8,17.8,14.2,16.7,19.2,31.33,40.14,48.88,0.0,90.83,13.24
2023,Sam Howell,00-0037077,QB,WAS,0,1.0,256.54,257.04,257.54,18.26,18.26,18.26,182.09,186.25,180.85,43.58,284.57,25.6
2023,Cole Turner,00-0037078,TE,WAS,0,7.0,12.0,17.5,23.0,2.3,3.3,4.3,16.39,21.34,26.86,0.0,55.31,8.06
2023,Tutu Atwell,00-0036849,WR,LA,0,12.0,73.4,92.9,112.4,45.2,54.2,63.2,58.85,76.24,92.56,0.0,137.51,26.0
2023,Chris Evans,00-0036857,RB,CIN,0,10.0,1.1,1.6,2.1,9.8,11.3,12.8,28.94,36.49,43.57,0.0,70.37,11.57
2023,Jake Funk,00-0036860,RB,IND,0,1.0,2.2,2.7,3.2,0.0,0.0,0.0,9.62,10.16,10.05,0.0,21.41,5.35
2023,Ben Skowronek,00-0036862,WR,LA,0,14.0,13.5,17.5,21.5,45.3,64.8,84.3,57.52,74.51,86.14,0.0,122.29,32.43
2023,Tommy Tremble,00-0037005,TE,CAR,0,15.0,37.4,48.9,60.4,35.4,44.9,54.4,37.6,45.5,53.25,0.0,79.66,28.38
2023,Tre' McKitty,00-0037011,TE,LAC,0,13.0,0.0,0.0,0.0,7.2,12.2,17.2,16.18,21.83,28.73,0.0,41.39,11.86
2023,Zach Wilson,00-0037013,QB,NYJ,0,9.0,119.94,119.94,119.94,97.92,98.42,98.92,79.24,79.06,80.53,2.86,156.08,49.0
2023,Javonte Williams,00-0036997,RB,DEN,0,4.0,132.2,155.7,179.2,26.0,34.0,42.0,102.79,119.28,135.3,13.92,207.34,54.14
2023,Amon-Ra St. Brown,00-0036963,WR,DET,0,16.0,211.9,271.4,330.9,161.6,214.6,267.6,168.45,223.15,278.94,0.0,252.46,141.52
2023,Khalil Herbert,00-0036906,RB,CHI,0,13.0,92.5,102.5,112.5,108.8,113.3,117.8,110.37,117.61,126.21,0.0,186.66,103.91
2023,DeVonta Smith,00-0036912,WR,PHI,0,17.0,146.6,187.1,227.6,161.6,209.1,256.6,125.94,165.61,201.86,0.0,214.59,113.37
2023,Kadarius Toney,00-0036913,WR,KC,0,9.0,26.0,39.5,53.0,43.3,51.3,59.3,86.65,109.03,135.33,0.0,158.86,28.94
2023,Luke Farrell,00-0036887,TE,JAX,0,4.0,15.5,22.0,28.5,4.0,6.0,8.0,19.35,29.22,37.74,0.0,78.59,6.75
2023,Najee Harris,00-0036893,RB,PIT,0,17.0,166.5,181.0,195.5,184.46,204.96,225.46,166.15,180.03,204.25,46.08,250.31,117.84
2023,Pat Freiermuth,00-0036894,TE,PIT,0,15.0,44.8,60.8,76.8,85.2,116.7,148.2,72.47,93.9,125.81,0.0,172.46,73.42
2023,Davis Mills,00-0036898,QB,HOU,0,15.0,17.82,17.82,17.82,181.52,181.52,181.52,66.05,58.43,71.61,8.79,158.6,136.25
2023,Ja'Marr Chase,00-0036900,WR,CIN,0,12.0,162.72,212.72,262.72,155.4,198.9,242.4,163.91,202.5,249.47,0.0,290.6,143.87
2023,Rhamondre Stevenson,00-0036875,RB,NE,0,17.0,107.7,126.7,145.7,180.1,214.6,249.1,119.66,136.41,160.01,31.78,203.53,143.9
2023,Kylen Granson,00-0036876,TE,IND,0,13.0,43.0,58.0,73.0,30.2,45.7,61.2,45.38,58.84,76.24,0.0,109.59,23.88
2023,Kyle Trask,00-0036928,QB,TB,0,1.0,-0.1,-0.1,-0.1,0.92,0.92,0.92,30.42,26.32,28.75,0.0,86.89,9.17
2023,Rondale Moore,00-0036936,WR,ARI,0,8.0,65.0,85.0,105.0,46.9,67.4,87.9,73.82,103.33,123.9,0.0,172.14,31.0
2023,Kenny Gainwell,00-0036919,RB,PHI,0,17.0,67.38,82.38,97.38,64.9,76.4,87.9,102.42,120.66,138.21,0.0,184.2,46.36
2023,Michael Carter,00-0036924,RB,NYJ,0,16.0,34.8,46.8,58.8,85.0,105.5,126.0,39.27,46.79,57.13,0.0,134.46,45.05
2023,Elijah Moore,00-0036980,WR,CLE,0,14.0,73.1,102.6,132.1,51.1,69.6,88.1,70.46,92.56,113.59,0.0,163.96,49.68
2023,Josh Palmer,00-0036988,WR,LAC,0,16.0,68.7,87.7,106.7,97.3,133.3,169.3,73.55,94.12,117.57,0.0,154.94,79.62
2023,Kyle Pitts,00-0036970,TE,ATL,0,10.0,84.3,110.8,137.3,47.6,61.6,75.6,84.57,109.72,131.74,0.0,149.7,41.32
2023,Trevor Lawrence,00-0036971,QB,JAX,0,17.0,262.54,262.54,262.54,295.62,295.62,295.62,272.9,270.63,264.78,138.74,340.09,293.75
2023,Mac Jones,00-0036972,QB,NE,0,14.0,106.4,106.4,106.4,170.08,170.08,170.08,172.53,172.44,174.93,95.07,241.12,82.42
2023,Travis Etienne,00-0036973,RB,JAX,0,17.0,224.4,253.4,282.4,170.1,187.6,205.1,137.15,155.64,170.38,66.88,222.23,174.79
2023,Jimmy Graham,00-0027696,TE,NO,0,,27.9,30.9,33.9,,,,34.46,47.72,61.16,0.0,97.45,15.35
2023,Matthew Slater,00-0026293,WR,NE,0,8.0,0.0,0.0,0.0,0.0,0.0,0.0,0.23,1.38,1.56,0.0,7.89,2.29
2023,Josh Johnson,00-0026300,QB,BAL,0,1.0,0.0,0.0,0.0,0.7,0.7,0.7,16.64,19.26,20.07,0.01,83.54,8.36
2023,Matthew Stafford,00-0026498,QB,LA,0,9.0,243.1,243.1,243.1,108.38,108.38,108.38,188.4,179.0,181.27,62.49,269.12,125.94
2023,Brian Hoyer,00-0026625,QB,LV,0,1.0,4.94,4.94,4.94,1.48,1.48,1.48,8.56,9.35,10.21,0.0,59.63,5.64
2023,Terrace Marshall Jr.,00-0036955,WR,CAR,0,13.0,13.9,23.4,32.9,55.0,69.0,83.0,47.2,55.88,63.86,0.0,121.69,30.95
2023,Justin Fields,00-0036945,QB,CHI,0,15.0,230.18,230.18,230.18,295.98,295.98,295.98,273.68,273.19,265.5,91.31,315.03,260.44
2023,Kyle Juszczyk,00-0029892,RB,SF,0,,0.0,0.0,0.0,,,,0.33,0.29,0.19,0.0,9.42,18.86
2023,Adam Thielen,00-0030035,WR,CAR,0,17.0,128.0,179.5,231.0,110.0,145.0,180.0,74.62,96.58,117.77,0.0,176.24,105.19
2023,Zach Ertz,00-0030061,TE,ARI,0,10.0,24.7,38.2,51.7,68.6,92.1,115.6,57.46,80.83,99.69,0.0,143.74,57.14
2023,Marquise Goodwin,00-0030068,WR,CLE,0,13.0,10.0,12.0,14.0,63.2,76.7,90.2,34.48,42.97,52.24,0.0,115.29,42.34
2023,Rashee Rice,00-0039067,WR,KC,1,,133.5,173.0,212.5,,,,50.43,64.76,78.08,0.0,131.23,18.86
2023,Davis Allen,00-0039074,TE,LA,1,,15.5,20.5,25.5,,,,15.23,18.65,23.43,0.0,49.13,18.86
2023,Puka Nacua,00-0039075,WR,LA,1,,193.5,246.0,298.5,,,,29.75,39.37,48.81,0.0,93.36,18.86
2023,Jonathan Mingo,00-0039062,WR,CAR,1,,41.8,63.3,84.8,,,,91.89,112.98,136.81,0.0,194.76,18.86
2023,Zay Flowers,00-0039064,WR,BAL,1,,129.4,167.9,206.4,,,,68.71,86.76,104.09,0.0,165.29,18.86
2023,Sam LaPorta,00-0039065,TE,DET,1,,153.3,196.3,239.3,,,,70.13,92.14,108.85,0.0,134.85,18.86
2023,Michael Mayer,00-0039066,TE,LV,1,,44.4,57.9,71.4,,,,71.17,90.96,103.77,0.0,153.83,18.86
2023,Sam Ehlinger,00-0036879,QB,IND,0,4.0,0.0,0.0,0.0,35.62,35.62,35.62,14.58,13.72,15.21,0.0,63.74,23.36
2023,Payne Durham,00-0039050,TE,TB,1,,5.8,8.3,10.8,,,,11.79,14.95,19.64,0.0,46.07,18.86
2023,Trey Lance,00-0037012,QB,DAL,0,2.0,0.0,0.0,0.0,12.46,12.46,12.46,18.46,22.62,21.86,3.36,69.11,23.14
2023,Stetson Bennett,00-0039107,QB,LA,1,,0.0,0.0,0.0,,,,39.5,39.87,41.87,0.62,96.08,18.86
2023,Cordarrelle Patterson,00-0030578,RB,ATL,0,13.0,27.9,32.4,36.9,133.7,144.2,154.7,79.41,87.71,96.24,0.0,180.31,98.77
2023,Irvin Charles,00-0037156,WR,NYJ,0,,0.0,0.0,0.0,,,,1.74,2.11,2.44,0.0,6.08,18.86
2023,Wan'Dale Robinson,00-0038117,WR,NYG,0,6.0,73.2,103.2,133.2,28.6,40.1,51.6,35.06,47.06,57.03,0.0,114.02,32.5
2023,Gunner Olszewski,00-0035645,WR,PIT,0,15.0,4.0,4.5,5.0,9.2,11.7,14.2,14.55,19.08,23.14,0.0,60.73,16.34
2023,Tyrion Davis-Price,00-0037827,RB,SF,0,5.0,2.1,2.1,2.1,9.9,9.9,9.9,19.71,20.82,24.32,0.0,73.22,20.24
2023,Isaiah Spiller,00-0038045,RB,LAC,0,5.0,13.0,16.0,19.0,5.4,6.9,8.4,34.31,38.25,42.89,0.0,90.23,13.93
2023,Will Mallory,00-0038394,TE,IND,1,,20.7,29.7,38.7,,,,19.52,25.28,33.02,0.0,68.08,18.86
2023,Tanner McKee,00-0038400,QB,PHI,1,,0.0,0.0,0.0,,,,1.47,1.2,0.75,0.0,6.97,18.86
2023,Israel Abanikanda,00-0038389,RB,NYJ,1,,11.3,14.8,18.3,,,,22.77,24.1,24.79,0.0,65.64,18.86
2023,Stephen Carlson,00-0035039,TE,CHI,0,,0.0,0.0,0.0,,,,2.9,3.19,3.48,0.0,5.09,18.86
2023,Josh Ali,00-0038149,WR,ATL,0,1.0,0.0,0.0,0.0,0.0,0.0,0.0,10.53,13.07,14.67,0.0,37.1,7.58
2023,Christian Watson,00-0038124,WR,GB,0,14.0,73.3,87.3,101.3,123.1,143.6,164.1,92.51,115.77,132.75,0.0,193.93,109.87
2023,Curtis Hodges,00-0037164,TE,WAS,0,,0.0,0.0,0.0,,,,26.11,33.18,43.87,0.0,102.02,18.86
2023,Mitchell Tinsley,00-0038839,WR,WAS,1,,0.0,0.0,0.0,,,,9.87,12.16,15.86,0.0,55.1,18.86
2023,Emanuel Wilson,00-0038797,RB,GB,1,,10.8,12.8,14.8,,,,16.12,19.02,21.13,0.0,64.54,18.86
2023,Nate Adkins,00-0038783,TE,DEN,1,,2.2,4.2,6.2,,,,7.97,9.94,11.9,0.0,33.75,18.86
2023,Mark Andrews,00-0034753,TE,BAL,0,15.0,90.4,112.9,135.4,117.5,154.0,190.5,59.61,76.86,93.1,0.0,162.64,141.49
2023,Jason Brownlee,00-0038492,WR,NYJ,1,,11.6,14.1,16.6,,,,1.92,2.33,2.64,0.0,5.7,18.86
2023,Tyson Bagent,00-0038416,QB,CHI,1,,53.26,53.26,53.26,,,,11.44,11.9,12.89,0.11,53.44,18.86
2023,JaMycal Hasty,00-0035806,RB,JAX,0,14.0,0.0,0.0,0.0,50.0,60.0,70.0,53.33,62.64,74.26,0.0,126.55,34.83
2023,Velus Jones Jr.,00-0037745,WR,CHI,0,11.0,7.1,9.1,11.1,31.0,34.5,38.0,22.41,28.52,31.96,0.0,91.35,29.59
2023,Julian Hill,00-0038720,TE,MIA,1,,2.8,5.8,8.8,,,,9.27,11.0,13.44,0.0,40.87,18.86
2023,Dare Ogunbowale,00-0033854,RB,HOU,0,15.0,5.3,6.3,7.3,28.7,38.7,48.7,36.1,44.1,53.72,0.0,107.99,29.52
2023,Ke'Shawn Vaughn,00-0036450,RB,TB,0,6.0,4.4,5.4,6.4,7.2,8.7,10.2,24.93,30.34,31.8,0.0,80.39,13.2
2023,Albert Okwuegbunam,00-0036423,TE,PHI,0,6.0,0.0,0.0,0.0,15.5,20.5,25.5,5.51,7.09,9.24,0.0,12.65,15.55
2023,Cedrick Wilson Jr.,00-0034418,WR,MIA,0,13.0,47.6,58.6,69.6,14.4,20.4,26.4,22.58,30.97,39.51,0.0,87.73,32.35
2023,Tre Tucker,00-0038563,WR,LV,1,,52.8,62.3,71.8,,,,23.01,32.87,40.27,0.0,91.47,18.86
2023,Kendre Miller,00-0038551,RB,NO,1,,33.3,38.3,43.3,,,,54.95,56.65,59.02,0.0,144.03,18.86
2023,John Metchie III,00-0037614,WR,HOU,0,,16.2,24.2,32.2,,,,23.44,29.84,38.39,0.0,87.46,18.86
2023,Tyler Huntley,00-0035993,QB,BAL,0,5.0,25.62,25.62,25.62,50.02,50.02,50.02,11.65,13.67,14.01,1.5,69.55,22.91
2023,Mason Rudolph,00-0034771,QB,PIT,0,,39.56,39.56,39.56,,,,12.11,12.75,12.31,0.0,54.89,11.94
2023,DJ Chark,00-0034777,WR,CAR,0,11.0,80.5,98.0,115.5,68.2,83.2,98.2,51.26,65.21,76.96,0.0,145.6,40.82
2023,Rashaad Penny,00-0034750,RB,PHI,0,5.0,3.8,4.3,4.8,48.2,50.2,52.2,61.14,65.54,69.41,0.0,118.77,39.85
2023,Logan Woodside,00-0034438,QB,ATL,0,,-0.32,-0.32,-0.32,,,,12.26,10.95,11.25,0.0,39.65,5.97
2023,Jerry Jeudy,00-0036407,WR,DEN,0,15.0,87.8,114.8,141.8,137.2,170.7,204.2,92.58,122.12,145.25,0.0,178.36,103.47
2023,Elijah Cooks,00-0038667,WR,JAX,1,,3.8,5.3,6.8,,,,1.6,1.88,2.15,0.0,1.08,18.86
2023,Brayden Willis,00-0038643,TE,SF,1,,0.0,0.0,0.0,,,,19.24,24.02,29.19,0.0,52.6,18.86
2023,Zack Moss,00-0036251,RB,IND,0,13.0,142.6,156.1,169.6,53.5,59.0,64.5,80.24,84.39,94.76,0.0,175.81,57.6
2023,Skylar Thompson,00-0037327,QB,MIA,0,7.0,0.0,0.0,0.0,17.46,17.46,17.46,4.31,4.53,4.22,0.19,9.0,11.83
2023,Equanimeous St. Brown,00-0034279,WR,CHI,0,16.0,6.2,8.7,11.2,43.7,54.2,64.7,24.26,31.25,38.06,0.0,87.79,31.39
2023,Parker Washington,00-0038606,WR,JAX,1,,23.2,31.2,39.2,,,,17.78,22.88,27.41,0.0,58.27,18.86
2023,Chase Brown,00-0038597,RB,CIN,1,,39.5,46.5,53.5,,,,64.5,74.94,83.63,0.0,169.52,18.86
2023,Jaren Hall,00-0038598,QB,MIN,1,,2.12,2.12,2.12,,,,13.31,13.29,13.99,0.0,46.8,18.86
2023,Aidan O'Connell,00-0038579,QB,LV,1,,125.82,125.82,125.82,,,,12.1,12.77,12.09,0.0,45.97,18.86
2023,Nick Muse,00-0037317,TE,MIN,0,,2.2,2.7,3.2,,,,9.26,10.89,12.28,0.0,35.76,18.86
2023,John FitzPatrick,00-0037306,TE,ATL,0,,1.2,1.7,2.2,,,,6.09,8.02,9.43,0.0,33.53,18.86
2023,Jalen Brooks,00-0038640,WR,DAL,1,,6.4,9.4,12.4,,,,13.06,16.99,21.88,0.0,63.08,18.86
2023,Colton Dowell,00-0038632,WR,TEN,1,,0.3,0.8,1.3,,,,10.8,12.88,14.86,0.0,44.19,18.86
2023,A.T. Perry,00-0038612,WR,NO,1,,48.6,54.6,60.6,,,,19.11,25.25,32.46,0.0,81.98,18.86
2023,Travis Kelce,00-0030506,TE,KC,0,17.0,126.4,172.9,219.4,206.3,261.3,316.3,115.25,153.18,185.17,0.0,247.27,143.69
2023,Brandon Allen,00-0032434,QB,SF,0,1.0,0.0,0.0,0.0,0.78,0.78,0.78,7.86,8.76,9.79,0.0,48.57,12.94
2023,De'Von Achane,00-0039040,RB,MIA,1,,163.7,177.2,190.7,,,,40.14,44.38,51.12,0.0,101.24,18.86
2023,Elijah Higgins,00-0039041,TE,ARI,1,,22.3,29.3,36.3,,,,14.14,17.21,22.19,0.0,46.7,18.86
2023,Case Keenum,00-0028986,QB,HOU,0,2.0,9.74,9.74,9.74,0.32,0.32,0.32,8.14,8.27,6.8,2.2,45.45,13.54
2023,Will Levis,00-0039152,QB,TEN,1,,102.02,102.02,102.02,,,,32.58,32.32,33.62,2.23,87.03,18.86
2023,Zach Evans,00-0039136,RB,LA,1,,1.9,1.9,1.9,,,,24.77,27.65,31.4,0.0,76.5,18.86
2023,DeVante Parker,00-0031547,WR,NE,0,12.0,39.4,55.9,72.4,71.9,87.4,102.9,47.67,61.44,68.91,0.0,130.93,43.46
2023,Trey Sermon,00-0036984,RB,PHI,0,1.0,17.3,18.8,20.3,1.9,1.9,1.9,5.64,7.72,8.27,0.0,17.24,6.3
2023,Avery Williams,00-0036950,RB,ATL,0,17.0,0.0,0.0,0.0,23.0,29.5,36.0,3.21,5.3,6.42,0.0,31.79,18.87
2023,Alfonzo Graham,00-0038957,RB,PIT,1,,0.0,0.0,0.0,,,,2.88,3.34,3.78,0.0,6.84,18.86
2023,Jonathan Williams,00-0032975,RB,WAS,0,9.0,-0.2,-0.2,-0.2,19.2,22.7,26.2,9.46,10.96,11.72,0.0,34.88,21.98
2023,Jakeem Grant,00-0032791,WR,CLE,0,,0.0,0.0,0.0,,,,6.07,7.19,8.46,0.0,11.53,14.93
2023,Nate Sudfeld,00-0032792,QB,DET,0,2.0,0.0,0.0,0.0,-0.4,-0.4,-0.4,0.0,0.0,0.0,0.0,0.26,17.45
2023,Jake Haener,00-0038998,QB,NO,1,,0.0,0.0,0.0,,,,2.45,2.56,2.59,0.0,12.11,18.86
2023,Kenny McIntosh,00-0038636,RB,SEA,1,,0.0,0.0,0.0,,,,6.75,8.12,9.56,0.0,28.91,18.86
2023,Marlon Mack,00-0033951,RB,ARI,0,7.0,0.0,0.0,0.0,30.3,34.3,38.3,18.44,22.93,24.68,0.0,42.42,23.73
2023,Alvin Kamara,00-0033906,RB,NO,0,15.0,158.0,195.5,233.0,154.7,183.2,211.7,47.08,56.47,66.82,0.0,185.66,127.85
2023,Cooper Kupp,00-0033908,WR,LA,0,9.0,105.4,134.9,164.4,126.4,163.9,201.4,53.64,69.1,88.4,0.0,171.27,210.46
2023,Mike Woods,00-0037300,WR,CLE,0,7.0,0.0,0.0,0.0,4.0,6.5,9.0,5.03,5.95,7.33,0.0,15.34,8.15
2023,Justin Shorter,00-0038590,WR,BUF,1,,0.0,0.0,0.0,,,,2.98,3.97,4.4,0.0,16.68,18.86
2023,Ra'Shaun Henry,00-0037362,WR,SEA,0,,0.0,0.0,0.0,,,,1.4,1.7,1.69,0.0,0.0,18.86
2023,Brittain Brown,00-0037329,RB,LV,0,1.0,0.0,0.0,0.0,0.0,0.0,0.0,2.62,3.15,3.44,0.0,11.78,7.58
2023,Tyler Davis,00-0036250,TE,GB,0,11.0,0.0,0.0,0.0,2.6,4.6,6.6,1.28,1.98,3.28,0.0,8.16,5.98
2023,Jalen Virgil,00-0037387,WR,DEN,0,7.0,0.0,0.0,0.0,13.5,14.5,15.5,3.22,4.79,5.86,0.0,9.76,13.0
2023,Charleston Rambo,00-0037366,WR,PHI,1,,0.0,0.0,0.0,,,,1.05,1.3,1.65,0.0,6.97,18.86
2023,Joe Reed,00-0036377,WR,CHI,0,,0.0,0.0,0.0,,,,3.87,3.74,4.22,0.0,10.4,18.86
2023,John Stephens Jr.,00-0038741,WR,DAL,1,,0.0,0.0,0.0,,,,0.79,0.96,1.06,0.0,0.43,18.86
2023,Eno Benjamin,00-0036383,RB,NO,0,13.0,0.0,0.0,0.0,64.6,77.1,89.6,9.28,13.31,16.18,0.0,54.98,45.23
2023,Leonard Taylor,00-0038673,TE,JAX,1,,0.0,0.0,0.0,,,,0.15,0.39,0.26,0.0,1.4,18.86
2023,Jaray Jenkins,00-0038671,WR,JAX,1,,0.0,0.0,0.0,,,,1.67,2.04,2.31,0.0,2.08,18.86
2023,Kyle Philips,00-0037273,WR,TEN,0,4.0,18.1,25.6,33.1,7.8,11.8,15.8,5.12,6.12,7.61,0.0,21.4,12.55
2023,Jaylon Moore,00-0036125,WR,JAX,0,,0.0,0.0,0.0,,,,1.13,1.35,1.56,0.0,0.25,18.86
2023,Chris Lacy,00-0034593,WR,LV,0,,0.0,0.0,0.0,,,,0.83,0.93,1.12,0.0,0.12,18.86
2023,Jonathan Taylor,00-0036223,RB,IND,0,11.0,137.4,146.9,156.4,118.4,132.4,146.4,59.17,66.04,66.82,0.0,160.83,138.94
2023,Troy Hairston,00-0037456,RB,HOU,0,12.0,0.0,0.0,0.0,1.9,4.4,6.9,2.92,3.2,3.65,0.0,1.9,10.78
2023,Jeff Wilson,00-0034115,RB,MIA,0,16.0,27.3,34.3,41.3,136.5,147.5,158.5,19.6,22.44,25.79,0.0,95.54,71.37
2023,Tre'Quan Smith,00-0034765,WR,NO,0,10.0,0.0,0.0,0.0,33.8,43.3,52.8,9.06,11.39,14.08,0.0,30.05,28.58
2023,Hendon Hooker,00-0038550,QB,DET,1,,0.0,0.0,0.0,,,,6.17,6.2,5.48,0.0,37.9,18.86
2023,Isaiah Zuber,00-0036100,WR,LV,0,,0.0,0.0,0.0,,,,1.05,1.19,1.45,0.0,1.03,18.86
2023,Cameron Latu,00-0038564,TE,SF,1,,0.0,0.0,0.0,,,,3.92,4.23,5.53,0.0,16.6,18.86
2023,Russell Gage,00-0034411,WR,TB,0,13.0,0.0,0.0,0.0,72.6,98.1,123.6,10.04,14.0,18.07,0.0,61.11,50.77
2023,Nyheim Hines,00-0034367,RB,BUF,0,16.0,0.0,0.0,0.0,51.4,66.4,81.4,18.15,23.32,28.77,0.0,44.92,38.9
2023,Jesse Matthews,00-0038726,WR,HOU,1,,0.0,0.0,0.0,,,,2.8,2.96,3.79,0.0,5.92,18.86
2023,Dominique Dafney,00-0036456,TE,TB,0,,0.0,0.0,0.0,,,,1.14,1.08,1.96,0.0,6.77,9.24
2023,Stephen Sullivan,00-0036438,TE,CAR,0,8.0,12.5,18.5,24.5,4.6,5.6,6.6,1.94,1.56,2.56,0.0,7.78,3.5
2023,David Durden,00-0038734,WR,DAL,1,,0.0,0.0,0.0,,,,0.67,0.71,0.79,0.0,0.0,18.86
2023,Ronald Jones,00-0034816,RB,DAL,0,5.0,0.0,0.0,0.0,15.2,15.7,16.2,10.24,11.06,12.97,0.0,35.92,21.37
2023,Kenny Yeboah,00-0036510,TE,NYJ,0,3.0,2.8,3.8,4.8,0.0,0.0,0.0,1.06,1.52,1.88,0.0,0.0,5.59
2023,Shane Zylstra,00-0036534,TE,DET,0,8.0,0.0,0.0,0.0,30.0,35.5,41.0,6.55,8.38,9.76,0.0,21.61,17.66
2023,Tre Nixon,00-0036536,WR,NE,0,,0.0,0.0,0.0,,,,2.48,3.4,3.79,0.0,2.48,18.86
2023,Jameson Williams,00-0037240,WR,DET,0,6.0,56.3,68.3,80.3,14.1,14.6,15.1,14.72,19.95,23.09,0.0,48.96,14.37
2023,Dee Eskridge,00-0036620,WR,SEA,0,9.0,0.5,0.5,0.5,6.8,10.3,13.8,0.14,1.0,0.72,0.0,17.41,11.28
2023,Jelani Woods,00-0037755,TE,IND,0,12.0,0.0,0.0,0.0,49.2,61.7,74.2,8.01,9.67,11.55,0.0,34.63,37.63
2023,Kaden Smith,00-0034988,TE,WAS,0,,0.0,0.0,0.0,,,,0.49,0.57,1.79,0.0,7.12,9.24
2023,Keaton Mitchell,00-0038454,RB,BAL,1,,60.9,65.4,69.9,,,,9.01,10.23,12.03,0.0,22.01,18.86
2023,Bryce Ford-Wheaton,00-0038477,WR,NYG,1,,0.0,0.0,0.0,,,,2.62,3.55,4.44,0.0,5.16,18.86
2023,Nikko Remigio,00-0038519,WR,KC,1,,0.0,0.0,0.0,,,,1.87,2.35,2.73,0.0,1.5,18.86
2023,Eric Saubert,00-0033576,TE,MIA,0,14.0,1.2,2.7,4.2,20.8,28.3,35.8,4.93,6.34,9.04,0.0,17.53,21.09
2023,Zach Davidson,00-0036640,TE,BUF,0,,0.0,0.0,0.0,,,,0.83,1.07,0.86,0.0,2.57,18.86
2023,Ricky Seals-Jones,00-0033611,TE,IND,0,,0.0,0.0,0.0,,,,1.67,2.58,2.94,0.0,8.6,15.35
2023,Malik Knowles,00-0038806,WR,MIN,1,,0.0,0.0,0.0,,,,1.29,1.83,2.36,0.0,5.91,18.86
2023,Isaiah Ford,00-0033471,WR,CHI,0,,0.0,0.0,0.0,,,,4.69,5.4,7.41,0.0,14.14,13.45
2023,Armani Rogers,00-0037168,TE,WAS,0,9.0,0.0,0.0,0.0,9.0,11.5,14.0,3.37,4.46,5.79,0.0,7.99,17.28
2023,Kyler Murray,00-0035228,QB,ARI,0,11.0,146.36,146.36,146.36,200.52,200.52,200.52,88.13,84.84,84.74,11.08,223.49,146.83
2023,Brandon Dillon,00-0035102,TE,WAS,0,,0.0,0.0,0.0,,,,0.88,1.02,1.57,0.0,0.96,18.86
2023,Ashton Dulin,00-0035021,WR,IND,0,10.0,0.0,0.0,0.0,27.5,35.0,42.5,6.24,7.01,8.03,0.0,22.59,26.14
2023,Penny Hart,00-0035022,WR,ATL,0,4.0,0.0,0.0,0.0,2.0,3.5,5.0,1.94,2.72,3.73,0.0,5.16,4.92
2023,Austin Walter,00-0035187,RB,LV,0,,0.0,0.0,0.0,,,,1.88,2.17,2.48,0.0,8.0,11.53
2023,Darrius Shepherd,00-0035181,WR,LAC,0,,0.0,0.0,0.0,,,,1.46,1.95,2.17,0.0,4.89,18.86
2023,Dante Pettis,00-0034860,WR,CHI,0,17.0,0.0,0.0,0.0,46.2,55.7,65.2,8.52,11.35,12.69,0.0,31.82,27.39
2023,Anthony Schwartz,00-0036999,WR,CLE,0,7.0,0.0,0.0,0.0,14.8,16.8,18.8,2.59,2.81,2.61,0.0,14.52,18.64
2023,Tyquan Thornton,00-0038104,WR,NE,0,12.0,14.2,20.7,27.2,44.3,55.3,66.3,15.47,19.36,21.93,0.0,41.81,36.39
2023,Chris Myarick,00-0035345,TE,NYG,0,10.0,0.0,0.0,0.0,12.5,16.0,19.5,2.62,2.97,3.63,0.0,9.18,10.17
2023,Tommy Sweeney,00-0035308,TE,NYG,0,2.0,0.0,0.0,0.0,0.7,1.2,1.7,0.9,0.78,0.57,0.0,0.08,5.08
2023,Alize Mack,00-0035309,TE,TEN,0,,0.0,0.0,0.0,,,,2.42,3.02,3.63,0.0,7.83,18.86
2023,Danny Gray,00-0037828,WR,SF,0,7.0,0.0,0.0,0.0,1.9,2.4,2.9,3.79,4.14,4.68,0.0,15.58,8.57
2023,Joseph Fortson,00-0035547,TE,KC,0,10.0,0.0,0.0,0.0,22.8,27.3,31.8,5.96,8.02,9.97,0.0,20.48,20.36
2023,Jalen Guyton,00-0035414,WR,LAC,0,2.0,14.9,19.9,24.9,6.4,7.4,8.4,4.03,5.78,8.21,0.0,18.38,15.1
2023,Tim Patrick,00-0033375,WR,DEN,0,,0.0,0.0,0.0,,,,4.51,5.33,7.62,0.0,26.59,42.09
2023,Kyric McGowan,00-0037172,WR,WAS,0,,0.0,0.0,0.0,,,,1.73,2.12,2.72,0.0,7.63,18.86
2023,Dareke Young,00-0037093,WR,SEA,0,6.0,0.0,0.0,0.0,2.4,3.4,4.4,1.4,2.18,3.18,0.0,7.7,7.79
2023,Trestan Ebner,00-0037087,RB,CHI,0,11.0,0.0,0.0,0.0,4.2,5.2,6.2,5.14,5.44,6.35,0.0,11.93,14.82
2023,Jermar Jefferson,00-0036670,RB,DET,0,,0.0,0.0,0.0,,,,3.05,3.39,2.25,0.0,24.61,13.01
2023,Dax Milne,00-0036671,WR,WAS,0,15.0,0.0,0.0,0.0,9.7,12.7,15.7,4.62,6.56,8.37,0.0,14.78,11.96
2023,Tyler Goodson,00-0037120,RB,GB,0,,12.1,15.1,18.1,,,,4.62,5.85,6.83,0.0,18.58,18.86
2023,Matt Barkley,00-0030533,QB,BUF,0,,-0.3,-0.3,-0.3,,,,0.0,0.0,0.0,0.0,8.03,18.86
2023,Hunter Long,00-0037004,TE,LA,0,1.0,0.0,0.0,0.0,0.0,0.0,0.0,4.2,4.76,5.73,0.0,8.77,5.35
2023,Kene Nwangwu,00-0036842,RB,MIN,0,14.0,1.3,1.3,1.3,9.5,10.5,11.5,8.44,10.18,11.45,0.0,26.95,13.96
2023,Feleipe Franks,00-0036825,TE,ATL,0,5.0,0.0,0.0,0.0,0.0,0.0,0.0,1.07,1.43,2.1,0.0,8.54,2.2
2023,Marquez Stevenson,00-0036571,WR,CAR,0,,0.0,0.0,0.0,,,,0.0,0.06,0.0,0.0,5.99,5.97
2023,Hassan Haskins,00-0037617,RB,TEN,0,14.0,0.0,0.0,0.0,15.0,20.5,26.0,15.07,17.32,20.54,0.0,37.47,23.87
2023,Cole Beasley,00-0029000,WR,NYG,0,4.0,0.0,0.0,0.0,3.5,6.5,9.5,2.79,3.34,5.33,0.0,20.03,14.13
2023,Willie Snead,00-0030663,WR,SF,0,,1.4,2.4,3.4,,,,1.32,1.52,1.73,0.0,7.97,11.04
2023,C.J. Saunders,00-0036910,WR,ATL,0,,0.0,0.0,0.0,,,,1.87,2.3,2.77,0.0,6.04,11.07
2023,Amari Rodgers,00-0036991,WR,IND,0,15.0,0.0,0.0,0.0,27.1,35.1,43.1,7.44,8.55,11.44,0.0,33.36,26.55
2023,Jacob Harris,00-0036918,WR,JAX,0,3.0,0.0,0.0,0.0,0.6,1.1,1.6,1.44,2.34,3.47,0.0,12.99,2.2
2023,Will Grier,00-0035251,QB,CIN,0,,0.0,0.0,0.0,,,,2.72,1.44,1.48,0.02,6.45,18.86
2023,Qadree Ollison,00-0035273,RB,PIT,0,2.0,0.0,0.0,0.0,0.0,0.0,0.0,5.45,6.07,5.78,0.0,18.04,5.06
2023,Stanley Morgan,00-0035399,WR,CIN,0,9.0,0.0,0.0,0.0,0.0,0.0,0.0,1.88,2.26,2.52,0.0,8.74,5.92
2023,Tyree Jackson,00-0035356,TE,NYG,0,2.0,0.0,0.0,0.0,0.0,0.0,0.0,1.83,1.76,2.48,0.0,3.79,5.08
2023,David Sills,00-0035359,WR,DEN,0,7.0,0.0,0.0,0.0,10.6,16.1,21.6,3.0,3.69,4.65,0.0,9.26,9.68
2023,Patrick Laird,00-0035342,RB,TB,0,,0.0,0.0,0.0,,,,2.31,2.97,3.64,0.0,11.26,9.24
2023,Tyron Johnson,00-0035457,WR,DAL,0,2.0,0.0,0.0,0.0,0.8,1.3,1.8,2.04,2.26,2.79,0.0,5.65,4.58
2023,Ty Johnson,00-0035537,RB,BUF,0,12.0,25.4,28.9,32.4,30.8,36.8,42.8,13.73,16.76,19.18,0.0,33.66,31.61
2023,Andy Isabella,00-0035527,WR,BUF,0,4.0,0.0,0.0,0.0,2.2,3.2,4.2,1.51,2.88,2.43,0.0,16.99,4.71
2023,Matt Sokol,00-0035436,TE,NE,0,,0.0,0.0,0.0,,,,1.03,1.33,1.22,0.0,2.63,18.86
2023,Nsimba Webster,00-0035621,WR,CHI,0,1.0,0.0,0.0,0.0,1.4,2.4,3.4,3.25,3.26,4.13,0.0,12.39,2.17
2023,N'Keal Harry,00-0035624,WR,MIN,0,6.0,0.0,0.0,0.0,17.6,21.1,24.6,4.67,6.57,9.35,2.87,38.52,12.92
2023,Lucky Jackson,00-0038181,WR,MIN,1,,0.0,0.0,0.0,,,,1.0,1.49,1.82,0.0,2.93,18.86
2023,Thomas Odukoya,00-0038145,TE,TEN,0,,0.0,0.0,0.0,,,,1.21,1.55,1.5,0.0,1.07,18.86
2023,Nathan Rourke,00-0038150,QB,JAX,1,,0.0,0.0,0.0,,,,2.92,2.0,2.4,0.0,7.62,18.86
2023,Keelan Doss,00-0035120,WR,LAC,0,,3.3,6.3,9.3,,,,1.37,1.89,2.24,0.0,8.49,18.86
2023,Antoine Wesley,00-0035126,WR,LV,0,,0.0,0.0,0.0,,,,1.1,1.41,2.22,0.0,3.16,15.73
2023,David Blough,00-0035040,QB,DET,0,2.0,0.0,0.0,0.0,18.58,18.58,18.58,6.9,6.51,7.28,0.09,18.59,37.49
2023,D.J. Montgomery,00-0035045,WR,IND,0,,11.6,13.1,14.6,,,,1.51,1.85,2.06,0.0,8.1,11.53
2023,Zach Gentry,00-0035222,TE,CIN,0,14.0,0.0,0.0,0.0,13.2,22.7,32.2,1.72,2.82,3.79,0.0,5.33,14.22
2023,Xavier Smith,00-0038359,WR,LA,1,,0.0,0.0,0.0,,,,2.29,2.77,3.11,0.0,3.99,18.86
2023,Zack Kuntz,00-0038406,TE,NYJ,1,,0.0,0.0,0.0,,,,2.73,3.83,4.79,0.0,10.8,18.86
2023,Steven Sims,00-0034928,WR,HOU,0,12.0,2.6,4.1,5.6,17.4,24.4,31.4,5.21,7.08,8.97,0.0,9.01,21.52
2023,Royce Freeman,00-0034838,RB,LA,0,4.0,45.2,45.7,46.2,13.0,16.0,19.0,6.45,7.6,7.31,0.0,35.89,17.13
2023,John Wolford,00-0034899,QB,TB,0,2.0,0.0,0.0,0.0,14.8,14.8,14.8,11.79,9.45,9.68,0.0,23.06,16.14
2023,Maurice Alexander,00-0037708,WR,DET,0,3.0,0.0,0.0,0.0,0.7,1.2,1.7,1.61,1.93,2.83,0.0,6.64,7.58
2023,Derrick Gore,00-0035715,RB,WAS,0,,2.6,2.6,2.6,,,,3.92,4.13,5.19,0.0,11.57,15.96
2023,Trishton Jackson,00-0035934,WR,MIN,0,,2.9,3.9,4.9,,,,0.79,0.96,1.23,0.0,2.05,18.86
2023,Andre Baccellia,00-0035876,WR,ARI,0,5.0,0.0,0.0,0.0,4.5,8.0,11.5,4.02,4.86,6.44,0.0,13.83,10.78
2023,Robert Burns,00-0038419,RB,CHI,1,,0.0,0.0,0.0,,,,2.75,3.04,3.21,0.0,5.52,18.86
2023,Sean Ryan,00-0038455,WR,BAL,1,,0.0,0.0,0.0,,,,1.43,1.95,2.02,0.0,3.26,18.86
2023,Travis Vokolek,00-0038456,TE,BAL,1,,0.0,0.0,0.0,,,,0.48,0.61,0.63,0.0,0.0,18.86
2023,Owen Wright,00-0038458,RB,BAL,1,,0.0,0.0,0.0,,,,2.42,2.64,3.0,0.0,4.65,18.86
2023,Henry Pearson,00-0038468,TE,GB,1,,0.0,0.0,0.0,,,,2.18,2.9,4.02,0.0,12.38,18.86
2023,Tommy DeVito,00-0038476,QB,NYG,1,,93.54,93.54,93.54,,,,2.52,2.07,2.35,0.0,7.12,18.86
2023,Ryan Jones,00-0038480,TE,NYG,1,,0.0,0.0,0.0,,,,1.79,2.43,2.78,0.0,0.88,18.86
2023,Alex McGough,00-0034732,QB,GB,0,,0.0,0.0,0.0,,,,7.43,6.56,6.42,0.0,22.14,18.86
2023,Marcell Ateman,00-0034747,WR,BUF,0,,0.0,0.0,0.0,,,,1.66,2.2,2.26,0.0,8.27,18.86
2023,Devin Ross,00-0034667,WR,LV,0,,0.0,0.0,0.0,,,,1.11,1.34,2.1,0.0,0.0,18.86
2023,T.J. Luther,00-0038502,WR,NE,1,,0.0,0.0,0.0,,,,2.23,2.85,3.24,0.0,3.26,18.86
2023,Joseph Ngata,00-0038484,WR,PHI,1,,0.0,0.0,0.0,,,,1.34,1.48,1.7,0.0,5.46,18.86
2023,Brady Russell,00-0038488,TE,PHI,1,,0.0,0.0,0.0,,,,0.63,0.87,1.04,0.0,0.0,18.86
2023,Grant DuBose,00-0038507,WR,GB,1,,0.0,0.0,0.0,,,,7.58,10.03,11.79,0.0,33.6,18.86
2023,Deneric Prince,00-0038518,RB,KC,1,,0.0,0.0,0.0,,,,3.5,4.56,5.42,0.0,11.01,18.86
2023,Sean McKeon,00-0036032,TE,DAL,0,3.0,0.0,0.0,0.0,1.1,2.1,3.1,2.14,2.91,3.47,0.0,5.05,5.05
2023,Tyler Mabry,00-0036059,TE,SEA,0,1.0,0.0,0.0,0.0,6.7,7.2,7.7,2.81,3.5,4.16,0.0,17.13,15.32
2023,Easop Winston,00-0036080,WR,SEA,0,,0.0,0.0,0.0,,,,0.96,1.28,1.22,0.0,1.57,11.07
2023,Tucker Fisk,00-0037654,TE,ATL,0,,0.9,1.4,1.9,,,,0.38,0.55,0.45,0.0,1.43,18.86
2023,Troy Fumagalli,00-0034393,TE,SF,0,,0.0,0.0,0.0,,,,2.08,2.67,2.66,0.0,6.92,18.86
2023,Daurice Fountain,00-0034395,WR,DET,0,,0.0,0.0,0.0,,,,0.31,0.37,0.38,0.0,3.79,5.97
2023,Tanner Hudson,00-0034613,TE,CIN,0,6.0,41.2,60.7,80.2,13.2,18.2,23.2,4.75,6.44,7.93,0.0,7.0,14.24
2023,Nick Bowers,00-0036083,TE,MIA,0,,0.0,0.0,0.0,,,,0.35,0.5,0.28,0.0,0.74,18.86
2023,Cole Fotheringham,00-0037506,TE,LV,0,,0.6,1.1,1.6,,,,1.56,1.91,2.08,0.0,4.16,18.86
2023,Sincere McCormick,00-0037509,RB,LV,0,,0.0,0.0,0.0,,,,2.39,2.73,3.24,0.0,6.45,18.86
2023,Tommy Hudson,00-0036173,TE,NO,0,,0.0,0.0,0.0,,,,0.51,0.71,0.58,0.0,3.86,9.24
2023,Mason Kinsey,00-0036176,WR,TEN,0,2.0,0.6,1.1,1.6,0.3,0.8,1.3,1.9,2.2,2.9,0.0,13.76,2.2
2023,Jontre Kirklin,00-0037553,WR,NO,1,,0.0,0.0,0.0,,,,1.3,1.67,2.1,0.0,0.5,18.86
2023,Tay Martin,00-0037524,WR,SF,0,1.0,0.0,0.0,0.0,0.0,0.0,0.0,2.49,2.74,3.32,0.0,9.93,7.58
2023,Lucas Krull,00-0037539,TE,DEN,0,,15.5,19.5,23.5,,,,0.64,0.79,0.97,0.0,3.93,18.86
2023,Malik Davis,00-0037563,RB,DAL,0,6.0,0.0,0.0,0.0,28.4,31.4,34.4,7.63,8.45,10.12,0.0,35.64,33.28
2023,Dennis Houston,00-0037570,WR,NYG,0,2.0,0.0,0.0,0.0,1.6,2.6,3.6,2.72,2.73,3.12,0.0,12.83,7.94
2023,Marquez Callaway,00-0036219,WR,LV,0,10.0,0.0,0.0,0.0,21.8,29.8,37.8,6.08,7.59,10.18,0.0,23.76,33.62
2023,Jake Fromm,00-0036197,QB,WAS,0,,0.0,0.0,0.0,,,,1.99,1.42,1.64,0.0,12.13,11.3
2023,Jashaun Corbin,00-0037410,RB,CAR,0,,1.3,2.8,4.3,,,,3.29,3.82,4.04,0.0,10.0,18.86
2023,Kwamie Lassiter II,00-0037420,WR,CIN,0,,0.2,0.7,1.2,,,,1.52,1.82,2.42,0.0,10.09,18.86
2023,Dalton Keene,00-0036225,TE,HOU,0,,0.0,0.0,0.0,,,,3.57,3.2,3.85,0.0,14.46,18.86
2023,Dezmon Patmon,00-0036228,WR,CAR,0,1.0,0.0,0.0,0.0,2.4,3.4,4.4,2.17,2.05,1.5,0.0,15.6,5.32
2023,Greg Bell,00-0037437,RB,PIT,0,,0.0,0.0,0.0,,,,1.77,2.11,2.26,0.0,4.79,18.86
2023,Rod Williams,00-0037451,TE,PIT,0,,0.0,0.0,0.0,,,,2.86,3.21,3.49,0.0,10.86,18.86
2023,Johnny Johnson III,00-0037460,WR,HOU,0,,0.0,0.0,0.0,,,,2.61,2.5,3.36,0.0,6.5,18.86
2023,Kevin Rader,00-0034193,TE,TEN,0,6.0,0.6,1.1,1.6,0.0,0.0,0.0,1.87,2.28,3.03,0.0,1.2,5.44
2023,Cam Sims,00-0034104,WR,NYG,0,13.0,0.0,0.0,0.0,8.9,12.9,16.9,4.61,5.53,6.55,0.0,4.89,14.37
2023,Tim Boyle,00-0034177,QB,NYJ,0,1.0,10.9,10.9,10.9,-2.88,-2.88,-2.88,3.36,3.02,2.64,0.0,10.87,11.3
2023,Braylon Sanders,00-0037355,WR,MIA,0,2.0,0.0,0.0,0.0,-0.3,0.7,1.7,2.77,2.99,3.11,0.0,8.32,12.12
2023,Chris Oladokun,00-0037324,QB,KC,0,,0.0,0.0,0.0,,,,3.06,2.71,2.49,0.09,8.64,18.86
2023,Zander Horvath,00-0037331,RB,PIT,0,8.0,0.0,0.0,0.0,13.6,16.1,18.6,3.69,4.5,5.4,0.0,16.46,17.23
2023,Austin Allen,00-0037369,TE,GB,0,,0.0,0.0,0.0,,,,1.56,1.89,2.52,0.0,9.82,18.86
2023,Zaire Mitchell-Paden,00-0037340,TE,CLE,0,,0.0,0.0,0.0,,,,1.43,1.97,1.88,0.0,5.05,18.86
2023,Tanner Conner,00-0037348,WR,MIA,0,2.0,0.0,0.0,0.0,0.0,0.0,0.0,1.88,2.05,2.79,0.0,5.81,7.58
2023,Kaden Davis,00-0037380,WR,ARI,0,,0.0,0.0,0.0,,,,2.07,2.31,2.95,0.0,6.17,18.86
2023,Derek Wright,00-0037368,WR,CAR,0,,0.0,0.0,0.0,,,,1.84,2.16,2.37,0.0,4.13,18.86
2023,Jason Huntley,00-0036278,RB,IND,0,,0.0,0.0,0.0,,,,6.05,5.8,5.94,0.0,15.75,11.53
2023,La'Mical Perine,00-0036269,RB,KC,0,,11.0,12.5,14.0,,,,7.99,10.06,11.12,0.0,22.87,9.24
2023,Max Duggan,00-0038637,QB,LAC,1,,0.0,0.0,0.0,,,,5.14,4.05,3.63,0.0,31.31,18.86
2023,Derek Parish,00-0038638,RB,JAX,1,,0.0,0.0,0.0,,,,1.2,1.34,1.5,0.0,1.01,18.86
2023,Darrynton Evans,00-0036297,RB,MIA,0,3.0,23.0,26.5,30.0,9.7,10.2,10.7,10.39,12.27,10.67,0.0,21.06,11.23
2023,Jalen Reagor,00-0036387,WR,NE,0,17.0,21.5,25.0,28.5,18.9,22.9,26.9,6.84,9.95,12.32,0.0,33.76,19.25
2023,Lynn Bowden,00-0036364,WR,NO,0,,11.5,17.0,22.5,,,,5.85,6.5,10.06,0.0,26.25,18.86
2023,Jalen Moreno-Cropper,00-0038740,WR,DAL,1,,0.0,0.0,0.0,,,,2.42,2.42,2.77,0.0,8.42,18.86
2023,Jordan Mims,00-0038678,RB,NO,1,,0.0,0.0,0.0,,,,2.05,2.51,3.04,0.0,6.76,18.86
2023,Tyrell Shavers,00-0038679,WR,BUF,1,,0.0,0.0,0.0,,,,1.28,1.53,1.63,0.0,1.21,18.86
2023,Bryan Thompson,00-0038680,WR,BUF,1,,0.0,0.0,0.0,,,,0.93,0.99,0.93,0.0,0.3,18.86
2023,Ben DiNucci,00-0036384,QB,DEN,0,,0.0,0.0,0.0,,,,1.49,1.95,2.05,0.15,12.65,18.86
2023,Snoop Conner,00-0037265,RB,JAX,0,5.0,0.0,0.0,0.0,10.2,10.2,10.2,5.79,5.71,5.87,0.0,17.17,17.62
2023,Montrell Washington,00-0037272,WR,KC,0,15.0,0.0,0.0,0.0,3.2,5.2,7.2,7.08,8.78,10.53,0.0,11.33,15.26
2023,Tyler Johnson,00-0036427,WR,LA,0,,6.8,7.8,8.8,,,,5.2,5.99,6.2,0.0,19.97,16.64
2023,Kevin Harris,00-0037286,RB,NE,0,5.0,18.3,19.8,21.3,11.2,11.2,11.2,11.44,12.13,12.37,7.18,40.26,17.62
2023,Mathew Sexton,00-0036471,WR,ATL,1,,0.0,0.0,0.0,,,,1.97,2.36,2.67,0.0,3.81,18.86
2023,Mike Strachan,00-0036482,WR,IND,0,5.0,4.5,5.0,5.5,5.9,7.4,8.9,4.49,4.92,5.92,0.0,14.81,5.76
2023,Corey Clement,00-0033725,RB,ARI,0,5.0,0.0,0.0,0.0,16.9,19.4,21.9,6.3,7.5,8.59,0.0,15.7,17.57
2023,Greg Ward,00-0033733,WR,PHI,0,,0.0,0.0,0.0,,,,1.69,1.62,2.31,0.0,10.05,13.45
2023,Daniel Arias,00-0038702,WR,ARI,1,,0.0,0.0,0.0,,,,1.71,1.94,2.52,0.0,5.77,18.86
2023,Princeton Fant,00-0038735,TE,DAL,1,,0.0,0.0,0.0,,,,0.85,1.1,1.3,0.0,2.17,18.86
2023,Blake Whiteheart,00-0038710,TE,ARI,1,,0.0,0.0,0.0,,,,2.14,2.77,3.59,0.0,3.44,18.86
2023,Hassan Hall,00-0038714,RB,CLE,1,,0.0,0.0,0.0,,,,4.91,5.45,6.12,0.0,13.23,18.86
2023,Holton Ahlers,00-0038749,QB,SEA,1,,0.0,0.0,0.0,,,,2.62,2.19,2.36,0.0,7.16,18.86
2023,Xazavian Valladay,00-0038727,RB,NYJ,1,,0.0,0.0,0.0,,,,1.76,2.06,2.32,0.0,6.09,18.86
2023,Gerrit Prince,00-0037233,TE,KC,0,,0.0,0.0,0.0,,,,0.58,0.59,0.59,0.0,0.22,18.86
2023,Spencer Brown,00-0036543,RB,CAR,0,2.0,0.0,0.0,0.0,5.3,6.3,7.3,5.58,5.49,5.8,0.0,22.78,15.78
2023,Ben Mason,00-0036565,TE,BAL,0,,0.0,0.0,0.0,,,,1.38,1.79,1.73,0.0,3.94,18.86
2023,Dez Fitzpatrick,00-0036627,WR,PIT,0,1.0,0.0,0.0,0.0,0.0,0.0,0.0,3.16,3.45,3.27,0.0,9.81,5.36
2023,David Moore,00-0033589,WR,TB,0,,15.4,17.9,20.4,,,,3.08,3.53,4.7,0.0,12.37,5.97
2023,Matt Landers,00-0038762,WR,SEA,1,,0.0,0.0,0.0,,,,1.63,2.13,2.14,0.0,2.97,18.86
2023,Cephus Johnson III,00-0038805,WR,TB,1,,0.0,0.0,0.0,,,,2.43,3.23,4.01,0.0,9.91,18.86
2023,Keelan Cole,00-0033681,WR,LV,0,12.0,0.0,0.0,0.0,20.1,25.1,30.1,2.38,3.59,4.33,0.0,7.46,17.53
2023,Thayer Thomas,00-0038810,WR,MIN,1,,0.0,0.0,0.0,,,,0.95,1.43,1.75,0.0,0.22,18.86
2023,Ryan Miller,00-0038824,WR,TB,1,,0.0,0.0,0.0,,,,2.52,3.27,4.05,0.0,7.13,18.86
2023,Tanner Taula,00-0038828,TE,TB,1,,0.0,0.0,0.0,,,,1.03,1.27,1.77,0.0,3.13,18.86
2023,Kazmeir Allen,00-0038830,WR,WAS,1,,0.0,0.0,0.0,,,,2.57,3.11,4.02,0.0,2.86,18.86
2023,Xavier Malone,00-0038928,WR,ATL,1,,0.0,0.0,0.0,,,,2.64,3.22,3.69,0.0,1.68,18.86
2023,Terrell Bynum,00-0038860,WR,LAC,1,,0.0,0.0,0.0,,,,1.44,1.95,2.1,0.0,1.86,18.86
2023,Brycen Tremayne,00-0038840,WR,WAS,1,,0.0,0.0,0.0,,,,1.66,2.05,2.56,0.0,2.55,18.86
2023,Tre'Shaun Harrison,00-0038844,WR,TEN,1,,0.0,0.0,0.0,,,,2.98,3.51,3.88,0.0,3.93,18.86
2023,Jack Colletto,00-0038875,RB,SF,1,,0.0,0.0,0.0,,,,1.03,0.95,1.1,0.0,3.3,18.86
2023,Racey McMath,00-0036652,WR,IND,0,4.0,0.0,0.0,0.0,4.4,5.4,6.4,1.86,2.24,2.44,0.0,17.32,3.83
2023,Demetric Felton,00-0036654,RB,CIN,0,6.0,0.0,0.0,0.0,0.4,1.4,2.4,10.16,13.83,16.16,0.0,21.28,2.66
2023,Seth Williams,00-0036657,WR,JAX,0,,0.0,0.0,0.0,,,,3.19,3.4,3.83,0.0,9.25,9.24
2023,Simi Fehoko,00-0036646,WR,PIT,0,3.0,6.9,7.4,7.9,2.4,3.9,5.4,1.46,1.11,1.28,0.0,9.39,7.67
2023,Cornell Powell,00-0036647,WR,KC,0,,0.0,0.0,0.0,,,,2.63,3.28,4.06,0.0,14.69,18.86
2023,Larry Rountree III,00-0036650,RB,HOU,0,2.0,0.0,0.0,0.0,3.3,4.3,5.3,7.7,7.74,7.23,0.0,20.57,8.79
2023,Bam Knight,00-0037157,RB,DET,0,7.0,2.1,2.6,3.1,46.0,52.5,59.0,8.08,9.02,8.8,0.0,44.6,41.79
2023,Raleigh Webb,00-0037185,WR,MIA,0,3.0,0.0,0.0,0.0,0.0,0.0,0.0,1.64,1.81,2.34,0.0,9.41,7.58
2023,Alex Armah,00-0033296,RB,WAS,0,,1.3,2.8,4.3,,,,0.85,1.28,1.58,0.0,6.44,10.77
2023,PJ Walker,00-0033275,QB,CLE,0,6.0,19.96,19.96,19.96,39.14,39.14,39.14,10.45,10.0,9.47,0.1,26.85,19.29
2023,Isaiah Winstead,00-0038883,WR,SF,1,,0.0,0.0,0.0,,,,2.02,2.45,2.77,0.0,1.83,18.86
2023,Shedrick Jackson,00-0038891,WR,CIN,1,,0.0,0.0,0.0,,,,1.67,2.15,2.48,0.0,3.59,18.86
2023,Shaquan Davis,00-0038902,WR,NO,1,,0.0,0.0,0.0,,,,1.82,2.32,2.92,0.0,0.75,18.86
2023,SaRodorick Thompson Jr.,00-0038910,RB,SEA,1,,0.0,0.0,0.0,,,,2.35,2.98,3.16,0.0,6.18,18.86
2023,Malik Cunningham,00-0038911,QB,NE,1,,0.0,0.0,0.0,,,,5.38,4.88,5.02,0.0,15.16,18.86
2023,Johnny Lumpkin,00-0038913,TE,IND,1,,0.0,0.0,0.0,,,,0.63,0.8,0.89,0.0,1.82,18.86
2023,John Shenker,00-0038920,TE,LV,1,,0.0,0.0,0.0,,,,0.72,0.96,1.19,0.0,0.32,18.86
2023,Tyler Badie,00-0037085,RB,DEN,0,1.0,0.0,0.0,0.0,8.4,8.9,9.4,14.76,17.48,18.83,0.0,47.78,15.56
2023,Shane Buechele,00-0036679,QB,BUF,0,,0.0,0.0,0.0,,,,2.4,2.15,2.02,0.04,7.9,18.86
2023,Bo Melton,00-0037091,WR,GB,0,,29.9,37.9,45.9,,,,3.49,4.13,5.19,0.0,24.21,18.86
2023,Josh Pederson,00-0036674,TE,JAX,1,,0.0,0.0,0.0,,,,1.11,1.25,1.44,0.0,2.75,18.86
2023,Austin Watkins Jr.,00-0036676,WR,CLE,0,,0.0,0.0,0.0,,,,0.92,1.19,1.37,0.0,0.78,18.86
2023,Robbie Chosen,00-0032688,WR,MIA,0,12.0,18.6,20.6,22.6,32.2,42.2,52.2,5.18,5.9,7.4,0.0,29.04,30.76
2023,Dylan Drummond,00-0038953,WR,DET,1,,0.0,0.0,0.0,,,,1.29,1.56,1.88,0.0,2.68,18.86
2023,Laquon Treadwell,00-0032951,WR,BAL,0,3.0,1.6,2.1,2.6,4.2,7.2,10.2,6.99,9.28,9.63,0.0,25.03,9.57
2023,Darrell Daniels,00-0033258,TE,DET,0,,0.0,0.0,0.0,,,,0.0,0.0,0.0,0.0,4.51,5.97
2023,DeWayne McBride,00-0039046,RB,MIN,1,,0.0,0.0,0.0,,,,11.35,12.34,11.54,0.0,39.9,18.86
2023,Joel Wilson,00-0039023,TE,BUF,1,,0.0,0.0,0.0,,,,1.3,1.74,2.29,0.0,1.13,18.86
2023,Melvin Gordon,00-0032144,RB,BAL,0,10.0,16.7,18.2,19.7,62.1,74.6,87.1,27.64,33.49,32.73,0.0,78.91,39.11
2023,Chris Conley,00-0032128,WR,SF,0,4.0,6.9,8.4,9.9,4.6,6.6,8.6,1.86,2.31,2.17,0.0,12.28,9.56
2023,Alex Erickson,00-0032543,WR,LAC,0,2.0,29.2,37.2,45.2,0.0,0.0,0.0,1.08,1.42,2.08,0.0,6.13,5.6
2023,Jeff Driskel,00-0032436,QB,ARI,0,7.0,13.94,13.94,13.94,16.22,16.72,17.22,10.27,10.59,10.86,0.73,21.02,21.2
2023,Dwayne Washington,00-0032450,RB,DEN,0,7.0,0.0,0.0,0.0,4.5,5.0,5.5,4.77,5.36,5.95,0.0,7.56,9.08
2023,Nick Vannett,00-0032394,TE,LAC,0,5.0,0.3,0.8,1.3,5.5,8.5,11.5,2.79,4.2,4.97,0.0,18.02,8.04
2023,Nikola Kalinic,00-0037031,TE,LA,0,1.0,0.0,0.0,0.0,0.0,0.0,0.0,1.82,2.2,2.48,0.0,1.2,7.58
2023,Hunter Kampmoyer,00-0036779,TE,LAC,0,,0.0,0.0,0.0,,,,1.04,1.3,1.46,0.0,0.0,18.86
2023,Devon Allen,00-0037039,WR,PHI,0,,0.0,0.0,0.0,,,,0.45,0.62,0.72,0.0,0.29,18.86
2023,Lance McCutcheon,00-0037055,WR,HOU,0,4.0,0.0,0.0,0.0,0.0,0.0,0.0,2.74,2.86,3.57,0.0,1.46,7.58
2023,Bernhard Seikovits,00-0037020,TE,ARI,0,,0.0,0.0,0.0,,,,0.68,0.8,1.16,0.0,2.15,18.86
2023,Cade Johnson,00-0036810,WR,SEA,0,2.0,0.0,0.0,0.0,2.1,3.1,4.1,2.34,2.95,4.01,0.0,7.16,7.67
2023,Austin Trammell,00-0036841,WR,LA,0,2.0,2.9,4.9,6.9,1.3,2.3,3.3,3.5,4.11,5.02,0.0,10.97,7.67
2023,Jaelon Darden,00-0036877,WR,CLE,0,14.0,0.0,0.0,0.0,2.8,3.8,4.8,0.0,1.48,2.22,0.0,6.67,8.93
2023,Tom Brady,00-0019596,QB,,0,17.0,0.0,0.0,0.0,271.66,271.66,271.66,53.64,51.94,48.31,12.68,201.67,289.14
2023,Matt Ryan,00-0026143,QB,,0,12.0,0.0,0.0,0.0,155.28,155.28,155.28,18.78,21.81,23.84,2.65,114.46,89.6
2023,Joe Flacco,00-0026158,QB,,0,5.0,100.84,100.84,100.84,48.34,48.34,48.34,0.0,0.0,0.0,0.0,31.32,61.26
2023,DeSean Jackson,00-0026189,WR,,0,7.0,0.0,0.0,0.0,15.3,19.8,24.3,0.72,0.22,0.17,0.0,6.45,15.44
2023,Chad Henne,00-0026197,QB,,0,3.0,0.0,0.0,0.0,-0.5,-0.5,-0.5,0.0,0.0,0.0,0.0,6.59,12.71
2023,Chase Daniel,00-0026544,QB,,0,3.0,0.0,0.0,0.0,8.48,8.48,8.48,0.0,0.0,0.0,0.0,0.0,9.39
2023,Colt McCoy,00-0027688,QB,,0,4.0,0.0,0.0,0.0,32.8,32.8,32.8,0.0,0.0,0.0,0.0,15.31,13.6
2023,Andre Roberts,00-0027691,WR,,0,3.0,0.0,0.0,0.0,0.0,0.0,0.0,0.14,0.0,0.0,0.0,1.78,5.74
2023,A.J. Green,00-0027942,WR,,0,13.0,0.0,0.0,0.0,37.6,49.6,61.6,1.53,2.01,2.65,0.0,29.41,36.08
2023,Julio Jones,00-0027944,WR,,0,10.0,25.4,30.9,36.4,46.4,58.4,70.4,1.35,0.24,0.58,0.0,29.81,35.18
2023,Mark Ingram,00-0027966,RB,,0,10.0,0.0,0.0,0.0,34.1,42.1,50.1,5.14,4.6,4.93,0.0,32.63,38.54
2023,Kyle Rudolph,00-0027981,TE,,0,5.0,0.0,0.0,0.0,8.8,10.3,11.8,0.0,0.0,0.0,0.0,10.67,10.26
2023,Nick Foles,00-0029567,QB,,0,2.0,0.0,0.0,0.0,1.8,1.8,1.8,2.11,1.46,0.47,0.0,7.75,0.0
2023,T.Y. Hilton,00-0029608,WR,,0,3.0,0.0,0.0,0.0,12.1,15.6,19.1,0.71,0.96,1.65,0.0,4.77,12.21
2023,Josh Gordon,00-0029664,WR,,0,1.0,0.0,0.0,0.0,0.0,0.0,0.0,0.73,0.35,0.7,0.0,0.44,5.08
2023,Ryan Griffin,00-0030108,TE,,0,10.0,0.0,0.0,0.0,2.6,4.6,6.6,0.17,0.25,0.94,0.0,6.65,9.39
2023,Rex Burkhead,00-0030288,RB,,0,15.0,0.0,0.0,0.0,34.4,52.9,71.4,4.17,4.93,6.52,0.0,14.05,37.16
2023,Giovani Bernard,00-0030456,RB,,0,4.0,0.0,0.0,0.0,2.7,3.7,4.7,4.15,5.06,5.26,0.0,28.2,11.35
2023,Damien Williams,00-0030874,RB,,0,1.0,5.5,6.5,7.5,0.2,0.2,0.2,0.56,0.74,0.48,0.0,4.16,6.59
2023,John Brown,00-0031051,WR,,0,2.0,0.0,0.0,0.0,10.2,10.7,11.2,0.18,0.38,1.15,0.0,1.11,5.89
2023,Cameron Brate,00-0031273,TE,,0,9.0,0.0,0.0,0.0,17.4,27.4,37.4,0.41,0.4,0.3,0.0,5.96,20.98
2023,Sammy Watkins,00-0031325,WR,,0,9.0,0.0,0.0,0.0,30.5,38.5,46.5,1.74,3.06,3.75,0.0,24.31,26.36
2023,Jarvis Landry,00-0031382,WR,,0,9.0,0.0,0.0,0.0,35.2,47.7,60.2,6.05,7.86,10.31,0.0,34.75,33.44
2023,Richard Rodgers,00-0031384,TE,,0,3.0,0.0,0.0,0.0,0.4,0.9,1.4,0.0,0.0,0.0,0.0,1.22,5.35
2023,Kevin White,00-0031545,WR,,0,6.0,0.0,0.0,0.0,7.4,8.4,9.4,1.79,2.14,2.39,0.0,14.21,8.4
2023,Maxx Williams,00-0031558,TE,,0,3.0,0.0,0.0,0.0,1.8,3.3,4.8,0.25,0.65,1.12,0.0,13.54,5.98
2023,Nick Boyle,00-0031598,TE,,0,3.0,0.0,0.0,0.0,0.0,0.0,0.0,0.0,0.0,0.0,0.0,1.02,2.4
2023,Eric Tomlinson,00-0031690,TE,,0,9.0,0.0,0.0,0.0,19.9,24.4,28.9,0.0,0.0,0.0,0.0,2.14,12.01
2023,Jake Kumerow,00-0031787,WR,,0,5.0,0.0,0.0,0.0,6.4,8.4,10.4,0.32,0.46,0.76,0.0,0.0,6.79
2023,Malcolm Brown,00-0031806,RB,,0,7.0,0.0,0.0,0.0,17.8,20.3,22.8,2.2,2.55,2.77,0.0,2.48,18.64
2023,Damiere Byrd,00-0031868,WR,,0,12.0,0.0,0.0,0.0,38.8,45.3,51.8,3.01,3.86,4.7,0.0,14.51,25.87
2023,Breshad Perriman,00-0032054,WR,,0,8.0,0.0,0.0,0.0,14.3,18.8,23.3,1.25,1.76,2.06,0.0,14.82,9.4
2023,Tevin Coleman,00-0032058,RB,,0,2.0,0.0,0.0,0.0,19.0,20.5,22.0,5.83,5.57,5.41,0.0,19.68,20.86
2023,Mike Davis,00-0032063,RB,,0,5.0,0.0,0.0,0.0,2.2,3.2,4.2,4.38,4.33,5.01,0.0,21.22,28.77
2023,Trevor Siemian,00-0032156,QB,,0,2.0,26.96,26.96,26.96,10.16,10.16,10.16,0.0,0.0,0.0,0.0,13.17,40.5
2023,David Johnson,00-0032187,RB,,0,4.0,0.0,0.0,0.0,5.1,7.1,9.1,1.17,0.99,1.62,0.0,3.3,14.74
2023,Duke Johnson,00-0032257,RB,,0,1.0,0.0,0.0,0.0,0.4,0.4,0.4,1.56,2.14,3.09,0.0,13.39,7.92
2023,Chester Rogers,00-0032355,WR,,0,3.0,0.0,0.0,0.0,0.0,0.0,0.0,0.72,0.95,1.09,0.0,2.16,7.3
2023,J.D. McKissic,00-0032602,RB,,0,8.0,0.0,0.0,0.0,28.8,42.3,55.8,2.3,3.06,3.99,0.0,18.76,36.69
2023,Stephen Anderson,00-0032725,TE,,0,9.0,0.0,0.0,0.0,0.9,2.4,3.9,0.56,0.71,0.98,0.0,5.38,8.85
2023,Jordan Howard,00-0032780,RB,,0,1.0,0.0,0.0,0.0,0.1,0.1,0.1,3.31,4.09,3.56,0.0,23.4,7.96
2023,Carson Wentz,00-0032950,QB,,0,8.0,26.12,26.12,26.12,112.8,112.8,112.8,9.96,13.64,17.21,0.0,108.94,90.11
2023,Marcus Johnson,00-0032980,WR,,0,8.0,0.0,0.0,0.0,9.9,14.4,18.9,0.72,1.14,1.71,0.0,0.65,9.44
2023,J.P. Holtz,00-0032986,TE,,0,1.0,0.0,0.0,0.0,0.0,0.0,0.0,0.0,0.0,0.0,0.0,0.0,2.2
2023,Pharoh Cooper,00-0033111,WR,,0,5.0,0.0,0.0,0.0,2.1,3.1,4.1,1.88,3.33,4.26,0.0,5.0,8.54
2023,Mike Thomas,00-0033114,WR,,0,5.0,0.0,0.0,0.0,5.8,6.8,7.8,1.76,2.6,3.3,0.0,4.64,7.12
2023,Kenyan Drake,00-0033118,RB,,0,12.0,1.1,2.1,3.1,87.1,95.6,104.1,13.67,17.47,18.85,0.0,58.4,74.14
2023,C.J. Board,00-0033367,WR,,0,4.0,0.0,0.0,0.0,0.6,1.1,1.6,0.58,0.82,1.17,0.0,0.96,4.94
2023,Cody Hollister,00-0033386,WR,,0,6.0,0.0,0.0,0.0,5.4,6.9,8.4,0.28,0.4,0.76,0.0,1.85,5.52
2023,Anthony Firkser,00-0033455,TE,,0,8.0,0.0,0.0,0.0,10.0,14.5,19.0,1.09,1.65,2.39,0.0,2.62,12.71
2023,Marcus Kemp,00-0033481,WR,,0,2.0,0.0,0.0,0.0,0.0,0.0,0.0,0.61,0.8,0.96,0.0,0.0,4.39
2023,Davis Webb,00-0033550,QB,,0,1.0,0.0,0.0,0.0,20.82,20.82,20.82,0.0,0.37,0.0,0.0,39.01,22.72
2023,Tanner Gentry,00-0033633,WR,,0,1.0,0.0,0.0,0.0,0.0,0.0,0.0,0.65,0.86,1.15,0.0,0.0,7.58
2023,Mason Schreck,00-0033798,TE,,0,2.0,0.0,0.0,0.0,0.6,1.6,2.6,0.67,1.0,1.55,0.0,1.54,7.58
2023,Leonard Fournette,00-0033856,RB,,0,16.0,4.0,4.0,4.0,153.1,189.6,226.1,35.76,42.49,52.6,0.0,142.71,118.67
2023,Corey Davis,00-0033871,WR,,0,13.0,0.0,0.0,0.0,65.6,81.6,97.6,11.39,14.94,18.14,0.0,53.87,51.09
2023,O.J. Howard,00-0033879,TE,,0,11.0,0.0,0.0,0.0,26.5,31.5,36.5,3.53,4.11,4.77,0.0,21.98,22.34
2023,Kareem Hunt,00-0033923,RB,,0,17.0,103.5,111.0,118.5,91.8,109.3,126.8,19.24,22.11,23.65,0.0,65.77,68.47
2023,Kenny Golladay,00-0033932,WR,,0,6.0,0.0,0.0,0.0,14.1,17.1,20.1,1.76,1.54,1.6,0.0,3.74,12.66
2023,Dan Arnold,00-0034011,TE,,0,11.0,0.0,0.0,0.0,13.5,18.0,22.5,1.65,2.46,3.49,0.0,0.72,13.9
2023,Brandon Zylstra,00-0034052,WR,,0,1.0,0.0,0.0,0.0,0.0,0.0,0.0,0.77,0.97,1.21,0.0,3.7,6.01
2023,Phillip Lindsay,00-0034109,RB,,0,3.0,0.0,0.0,0.0,8.8,11.8,14.8,1.6,2.04,2.49,0.0,4.33,15.36
2023,Trenton Cannon,00-0034164,RB,,0,1.0,0.0,0.0,0.0,0.0,0.0,0.0,0.32,0.42,0.72,0.0,0.0,2.4
2023,Dontrell Hilliard,00-0034253,RB,,0,12.0,0.0,0.0,0.0,56.2,66.7,77.2,7.69,9.46,11.4,0.0,16.0,33.34
2023,Darrel Williams,00-0034301,RB,,0,5.0,0.0,0.0,0.0,17.1,19.1,21.1,7.58,9.02,10.97,0.0,19.74,43.71
2023,Keke Coutee,00-0034366,WR,,0,7.0,0.0,0.0,0.0,0.0,0.5,1.0,2.53,3.16,4.22,0.0,4.7,5.44
2023,Jordan Wilkins,00-0034400,RB,,0,4.0,0.0,0.0,0.0,8.7,11.7,14.7,2.0,2.19,2.97,0.0,4.64,8.06
2023,Justin Jackson,00-0034440,RB,,0,15.0,0.0,0.0,0.0,39.1,45.1,51.1,10.8,11.87,13.95,0.0,27.39,33.21
2023,Reggie Bonnafon,00-0034578,RB,,0,1.0,0.0,0.0,0.0,0.8,0.8,0.8,1.39,1.62,1.55,0.0,3.12,8.95
2023,James Washington,00-0034676,WR,,0,1.0,0.0,0.0,0.0,0.0,0.0,0.0,3.23,4.06,5.18,0.0,12.41,7.11
2023,Sony Michel,00-0034845,RB,,0,10.0,0.0,0.0,0.0,15.9,20.4,24.9,9.17,8.65,8.62,0.0,27.11,44.36
2023,Malik Turner,00-0034867,WR,,0,2.0,0.0,0.0,0.0,0.0,0.0,0.0,1.22,1.32,1.71,0.0,5.04,6.56
2023,Trinity Benson,00-0034930,WR,,0,1.0,0.0,0.0,0.0,0.0,0.0,0.0,0.85,0.74,0.87,0.0,0.08,5.08
2023,Trace McSorley,00-0035146,QB,,0,5.0,0.0,0.0,0.0,8.58,8.58,8.58,3.05,2.74,2.18,0.0,12.06,7.34
2023,Devine Ozigbo,00-0035184,RB,,0,3.0,1.3,1.8,2.3,0.7,1.2,1.7,0.87,1.22,1.6,0.0,0.32,6.8
2023,Benny Snell,00-0035217,RB,,0,9.0,0.0,0.0,0.0,16.7,17.7,18.7,8.01,9.13,10.53,0.0,20.52,18.6
2023,Cullen Gillaspia,00-0035304,RB,,0,4.0,0.0,0.0,0.0,0.0,0.0,0.0,0.0,0.0,0.0,0.0,0.0,2.2
2023,Jason Moore,00-0035432,WR,,0,1.0,0.0,0.0,0.0,0.5,1.0,1.5,1.01,1.34,1.57,0.0,2.67,5.43
2023,Jeff Smith,00-0035510,WR,,0,7.0,0.0,0.0,0.0,13.4,17.4,21.4,2.36,3.18,4.46,0.0,1.71,9.23
2023,Tom Kennedy,00-0035544,WR,,0,5.0,0.0,0.0,0.0,14.1,18.1,22.1,1.62,1.43,1.86,0.0,2.22,9.43
2023,Kendall Blanton,00-0035603,TE,,0,2.0,0.0,0.0,0.0,3.5,4.5,5.5,0.0,0.0,0.0,0.0,0.28,7.08
2023,Darrell Henderson,00-0035664,RB,,0,10.0,33.5,38.5,43.5,56.5,65.0,73.5,8.81,9.61,10.84,0.0,37.19,47.59
2023,Chris Streveler,00-0035752,QB,,0,1.0,0.0,0.0,0.0,9.0,9.0,9.0,2.39,2.21,2.39,0.0,4.08,15.48
2023,Jared Pinkney,00-0035787,TE,,0,1.0,0.0,0.0,0.0,0.0,0.0,0.0,0.0,0.0,0.0,0.0,1.11,7.58
2023,Ben Victor,00-0035819,WR,,0,1.0,0.0,0.0,0.0,0.0,0.0,0.0,0.93,1.08,1.48,0.0,0.66,7.58
2023,Ben Ellefson,00-0035823,TE,,0,2.0,0.0,0.0,0.0,2.6,4.1,5.6,0.04,0.24,0.45,0.0,1.81,2.17
2023,James Robinson,00-0035831,RB,,0,11.0,0.0,0.5,1.0,77.6,83.1,88.6,10.42,11.57,13.64,0.0,62.59,66.31
2023,Kendall Hinton,00-0035864,WR,,0,11.0,0.0,0.0,0.0,32.4,44.4,56.4,5.62,6.36,7.5,0.01,18.44,28.19
2023,Cody White,00-0035891,WR,,0,1.0,0.0,0.0,0.0,0.2,0.7,1.2,0.8,1.02,0.74,0.0,2.01,4.38
2023,Jonathan Ward,00-0035924,RB,,0,4.0,1.1,1.1,1.1,3.2,4.2,5.2,1.41,1.72,2.33,0.0,2.44,10.67
2023,Bryce Perkins,00-0035939,QB,,0,5.0,0.0,0.0,0.0,15.44,15.44,15.44,1.43,1.24,1.78,0.0,5.95,14.98
2023,Dan Chisena,00-0035976,WR,,0,2.0,0.0,0.0,0.0,0.0,0.0,0.0,0.29,0.37,0.48,0.0,0.0,2.2
2023,Noah Togiai,00-0036005,TE,,0,1.0,0.0,0.0,0.0,0.0,0.0,0.0,0.18,0.32,0.55,0.0,0.0,2.2
2023,J.J. Taylor,00-0036096,RB,,0,1.0,0.0,0.0,0.0,1.7,2.2,2.7,1.06,1.18,1.82,0.0,0.66,7.35
2023,James Proche,00-0036133,WR,,0,11.0,0.0,0.0,0.0,4.2,8.2,12.2,1.42,2.24,2.03,0.0,7.01,10.7
2023,Devin Asiasi,00-0036194,TE,,0,5.0,0.0,0.0,0.0,0.5,1.5,2.5,0.68,0.75,1.08,0.0,7.92,7.58
2023,Jacob Eason,00-0036226,QB,,0,1.0,0.0,0.0,0.0,0.36,0.36,0.36,0.41,0.0,0.0,0.0,5.26,3.48
2023,Freddie Swain,00-0036247,WR,,0,3.0,0.0,0.0,0.0,7.4,9.4,11.4,1.55,1.84,2.04,0.0,4.11,12.27
2023,Denzel Mims,00-0036255,WR,,0,9.0,0.0,0.0,0.0,18.6,24.1,29.6,5.32,6.16,6.46,0.0,9.83,17.77
2023,Quintez Cephus,00-0036277,WR,,0,3.0,0.0,0.0,0.0,1.5,2.5,3.5,1.69,2.6,4.1,0.0,3.68,6.53
2023,Bryan Edwards,00-0036365,WR,,0,4.0,0.0,0.0,0.0,1.5,3.0,4.5,4.31,5.62,7.2,0.0,14.47,13.26
2023,KJ Hamler,00-0036412,WR,,0,6.0,0.0,0.0,0.0,18.8,22.3,25.8,5.58,6.34,7.47,0.0,12.46,15.46
2023,Tyrie Cleveland,00-0036439,WR,,0,5.0,0.0,0.0,0.0,2.8,3.8,4.8,0.96,1.58,1.97,0.0,0.0,2.35
2023,Ty'Son Williams,00-0036457,RB,,0,1.0,0.0,0.0,0.0,0.5,1.0,1.5,1.3,1.8,2.7,0.0,6.93,6.56
2023,DJ Turner,00-0036527,WR,,0,5.0,0.0,0.0,0.0,2.6,2.6,2.6,1.7,1.88,2.56,0.0,2.36,13.62
2023,Shi Smith,00-0036572,WR,,0,17.0,0.0,0.0,0.0,39.6,50.6,61.6,4.02,5.39,6.62,0.0,24.05,26.05
2023,Kylin Hill,00-0036669,RB,,0,1.0,0.0,0.0,0.0,0.7,0.7,0.7,1.52,1.87,2.01,0.0,0.11,4.94
2023,Miller Forristall,00-0036692,TE,,0,1.0,0.0,0.0,0.0,0.0,0.0,0.0,0.17,0.32,0.5,0.0,0.0,2.2
2023,Jaret Patterson,00-0036755,RB,,0,2.0,0.0,0.0,0.0,7.8,7.8,7.8,5.92,6.25,7.65,0.0,4.14,18.07
2023,Caleb Huntley,00-0036829,RB,,0,12.0,0.0,0.0,0.0,42.9,43.9,44.9,6.79,7.14,7.42,0.0,27.49,58.25
2023,Jalen Camp,00-0036858,WR,,0,1.0,0.0,0.0,0.0,0.7,1.2,1.7,0.61,0.92,1.41,0.0,0.09,2.2
2023,Frank Darby,00-0036951,WR,,0,1.0,0.0,0.0,0.0,1.5,2.0,2.5,0.91,1.03,1.74,0.0,1.38,4.56
2023,Michael Bandy,00-0036959,WR,,0,8.0,0.0,0.0,0.0,8.9,13.9,18.9,1.05,1.35,1.96,0.0,0.96,5.64
2023,Jake Tonges,00-0037112,TE,,0,1.0,0.0,0.0,0.0,0.0,0.0,0.0,1.24,1.7,2.06,0.0,3.17,7.58
2023,Anthony Brown,00-0037175,QB,,0,2.0,0.0,0.0,0.0,5.58,5.58,5.58,0.0,0.0,0.0,0.0,3.48,25.21
2023,Stanley Berryhill,00-0037581,WR,,0,1.0,0.0,0.0,0.0,0.0,0.0,0.0,1.0,1.17,1.41,0.0,0.56,7.58
2023,Daylen Baldwin,00-0038147,WR,,0,1.0,0.0,0.0,0.0,2.5,3.5,4.5,2.6,3.48,4.61,0.0,5.93,7.67
2024,Ja'Lynn Polk,00-0039907,WR,NE,1,,20.7,26.7,32.7,,,,81.94,108.24,127.94,0.0,184.11,19.19
2024,Jayden Daniels,00-0039910,QB,WAS,1,,355.82,355.82,355.82,,,,225.91,224.18,230.81,29.46,290.64,19.19
2024,Kirk Cousins,00-0029604,QB,ATL,0,8.0,176.32,176.32,176.32,149.74,149.74,149.74,208.3,202.07,192.52,113.27,287.28,214.32
2024,Andy Dalton,00-0027973,QB,CAR,0,2.0,58.96,58.96,58.96,23.64,23.64,23.64,42.94,43.74,43.48,4.66,120.13,69.39
2024,Tyrod Taylor,00-0028118,QB,NYJ,0,10.0,20.06,20.06,20.06,87.34,87.34,87.34,50.9,52.07,45.58,2.67,128.66,80.1
2024,Keenan Allen,00-0030279,WR,CHI,0,13.0,114.4,149.4,184.4,170.86,224.86,278.86,144.84,192.06,238.63,68.69,257.5,160.23
2024,Robert Woods,00-0030431,WR,HOU,0,14.0,18.3,28.3,38.3,49.3,69.3,89.3,48.38,59.73,75.09,0.0,121.67,34.97
2024,Travis Kelce,00-0030506,TE,KC,0,15.0,98.4,146.9,195.4,126.4,172.9,219.4,150.99,192.82,237.03,0.0,242.36,163.69
2024,Adam Thielen,00-0030035,WR,CAR,0,17.0,91.5,115.5,139.5,128.0,179.5,231.0,89.06,118.2,148.14,0.0,173.04,125.19
2024,Zach Ertz,00-0030061,TE,WAS,0,7.0,111.4,144.4,177.4,24.7,38.2,51.7,40.93,57.77,68.21,0.0,132.64,30.45
2024,Matthew Stafford,00-0026498,QB,LA,0,15.0,214.58,214.58,214.58,243.1,243.1,243.1,216.64,219.66,214.71,99.5,293.33,189.74
2024,Kyle Juszczyk,00-0029892,RB,SF,0,,0.0,0.0,0.0,,,,0.0,0.11,0.0,0.0,5.09,19.19
2024,Marcedes Lewis,00-0024243,TE,CHI,0,6.0,0.2,0.7,1.2,8.9,10.9,12.9,10.22,13.21,14.6,0.0,42.76,8.55
2024,Joe Flacco,00-0026158,QB,IND,0,5.0,99.04,99.04,99.04,100.84,100.84,100.84,47.98,46.21,43.75,4.64,151.11,45.53
2024,Josh Johnson,00-0026300,QB,BAL,0,,0.78,0.78,0.78,,,,16.05,18.1,19.2,0.0,85.57,10.05
2024,MyCole Pruitt,00-0031585,TE,PIT,0,10.0,10.0,13.0,16.0,17.0,21.5,26.0,10.96,14.75,18.18,0.0,46.31,14.64
2024,Chris Manhertz,00-0031484,TE,NYG,0,7.0,9.0,10.5,12.0,1.6,2.6,3.6,9.54,12.37,16.16,0.0,35.8,5.15
2024,Jameis Winston,00-0031503,QB,CLE,0,6.0,131.14,131.14,131.14,11.96,11.96,11.96,39.87,40.59,39.92,1.13,113.86,4.06
2024,Amari Cooper,00-0031544,WR,CLE,0,15.0,78.7,100.7,122.7,155.0,191.0,227.0,131.97,162.21,194.9,0.0,223.49,128.23
2024,Nelson Agholor,00-0031549,WR,BAL,0,16.0,35.1,42.1,49.1,62.1,79.6,97.1,39.55,50.97,62.51,0.0,111.3,40.15
2024,Davante Adams,00-0031381,WR,LV,0,17.0,156.3,198.8,241.3,162.4,213.9,265.4,161.76,203.85,250.75,0.0,281.51,141.54
2024,Mike Evans,00-0031408,WR,TB,0,17.0,166.4,203.4,240.4,203.5,243.0,282.5,136.98,161.98,195.08,0.0,223.64,125.17
2024,Brandin Cooks,00-0031236,WR,DAL,0,16.0,43.6,56.6,69.6,119.2,146.2,173.2,94.96,116.15,141.48,0.0,155.47,83.37
2024,Derek Carr,00-0031280,QB,NO,0,17.0,150.9,150.9,150.9,241.12,241.12,241.12,202.82,203.0,204.14,97.72,265.22,193.24
2024,Jordan Matthews,00-0031299,TE,CAR,0,,0.0,0.0,0.0,,,,58.23,72.52,89.18,0.0,134.11,19.19
2024,Tyler Lockett,00-0032211,WR,SEA,0,17.0,72.0,96.5,121.0,123.4,162.9,202.4,112.01,140.59,178.18,0.0,190.48,90.96
2024,Ameer Abdullah,00-0032104,RB,LV,0,16.0,85.2,105.2,125.2,22.0,31.5,41.0,26.43,31.11,38.22,0.0,92.32,25.75
2024,Chris Conley,00-0032128,WR,SF,0,1.0,7.6,10.6,13.6,6.9,8.4,9.9,16.82,24.59,28.19,0.0,74.68,8.77
2024,Jamison Crowder,00-0031941,WR,WAS,0,16.0,19.2,23.7,28.2,21.9,29.9,37.9,39.48,59.77,80.93,0.0,95.83,20.18
2024,Stefon Diggs,00-0031588,WR,HOU,0,17.0,74.92,98.42,121.92,166.8,220.3,273.8,149.7,198.45,244.45,0.0,221.29,177.3
2024,Michael Burton,00-0031595,RB,DEN,0,,0.0,0.0,0.0,,,,0.31,0.95,1.26,0.0,5.61,19.19
2024,Raheem Mostert,00-0031687,RB,MIA,0,15.0,51.9,61.4,70.9,242.7,255.2,267.7,164.7,178.57,192.4,0.0,240.92,154.84
2024,Eric Tomlinson,00-0031690,TE,LAC,0,,0.9,1.9,2.9,,,,0.87,1.86,2.31,0.0,16.36,13.32
2024,DeAndre Carter,00-0031763,WR,CHI,0,17.0,7.2,11.7,16.2,5.7,7.7,9.7,6.04,11.55,11.75,0.0,45.05,10.13
2024,Brandon Allen,00-0032434,QB,SF,0,,6.36,6.36,6.36,,,,8.81,8.62,10.0,0.0,76.32,10.05
2024,Jeff Driskel,00-0032436,QB,WAS,0,1.0,0.0,0.0,0.0,13.94,13.94,13.94,24.72,23.96,26.58,0.0,83.42,18.66
2024,Kalif Raymond,00-0032464,WR,DET,0,17.0,39.5,48.0,56.5,62.4,79.9,97.4,54.18,71.75,84.71,0.0,108.78,44.72
2024,Austin Hooper,00-0032392,TE,NE,0,16.0,63.6,86.1,108.6,23.4,35.9,48.4,33.75,44.33,56.13,0.0,90.92,26.68
2024,Nick Vannett,00-0032394,TE,TEN,0,1.0,31.5,40.0,48.5,0.3,0.8,1.3,3.12,5.9,7.39,0.0,37.56,5.0
2024,Chris Moore,00-0032398,WR,ARI,0,15.0,0.0,0.0,0.0,46.3,57.3,68.3,34.22,42.7,52.59,0.0,94.36,32.11
2024,Dak Prescott,00-0033077,QB,DAL,0,17.0,116.52,116.52,116.52,342.84,342.84,342.84,264.09,269.18,268.54,120.81,349.48,234.89
2024,Tyler Boyd,00-0033009,WR,TEN,0,17.0,39.3,58.8,78.3,77.8,111.3,144.8,70.25,90.18,114.06,7.15,157.85,66.5
2024,Tyreek Hill,00-0033040,WR,MIA,0,16.0,137.2,177.7,218.2,257.4,316.9,376.4,192.04,241.63,292.05,0.0,299.12,170.53
2024,Ezekiel Elliott,00-0033045,RB,DAL,0,17.0,45.5,51.5,57.5,123.5,149.0,174.5,119.06,127.08,137.57,0.0,204.7,78.95
2024,Demarcus Robinson,00-0032775,WR,LA,0,8.0,92.5,108.0,123.5,61.4,74.4,87.4,61.81,80.58,96.03,0.0,126.38,42.2
2024,C.J. Ham,00-0032918,RB,MIN,0,,0.0,0.0,0.0,,,,1.35,2.15,1.89,0.0,8.24,19.19
2024,Carson Wentz,00-0032950,QB,KC,0,1.0,4.72,4.72,4.72,26.12,26.12,26.12,38.5,42.92,42.93,9.86,135.44,48.05
2024,Robbie Chosen,00-0032688,WR,MIA,0,6.0,0.5,1.0,1.5,18.6,20.6,22.6,4.15,6.86,8.45,0.0,19.46,15.26
2024,Derrick Henry,00-0032764,RB,BAL,0,17.0,317.4,326.9,336.4,218.66,232.66,246.66,184.49,190.02,201.01,63.64,272.78,137.08
2024,Mo Alie-Cox,00-0033217,TE,IND,0,14.0,20.7,26.7,32.7,36.1,42.6,49.1,28.74,37.3,47.71,0.0,77.76,26.14
2024,Theo Johnson,00-0039847,TE,NYG,1,,39.1,53.6,68.1,,,,26.3,34.17,42.45,0.0,73.12,19.19
2024,Marvin Harrison Jr.,00-0039849,WR,ARI,1,,134.5,165.5,196.5,,,,110.29,135.82,159.3,0.0,197.46,19.19
2024,Drake Maye,00-0039851,QB,NE,1,,177.14,177.14,177.14,,,,144.41,146.06,144.32,0.72,222.35,19.19
2024,Jalen McMillan,00-0039855,WR,TB,1,,98.4,116.9,135.4,,,,43.05,49.9,61.43,0.0,110.94,19.19
2024,Hunter Henry,00-0033090,TE,NE,0,13.0,79.4,112.4,145.4,77.9,98.9,119.9,59.52,76.79,95.11,0.0,132.25,41.83
2024,Jared Goff,00-0033106,QB,DET,0,17.0,323.46,323.96,324.46,289.1,289.1,289.1,243.17,243.59,243.29,139.47,307.55,251.79
2024,Jacoby Brissett,00-0033119,QB,NE,0,2.0,45.24,45.24,45.24,22.86,22.86,22.86,119.39,123.96,116.73,27.58,214.24,64.89
2024,Samaje Perine,00-0033526,RB,KC,0,17.0,53.4,67.4,81.4,71.3,96.3,121.3,66.6,77.84,91.84,0.0,132.2,54.41
2024,Mike Williams,00-0033536,WR,NYJ,0,3.0,35.8,46.3,56.8,31.2,40.7,50.2,84.84,103.85,127.64,0.0,195.41,39.6
2024,Deshaun Watson,00-0033537,QB,CLE,0,6.0,76.72,76.72,76.72,86.8,86.8,86.8,181.5,172.59,171.42,51.22,298.74,73.86
2024,Taysom Hill,00-0033357,TE,NO,0,16.0,79.34,90.84,102.34,110.52,127.02,143.52,94.88,112.64,128.87,56.87,168.93,101.45
2024,Patrick Ricard,00-0033376,RB,BAL,0,7.0,8.2,9.7,11.2,11.2,13.7,16.2,2.49,3.71,4.86,0.0,9.85,8.85
2024,Anthony Firkser,00-0033455,TE,NYJ,0,,0.0,0.0,0.0,,,,1.79,3.0,3.38,0.0,15.41,10.7
2024,George Kittle,00-0033288,TE,SF,0,16.0,158.6,197.6,236.6,138.2,170.7,203.2,116.83,158.04,192.57,0.0,194.48,121.18
2024,Aaron Jones,00-0033293,RB,MIN,0,11.0,190.6,216.1,241.6,104.9,119.9,134.9,135.34,155.16,163.64,0.0,213.14,105.28
2024,Nick Mullens,00-0033319,QB,MIN,0,5.0,1.32,1.32,1.32,66.74,66.74,66.74,36.91,36.64,33.35,1.75,118.88,41.6
2024,Johnny Mundt,00-0033246,TE,MIN,0,10.0,26.2,35.7,45.2,23.2,31.7,40.2,21.77,29.67,37.97,0.0,72.91,23.24
2024,Zach Pascal,00-0033251,WR,ARI,0,10.0,0.0,0.0,0.0,1.9,3.9,5.9,14.88,19.37,24.1,0.0,69.76,8.3
2024,Curtis Samuel,00-0033282,WR,BUF,0,16.0,32.7,48.2,63.7,95.2,126.2,157.2,80.05,100.07,122.43,0.0,157.48,78.45
2024,Jared Wiley,00-0039824,TE,KC,1,,0.7,1.2,1.7,,,,14.07,18.89,26.4,0.0,61.19,19.19
2024,Cooper Rush,00-0033662,QB,DAL,0,7.0,109.56,109.56,109.56,3.26,3.26,3.26,12.51,12.25,12.83,0.8,64.95,5.32
2024,Jermaine Burton,00-0039810,WR,CIN,1,,10.7,12.7,14.7,,,,42.03,54.12,62.33,0.0,117.19,19.19
2024,Erick All,00-0039814,TE,CIN,1,,15.8,25.8,35.8,,,,14.02,17.86,23.99,0.0,43.39,19.19
2024,Anthony Gould,00-0039816,WR,IND,1,,2.3,2.8,3.3,,,,30.2,37.08,48.69,0.0,92.47,19.19
2024,David Moore,00-0033589,WR,CAR,0,6.0,53.1,69.1,85.1,15.4,17.9,20.4,10.09,13.67,14.85,0.0,45.47,14.77
2024,AJ Barner,00-0039793,TE,SEA,1,,48.5,63.5,78.5,,,,18.51,23.32,29.32,0.0,64.8,19.19
2024,Braelon Allen,00-0039794,RB,NYJ,1,,66.2,75.7,85.2,,,,50.37,58.59,64.33,0.0,116.61,19.19
2024,Isaiah Davis,00-0039798,RB,NYJ,1,,36.9,41.4,45.9,,,,30.39,31.98,35.48,0.0,76.41,19.19
2024,James Conner,00-0033553,RB,ARI,0,13.0,206.8,230.3,253.8,174.5,188.0,201.5,124.69,136.98,156.82,0.0,234.43,125.44
2024,Mack Hollins,00-0033555,WR,BUF,0,12.0,67.8,83.3,98.8,25.1,34.1,43.1,42.99,58.65,72.75,0.0,101.45,32.34
2024,Eric Saubert,00-0033576,TE,SF,0,3.0,15.7,21.2,26.7,1.2,2.7,4.2,11.48,13.77,17.31,0.0,52.18,6.0
2024,David Njoku,00-0033885,TE,CLE,0,16.0,84.5,116.5,148.5,120.2,160.7,201.2,85.75,118.6,145.5,0.0,163.89,78.03
2024,Gerald Everett,00-0033895,TE,CHI,0,15.0,3.6,7.6,11.6,60.1,85.6,111.1,49.53,65.37,79.53,0.0,108.67,51.98
2024,Patrick Mahomes,00-0033873,QB,KC,0,16.0,282.02,282.52,283.02,280.22,280.22,280.22,284.02,279.47,277.2,129.4,372.61,260.24
2024,Evan Engram,00-0033881,TE,JAX,0,17.0,42.5,66.0,89.5,116.3,173.3,230.3,81.15,112.66,147.83,0.0,175.75,104.12
2024,Dare Ogunbowale,00-0033854,RB,HOU,0,9.0,37.0,46.5,56.0,5.3,6.3,7.3,16.59,18.11,23.64,0.0,55.98,12.69
2024,JuJu Smith-Schuster,00-0033857,WR,KC,0,11.0,35.1,44.1,53.1,32.0,46.5,61.0,24.96,33.29,41.11,0.0,86.42,35.31
2024,Jonnu Smith,00-0033858,TE,MIA,0,17.0,134.3,178.3,222.3,74.2,99.2,124.2,39.65,53.39,66.33,5.51,97.22,46.18
2024,Mitchell Trubisky,00-0033869,QB,BUF,0,5.0,15.26,15.26,15.26,48.68,48.68,48.68,27.13,28.71,29.97,8.74,107.13,6.62
2024,Austin Ekeler,00-0033699,RB,WAS,0,14.0,97.3,114.8,132.3,134.4,159.9,185.4,147.1,170.94,194.56,0.0,241.62,127.05
2024,Jeff Wilson,00-0034115,RB,MIA,0,9.0,7.6,9.1,10.6,27.3,34.3,41.3,50.55,61.38,71.17,0.0,110.32,61.75
2024,Will Dissly,00-0034159,TE,LAC,0,13.0,60.1,85.1,110.1,23.2,31.7,40.2,21.27,26.82,36.78,0.0,62.51,24.04
2024,Josh Reynolds,00-0033943,WR,DEN,0,16.0,25.4,31.9,38.4,88.8,108.8,128.8,64.24,82.15,96.65,0.0,130.42,65.11
2024,Jamaal Williams,00-0033948,RB,NO,0,13.0,28.1,32.6,37.1,42.8,51.8,60.8,55.76,63.97,73.73,0.0,133.83,65.91
2024,Jeremy McNichols,00-0033955,RB,WAS,0,2.0,54.8,59.3,63.8,0.0,0.0,0.0,49.41,56.58,59.76,0.0,98.7,7.74
2024,Ross Dwelley,00-0034073,TE,ATL,0,2.0,0.5,1.0,1.5,1.2,1.7,2.2,14.93,17.65,20.32,0.0,49.75,5.0
2024,Chris Godwin Jr.,00-0033921,WR,TB,0,17.0,87.8,112.8,137.8,126.2,167.7,209.2,114.4,149.13,183.09,10.23,183.47,99.33
2024,D'Onta Foreman,00-0033925,RB,CLE,0,9.0,26.6,29.6,32.6,80.2,85.7,91.2,56.66,64.63,65.9,0.0,109.27,56.34
2024,Joe Mixon,00-0033897,RB,HOU,0,17.0,204.5,222.5,240.5,215.0,241.0,267.0,163.72,186.07,207.32,0.0,256.37,130.91
2024,Alvin Kamara,00-0033906,RB,NO,0,13.0,197.3,231.3,265.3,158.0,195.5,233.0,145.65,170.86,205.83,0.0,246.88,117.06
2024,Cooper Kupp,00-0033908,WR,LA,0,12.0,108.0,141.5,175.0,105.4,134.9,164.4,144.81,185.74,226.33,0.0,242.57,82.33
2024,Tyler Conklin,00-0034270,TE,NYJ,0,17.0,70.9,96.4,121.9,62.1,92.6,123.1,57.83,79.0,92.98,0.0,119.47,61.24
2024,Marquez Valdes-Scantling,00-0034272,WR,BUF,0,16.0,65.5,75.0,84.5,35.5,46.0,56.5,15.21,19.3,25.25,0.0,36.73,31.68
2024,Mike Boone,00-0034208,RB,CAR,0,9.0,4.9,5.4,5.9,6.3,9.8,13.3,9.25,10.82,11.64,0.0,24.42,12.17
2024,Jordan Whittington,00-0039751,WR,LA,1,,30.5,41.5,52.5,,,,18.91,23.58,29.7,0.0,70.25,19.19
2024,Gus Edwards,00-0034184,RB,LAC,0,17.0,61.1,62.6,64.1,175.0,181.0,187.0,83.42,88.61,102.5,0.0,142.0,83.75
2024,Will Shipley,00-0039746,RB,PHI,1,,11.7,13.7,15.7,,,,39.17,46.22,52.11,0.0,94.8,19.19
2024,Jordan Akins,00-0034364,TE,CLE,0,13.0,51.0,71.0,91.0,13.2,20.7,28.2,20.5,28.74,33.6,0.0,68.52,21.56
2024,Tip Reiman,00-0039737,TE,ARI,1,,3.7,6.7,9.7,,,,25.01,29.4,36.53,0.0,67.79,19.19
2024,Blake Corum,00-0039738,RB,LA,1,,26.5,30.0,33.5,,,,83.41,88.51,97.81,0.0,153.81,19.19
2024,Dallas Goedert,00-0034351,TE,PHI,0,14.0,61.6,82.6,103.6,77.3,106.8,136.3,61.56,85.79,105.16,0.0,142.17,60.45
2024,Courtland Sutton,00-0034348,WR,DEN,0,16.0,159.3,199.8,240.3,131.2,160.7,190.2,95.41,120.05,138.02,0.0,165.22,86.62
2024,Colson Yankoff,00-0039686,RB,WAS,1,,0.0,0.0,0.0,,,,15.85,17.5,20.55,0.0,55.3,19.19
2024,Bo Nix,00-0039732,QB,DEN,1,,316.2,316.7,317.2,,,,189.64,185.7,190.21,27.81,262.28,19.19
2024,Trent Sherfield,00-0034487,WR,MIN,0,11.0,14.3,18.3,22.3,14.6,20.1,25.6,14.96,20.11,25.16,0.0,47.96,16.14
2024,Cedrick Wilson Jr.,00-0034418,WR,NO,0,11.0,31.94,41.94,51.94,47.6,58.6,69.6,28.9,42.22,48.44,1.46,90.09,27.65
2024,Braxton Berrios,00-0034419,WR,MIA,0,16.0,0.0,0.0,0.0,30.9,44.4,57.9,35.29,44.19,55.02,0.0,80.28,29.18
2024,Ray-Ray McCloud,00-0034407,WR,ATL,0,12.0,80.5,111.5,142.5,16.5,22.5,28.5,37.33,55.32,67.27,0.0,98.94,19.38
2024,Mason Tipton,00-0039623,WR,NO,1,,9.9,16.9,23.9,,,,14.47,17.28,20.88,0.0,51.21,19.19
2024,Dalton Schultz,00-0034383,TE,HOU,0,15.0,65.2,91.7,118.2,91.5,121.0,150.5,69.43,90.76,117.28,0.0,144.39,69.88
2024,Justin Watson,00-0034386,WR,KC,0,15.0,40.9,51.9,62.9,62.0,75.5,89.0,38.69,51.42,61.39,0.0,94.56,40.08
2024,Mark Andrews,00-0034753,TE,BAL,0,10.0,133.8,161.3,188.8,90.4,112.9,135.4,86.63,119.34,148.18,27.95,184.02,73.65
2024,Brandon Powell,00-0034646,WR,MIN,0,17.0,7.1,10.6,14.1,40.1,54.6,69.1,31.76,42.79,55.46,0.0,79.5,22.26
2024,,00-0039574,TE,DEN,0,,0.0,0.0,0.0,,,,1.14,1.29,1.31,0.0,4.81,19.19
2024,Kameron Johnson,00-0039589,WR,TB,1,,1.1,1.1,1.1,,,,15.45,20.1,22.71,0.0,56.1,19.19
2024,British Brooks,00-0039603,RB,HOU,1,,0.2,0.2,0.2,,,,14.09,15.34,16.97,0.0,45.76,19.19
2024,Allen Lazard,00-0034521,WR,NYJ,0,14.0,89.0,107.5,126.0,37.1,48.6,60.1,44.8,64.07,76.29,0.0,104.19,35.08
2024,Kyle Allen,00-0034577,QB,PIT,0,6.0,0.76,0.76,0.76,-1.3,-1.3,-1.3,21.68,22.2,22.7,1.19,69.35,13.84
2024,Tanner Hudson,00-0034613,TE,CIN,0,12.0,19.5,29.0,38.5,41.2,60.7,80.2,17.81,24.73,31.61,0.14,58.52,27.91
2024,John Kelly,00-0034808,RB,BAL,0,,0.0,0.0,0.0,,,,21.24,24.15,27.28,0.0,62.35,19.19
2024,,00-0039482,QB,MIA,0,,0.0,0.0,0.0,,,,0.91,0.98,0.73,0.0,6.11,19.19
2024,Lamar Jackson,00-0034796,QB,BAL,0,16.0,430.38,430.38,430.38,331.22,331.22,331.22,299.3,291.77,286.88,124.78,356.37,256.11
2024,Durham Smythe,00-0034798,TE,MIA,0,13.0,5.3,9.8,14.3,36.6,54.1,71.6,41.0,54.84,69.96,0.0,110.94,27.97
2024,Brevyn Spann-Ford,00-0039530,TE,DAL,1,,8.8,13.3,17.8,,,,8.94,10.32,12.33,0.0,27.98,19.19
2024,Isaiah Williams,00-0039451,WR,DET,1,,0.6,1.6,2.6,,,,12.97,17.16,21.8,0.0,58.15,19.19
2024,Mason Rudolph,00-0034771,QB,TEN,0,4.0,95.8,95.8,95.8,39.56,39.56,39.56,45.29,42.07,38.15,2.19,116.29,63.55
2024,Christian Kirk,00-0034775,WR,JAX,0,12.0,43.9,57.4,70.9,93.26,121.76,150.26,86.83,118.01,139.69,22.97,167.67,85.9
2024,Alexander Mattison,00-0034972,RB,LV,0,16.0,101.4,119.4,137.4,103.2,118.2,133.2,67.76,76.59,83.99,0.0,140.19,81.88
2024,Justice Hill,00-0034975,RB,BAL,0,16.0,85.1,106.1,127.1,81.3,95.3,109.3,63.34,76.57,82.32,0.0,137.95,46.52
2024,Foster Moreau,00-0034981,TE,NO,0,13.0,71.3,87.3,103.3,25.3,35.8,46.3,34.09,48.64,61.0,0.0,85.31,26.23
2024,Sam Darnold,00-0034869,QB,MIN,0,10.0,307.96,307.96,307.96,23.38,23.38,23.38,118.72,122.11,124.07,42.49,220.89,50.78
2024,Steven Sims,00-0034928,WR,HOU,0,3.0,0.0,0.0,0.0,2.6,4.1,5.6,13.98,17.49,23.06,0.0,46.23,5.02
2024,Jakobi Meyers,00-0034960,WR,LV,0,16.0,131.0,174.5,218.0,147.58,183.08,218.58,101.86,132.35,165.79,58.96,181.01,109.27
2024,Saquon Barkley,00-0034844,RB,PHI,0,14.0,322.3,338.8,355.3,182.2,202.7,223.2,153.83,172.59,192.31,0.0,249.79,141.05
2024,KhaDarel Hodge,00-0034854,WR,ATL,0,14.0,19.1,22.6,26.1,23.2,30.2,37.2,28.3,35.91,43.05,0.0,76.34,23.95
2024,Baker Mayfield,00-0034855,QB,TB,0,17.0,365.8,365.8,365.8,274.06,274.06,274.06,203.28,206.08,207.57,112.77,277.66,216.39
2024,Josh Allen,00-0034857,QB,BUF,0,17.0,379.04,379.04,379.04,392.64,392.64,392.64,282.78,288.71,290.76,138.61,378.26,258.69
2024,DJ Moore,00-0034827,WR,CHI,0,17.0,140.1,189.1,238.1,190.5,238.5,286.5,132.43,166.28,213.8,0.0,222.8,162.84
2024,Mike Gesicki,00-0034829,TE,CIN,0,15.0,76.5,109.0,141.5,36.4,50.9,65.4,34.23,43.49,56.17,0.0,89.43,27.34
2024,Hayden Hurst,00-0034830,TE,LAC,0,9.0,7.3,11.3,15.3,24.4,33.4,42.4,49.32,66.79,87.03,0.0,120.92,25.58
2024,Calvin Ridley,00-0034837,WR,TEN,0,17.0,135.2,167.2,199.2,153.9,191.9,229.9,98.89,126.46,150.94,0.0,204.3,137.5
2024,Khari Blasingame,00-0035099,RB,CHI,0,,0.0,0.0,0.0,,,,1.1,1.52,1.44,0.0,7.64,19.19
2024,Jake Browning,00-0035100,QB,CIN,0,9.0,-0.2,-0.2,-0.2,143.44,143.94,144.44,109.97,106.9,105.89,14.17,171.9,136.63
2024,Alec Ingold,00-0035125,RB,MIA,0,,0.0,0.0,0.0,,,,0.07,0.36,0.0,0.0,4.68,19.19
2024,Devaughn Vele,00-0039424,WR,DEN,1,,65.5,86.0,106.5,,,,16.36,19.96,23.62,0.0,59.14,19.19
2024,Ashton Dulin,00-0035021,WR,IND,0,,17.2,18.2,19.2,,,,18.01,22.89,27.92,0.0,66.76,14.41
2024,Jaheim Bell,00-0039420,TE,NE,1,,2.0,3.0,4.0,,,,26.39,34.94,44.35,0.0,76.63,19.19
2024,Jha'Quan Jackson,00-0039392,WR,TEN,1,,0.3,0.8,1.3,,,,19.4,23.98,34.2,0.0,78.84,19.19
2024,Olamide Zaccheaus,00-0035208,WR,WAS,0,11.0,69.4,91.9,114.4,28.4,33.4,38.4,42.5,56.02,70.45,0.0,106.19,25.37
2024,Deonte Harty,00-0035215,WR,BAL,0,16.0,0.0,0.0,0.0,27.0,34.5,42.0,18.13,23.7,27.88,0.0,52.3,23.07
2024,Diontae Johnson,00-0035216,WR,CAR,0,13.0,56.1,72.6,89.1,101.7,127.2,152.7,88.92,111.63,133.78,0.0,159.6,69.48
2024,Audric Estimé,00-0039373,RB,DEN,1,,43.7,46.2,48.7,,,,46.75,48.18,53.82,0.0,103.03,19.19
2024,Jamari Thrash,00-0039379,WR,CLE,1,,2.2,3.7,5.2,,,,25.54,34.41,45.42,0.0,88.39,19.19
2024,Tyrone Tracy Jr.,00-0039384,RB,NYG,1,,144.3,163.3,182.3,,,,27.54,29.45,35.94,0.0,86.18,19.19
2024,Bub Means,00-0039386,WR,NO,1,,17.8,22.3,26.8,,,,17.23,21.81,25.51,0.0,66.38,19.19
2024,Mecole Hardman,00-0035140,WR,KC,0,7.0,21.2,27.2,33.2,12.7,20.2,27.7,21.35,27.58,35.34,0.0,70.97,22.18
2024,Easton Stick,00-0035282,QB,LAC,0,5.0,0.0,0.0,0.0,67.56,67.56,67.56,46.36,49.44,55.22,3.08,143.9,83.17
2024,Gardner Minshew,00-0035289,QB,LV,0,16.0,96.32,96.32,96.32,196.2,196.2,196.2,159.91,155.91,160.16,84.31,217.19,86.33
2024,Josh Oliver,00-0035249,TE,MIN,0,13.0,43.8,54.8,65.8,31.3,42.3,53.3,42.16,54.85,64.91,0.0,109.22,26.82
2024,Devin Singletary,00-0035250,RB,NYG,0,17.0,75.6,86.1,96.6,137.34,152.34,167.34,127.8,135.3,152.7,45.98,203.97,78.5
2024,Tony Pollard,00-0035261,RB,TEN,0,17.0,159.7,180.2,200.7,167.6,195.1,222.6,115.67,129.48,148.02,0.0,205.47,149.3
2024,Jarrett Stidham,00-0035264,QB,DEN,0,2.0,0.5,0.5,0.5,26.64,26.64,26.64,28.4,30.02,28.02,1.62,115.4,48.85
2024,Miles Sanders,00-0035243,RB,CAR,0,16.0,53.3,65.3,77.3,60.6,74.1,87.6,69.29,84.16,89.24,0.0,145.51,82.99
2024,Kyler Murray,00-0035228,QB,ARI,0,8.0,297.24,297.24,297.24,146.36,146.36,146.36,226.03,228.46,225.92,99.95,322.95,121.02
2024,Luke McCaffrey,00-0039355,WR,WAS,1,,16.8,25.8,34.8,,,,35.01,42.07,56.3,0.0,110.08,19.19
2024,Ja'Tavion Sanders,00-0039356,TE,CAR,1,,40.2,56.7,73.2,,,,35.28,43.03,56.28,0.0,86.25,19.19
2024,Cade Stover,00-0039359,TE,HOU,1,,19.3,26.8,34.3,,,,11.89,15.66,21.5,0.0,56.05,19.19
2024,Xavier Legette,00-0039342,WR,CAR,1,,76.1,100.6,125.1,,,,77.93,92.78,114.53,0.0,169.16,19.19
2024,Malik Nabers,00-0039337,WR,NYG,1,,164.6,219.1,273.6,,,,123.38,154.12,176.58,0.0,205.43,19.19
2024,Brock Bowers,00-0039338,TE,LV,1,,150.7,206.7,262.7,,,,113.38,136.16,163.59,0.0,191.38,19.19
2024,Trayveon Williams,00-0035291,RB,CIN,0,16.0,0.0,0.0,0.0,7.9,11.4,14.9,29.24,32.05,39.16,0.0,59.71,11.79
2024,Scott Miller,00-0035298,WR,PIT,0,11.0,6.9,9.4,11.9,28.1,33.6,39.1,22.48,29.06,34.38,0.0,75.93,22.38
2024,Myles Gaskin,00-0035311,RB,MIN,0,,1.0,1.5,2.0,,,,18.81,21.88,24.4,0.0,43.55,10.9
2024,Trenton Irwin,00-0035341,WR,CIN,0,12.0,1.5,3.0,4.5,37.6,50.1,62.6,31.25,45.44,52.75,0.0,77.92,29.04
2024,Drew Sample,00-0035631,TE,CIN,0,14.0,16.5,26.5,36.5,28.3,39.3,50.3,40.47,52.65,59.66,0.0,107.38,19.57
2024,DK Metcalf,00-0035640,WR,SEA,0,16.0,125.2,158.2,191.2,159.4,192.4,225.4,144.42,180.53,211.89,0.0,214.85,120.71
2024,Tom Kennedy,00-0035544,WR,DET,0,,0.0,0.0,0.0,,,,18.76,21.14,25.92,0.0,65.54,11.59
2024,Craig Reynolds,00-0035567,RB,DET,0,12.0,17.9,19.4,20.9,26.6,29.1,31.6,29.91,32.93,37.48,0.0,73.06,31.03
2024,Parker Hesse,00-0035572,TE,DET,0,1.0,0.0,0.0,0.0,0.0,0.0,0.0,8.64,10.61,13.23,0.0,41.16,5.18
2024,Travis Homer,00-0035594,RB,CHI,0,7.0,3.4,4.9,6.4,0.0,0.0,0.0,16.45,22.31,22.62,0.0,62.4,6.49
2024,D'Ernest Johnson,00-0035628,RB,JAX,0,16.0,23.9,29.9,35.9,24.8,29.8,34.8,27.0,32.41,37.27,0.0,70.09,22.27
2024,Greg Dortch,00-0035500,WR,ARI,0,16.0,53.3,71.8,90.3,40.5,52.5,64.5,44.04,54.31,67.36,0.0,123.72,31.27
2024,Darius Slayton,00-0035535,WR,NYG,0,17.0,71.0,90.5,110.0,101.0,126.0,151.0,49.38,66.05,80.55,0.0,120.08,66.58
2024,Ty Johnson,00-0035537,RB,BUF,0,9.0,73.7,82.7,91.7,25.4,28.9,32.4,58.37,64.77,67.56,0.0,116.78,31.27
2024,Bucky Irving,00-0039361,RB,TB,1,,197.4,220.9,244.4,,,,44.86,52.49,61.67,0.0,110.76,19.19
2024,Isaac Guerendo,00-0039363,RB,SF,1,,81.2,88.7,96.2,,,,28.35,31.36,36.08,0.0,92.94,19.19
2024,Sione Vaki,00-0039364,RB,DET,1,,5.1,6.6,8.1,,,,10.41,12.07,14.62,0.0,39.15,19.19
2024,Jacob Cowing,00-0039365,WR,SF,1,,8.7,10.7,12.7,,,,22.69,30.93,38.89,0.0,81.96,19.19
2024,Lil'Jordan Humphrey,00-0035406,WR,DEN,0,11.0,33.3,48.8,64.3,34.2,40.7,47.2,26.83,36.73,42.83,0.0,75.34,21.98
2024,Dawson Knox,00-0035689,TE,BUF,0,10.0,37.1,48.1,59.1,32.6,43.6,54.6,36.88,51.1,58.63,0.0,92.99,32.88
2024,Josh Jacobs,00-0035700,RB,GB,0,13.0,257.1,275.1,293.1,144.1,162.6,181.1,165.14,182.99,195.69,1.32,238.36,150.6
2024,Drew Lock,00-0035704,QB,NYG,0,4.0,80.14,80.14,80.14,29.12,29.12,29.12,51.24,48.9,48.1,1.19,122.58,37.06
2024,David Montgomery,00-0035685,RB,DET,0,14.0,185.72,203.72,221.72,191.2,199.2,207.2,154.17,169.47,179.94,0.0,223.7,130.68
2024,A.J. Brown,00-0035676,WR,PHI,0,17.0,149.9,183.4,216.9,183.6,236.6,289.6,179.01,224.46,274.07,0.0,265.34,164.9
2024,Noah Fant,00-0035644,TE,SEA,0,15.0,56.0,80.0,104.0,41.4,57.4,73.4,57.09,80.46,100.9,0.0,122.84,35.1
2024,Gunner Olszewski,00-0035645,WR,NYG,0,12.0,0.0,0.0,0.0,4.0,4.5,5.0,13.0,15.72,19.27,0.0,57.38,8.31
2024,Terry McLaurin,00-0035659,WR,WAS,0,17.0,185.8,226.8,267.8,124.2,163.7,203.2,98.47,124.41,154.89,0.0,179.97,92.76
2024,Patrick Taylor,00-0035973,RB,SF,0,11.0,26.8,28.3,29.8,19.0,24.5,30.0,24.58,27.93,35.29,0.0,69.68,22.65
2024,Carson Steele,00-0039325,RB,KC,1,,16.9,20.4,23.9,,,,46.39,53.51,64.11,0.0,132.06,19.19
2024,Dee Williams,00-0039306,WR,SEA,1,,0.0,0.0,0.0,,,,3.96,5.03,5.75,0.0,15.32,19.19
2024,,00-0039308,RB,SEA,0,,0.0,0.0,0.0,,,,1.92,2.2,2.25,0.0,6.86,19.19
2024,Daniel Jones,00-0035710,QB,NYG,0,6.0,135.3,135.3,135.3,56.96,56.96,56.96,183.11,183.33,182.39,51.52,284.09,103.57
2024,Deebo Samuel Sr.,00-0035719,WR,SF,0,15.0,104.6,130.1,155.6,183.7,213.7,243.7,165.16,200.1,248.84,19.76,252.43,150.73
2024,JaMycal Hasty,00-0035806,RB,NE,0,1.0,18.8,23.8,28.8,0.0,0.0,0.0,22.88,26.0,31.34,0.0,68.64,7.01
2024,Bryce Young,00-0039150,QB,CAR,0,16.0,195.02,195.02,195.02,156.38,156.38,156.38,216.94,219.77,222.63,86.0,294.67,143.46
2024,Will Levis,00-0039152,QB,TEN,0,9.0,119.94,119.94,119.94,102.02,102.02,102.02,169.1,170.39,166.88,71.91,257.4,83.5
2024,C.J. Stroud,00-0039163,QB,HOU,0,15.0,220.38,220.38,220.38,275.02,275.52,276.02,305.92,300.71,303.09,129.67,356.69,287.32
2024,Anthony Richardson,00-0039164,QB,IND,0,4.0,162.36,162.86,163.36,72.68,72.68,72.68,213.35,220.63,222.44,71.99,314.23,77.67
2024,Luke Musgrave,00-0039144,TE,GB,0,11.0,4.5,8.0,11.5,41.2,58.2,75.2,62.42,79.83,103.3,0.0,130.48,38.7
2024,Jayden Reed,00-0039146,WR,GB,0,16.0,142.0,169.5,197.0,153.2,185.2,217.2,174.42,212.7,253.46,0.0,247.79,137.41
2024,Jahmyr Gibbs,00-0039139,RB,DET,0,15.0,310.9,336.9,362.9,190.1,216.1,242.1,146.49,165.25,196.29,0.0,220.16,194.1
2024,Johnny Wilson,00-0039236,WR,PHI,1,,9.8,12.3,14.8,,,,21.17,28.2,34.11,0.0,77.92,19.19
2024,Stetson Bennett,00-0039107,QB,LA,0,,0.0,0.0,0.0,,,,21.01,21.1,21.07,0.0,86.72,19.19
2024,Tua Tagovailoa,00-0036212,QB,MIA,0,17.0,181.58,181.58,181.58,270.36,270.36,270.36,215.32,219.52,216.49,110.85,289.73,209.87
2024,Jonathan Taylor,00-0036223,RB,IND,0,10.0,226.7,235.7,244.7,137.4,146.9,156.4,177.93,188.6,203.25,0.0,269.47,107.85
2024,Nick Westbrook-Ikhine,00-0036182,WR,TEN,0,13.0,103.7,119.7,135.7,57.0,71.0,85.0,32.17,42.22,52.48,0.0,86.6,38.64
2024,Reggie Gilliam,00-0036187,RB,BUF,0,5.0,0.7,0.7,0.7,0.3,0.8,1.3,4.43,4.92,6.56,0.0,8.74,5.0
2024,Gabe Davis,00-0036196,WR,JAX,0,16.0,33.9,43.9,53.9,116.4,138.9,161.4,91.11,111.74,129.79,0.0,166.3,76.23
2024,Rico Dowdle,00-0036139,RB,DAL,0,16.0,158.8,178.3,197.8,74.5,83.0,91.5,64.98,75.88,84.01,0.0,140.49,42.42
2024,J.K. Dobbins,00-0036158,RB,LAC,0,1.0,159.8,175.8,191.8,9.7,10.7,11.7,100.46,118.93,130.5,0.0,201.6,21.54
2024,Zach Charbonnet,00-0039165,RB,SEA,0,16.0,144.9,165.9,186.9,73.1,89.6,106.1,108.82,128.45,143.54,0.0,185.06,91.55
2024,Juwan Johnson,00-0036040,TE,NO,0,13.0,72.8,97.8,122.8,60.8,79.3,97.8,43.87,60.3,70.1,0.0,102.51,48.0
2024,Sam LaPorta,00-0039065,TE,DET,0,17.0,114.6,144.6,174.6,153.3,196.3,239.3,160.77,209.48,253.61,0.0,250.22,134.78
2024,Michael Mayer,00-0039066,TE,LV,0,13.0,15.6,26.1,36.6,44.4,57.9,71.4,51.0,64.51,82.29,0.0,135.9,37.62
2024,Rashee Rice,00-0039067,WR,KC,0,16.0,40.9,52.9,64.9,133.5,173.0,212.5,116.6,157.73,191.76,0.0,229.37,133.75
2024,Davis Allen,00-0039074,TE,LA,0,7.0,3.9,6.9,9.9,15.5,20.5,25.5,19.4,25.11,28.93,0.0,65.71,15.9
2024,Payne Durham,00-0039050,TE,TB,0,6.0,23.5,29.0,34.5,5.8,8.3,10.8,11.6,14.79,17.77,0.0,48.21,10.1
2024,Trey Palmer,00-0039052,WR,TB,0,17.0,23.2,29.2,35.2,56.7,76.2,95.7,63.35,80.19,95.63,0.0,140.37,42.68
2024,Jonathan Mingo,00-0039062,WR,CAR,0,15.0,15.2,23.7,32.2,41.8,63.3,84.8,56.85,70.06,85.49,0.0,125.19,39.78
2024,Zay Flowers,00-0039064,WR,BAL,0,16.0,135.5,172.5,209.5,129.4,167.9,206.4,149.61,194.42,236.21,0.0,239.39,135.31
2024,Tyjae Spears,00-0039032,RB,TEN,0,17.0,83.6,98.6,113.6,101.8,127.8,153.8,120.1,137.26,158.12,0.0,188.97,99.62
2024,De'Von Achane,00-0039040,RB,MIA,0,11.0,221.9,260.9,299.9,163.7,177.2,190.7,194.26,219.27,247.87,2.23,286.87,161.23
2024,Elijah Higgins,00-0039041,TE,ARI,0,11.0,29.2,39.2,49.2,22.3,29.3,36.3,30.6,43.17,51.47,0.0,88.32,27.05
2024,Harrison Bryant,00-0036232,TE,LV,0,14.0,8.6,13.1,17.6,24.9,31.4,37.9,17.24,25.14,32.02,0.0,76.59,26.5
2024,Colby Parkinson,00-0036244,TE,LA,0,15.0,35.4,50.4,65.4,36.7,49.2,61.7,49.2,66.2,78.87,0.0,109.0,27.99
2024,D'Andre Swift,00-0036275,RB,CHI,0,16.0,172.5,193.5,214.5,160.3,179.8,199.3,136.23,155.61,178.8,0.0,228.49,123.09
2024,Cole Kmet,00-0036290,TE,CHI,0,16.0,73.4,96.9,120.4,108.1,144.6,181.1,91.86,124.97,157.41,0.0,168.94,86.65
2024,Jauan Jennings,00-0036259,WR,SF,0,13.0,133.5,172.0,210.5,32.5,42.0,51.5,27.97,36.84,47.64,0.0,91.57,26.02
2024,Brandon Aiyuk,00-0036261,WR,SF,0,16.0,37.4,49.9,62.4,174.2,211.7,249.2,137.88,178.24,222.29,0.0,218.21,146.81
2024,Jordan Love,00-0036264,QB,GB,0,17.0,233.86,233.86,233.86,319.06,319.06,319.06,224.61,222.39,216.41,127.06,311.07,229.12
2024,Laviska Shenault Jr.,00-0036268,WR,SEA,0,8.0,9.7,12.2,14.7,11.5,16.5,21.5,40.9,51.59,67.23,0.0,102.46,16.08
2024,Puka Nacua,00-0039075,WR,LA,0,17.0,127.6,167.1,206.6,193.5,246.0,298.5,194.24,236.43,278.72,0.0,286.21,197.19
2024,Zack Moss,00-0036251,RB,CIN,0,14.0,58.9,70.4,81.9,142.6,156.1,169.6,111.44,124.07,131.58,0.0,192.75,91.67
2024,Michael Pittman,00-0036252,WR,IND,0,16.0,96.8,131.3,165.8,143.2,197.7,252.2,124.3,168.08,214.03,0.0,222.37,111.58
2024,Justin Herbert,00-0036355,QB,LAC,0,13.0,285.4,285.4,285.4,233.16,233.66,234.16,262.26,264.59,267.18,143.32,326.49,274.68
2024,CeeDee Lamb,00-0036358,WR,DAL,0,17.0,162.4,212.9,263.4,268.2,335.7,403.2,186.9,236.15,289.13,0.0,312.77,190.82
2024,Devin Duvernay,00-0036331,WR,JAX,0,13.0,8.2,13.7,19.2,3.3,5.3,7.3,18.23,23.24,29.14,0.0,66.02,16.02
2024,K.J. Osborn,00-0036345,WR,NE,0,15.0,11.7,15.2,18.7,72.0,96.0,120.0,66.56,81.39,99.74,0.0,150.41,50.88
2024,Darnell Mooney,00-0036309,WR,ATL,0,14.0,129.2,161.2,193.2,47.9,63.4,78.9,59.89,81.48,100.15,0.0,133.72,36.09
2024,Justin Jefferson,00-0036322,WR,MIN,0,10.0,214.48,265.98,317.48,134.2,168.2,202.2,188.01,234.2,290.08,23.65,310.66,150.92
2024,Antonio Gibson,00-0036328,RB,NE,0,16.0,80.4,91.9,103.4,79.4,103.4,127.4,89.15,105.77,120.64,0.0,163.17,49.83
2024,Jerry Jeudy,00-0036407,WR,CLE,0,16.0,150.9,195.9,240.9,87.8,114.8,141.8,92.42,116.93,143.56,0.0,177.58,72.04
2024,Tucker Kraft,00-0038996,TE,GB,0,14.0,113.3,138.3,163.3,47.5,63.0,78.5,45.31,56.86,69.14,0.0,101.14,38.69
2024,Jake Haener,00-0038998,QB,NO,0,,13.24,13.24,13.24,,,,26.32,28.0,28.56,0.0,87.31,19.19
2024,Cedric Tillman,00-0038979,WR,CLE,0,11.0,51.4,65.9,80.4,23.2,33.7,44.2,45.38,56.11,68.54,0.0,114.92,34.48
2024,Jordan Addison,00-0038994,WR,MIN,0,17.0,149.5,181.0,212.5,151.3,186.3,221.3,139.18,178.83,217.65,0.0,215.8,131.24
2024,Jalen Hurts,00-0036389,QB,PHI,0,17.0,315.12,315.12,315.12,356.82,356.82,356.82,290.7,292.88,290.51,114.36,372.94,280.49
2024,DJ Turner,00-0036527,WR,LV,0,7.0,31.1,39.1,47.1,0.0,0.0,0.0,9.61,12.35,15.75,0.0,34.7,4.77
2024,Rashod Bateman,00-0036550,WR,BAL,0,15.0,129.6,152.1,174.6,44.5,60.5,76.5,74.45,94.71,117.74,0.0,149.06,30.09
2024,Nico Collins,00-0036554,WR,HOU,0,15.0,142.6,176.6,210.6,180.4,220.4,260.4,140.43,169.43,212.88,0.0,214.03,150.61
2024,Joe Burrow,00-0036442,QB,CIN,0,10.0,372.82,372.82,372.82,147.16,147.16,147.16,234.03,229.29,238.3,106.95,309.51,207.1
2024,Chris Blair,00-0036463,WR,ATL,0,,1.7,2.2,2.7,,,,15.3,17.04,21.1,0.0,63.67,19.19
2024,Mathew Sexton,00-0036471,WR,MIA,0,,0.0,0.0,0.0,,,,3.1,3.83,4.31,0.0,9.58,19.19
2024,Tim Jones,00-0036497,WR,JAX,0,10.0,4.1,5.6,7.1,8.3,13.8,19.3,15.77,19.15,24.61,0.0,57.95,8.49
2024,Adam Trautman,00-0036422,TE,DEN,0,16.0,30.8,37.3,43.8,38.4,49.4,60.4,41.65,55.23,69.96,0.0,106.37,26.88
2024,DeeJay Dallas,00-0036425,RB,ARI,0,17.0,18.0,19.5,21.0,6.2,9.2,12.2,12.86,19.3,26.97,0.96,70.56,9.36
2024,Tyler Johnson,00-0036427,WR,LA,0,1.0,35.1,48.1,61.1,6.8,7.8,8.8,28.58,34.96,43.09,0.0,73.55,13.72
2024,Charlie Woerner,00-0036429,TE,ATL,0,10.0,4.6,8.1,11.6,3.2,4.7,6.2,18.13,25.55,31.13,0.0,71.59,2.85
2024,Van Jefferson,00-0036415,WR,PIT,0,14.0,39.6,51.6,63.6,21.3,31.3,41.3,47.52,57.83,73.99,0.0,113.19,29.3
2024,Quintin Morris,00-0036590,TE,BUF,0,2.0,9.6,12.1,14.6,8.6,9.6,10.6,13.62,18.53,22.56,0.0,44.15,7.86
2024,Jaylen Waddle,00-0036613,WR,MIA,0,14.0,91.6,120.6,149.6,126.6,162.6,198.6,147.43,186.53,230.26,0.0,231.89,151.43
2024,Sean Tucker,00-0038951,RB,TB,0,3.0,59.7,64.2,68.7,3.2,4.2,5.2,44.05,51.96,59.38,0.0,108.38,11.85
2024,Ellis Merriweather,00-0038965,RB,GB,0,,0.0,0.0,0.0,,,,3.51,4.19,4.32,0.0,13.38,19.19
2024,Marvin Mims Jr.,00-0038976,WR,DEN,0,16.0,90.5,110.0,129.5,52.7,63.7,74.7,60.03,82.31,97.21,0.0,128.51,43.43
2024,Tank Dell,00-0038977,WR,HOU,0,10.0,89.0,114.5,140.0,118.0,141.5,165.0,138.9,165.56,196.34,1.76,235.78,109.85
2024,Dalton Kincaid,00-0038933,TE,BUF,0,16.0,56.8,78.8,100.8,77.3,113.8,150.3,86.97,119.12,155.42,0.0,172.04,68.83
2024,Brenton Strange,00-0038935,TE,JAX,0,7.0,51.1,71.1,91.1,9.5,12.0,14.5,24.04,30.14,31.54,0.0,60.64,12.5
2024,Jalin Hyatt,00-0038938,WR,NYG,0,13.0,6.2,10.2,14.2,37.3,48.8,60.3,60.98,75.17,90.48,0.0,140.04,36.05
2024,Chuba Hubbard,00-0036555,RB,CAR,0,17.0,198.6,220.1,241.6,143.5,163.0,182.5,94.44,110.9,125.08,0.0,186.95,86.92
2024,Brevin Jordan,00-0036556,TE,HOU,0,10.0,0.7,1.7,2.7,33.9,42.4,50.9,29.36,41.8,51.65,0.0,80.04,21.45
2024,Simi Fehoko,00-0036646,WR,LAC,0,2.0,10.6,13.6,16.6,6.9,7.4,7.9,17.08,22.89,28.16,0.0,78.3,7.14
2024,Josh Pederson,00-0036674,TE,JAX,0,,0.0,0.0,0.0,,,,2.11,2.46,2.7,0.0,13.96,19.19
2024,Ben Sims,00-0038809,TE,GB,0,6.0,4.2,6.2,8.2,8.1,10.1,12.1,10.91,14.58,17.81,0.0,33.04,10.98
2024,Noah Gray,00-0036637,TE,KC,0,16.0,73.3,93.3,113.3,42.6,56.6,70.6,34.38,45.09,55.61,0.0,88.11,27.95
2024,Dyami Brown,00-0036626,WR,WAS,0,16.0,37.4,52.4,67.4,22.96,28.96,34.96,29.16,38.69,49.07,4.91,89.46,25.97
2024,John Bates,00-0036628,TE,WAS,0,15.0,6.4,10.4,14.4,15.1,24.6,34.1,17.64,26.18,32.92,0.0,62.45,16.0
2024,Tylan Wallace,00-0036630,WR,BAL,0,6.0,25.3,30.8,36.3,7.1,7.6,8.1,18.41,22.52,28.54,0.0,61.35,6.21
2024,Jaleel McLaughlin,00-0038794,RB,DEN,0,17.0,73.2,85.2,97.2,75.0,90.5,106.0,69.38,84.78,98.87,0.0,144.27,76.08
2024,Emanuel Wilson,00-0038797,RB,GB,0,5.0,85.0,90.5,96.0,10.8,12.8,14.8,25.25,27.82,32.29,0.0,60.39,17.33
2024,Tutu Atwell,00-0036849,WR,LA,0,14.0,56.9,77.9,98.9,73.4,92.9,112.4,44.16,54.54,62.96,0.0,110.61,47.07
2024,Ben Skowronek,00-0036862,WR,PIT,0,13.0,6.9,9.4,11.9,13.5,17.5,21.5,8.37,11.21,12.58,0.0,22.05,17.11
2024,Nate Adkins,00-0038783,TE,DEN,0,5.0,29.5,36.5,43.5,2.2,4.2,6.2,12.96,16.05,18.63,0.0,44.32,7.91
2024,Brock Wright,00-0036754,TE,DET,0,9.0,22.0,28.5,35.0,15.1,21.6,28.1,16.48,20.75,24.6,0.0,59.33,16.65
2024,Feleipe Franks,00-0036825,TE,CAR,0,,1.2,1.7,2.2,,,,4.44,5.17,5.34,0.0,16.95,5.13
2024,Julian Hill,00-0038720,TE,MIA,0,10.0,10.0,16.0,22.0,2.8,5.8,8.8,13.99,17.96,21.16,0.0,50.83,10.41
2024,Hunter Luepke,00-0038738,RB,DAL,0,10.0,14.9,20.9,26.9,9.7,11.2,12.7,6.46,9.2,10.52,0.0,10.86,16.92
2024,Jake Bobo,00-0038752,WR,SEA,0,14.0,16.7,23.2,29.7,37.9,47.4,56.9,35.2,45.05,56.26,0.0,86.8,36.42
2024,Adam Prentice,00-0036727,RB,NO,0,,0.0,0.0,0.0,,,,1.28,1.64,1.83,0.0,2.58,19.19
2024,Pat Freiermuth,00-0036894,TE,PIT,0,11.0,105.3,137.8,170.3,44.8,60.8,76.8,51.31,70.51,94.27,0.0,126.78,36.07
2024,Davis Mills,00-0036898,QB,HOU,0,5.0,9.58,9.58,9.58,17.82,17.82,17.82,34.62,37.61,36.75,2.1,110.93,73.76
2024,Ja'Marr Chase,00-0036900,WR,CIN,0,16.0,276.0,339.5,403.0,162.72,212.72,262.72,155.38,201.03,246.05,25.24,282.13,129.13
2024,Khalil Herbert,00-0036906,RB,CHI,0,12.0,21.5,26.5,31.5,92.5,102.5,112.5,81.04,83.85,94.72,0.0,154.73,96.99
2024,Luke Farrell,00-0036887,TE,JAX,0,10.0,6.7,12.7,18.7,15.5,22.0,28.5,25.26,35.05,45.66,0.0,77.64,12.21
2024,Najee Harris,00-0036893,RB,PIT,0,17.0,168.6,186.6,204.6,166.5,181.0,195.5,147.21,160.95,178.22,0.0,217.11,110.26
2024,Jordan Mims,00-0038678,RB,NO,0,2.0,14.1,20.1,26.1,0.0,0.0,0.0,16.34,18.92,23.13,0.0,48.2,7.8
2024,Emari Demercado,00-0038705,RB,ARI,0,11.0,38.7,46.7,54.7,52.3,62.8,73.3,31.67,36.42,42.36,0.0,83.55,48.21
2024,Rhamondre Stevenson,00-0036875,RB,NE,0,12.0,142.9,159.4,175.9,107.7,126.7,145.7,113.35,122.51,134.12,0.0,197.69,101.65
2024,Kylen Granson,00-0036876,TE,IND,0,15.0,18.2,25.2,32.2,43.0,58.0,73.0,47.47,64.62,83.04,0.0,115.62,27.84
2024,Jaelon Darden,00-0036877,WR,CLE,0,1.0,0.6,1.1,1.6,0.0,0.0,0.0,5.62,9.4,11.31,0.0,25.28,4.53
2024,Ronnie Bell,00-0038647,WR,SF,0,13.0,2.2,3.2,4.2,24.8,27.8,30.8,16.71,20.9,26.19,0.0,70.75,26.69
2024,Kenny McIntosh,00-0038636,RB,SEA,0,,19.4,20.9,22.4,,,,24.94,29.83,34.06,0.0,74.58,19.19
2024,Jalen Brooks,00-0038640,WR,DAL,0,3.0,23.7,29.7,35.7,6.4,9.4,12.4,21.75,26.71,33.34,0.0,70.48,11.3
2024,Kyle Trask,00-0036928,QB,TB,0,2.0,-0.2,-0.2,-0.2,-0.1,-0.1,-0.1,11.63,10.74,10.91,0.0,77.48,11.74
2024,Scott Matlock,00-0038614,RB,LAC,0,,0.0,0.0,0.0,,,,4.65,6.18,8.07,0.0,26.42,19.19
2024,Xavier Hutchinson,00-0038618,WR,HOU,0,12.0,11.7,17.7,23.7,13.9,17.9,21.9,32.39,41.5,51.17,0.0,85.43,19.64
2024,Andrei Iosivas,00-0038619,WR,CIN,0,11.0,83.9,101.9,119.9,35.6,43.1,50.6,44.74,60.25,72.71,0.0,111.04,30.05
2024,DeMario Douglas,00-0038621,WR,NE,0,14.0,81.7,114.7,147.7,58.2,82.7,107.2,68.45,91.96,115.0,0.0,159.22,63.83
2024,Deuce Vaughn,00-0038622,RB,DAL,0,6.0,8.8,10.3,11.8,8.0,11.5,15.0,32.69,37.35,44.48,0.0,82.99,15.53
2024,DeVonta Smith,00-0036912,WR,PHI,0,16.0,131.4,165.4,199.4,146.6,187.1,227.6,133.2,176.14,213.23,0.0,210.73,132.11
2024,Kenny Gainwell,00-0036919,RB,PHI,0,16.0,46.6,54.6,62.6,67.38,82.38,97.38,76.8,88.82,103.79,15.75,139.58,42.57
2024,Chase Brown,00-0038597,RB,CIN,0,12.0,201.0,228.0,255.0,39.5,46.5,53.5,85.0,93.78,105.39,0.0,162.42,40.03
2024,Clayton Tune,00-0038582,QB,ARI,0,6.0,-2.08,-2.08,-2.08,7.48,7.48,7.48,32.53,31.36,29.75,0.79,95.08,20.32
2024,Josh Whyle,00-0038589,TE,TEN,0,9.0,32.8,46.8,60.8,15.4,19.9,24.4,22.49,30.35,38.31,0.0,69.46,16.6
2024,Amon-Ra St. Brown,00-0036963,WR,DET,0,16.0,201.18,258.68,316.18,211.9,271.4,330.9,168.4,219.1,268.16,2.61,297.52,158.08
2024,Aidan O'Connell,00-0038579,QB,LV,0,11.0,93.48,93.48,93.48,125.82,125.82,125.82,55.66,59.07,57.42,2.7,134.38,94.46
2024,Justin Fields,00-0036945,QB,PIT,0,13.0,119.14,119.14,119.14,230.18,230.18,230.18,220.05,219.13,211.45,98.22,300.61,224.19
2024,Avery Williams,00-0036950,RB,ATL,0,,0.0,0.0,0.0,,,,16.18,20.29,24.57,0.0,63.55,15.34
2024,Javonte Williams,00-0036997,RB,DEN,0,16.0,105.9,131.9,157.9,132.2,155.7,179.2,116.55,128.4,142.61,0.0,203.12,79.24
2024,Hunter Long,00-0037004,TE,LA,0,1.0,12.0,15.5,19.0,0.0,0.0,0.0,11.8,16.43,20.69,0.0,45.18,1.86
2024,Trey Sermon,00-0036984,RB,IND,0,8.0,37.8,45.8,53.8,17.3,18.8,20.3,63.06,65.94,68.04,0.0,116.79,20.29
2024,Josh Palmer,00-0036988,WR,LAC,0,10.0,68.4,87.9,107.4,68.7,87.7,106.7,76.35,95.86,121.11,0.0,167.57,68.82
2024,Travis Etienne,00-0036973,RB,JAX,0,17.0,91.2,110.7,130.2,224.4,253.4,282.4,159.77,183.95,199.63,0.0,247.94,136.16
2024,Elijah Moore,00-0036980,WR,CLE,0,16.0,59.9,90.4,120.9,73.1,102.6,132.1,73.33,93.72,113.15,0.0,168.66,59.88
2024,Parker Washington,00-0038606,WR,JAX,0,8.0,65.0,81.0,97.0,23.2,31.2,39.2,39.46,50.42,60.77,0.0,102.8,25.1
2024,Kayshon Boutte,00-0038608,WR,NE,0,3.0,78.9,100.4,121.9,1.9,2.9,3.9,32.57,42.09,51.27,0.0,102.01,7.91
2024,Kyle Pitts,00-0036970,TE,ATL,0,17.0,84.2,107.7,131.2,84.3,110.8,137.3,87.41,114.31,144.33,0.0,173.94,58.73
2024,Trevor Lawrence,00-0036971,QB,JAX,0,16.0,145.2,145.2,145.2,262.54,262.54,262.54,222.0,220.81,218.74,140.31,304.92,274.8
2024,Mac Jones,00-0036972,QB,JAX,0,11.0,96.08,96.08,96.08,106.4,106.4,106.4,46.4,50.71,51.8,3.16,133.02,81.19
2024,Darnell Washington,00-0038558,TE,PIT,0,8.0,26.0,35.5,45.0,6.1,9.6,13.1,25.54,28.26,36.84,0.0,74.01,11.6
2024,Michael Wilson,00-0038559,WR,ARI,0,13.0,77.5,101.0,124.5,76.5,95.5,114.5,68.64,86.13,107.19,0.0,155.26,63.06
2024,Tre Tucker,00-0038563,WR,LV,0,13.0,82.3,105.8,129.3,52.8,62.3,71.8,55.14,71.49,86.81,0.0,117.08,42.24
2024,Luke Schoonmaker,00-0038547,TE,DAL,0,12.0,30.1,43.6,57.1,18.5,22.5,26.5,33.79,42.87,49.99,0.0,83.0,19.75
2024,Hendon Hooker,00-0038550,QB,DET,0,,2.68,2.68,2.68,,,,22.38,24.22,26.41,0.24,97.99,19.19
2024,Tank Bigsby,00-0038555,RB,JAX,0,13.0,122.0,125.5,129.0,23.8,24.3,24.8,78.37,82.19,91.49,0.0,154.29,40.61
2024,Sam Howell,00-0037077,QB,SEA,0,17.0,-0.84,-0.84,-0.84,256.54,257.04,257.54,97.1,100.55,97.19,18.05,202.49,188.83
2024,Bijan Robinson,00-0038542,RB,ATL,0,17.0,280.7,311.2,341.7,188.3,217.3,246.3,171.56,193.1,211.55,0.0,265.4,156.09
2024,Jaxon Smith-Njigba,00-0038543,WR,SEA,0,17.0,153.0,203.0,253.0,86.8,118.3,149.8,101.74,134.06,175.89,0.0,185.27,87.12
2024,Quentin Johnston,00-0038544,WR,LAC,0,17.0,119.7,147.2,174.7,56.0,75.0,94.0,88.67,110.64,128.63,0.0,165.7,44.35
2024,Isiah Pacheco,00-0037197,RB,KC,0,14.0,44.9,50.9,56.9,169.9,191.9,213.9,137.11,158.06,168.26,0.0,200.97,155.9
2024,Irvin Charles,00-0037156,WR,NYJ,0,6.0,0.0,0.0,0.0,0.0,0.0,0.0,13.54,17.58,19.64,0.0,57.19,8.04
2024,Jake Tonges,00-0037112,TE,SF,0,,0.0,0.0,0.0,,,,8.65,10.46,12.52,0.0,38.2,5.09
2024,Tyler Goodson,00-0037120,RB,IND,0,6.0,33.4,38.9,44.4,12.1,15.1,18.1,32.47,43.69,46.58,0.0,66.5,18.37
2024,Britain Covey,00-0037132,WR,PHI,0,15.0,3.4,6.9,10.4,4.2,6.2,8.2,15.59,19.51,23.31,0.0,67.12,5.19
2024,Derius Davis,00-0038573,WR,LAC,0,17.0,27.1,33.6,40.1,22.7,30.2,37.7,45.23,67.01,77.16,0.0,117.12,26.18
2024,Charlie Jones,00-0038576,WR,CIN,0,11.0,6.5,7.0,7.5,13.7,17.2,20.7,19.2,23.19,26.53,0.0,68.04,15.84
2024,Grant Calcaterra,00-0037086,TE,PHI,0,3.0,35.8,47.8,59.8,3.9,5.9,7.9,14.84,20.2,26.1,0.0,62.31,6.13
2024,Bo Melton,00-0037091,WR,GB,0,4.0,14.5,18.5,22.5,29.9,37.9,45.9,50.46,58.83,76.35,0.0,116.39,31.13
2024,Dareke Young,00-0037093,WR,SEA,0,1.0,0.0,0.0,0.0,0.0,0.0,0.0,12.56,14.73,17.35,0.0,53.92,4.45
2024,Khalil Shakir,00-0037261,WR,BUF,0,16.0,106.5,144.5,182.5,74.1,93.6,113.1,64.08,85.7,95.49,0.0,139.59,55.16
2024,Tyler Allgeier,00-0037263,RB,ATL,0,17.0,93.2,99.7,106.2,119.6,128.6,137.6,92.02,108.02,116.64,0.0,168.22,55.16
2024,Jerome Ford,00-0037267,RB,CLE,0,17.0,97.0,115.5,134.0,167.2,189.2,211.2,122.91,132.07,157.89,0.0,191.93,97.24
2024,Greg Dulcich,00-0037252,TE,DEN,0,2.0,2.8,5.3,7.8,2.5,4.0,5.5,32.87,41.7,55.68,0.0,95.51,6.93
2024,Rachaad White,00-0037256,RB,TB,0,17.0,148.6,174.1,199.6,203.9,235.9,267.9,128.09,153.47,172.24,0.0,218.51,135.95
2024,Dameon Pierce,00-0037258,RB,HOU,0,14.0,41.5,42.5,43.5,69.7,76.2,82.7,59.71,70.15,76.91,0.0,128.26,38.77
2024,George Pickens,00-0037247,WR,PIT,0,17.0,105.4,134.9,164.4,145.8,177.3,208.8,134.39,163.18,201.51,0.0,208.02,122.32
2024,James Cook,00-0037248,RB,BUF,0,17.0,234.7,250.7,266.7,188.7,210.7,232.7,154.67,180.58,205.78,0.0,230.39,119.03
2024,Jaylen Warren,00-0037228,RB,PIT,0,17.0,86.1,105.1,124.1,135.4,165.9,196.4,81.49,98.51,111.61,0.0,160.83,94.3
2024,Drake London,00-0037238,WR,ATL,0,16.0,180.8,230.8,280.8,105.38,139.88,174.38,112.74,146.42,174.43,34.19,203.32,90.67
2024,Chris Olave,00-0037239,WR,NO,0,16.0,44.7,60.7,76.7,144.3,187.8,231.3,147.72,190.96,224.41,0.0,234.25,108.94
2024,Jameson Williams,00-0037240,WR,DET,0,12.0,154.2,183.2,212.2,56.3,68.3,80.3,75.69,90.99,117.04,0.0,140.03,32.52
2024,Andrew Ogletree,00-0037292,TE,IND,0,11.0,16.9,21.4,25.9,26.7,31.2,35.7,24.36,31.55,39.03,0.0,61.4,25.09
2024,Connor Heyward,00-0037304,TE,PIT,0,,0.0,0.0,0.0,,,,11.81,15.06,16.83,2.03,45.17,19.19
2024,Ko Kieft,00-0037311,TE,TB,0,10.0,0.0,0.0,0.0,6.2,6.7,7.2,5.65,7.31,10.25,0.0,22.72,8.11
2024,Jalen Nailor,00-0037291,WR,MIN,0,3.0,77.0,91.0,105.0,2.9,4.4,5.9,23.3,30.13,36.6,0.0,65.27,6.27
2024,Xavier Gipson,00-0038496,WR,NYJ,0,17.0,10.4,13.4,16.4,41.7,52.2,62.7,38.0,50.52,60.18,0.0,95.11,32.99
2024,E.J. Jenkins,00-0038498,TE,PHI,0,,6.7,7.2,7.7,,,,2.71,3.43,3.83,0.0,7.93,19.19
2024,Grant DuBose,00-0038507,WR,MIA,0,,1.1,2.1,3.1,,,,15.9,20.49,24.9,0.0,59.7,19.19
2024,Ty Chandler,00-0037276,RB,MIN,0,16.0,22.4,25.4,28.4,80.0,90.5,101.0,70.29,82.86,97.48,0.0,144.92,67.92
2024,Bryce Ford-Wheaton,00-0038477,WR,NYG,0,,6.0,6.0,6.0,,,,23.76,28.93,34.89,0.0,89.7,19.19
2024,Brady Russell,00-0038488,TE,SEA,0,6.0,0.0,0.0,0.0,0.0,0.0,0.0,9.49,12.68,15.83,0.0,29.35,7.98
2024,Raheem Blackshear,00-0037429,RB,CAR,0,9.0,8.0,8.0,8.0,11.1,14.1,17.1,18.84,23.92,26.11,0.0,54.77,15.17
2024,Tyreik McAllister,00-0037450,RB,LV,0,,1.1,1.1,1.1,,,,17.08,19.93,23.37,0.0,49.15,19.19
2024,Breece Hall,00-0038120,RB,NYJ,0,17.0,183.9,212.4,240.9,214.5,252.5,290.5,186.48,209.56,244.21,0.0,310.6,135.95
2024,Skylar Thompson,00-0037327,QB,MIA,0,,7.88,7.88,7.88,,,,12.08,13.29,14.58,0.0,69.15,11.59
2024,Tanner Conner,00-0037348,WR,MIA,0,,1.6,3.1,4.6,,,,7.12,8.81,11.29,0.0,34.4,5.09
2024,Eric Gray,00-0038396,RB,NYG,0,10.0,9.3,14.3,19.3,7.0,10.0,13.0,60.79,66.56,70.88,0.0,111.12,16.73
2024,Tyson Bagent,00-0038416,QB,CHI,0,5.0,-0.26,-0.26,-0.26,53.26,53.26,53.26,32.84,34.24,36.45,3.13,123.87,26.89
2024,Nick Muse,00-0037317,TE,MIN,0,1.0,0.0,0.0,0.0,2.2,2.7,3.2,11.85,15.18,19.21,0.0,36.02,7.91
2024,Dontayvion Wicks,00-0038393,WR,GB,0,15.0,71.5,91.0,110.5,80.76,100.26,119.76,59.45,77.51,98.33,15.22,143.01,68.61
2024,Jordan Mason,00-0037525,RB,SF,0,16.0,104.0,109.5,115.0,41.7,43.2,44.7,49.6,50.25,56.1,0.0,114.05,36.36
2024,Rashid Shaheed,00-0037545,WR,NO,0,15.0,61.8,71.8,81.8,111.6,134.6,157.6,96.96,122.55,147.88,0.0,173.21,82.03
2024,Ronnie Rivers,00-0037557,RB,LA,0,9.0,13.3,15.8,18.3,15.1,17.6,20.1,30.1,33.14,38.05,0.0,68.19,18.4
2024,Stone Smartt,00-0037475,TE,LAC,0,12.0,18.8,26.8,34.8,21.5,27.0,32.5,25.1,34.63,43.41,0.0,57.49,19.27
2024,Kenneth Walker III,00-0038134,RB,SEA,0,15.0,135.2,158.2,181.2,170.4,184.9,199.4,157.95,164.21,165.71,0.0,220.94,121.62
2024,Christian Watson,00-0038124,WR,GB,0,9.0,76.3,90.8,105.3,73.3,87.3,101.3,104.96,125.4,150.48,0.0,196.32,59.71
2024,Malik Willis,00-0038128,QB,GB,0,2.0,51.8,51.8,51.8,3.06,3.06,3.06,38.81,34.6,34.44,0.02,95.23,10.23
2024,Cade Otton,00-0038129,TE,TB,0,17.0,81.6,111.1,140.6,71.5,95.0,118.5,59.54,83.5,103.52,0.0,125.32,39.76
2024,Julius Chestnut,00-0037594,RB,TEN,0,1.0,11.3,12.3,13.3,0.0,0.0,0.0,14.65,16.46,20.28,0.0,49.16,4.97
2024,Tyquan Thornton,00-0038104,WR,NE,0,9.0,4.7,6.7,8.7,14.2,20.7,27.2,28.91,31.9,37.92,0.0,80.3,18.71
2024,Daniel Bellinger,00-0038115,TE,NYG,0,14.0,12.5,19.5,26.5,25.5,38.0,50.5,53.93,75.67,91.59,0.0,113.32,26.74
2024,Wan'Dale Robinson,00-0038117,WR,NYG,0,15.0,89.7,136.2,182.7,73.2,103.2,133.2,79.59,101.77,133.86,0.0,161.66,43.27
2024,Pierre Strong,00-0038098,RB,CLE,0,16.0,21.2,28.2,35.2,37.8,40.3,42.8,53.18,55.9,61.74,0.0,119.29,36.24
2024,Kenny Pickett,00-0038102,QB,PHI,0,12.0,25.14,25.14,25.14,110.2,110.2,110.2,52.15,55.59,52.74,3.51,144.8,76.61
2024,Zamir White,00-0038040,RB,LV,0,13.0,23.3,26.3,29.3,58.9,66.4,73.9,98.67,101.05,108.35,0.0,167.92,53.42
2024,Jake Ferguson,00-0038041,TE,DAL,0,17.0,45.4,74.9,104.4,106.1,141.6,177.1,85.56,116.39,141.22,0.0,162.48,74.22
2024,Charlie Kolar,00-0038046,TE,BAL,0,9.0,19.3,23.8,28.3,14.7,18.2,21.7,16.07,20.83,26.23,8.84,38.9,10.16
2024,Skyy Moore,00-0038090,WR,KC,0,13.0,0.0,0.0,0.0,32.7,43.2,53.7,24.05,28.04,35.52,0.0,82.69,27.02
2024,Brock Purdy,00-0037834,QB,SF,0,16.0,266.86,266.86,266.86,295.6,295.6,295.6,249.78,252.61,255.2,105.93,337.18,235.62
2024,Calvin Austin III,00-0037837,WR,PIT,0,16.0,84.8,102.8,120.8,35.7,44.2,52.7,53.71,68.52,77.77,0.0,117.07,37.54
2024,Isaiah Likely,00-0037838,TE,BAL,0,14.0,81.7,102.7,123.7,71.1,86.1,101.1,51.45,73.01,87.43,20.64,112.91,43.08
2024,Kyren Williams,00-0037840,RB,LA,0,12.0,238.1,255.1,272.1,223.0,239.0,255.0,183.36,195.67,221.59,0.0,279.17,132.05
2024,Romeo Doubs,00-0037816,WR,GB,0,17.0,86.1,109.1,132.1,115.4,144.9,174.4,86.86,111.69,137.38,0.0,163.67,78.58
2024,Hassan Haskins,00-0037617,RB,LAC,0,,29.8,31.3,32.8,,,,16.12,18.57,22.1,0.0,49.69,12.68
2024,KaVontae Turpin,00-0037801,WR,DAL,0,16.0,73.2,88.7,104.2,47.7,53.7,59.7,28.93,37.13,43.76,0.0,78.11,25.76
2024,Jeremy Ruckert,00-0037805,TE,NYJ,0,10.0,10.5,19.5,28.5,15.1,23.1,31.1,33.24,45.72,58.29,0.0,85.96,11.37
2024,Chig Okonkwo,00-0037809,TE,TEN,0,17.0,61.6,87.6,113.6,59.4,86.4,113.4,68.54,89.93,115.47,0.0,138.87,45.11
2024,Brian Robinson,00-0037746,RB,WAS,0,15.0,139.8,149.8,159.8,162.1,180.1,198.1,127.91,141.58,158.6,0.0,202.12,132.73
2024,Garrett Wilson,00-0037740,WR,NYJ,0,17.0,150.9,201.4,251.9,118.2,165.7,213.2,108.07,140.85,175.62,7.68,202.52,98.57
2024,Jahan Dotson,00-0037741,WR,PHI,0,17.0,22.9,32.4,41.9,75.8,100.3,124.8,63.83,86.78,113.28,0.0,158.58,46.22
2024,Treylon Burks,00-0037742,WR,TEN,0,9.0,3.5,5.5,7.5,23.9,31.9,39.9,42.13,52.81,65.16,0.0,124.57,27.26
2024,Trey McBride,00-0037744,TE,ARI,0,17.0,132.8,188.3,243.8,100.5,141.0,181.5,75.91,104.42,136.84,0.0,173.73,71.76
2024,Velus Jones Jr.,00-0037745,WR,CHI,0,13.0,1.9,2.4,2.9,7.1,9.1,11.1,10.69,11.4,13.82,0.0,62.37,14.82
2024,Alec Pierce,00-0037664,WR,IND,0,17.0,124.4,142.9,161.4,63.4,79.4,95.4,70.97,87.82,108.06,0.0,149.17,44.32
2024,Jalen Tolbert,00-0037666,WR,DAL,0,14.0,103.0,127.5,152.0,38.8,49.8,60.8,48.58,65.12,78.36,0.0,115.59,25.83
2024,Brian Thomas Jr.,00-0039893,WR,JAX,1,,197.0,240.5,284.0,,,,95.16,116.55,140.16,0.0,199.66,19.19
2024,Xavier Worthy,00-0039894,WR,KC,1,,128.2,157.7,187.2,,,,98.43,121.45,151.03,0.0,203.01,19.19
2024,Keon Coleman,00-0039901,WR,BUF,1,,82.5,97.0,111.5,,,,85.46,101.4,125.15,0.0,165.76,19.19
2024,Ray Davis,00-0039875,RB,BUF,1,,99.1,107.6,116.1,,,,29.38,32.73,36.97,0.0,83.68,19.19
2024,Adonai Mitchell,00-0039890,WR,IND,1,,30.76,42.26,53.76,,,,60.77,74.49,91.4,0.0,137.31,19.19
2024,DeAndre Hopkins,00-0030564,WR,TEN,0,17.0,91.0,119.0,147.0,148.6,186.1,223.6,114.08,148.9,180.4,15.12,199.58,103.66
2024,Geno Smith,00-0030565,QB,SEA,0,15.0,266.0,266.0,266.0,226.26,226.76,227.26,213.61,216.57,217.43,121.0,279.88,245.4
2024,Cordarrelle Patterson,00-0030578,RB,PIT,0,12.0,25.5,31.5,37.5,27.9,32.4,36.9,33.57,39.73,42.32,0.0,93.06,59.16
2024,Ben Sinnott,00-0039912,TE,WAS,1,,8.8,11.3,13.8,,,,52.14,66.03,77.74,0.0,108.82,19.19
2024,Ladd McConkey,00-0039915,WR,LAC,1,,158.9,199.9,240.9,,,,82.88,103.37,123.46,0.0,176.07,19.19
2024,Michael Penix Jr.,00-0039917,QB,ATL,1,,44.1,44.1,44.1,,,,94.37,96.24,93.12,0.67,163.51,19.19
2024,Caleb Williams,00-0039918,QB,CHI,1,,254.54,254.54,254.54,,,,205.16,198.97,200.14,32.72,285.94,19.19
2024,Rome Odunze,00-0039919,WR,CHI,1,,90.9,117.9,144.9,,,,104.39,123.43,151.05,0.0,193.45,19.19
2024,Malachi Corley,00-0039920,WR,NYJ,1,,2.2,3.7,5.2,,,,56.67,70.38,84.64,0.0,126.13,19.19
2024,Trey Benson,00-0039921,RB,ARI,1,,41.0,44.0,47.0,,,,105.2,115.87,125.64,0.0,199.7,19.19
2024,Aaron Rodgers,00-0023459,QB,NYJ,0,1.0,256.58,256.58,256.58,0.0,0.0,0.0,135.98,127.57,131.72,12.2,255.4,74.76
2024,Jaylen Wright,00-0039874,RB,MIA,1,,23.7,25.2,26.7,,,,39.5,44.49,51.12,0.0,101.38,19.19
2024,John Metchie III,00-0037614,WR,HOU,0,14.0,31.4,43.4,55.4,16.2,24.2,32.2,30.99,39.49,51.05,0.0,78.26,25.2
2024,Troy Franklin,00-0039868,WR,DEN,1,,39.1,53.1,67.1,,,,31.52,41.33,55.75,0.0,88.79,19.19
2024,Malik Washington,00-0039880,WR,MIA,1,,30.8,43.8,56.8,,,,19.49,25.66,32.37,0.0,74.22,19.19
2024,Peyton Hendershot,00-0037569,TE,KC,0,8.0,5.1,7.6,10.1,3.8,5.8,7.8,8.02,9.26,11.74,0.0,26.1,7.37
2024,Lucas Krull,00-0037539,TE,DEN,0,7.0,15.2,24.7,34.2,15.5,19.5,23.5,9.77,12.82,16.02,0.0,26.67,14.85
2024,MarShawn Lloyd,00-0039811,RB,GB,1,,1.8,2.3,2.8,,,,56.16,61.75,67.37,0.0,128.86,19.19
2024,Noah Brown,00-0033591,WR,WAS,0,10.0,51.3,68.8,86.3,68.6,85.1,101.6,34.55,46.56,55.5,0.0,91.32,55.26
2024,Tanner McKee,00-0038400,QB,PHI,0,,28.82,28.82,28.82,,,,8.64,9.84,9.76,0.0,40.47,19.19
2024,Israel Abanikanda,00-0038389,RB,NYJ,0,6.0,0.0,0.0,0.0,11.3,14.8,18.3,51.28,55.36,60.99,0.0,111.66,18.23
2024,Josh Downs,00-0038997,WR,IND,0,17.0,111.5,147.5,183.5,89.1,123.1,157.1,76.26,104.42,131.5,0.0,184.19,88.66
2024,Trishton Jackson,00-0035934,WR,MIN,0,2.0,0.0,0.0,0.0,2.9,3.9,4.9,10.46,13.18,16.28,0.0,34.64,8.29
2024,Tee Higgins,00-0036410,WR,CIN,0,12.0,149.1,185.6,222.1,95.6,116.6,137.6,85.87,108.34,123.33,0.0,180.66,68.46
2024,Cam Akers,00-0036414,RB,HOU,0,7.0,79.2,86.2,93.2,35.7,41.2,46.7,48.18,53.89,58.14,0.59,124.97,36.8
2024,Roschon Johnson,00-0039021,RB,CHI,0,15.0,61.4,69.4,77.4,68.1,85.1,102.1,33.93,41.97,47.33,0.0,105.05,83.7
2024,Will Mallory,00-0038394,TE,IND,0,11.0,2.9,4.9,6.9,20.7,29.7,38.7,14.86,20.95,26.2,0.0,47.14,26.03
2024,Devontez Walker,00-0039792,WR,BAL,1,,8.1,8.6,9.1,,,,15.34,19.19,21.98,0.0,57.32,19.19
2024,Devin Culp,00-0039754,TE,TB,1,,8.8,11.3,13.8,,,,28.5,35.24,46.45,0.0,109.59,19.19
2024,Travis Vokolek,00-0038456,TE,ARI,0,,0.0,0.0,0.0,,,,6.59,7.95,8.95,0.0,22.68,19.19
2024,Malik Heath,00-0038465,WR,GB,0,12.0,21.7,26.7,31.7,18.5,26.0,33.5,19.18,24.17,29.91,0.0,61.04,22.0
2024,Tommy DeVito,00-0038476,QB,NYG,0,9.0,13.48,13.48,13.48,93.54,93.54,93.54,28.73,27.77,27.04,1.9,96.27,123.64
2024,Messiah Swinson,00-0039275,TE,CAR,1,,0.0,0.0,0.0,,,,7.88,9.18,10.65,0.0,23.1,19.19
2024,Tyler Scott,00-0038941,WR,CHI,0,13.0,0.5,1.0,1.5,18.9,27.4,35.9,24.37,30.63,35.76,0.0,75.72,29.9
2024,Roman Wilson,00-0039739,WR,PIT,1,,0.0,0.0,0.0,,,,7.54,10.84,11.01,0.0,30.18,19.19
2024,Cody Schrader,00-0039703,RB,LA,1,,0.9,1.4,1.9,,,,4.4,5.63,5.66,0.0,17.31,19.19
2024,John Stephens Jr.,00-0038741,WR,DAL,0,,0.0,0.0,0.0,,,,6.59,8.49,10.02,0.0,32.24,19.19
2024,Marquise Brown,00-0035662,WR,KC,0,13.0,9.1,13.6,18.1,83.7,109.2,134.7,61.57,80.64,99.83,0.0,156.79,67.66
2024,Sam Hartman,00-0039677,QB,WAS,1,,0.0,0.0,0.0,,,,5.83,5.9,4.69,0.01,16.36,19.19
2024,David Martin-Robinson,00-0039648,TE,TEN,1,,0.6,1.1,1.6,,,,6.64,7.99,10.03,0.0,21.62,19.19
2024,Dallin Holker,00-0039613,TE,NO,1,,2.1,3.6,5.1,,,,12.35,16.17,19.2,0.0,49.4,19.19
2024,Blake Watson,00-0039573,RB,DEN,1,,2.3,2.8,3.3,,,,15.29,18.81,20.49,0.0,51.51,19.19
2024,Trey Lance,00-0037012,QB,DAL,0,,12.74,12.74,12.74,,,,19.6,21.91,23.05,0.2,64.14,12.09
2024,Zach Wilson,00-0037013,QB,DEN,0,12.0,0.0,0.0,0.0,119.94,119.94,119.94,32.1,31.87,30.33,3.35,98.81,67.44
2024,Tommy Tremble,00-0037005,TE,CAR,0,15.0,33.4,44.9,56.4,37.4,48.9,60.4,36.26,52.0,63.07,0.0,106.44,28.25
2024,Kimani Vidal,00-0039391,RB,LAC,1,,27.7,30.2,32.7,,,,32.94,35.77,38.39,0.0,89.05,19.19
2024,Jase McClellan,00-0039393,RB,ATL,1,,3.2,3.2,3.2,,,,8.09,9.83,10.5,0.0,26.62,19.19
2024,Casey Washington,00-0039394,WR,ATL,1,,1.4,1.9,2.4,,,,3.82,5.55,5.54,0.0,9.45,19.19
2024,Spencer Rattler,00-0039376,QB,NO,1,,67.28,67.28,67.28,,,,13.38,13.6,13.33,0.14,63.92,19.19
2024,Dorian Thompson-Robinson,00-0038583,QB,CLE,0,7.0,15.8,15.8,15.8,22.1,22.1,22.1,17.67,18.23,19.6,1.35,59.69,13.57
2024,Ramel Keyton,00-0039543,WR,LV,1,,0.7,1.2,1.7,,,,16.09,19.87,24.09,0.0,64.24,19.19
2024,Xavier Weaver,00-0039521,WR,ARI,1,,0.0,0.0,0.0,,,,13.4,17.07,18.98,0.0,65.48,19.19
2024,Alex McGough,00-0034732,WR,GB,0,,0.0,0.0,0.0,,,,1.47,2.34,2.06,0.01,0.98,19.19
2024,Brenden Bates,00-0039458,TE,NYJ,1,,0.0,0.0,0.0,,,,11.85,14.19,16.63,0.0,43.35,19.19
2024,A.T. Perry,00-0038612,WR,NO,0,8.0,0.0,0.0,0.0,48.6,54.6,60.6,32.43,39.38,46.97,0.0,92.58,29.34
2024,Ryan Flournoy,00-0039410,WR,DAL,1,,8.2,13.2,18.2,,,,12.72,15.58,19.2,0.0,57.57,19.19
2024,Brenden Rice,00-0039415,WR,LAC,1,,0.0,0.0,0.0,,,,20.93,27.02,33.72,0.0,74.02,19.19
2024,Joe Milton III,00-0039398,QB,NE,1,,19.24,19.24,19.24,,,,12.29,11.91,12.12,0.0,53.16,19.19
2024,Tanner McLachlan,00-0039399,TE,CIN,1,,0.0,0.0,0.0,,,,16.24,21.35,25.88,0.0,52.14,19.19
2024,Dylan Laube,00-0039407,RB,LV,1,,-2.0,-2.0,-2.0,,,,15.9,18.41,19.87,0.0,54.8,19.19
2024,Brett Rypien,00-0034955,QB,MIN,0,2.0,0.0,0.0,0.0,4.78,4.78,4.78,7.99,8.97,9.32,0.7,36.06,11.89
2024,Sam Ehlinger,00-0036879,QB,IND,0,,0.0,0.0,0.0,,,,12.84,13.86,12.83,0.0,47.02,16.03
2024,Pharaoh Brown,00-0033439,TE,SEA,0,11.0,4.5,8.5,12.5,24.8,31.3,37.8,11.98,16.72,22.1,0.0,54.28,20.45
2024,Christian McCaffrey,00-0033280,RB,SF,0,16.0,32.8,40.3,47.8,324.3,357.8,391.3,168.73,183.77,203.96,0.0,298.19,175.76
2024,Javon Baker,00-0039853,WR,NE,1,,1.2,1.7,2.2,,,,18.3,24.21,30.4,0.0,85.36,19.19
2024,Thomas Odukoya,00-0038145,TE,TEN,0,,0.0,0.0,0.0,,,,10.63,12.89,15.51,0.0,43.01,19.19
2024,Kendric Pryor,00-0037422,WR,CIN,0,,0.9,1.4,1.9,,,,9.81,12.19,13.34,0.0,38.26,19.19
2024,Joshua Dobbs,00-0033949,QB,SF,0,13.0,30.84,30.84,30.84,200.66,200.66,200.66,37.87,38.43,41.33,6.35,152.02,74.77
2024,Russell Wilson,00-0029263,QB,PIT,0,15.0,172.78,172.78,172.78,256.9,256.9,256.9,53.64,50.07,48.52,9.75,209.12,164.07
2024,Taylor Heinicke,00-0031800,QB,LAC,0,5.0,3.12,3.12,3.12,66.0,66.0,66.0,9.17,9.56,10.12,1.22,59.19,39.49
2024,Marcus Mariota,00-0032268,QB,WAS,0,2.0,45.76,45.76,45.76,11.76,11.76,11.76,9.42,5.04,5.78,0.0,45.85,87.31
2024,Jimmy Garoppolo,00-0031345,QB,LA,0,7.0,19.86,19.86,19.86,64.1,64.1,64.1,8.59,7.45,9.12,1.03,50.15,60.67
2024,Odell Beckham Jr.,00-0031235,WR,MIA,0,14.0,5.5,10.0,14.5,72.5,90.0,107.5,11.05,13.35,15.95,0.0,62.93,63.64
2024,Jelani Woods,00-0037755,TE,IND,0,,0.0,0.0,0.0,,,,2.16,2.96,2.67,0.0,13.46,16.84
2024,Ricky Pearsall,00-0039916,WR,SF,1,,62.5,78.0,93.5,,,,9.88,13.34,16.54,0.0,56.91,19.19
2024,Case Keenum,00-0028986,QB,HOU,0,2.0,0.0,0.0,0.0,9.74,9.74,9.74,1.33,0.96,0.0,0.0,13.04,5.88
2024,Tyler Higbee,00-0033110,TE,LA,0,15.0,18.6,22.6,26.6,61.5,85.0,108.5,9.72,14.7,17.69,0.0,49.65,49.07
2024,Kendrick Bourne,00-0033307,WR,NE,0,8.0,37.1,51.1,65.1,63.0,81.5,100.0,10.0,12.45,14.79,0.0,51.96,47.12
2024,Dante Pettis,00-0034860,WR,CHI,0,,20.0,26.0,32.0,,,,2.18,4.17,5.04,0.0,15.58,17.55
2024,Jacob Harris,00-0036918,WR,PHI,0,,0.0,0.0,0.0,,,,0.35,0.58,0.88,0.0,8.17,10.05
2024,Antoine Green,00-0038627,WR,DET,0,2.0,0.0,0.0,0.0,0.2,0.7,1.2,1.54,2.4,2.81,0.0,10.65,7.8
2024,Colton Dowell,00-0038632,WR,TEN,0,4.0,0.0,0.0,0.0,0.3,0.8,1.3,1.19,1.45,2.06,0.0,2.89,7.8
2024,Ian Wheeler,00-0039466,RB,CHI,1,,0.0,0.0,0.0,,,,2.62,2.91,3.42,0.0,5.55,19.19
2024,Jeff Foreman,00-0039536,WR,LV,1,,0.0,0.0,0.0,,,,1.5,1.94,2.25,0.0,4.65,19.19
2024,Rondale Moore,00-0036936,WR,ATL,0,17.0,0.0,0.0,0.0,65.0,85.0,105.0,10.13,12.61,17.57,0.0,68.72,36.01
2024,DJ Chark,00-0034777,WR,LAC,0,14.0,9.1,11.1,13.1,80.5,98.0,115.5,13.38,16.64,18.75,0.0,66.39,52.64
2024,Tre'Quan Smith,00-0034765,WR,DET,0,,0.0,0.0,0.0,,,,4.31,5.21,5.43,0.0,8.27,15.44
2024,Nick Chubb,00-0034791,RB,CLE,0,2.0,58.3,60.8,63.3,19.1,21.1,23.1,40.97,38.35,41.42,0.0,100.55,101.99
2024,Keilan Robinson,00-0039385,RB,JAX,1,,0.0,0.0,0.0,,,,2.99,4.06,4.72,0.0,13.93,19.19
2024,T.J. Hockenson,00-0035229,TE,MIN,0,15.0,45.5,66.0,86.5,124.0,171.5,219.0,43.82,60.45,74.42,0.0,155.6,98.77
2024,Chase Cota,00-0038651,WR,NYG,0,,0.0,0.0,0.0,,,,2.2,2.45,2.72,0.0,4.49,19.19
2024,Chris Evans,00-0036857,RB,CIN,0,3.0,0.0,0.0,0.0,1.1,1.6,2.1,6.04,6.28,6.72,0.0,17.08,5.62
2024,Anthony Schwartz,00-0036999,WR,MIA,0,,0.0,0.0,0.0,,,,2.33,2.94,3.23,0.0,10.47,11.59
2024,,00-0039560,WR,JAX,0,,0.0,0.0,0.0,,,,0.0,0.0,0.0,0.0,0.0,19.19
2024,David White Jr.,00-0039562,WR,JAX,1,,0.0,0.0,0.0,,,,1.39,1.64,2.1,0.0,2.26,19.19
2024,Chase Edmonds,00-0034681,RB,TB,0,13.0,0.0,0.0,0.0,25.7,32.7,39.7,10.95,12.98,14.94,0.0,30.7,31.18
2024,Kendre Miller,00-0038551,RB,NO,0,7.0,24.1,26.6,29.1,33.3,38.3,43.3,22.32,25.27,26.51,0.0,63.38,35.86
2024,Jonathon Brooks,00-0039344,RB,CAR,1,,4.5,6.0,7.5,,,,28.92,31.71,36.69,0.0,78.8,19.19
2024,Nsimba Webster,00-0035621,WR,CHI,0,,0.0,0.0,0.0,,,,0.64,1.27,1.29,0.0,4.02,10.05
2024,Malik Taylor,00-0035480,WR,NYJ,0,2.0,0.0,0.0,0.0,1.3,2.3,3.3,2.01,2.55,3.31,0.0,10.79,7.91
2024,Marcus Simms,00-0035701,WR,SEA,0,,0.0,0.0,0.0,,,,1.38,1.64,2.07,0.0,4.77,19.19
2024,Juwann Winfree,00-0035593,WR,IND,0,1.0,0.0,0.0,0.0,0.0,0.0,0.0,1.56,1.87,2.43,0.0,8.64,4.53
2024,Shane Buechele,00-0036679,QB,BUF,0,,0.0,0.0,0.0,,,,2.54,2.65,2.33,0.01,11.97,19.19
2024,JaQuae Jackson,00-0039722,WR,NE,1,,0.0,0.0,0.0,,,,1.68,1.92,2.21,0.0,4.79,19.19
2024,Ian Thomas,00-0034365,TE,CAR,0,8.0,0.7,2.2,3.7,5.6,8.1,10.6,2.84,3.75,4.69,0.0,6.38,7.63
2024,Nyheim Hines,00-0034367,RB,CLE,0,,0.0,0.0,0.0,,,,6.64,8.58,10.44,0.0,20.43,18.08
2024,Elijah Mitchell,00-0036567,RB,SF,0,11.0,0.0,0.0,0.0,41.5,44.5,47.5,7.44,8.15,7.83,0.0,30.51,39.77
2024,Marcus Riley,00-0039286,WR,NYJ,1,,0.0,0.0,0.0,,,,1.5,1.75,1.95,0.0,1.75,19.19
2024,Rakim Jarrett,00-0038821,WR,TB,0,7.0,12.4,16.9,21.4,6.0,8.0,10.0,2.24,2.71,3.59,0.0,11.25,10.3
2024,Owen Wright,00-0038458,RB,BAL,0,,0.0,0.0,0.0,,,,1.72,2.12,2.38,0.0,5.66,19.19
2024,Ainias Smith,00-0039747,WR,PHI,1,,10.7,14.2,17.7,,,,6.67,8.48,9.59,0.0,8.17,19.19
2024,Cam Sims,00-0034104,WR,CAR,0,,0.0,0.0,0.0,,,,1.09,1.47,1.58,0.0,11.32,10.7
2024,River Cracraft,00-0034054,WR,MIA,0,6.0,6.6,10.1,13.6,18.1,22.6,27.1,2.61,3.62,4.76,0.0,10.85,14.68
2024,Albert Okwuegbunam,00-0036423,TE,PHI,0,1.0,0.0,0.0,0.0,0.0,0.0,0.0,1.91,2.19,2.87,0.0,6.11,5.0
2024,McCallan Castles,00-0039263,TE,PHI,1,,0.0,0.0,0.0,,,,1.14,1.47,1.82,0.0,0.0,19.19
2024,Dalton Keene,00-0036225,TE,HOU,0,,0.0,0.0,0.0,,,,1.11,1.12,1.88,0.0,5.48,19.19
2024,Kenny Yeboah,00-0036510,TE,NYJ,0,3.0,10.7,13.2,15.7,2.8,3.8,4.8,1.22,1.9,2.84,0.0,4.44,1.95
2024,Patrick Murtagh,00-0039231,TE,JAX,1,,0.0,0.0,0.0,,,,1.05,1.29,1.58,0.0,0.0,19.19
2024,J.J. McCarthy,00-0039923,QB,MIN,1,,0.0,0.0,0.0,,,,30.11,28.57,33.28,0.0,62.67,19.19
2024,Darrynton Evans,00-0036297,RB,BUF,0,6.0,0.3,0.3,0.3,23.0,26.5,30.0,13.07,13.42,14.19,0.0,38.59,25.86
2024,AJ Dillon,00-0036265,RB,GB,0,15.0,0.0,0.0,0.0,95.6,106.6,117.6,19.64,20.35,20.4,0.0,86.68,60.49
2024,Tyler Davis,00-0036250,TE,GB,0,,0.0,0.0,0.0,,,,0.74,0.82,0.72,0.0,1.33,9.81
2024,Clyde Edwards-Helaire,00-0036360,RB,KC,0,15.0,7.0,8.5,10.0,53.1,61.6,70.1,18.68,21.12,25.0,0.0,54.63,36.51
2024,Robert Burns,00-0038419,RB,ATL,0,,0.0,0.0,0.0,,,,1.63,1.77,2.02,0.0,3.93,19.19
2024,Keaton Mitchell,00-0038454,RB,BAL,0,7.0,5.8,6.3,6.8,60.9,65.4,69.9,14.64,16.81,17.51,0.0,64.04,67.76
2024,Rasheen Ali,00-0039796,RB,BAL,1,,3.1,3.1,3.1,,,,9.41,10.8,11.48,0.0,22.73,19.19
2024,Jordan Travis,00-0039797,QB,NYJ,1,,0.0,0.0,0.0,,,,7.68,9.06,8.17,0.0,22.63,19.19
2024,Zay Jones,00-0033891,WR,ARI,0,9.0,8.4,12.4,16.4,44.1,61.1,78.1,7.2,8.51,10.2,0.0,40.57,40.73
2024,Tahj Washington,00-0039884,WR,MIA,1,,0.0,0.0,0.0,,,,5.76,6.96,8.33,0.0,5.46,19.19
2024,Isaiah McKenzie,00-0033466,WR,NYG,0,13.0,0.0,0.0,0.0,9.6,15.1,20.6,0.0,0.5,1.25,0.0,20.29,21.24
2024,Sterling Shepard,00-0032385,WR,TB,0,10.0,48.3,64.3,80.3,12.3,17.3,22.3,3.09,4.06,3.79,0.0,22.56,14.73
2024,Allen Robinson,00-0031428,WR,DET,0,15.0,3.0,4.5,6.0,28.0,45.0,62.0,2.85,5.15,6.64,0.0,24.62,28.43
2024,Laquon Treadwell,00-0032951,WR,IND,0,3.0,0.0,0.0,0.0,1.6,2.1,2.6,4.85,6.41,6.22,0.0,17.27,5.05
2024,Tyrion Davis-Price,00-0037827,RB,PHI,0,1.0,0.7,0.7,0.7,2.1,2.1,2.1,8.43,7.93,8.74,0.0,34.53,8.56
2024,Praise Olatoke,00-0039914,WR,CAR,1,,0.0,0.0,0.0,,,,2.03,2.35,2.65,0.0,5.58,19.19
2024,Thomas Yassmin,00-0039936,TE,DEN,1,,0.0,0.0,0.0,,,,1.53,1.86,2.23,0.0,1.09,19.19
2024,Quez Watkins,00-0036271,WR,PIT,0,5.0,0.0,0.0,0.0,20.2,27.7,35.2,5.31,7.89,8.72,0.0,9.89,16.64
2024,Collin Johnson,00-0036254,WR,CHI,0,1.0,0.6,1.1,1.6,1.1,1.6,2.1,0.94,1.04,1.77,0.0,6.17,7.91
2024,La'Mical Perine,00-0036269,RB,GB,0,2.0,0.0,0.0,0.0,11.0,12.5,14.0,4.77,6.56,6.5,0.0,15.93,19.9
2024,Josiah Deguara,00-0036332,TE,JAX,0,9.0,1.4,2.9,4.4,6.5,10.5,14.5,3.08,3.97,5.16,0.0,11.85,8.11
2024,Jordan Murray,00-0038999,TE,ARI,0,,0.0,0.0,0.0,,,,1.28,1.59,1.9,0.0,3.96,19.19
2024,Jalen Reagor,00-0036387,WR,NE,0,9.0,7.7,11.2,14.7,21.5,25.0,28.5,6.69,7.74,8.84,0.0,31.8,22.71
2024,KJ Hamler,00-0036412,WR,BUF,0,,0.0,0.0,0.0,,,,4.67,6.23,7.04,0.0,17.36,13.0
2024,Shane Zylstra,00-0036534,TE,DET,0,,2.2,2.7,3.2,,,,1.43,1.37,1.64,0.0,7.13,14.41
2024,Ke'Shawn Vaughn,00-0036450,RB,SF,0,5.0,0.4,0.4,0.4,4.4,5.4,6.4,3.72,3.74,4.47,0.0,22.37,8.91
2024,Sammis Reyes,00-0036474,TE,MIN,0,,0.0,0.0,0.0,,,,1.11,1.43,1.7,0.0,3.3,19.19
2024,Dayton Wade,00-0039259,WR,BAL,1,,0.0,0.0,0.0,,,,2.26,2.87,3.4,0.0,1.51,19.19
2024,Sean McKeon,00-0036032,TE,IND,0,8.0,0.0,0.0,0.0,0.0,0.0,0.0,0.89,1.79,2.27,0.0,3.35,4.85
2024,Tyler Mabry,00-0036059,TE,SEA,0,,0.0,0.0,0.0,,,,1.23,1.29,1.43,0.0,6.51,10.9
2024,Mason Kinsey,00-0036176,WR,TEN,0,6.0,1.7,2.7,3.7,0.6,1.1,1.6,1.49,1.97,2.6,0.0,10.51,4.03
2024,James Proche,00-0036133,WR,CLE,0,10.0,2.1,3.6,5.1,0.0,0.0,0.0,3.16,4.52,4.55,0.0,11.57,6.37
2024,Lawrence Cager,00-0036145,TE,NYG,0,5.0,0.0,0.0,0.0,9.6,11.6,13.6,5.62,7.07,8.1,0.0,12.1,7.51
2024,J.J. Taylor,00-0036096,RB,HOU,0,,4.4,5.4,6.4,,,,2.0,1.97,1.83,0.0,6.94,10.05
2024,Donovan Peoples-Jones,00-0036233,WR,DET,0,14.0,0.0,0.0,0.0,15.5,22.0,28.5,6.12,8.23,9.78,0.0,11.84,27.2
2024,Kristian Wilkerson,00-0036183,WR,LV,0,,7.8,8.8,9.8,,,,8.63,8.8,10.43,0.0,67.68,19.19
2024,Jake Fromm,00-0036197,QB,DET,0,,0.0,0.0,0.0,,,,0.41,0.6,0.0,0.0,5.45,19.19
2024,Isaiah Hodgins,00-0036165,WR,NYG,0,14.0,1.2,2.2,3.2,39.0,49.5,60.0,6.0,7.18,8.59,0.0,37.37,27.82
2024,Andre Baccellia,00-0035876,WR,ARI,0,1.0,0.0,0.0,0.0,0.0,0.0,0.0,0.84,1.06,2.01,0.0,4.69,4.97
2024,Cody White,00-0035891,WR,SEA,0,,4.4,5.4,6.4,,,,1.07,1.29,1.67,0.0,8.14,9.41
2024,Dan Chisena,00-0035976,WR,ARI,0,1.0,3.7,5.2,6.7,0.0,0.0,0.0,0.34,0.59,0.97,0.0,3.3,1.86
2024,Tyler Huntley,00-0035993,QB,BAL,0,5.0,60.66,60.66,60.66,25.62,25.62,25.62,6.63,6.9,6.52,0.34,27.37,33.65
2024,Jonathan Ward,00-0035924,RB,PIT,0,2.0,2.2,2.2,2.2,1.1,1.1,1.1,2.08,2.62,3.06,0.0,6.14,7.32
2024,Louis Rees-Zammit,00-0039228,RB,JAX,1,,0.0,0.0,0.0,,,,2.51,2.98,3.47,0.0,5.36,19.19
2024,Dante Miller,00-0039230,RB,NYG,1,,0.0,0.0,0.0,,,,3.81,4.36,5.14,0.0,6.95,19.19
2024,Michael Pratt,00-0039238,QB,TB,1,,0.0,0.0,0.0,,,,3.26,3.47,3.13,0.0,10.96,19.19
2024,Chris Collier,00-0039244,RB,BAL,1,,0.8,1.3,1.8,,,,1.74,1.97,2.32,0.0,4.17,19.19
2024,John Shenker,00-0038920,TE,LV,0,,0.7,1.2,1.7,,,,0.93,1.2,1.63,0.0,0.28,19.19
2024,Carlos Washington,00-0038930,RB,ATL,0,,0.0,0.0,0.0,,,,1.69,1.9,2.27,0.0,4.08,19.19
2024,Jack Colletto,00-0038875,RB,PIT,0,,0.0,0.0,0.0,,,,1.98,2.13,2.6,0.0,4.38,19.19
2024,Shedrick Jackson,00-0038891,WR,CIN,0,2.0,0.0,0.0,0.0,0.0,0.0,0.0,2.52,2.87,3.48,0.0,9.85,7.8
2024,Malik Cunningham,00-0038911,WR,BAL,0,1.0,0.0,0.0,0.0,0.0,0.0,0.0,0.0,0.0,0.0,0.0,2.4,7.74
2024,Nate McCrary,00-0036582,RB,GB,0,,0.0,0.0,0.0,,,,1.55,1.98,2.13,0.0,7.4,19.19
2024,Dylan Drummond,00-0038953,WR,ATL,0,,0.0,0.0,0.0,,,,1.77,2.15,2.62,0.0,11.64,19.19
2024,Dez Fitzpatrick,00-0036627,WR,LAC,0,,0.0,0.0,0.0,,,,1.57,2.5,4.24,0.0,27.46,5.09
2024,Dee Eskridge,00-0036620,WR,MIA,0,4.0,4.4,5.9,7.4,0.5,0.5,0.5,1.48,1.75,2.46,0.0,12.78,5.99
2024,Gary Brightwell,00-0036569,RB,CLE,0,4.0,0.0,0.0,0.0,6.6,9.1,11.6,4.18,4.69,5.58,0.0,23.61,12.23
2024,Jakob Johnson,00-0035726,RB,NYG,0,8.0,0.0,0.0,0.0,1.2,1.7,2.2,1.35,1.62,2.86,0.0,3.91,4.64
2024,Mitchell Wilcox,00-0035771,TE,NE,0,12.0,0.0,0.0,0.0,5.6,10.1,14.6,1.98,2.8,3.65,0.0,4.74,9.87
2024,George Holani,00-0039299,RB,SEA,1,,0.9,1.4,1.9,,,,2.51,3.13,3.41,0.0,7.13,19.19
2024,Kendall Milton,00-0039266,RB,CIN,1,,0.0,0.0,0.0,,,,4.13,4.37,4.63,0.0,15.15,19.19
2024,Emani Bailey,00-0039311,RB,KC,1,,0.0,0.0,0.0,,,,3.57,4.0,4.36,0.0,12.19,19.19
2024,Baylor Cupp,00-0039316,TE,KC,1,,0.0,0.0,0.0,,,,1.37,1.65,1.92,0.0,1.62,19.19
2024,Ryan Miller,00-0038824,WR,TB,0,,24.8,30.8,36.8,,,,1.08,1.33,1.47,0.0,9.73,19.19
2024,Tanner Taula,00-0038828,TE,TB,0,,0.0,0.0,0.0,,,,0.71,0.91,1.04,0.0,0.33,19.19
2024,Kazmeir Allen,00-0038830,WR,WAS,0,,0.0,0.0,0.0,,,,2.31,2.93,3.44,0.0,5.37,19.19
2024,Mitchell Tinsley,00-0038839,WR,WAS,0,,0.0,0.0,0.0,,,,2.15,2.78,3.48,0.0,14.15,19.19
2024,Brycen Tremayne,00-0038840,WR,WAS,0,,-0.2,0.3,0.8,,,,1.63,2.07,2.44,0.0,2.34,19.19
2024,Thayer Thomas,00-0038810,WR,MIN,0,,0.0,0.0,0.0,,,,1.87,2.32,2.76,0.0,6.02,19.19
2024,Miller Forristall,00-0036692,TE,LA,0,,0.0,0.0,0.0,,,,0.59,0.9,1.04,0.0,0.0,5.09
2024,Zach Davidson,00-0036640,TE,BUF,0,,0.5,1.0,1.5,,,,1.68,1.95,2.05,0.0,3.14,19.19
2024,Julian Hicks,00-0039329,WR,GB,1,,0.0,0.0,0.0,,,,1.52,1.95,2.29,0.0,4.92,19.19
2024,Chris Myarick,00-0035345,TE,HOU,0,,0.0,0.0,0.0,,,,0.0,0.0,0.0,0.0,2.03,11.59
2024,Jalen Guyton,00-0035414,WR,LV,0,7.0,0.0,0.0,0.0,14.9,19.9,24.9,4.43,5.2,6.43,0.0,9.95,9.86
2024,Parris Campbell,00-0035639,WR,PHI,0,10.0,9.0,12.0,15.0,10.4,20.4,30.4,1.27,1.5,1.26,0.0,24.34,23.2
2024,Alex Bachman,00-0035602,WR,LV,0,,3.1,4.6,6.1,,,,1.43,1.77,1.99,0.0,1.85,19.19
2024,N'Keal Harry,00-0035624,TE,MIN,0,,0.0,0.0,0.0,,,,4.85,7.67,7.41,0.0,25.89,11.59
2024,Jesse Matthews,00-0038726,WR,ATL,0,,0.0,0.0,0.0,,,,1.61,1.93,2.4,0.0,1.76,19.19
2024,Xazavian Valladay,00-0038727,RB,NYJ,0,,0.0,0.0,0.0,,,,2.23,2.37,2.56,0.0,7.66,19.19
2024,Jermar Jefferson,00-0036670,RB,DET,0,,3.2,3.7,4.2,,,,2.69,3.08,2.92,0.0,15.33,19.19
2024,Princeton Fant,00-0038735,TE,DAL,0,,0.0,0.0,0.0,,,,2.03,2.51,2.75,0.0,8.92,19.19
2024,Jalen Moreno-Cropper,00-0038740,WR,DAL,0,,0.0,0.0,0.0,,,,1.84,2.35,2.78,0.0,2.87,19.19
2024,Griffin Hebert,00-0038760,WR,PHI,0,,0.0,0.0,0.0,,,,0.96,1.13,1.22,0.0,0.87,19.19
2024,Matt Landers,00-0038762,WR,NE,0,,0.0,0.0,0.0,,,,1.77,2.02,2.28,0.0,5.42,19.19
2024,Jack Stoll,00-0036741,TE,PHI,0,6.0,1.0,2.0,3.0,3.8,6.3,8.8,2.98,3.87,5.56,0.0,8.31,6.08
2024,Jaret Patterson,00-0036755,RB,LAC,0,,0.0,0.0,0.0,,,,5.2,6.58,8.12,0.0,25.33,10.9
2024,Brandon Smith,00-0036775,WR,NYJ,0,,0.0,0.0,0.0,,,,1.54,1.47,1.79,0.0,4.47,19.19
2024,Tejhaun Palmer,00-0039397,WR,ARI,1,,0.0,0.0,0.0,,,,1.66,2.21,2.34,0.0,9.68,19.19
2024,Will Grier,00-0035251,QB,PHI,0,,0.0,0.0,0.0,,,,0.94,0.94,0.75,0.0,11.44,19.19
2024,David Sills,00-0035359,WR,DEN,0,,0.0,0.0,0.0,,,,2.04,2.34,2.78,0.0,12.35,10.7
2024,Kelvin Harmon,00-0035297,WR,DAL,0,,0.0,0.0,0.0,,,,2.83,3.18,3.22,0.0,10.8,19.19
2024,Donald Parham,00-0035329,TE,DEN,0,14.0,0.0,0.0,0.0,52.5,66.0,79.5,5.92,7.93,9.55,0.0,25.58,30.16
2024,Austin Trammell,00-0036841,WR,JAX,0,15.0,4.0,5.0,6.0,2.9,4.9,6.9,2.26,3.27,3.9,0.0,9.85,7.24
2024,Elijah Cooks,00-0038667,WR,JAX,0,4.0,0.0,0.0,0.0,3.8,5.3,6.8,2.27,2.82,3.93,0.0,9.77,9.55
2024,Tyrell Shavers,00-0038679,WR,BUF,0,,12.9,13.4,13.9,,,,1.28,1.54,1.83,0.0,5.54,19.19
2024,Jalen Wayne,00-0038681,WR,GB,1,,0.0,0.0,0.0,,,,1.52,1.59,1.91,0.0,1.91,19.19
2024,Chris Brooks,00-0038685,RB,GB,0,3.0,31.2,36.7,42.2,10.6,10.6,10.6,5.75,5.8,6.12,0.0,14.92,25.17
2024,Adrian Martinez,00-0038658,QB,NYJ,1,,0.0,0.0,0.0,,,,3.88,3.8,3.36,0.02,13.5,19.19
2024,Blake Whiteheart,00-0038710,TE,CLE,0,,11.1,14.1,17.1,,,,1.91,2.43,2.66,0.0,7.21,19.19
2024,Andrew Beck,00-0034959,RB,GB,0,,0.0,0.0,0.0,,,,0.53,0.87,0.87,0.0,0.0,19.19
2024,Cody Thompson,00-0035164,WR,TB,0,2.0,0.0,0.0,0.0,1.0,1.5,2.0,0.95,1.48,2.04,0.0,7.78,7.8
2024,Stephen Carlson,00-0035039,TE,CHI,0,,0.0,0.0,0.0,,,,2.17,2.66,2.93,0.0,6.88,19.19
2024,D.J. Montgomery,00-0035045,WR,IND,0,2.0,0.0,0.0,0.0,11.6,13.1,14.6,3.45,4.44,5.17,0.0,11.71,16.44
2024,Chris Rodriguez Jr.,00-0038611,RB,WAS,0,9.0,30.5,31.0,31.5,35.9,36.9,37.9,12.64,13.56,14.47,0.0,43.01,57.13
2024,Brayden Willis,00-0038643,TE,SF,0,1.0,0.0,0.0,0.0,0.0,0.0,0.0,5.23,5.13,6.5,0.0,7.47,7.74
2024,Michael Bandy,00-0036959,WR,DEN,0,1.0,0.0,0.0,0.0,0.0,0.0,0.0,2.09,2.86,3.84,0.0,11.98,5.18
2024,Terrace Marshall Jr.,00-0036955,WR,SF,0,8.0,4.1,5.6,7.1,13.9,23.4,32.9,5.4,6.34,8.27,0.0,20.24,17.1
2024,Michael Carter,00-0036924,RB,ARI,0,15.0,24.8,30.3,35.8,34.8,46.8,58.8,7.53,8.17,10.84,0.0,34.97,36.23
2024,Cornelius Johnson,00-0039437,WR,LAC,1,,0.0,0.0,0.0,,,,6.59,8.14,11.72,0.0,19.91,19.19
2024,Carter Bradley,00-0039534,QB,LV,1,,0.0,0.0,0.0,,,,3.61,3.72,3.75,0.07,12.05,19.19
2024,John Rhys Plumlee,00-0039456,QB,JAX,1,,0.0,0.0,0.0,,,,4.97,5.24,4.8,0.08,12.8,19.19
2024,Xavier Johnson,00-0039473,WR,HOU,1,,0.0,0.0,0.0,,,,1.04,1.22,1.26,0.0,3.2,19.19
2024,Austin Reed,00-0039464,QB,CHI,1,,0.0,0.0,0.0,,,,4.15,3.94,2.93,0.0,17.0,19.19
2024,Frank Gore Jr.,00-0039471,RB,BUF,1,,0.0,0.0,0.0,,,,3.56,3.87,4.35,0.0,12.53,19.19
2024,Jalen Coker,00-0039491,WR,CAR,1,,60.56,76.56,92.56,,,,2.03,2.19,2.43,0.0,3.28,19.19
2024,Hayden Rucci,00-0039489,TE,MIA,1,,0.0,0.0,0.0,,,,2.35,2.67,3.13,0.0,4.11,19.19
2024,Jack Plummer,00-0039501,QB,CAR,1,,0.0,0.0,0.0,,,,4.15,4.06,3.88,0.0,12.33,19.19
2024,Lideatrick Griffin,00-0039541,WR,CLE,1,,0.0,0.0,0.0,,,,2.27,2.73,3.46,0.0,1.86,19.19
2024,Treyton Welch,00-0039518,TE,NO,1,,0.0,0.0,0.0,,,,1.85,2.19,2.71,0.0,2.17,19.19
2024,Jaren Hall,00-0038598,QB,SEA,0,3.0,0.0,0.0,0.0,2.12,2.12,2.12,9.99,8.92,7.68,0.0,16.92,24.7
2024,Justin Shorter,00-0038590,TE,LV,0,,0.0,0.0,0.0,,,,3.26,4.42,5.89,0.0,21.21,19.19
2024,Bernhard Seikovits,00-0037020,TE,ARI,0,,0.0,0.0,0.0,,,,0.38,0.38,0.57,0.0,2.22,19.19
2024,Michael Jacobson,00-0037022,TE,NO,0,,0.0,0.0,0.0,,,,1.35,1.65,2.07,0.0,0.0,19.19
2024,Nikola Kalinic,00-0037031,TE,LA,0,,0.0,0.0,0.0,,,,0.24,0.52,0.72,0.0,0.0,5.09
2024,Jason Bean,00-0039575,QB,IND,1,,0.0,0.0,0.0,,,,3.85,4.03,3.98,0.0,13.55,19.19
2024,Kedon Slovis,00-0039577,QB,HOU,1,,0.0,0.0,0.0,,,,3.83,3.72,3.48,0.0,11.32,19.19
2024,Shawn Bowman,00-0039550,TE,JAX,1,,0.0,0.0,0.0,,,,1.14,1.4,1.79,0.0,0.02,19.19
2024,Joshua Cephus,00-0039552,WR,JAX,1,,0.0,0.0,0.0,,,,1.69,2.03,2.52,0.0,3.14,19.19
2024,Jalen Jackson,00-0039554,RB,JAX,1,,0.0,0.0,0.0,,,,2.31,2.74,3.11,0.0,6.54,19.19
2024,D.J. Williams,00-0039595,RB,TB,1,,0.0,0.0,0.0,,,,1.77,1.92,2.01,0.0,4.95,19.19
2024,Kevin Foelsch,00-0039599,TE,PHI,1,,0.0,0.0,0.0,,,,1.51,1.89,2.39,0.0,0.06,19.19
2024,Dillon Johnson,00-0039647,RB,CAR,1,,0.0,0.0,0.0,,,,3.0,3.37,3.2,0.0,9.98,19.19
2024,Jacob Kibodi,00-0039617,RB,NO,1,,3.9,4.4,4.9,,,,1.7,1.86,2.18,0.0,4.96,19.19
2024,Cole Burgess,00-0039626,WR,CIN,1,,0.0,0.0,0.0,,,,1.29,1.54,1.82,0.0,2.15,19.19
2024,Cam Grandy,00-0039631,TE,CIN,1,,2.8,5.3,7.8,,,,0.96,1.16,1.31,0.0,0.72,19.19
2024,Luke Benson,00-0039656,TE,LAC,1,,0.0,0.0,0.0,,,,3.12,4.11,4.82,0.0,16.89,19.19
2024,Bryce Oliver,00-0039650,WR,TEN,1,,9.5,12.5,15.5,,,,1.21,1.4,1.75,0.0,1.98,19.19
2024,Jabari Small,00-0039652,RB,TEN,1,,0.0,0.0,0.0,,,,4.42,4.91,5.07,0.0,17.4,19.19
2024,Logan Woodside,00-0034438,QB,CIN,0,1.0,0.0,0.0,0.0,-0.32,-0.32,-0.32,4.54,3.65,2.6,0.04,15.67,13.42
2024,Boston Scott,00-0034414,RB,PIT,0,12.0,0.0,0.0,0.0,13.8,15.8,17.8,8.36,8.4,9.29,0.0,26.86,17.44
2024,Jaylen Johnson,00-0039664,WR,LAC,1,,0.0,0.0,0.0,,,,2.56,3.27,4.32,0.0,15.88,19.19
2024,Cameron Latu,00-0038564,TE,CLE,0,,0.0,0.0,0.0,,,,3.67,4.62,6.34,0.0,12.0,19.19
2024,Cole Turner,00-0037078,TE,WAS,0,8.0,0.0,0.0,0.0,12.0,17.5,23.0,5.38,7.9,11.58,0.0,22.42,9.48
2024,Samori Toure,00-0037098,WR,CHI,0,8.0,0.0,0.0,0.0,9.8,13.8,17.8,1.57,2.28,2.73,0.0,16.83,7.5
2024,Tyler Badie,00-0037085,RB,DEN,0,,6.4,7.9,9.4,,,,11.05,11.68,11.85,0.0,22.5,10.9
2024,Kevin Austin Jr.,00-0037231,WR,NO,0,,16.0,21.5,27.0,,,,1.47,1.95,2.12,0.0,5.38,19.19
2024,David Bell,00-0037257,WR,CLE,0,9.0,2.7,4.2,5.7,34.7,41.7,48.7,8.08,11.93,12.23,0.0,34.19,25.64
2024,Justyn Ross,00-0037216,WR,KC,0,6.0,0.0,0.0,0.0,5.3,8.3,11.3,2.92,3.79,4.89,0.0,20.07,10.1
2024,Michael Wiley,00-0039684,RB,WAS,1,,0.0,0.0,0.0,,,,3.87,4.19,4.89,0.0,14.69,19.19
2024,Tanner Mordecai,00-0039699,QB,SF,1,,0.0,0.0,0.0,,,,2.5,2.26,2.2,0.0,8.87,19.19
2024,Equanimeous St. Brown,00-0034279,WR,NO,0,5.0,0.0,0.0,0.0,6.2,8.7,11.2,2.47,3.17,4.24,0.0,5.17,9.92
2024,Keith Kirkwood,00-0034317,WR,BAL,0,7.0,0.0,0.0,0.0,9.7,12.2,14.7,1.85,2.43,3.54,0.0,11.02,6.94
2024,Mason Pline,00-0039702,TE,SF,1,,0.0,0.0,0.0,,,,0.57,0.64,0.8,0.0,1.13,19.19
2024,Marcus Rosemy-Jacksaint,00-0039683,WR,PHI,1,,0.0,0.0,0.0,,,,1.8,2.18,2.71,0.0,2.46,19.19
2024,Mike White,00-0034401,QB,BUF,0,6.0,1.12,1.12,1.12,2.06,2.06,2.06,4.26,4.68,4.09,0.18,18.17,10.18
2024,Deon Cain,00-0034406,WR,CAR,0,,0.0,0.0,0.0,,,,1.62,1.09,1.94,0.0,9.81,19.19
2024,Anthony Miller,00-0034353,WR,BAL,0,,1.6,2.1,2.6,,,,3.98,4.48,6.18,0.0,31.2,19.19
2024,James Mitchell,00-0037282,TE,DET,0,2.0,0.0,0.0,0.0,2.8,3.8,4.8,1.31,1.74,1.83,0.0,4.88,5.36
2024,Kevin Harris,00-0037286,RB,NE,0,4.0,0.0,0.0,0.0,18.3,19.8,21.3,10.25,11.48,14.11,0.0,27.58,14.54
2024,Montrell Washington,00-0037272,WR,KC,0,4.0,0.0,0.0,0.0,0.0,0.0,0.0,1.96,2.82,2.85,0.0,6.82,4.75
2024,Kyle Philips,00-0037273,WR,PHI,0,8.0,0.0,0.0,0.0,18.1,25.6,33.1,4.28,5.28,6.78,0.0,11.8,13.24
2024,Nikko Remigio,00-0038519,WR,KC,0,,4.8,5.8,6.8,,,,1.38,1.75,1.99,0.0,0.75,19.19
2024,Jason Brownlee,00-0038492,WR,NYJ,0,4.0,0.0,0.0,0.0,11.6,14.1,16.6,0.0,0.0,0.0,0.0,12.82,14.06
2024,Keaontay Ingram,00-0037299,RB,KC,0,7.0,0.0,0.0,0.0,10.0,12.0,14.0,3.56,5.19,5.22,0.0,16.51,11.5
2024,Mike Woods,00-0037300,WR,CLE,0,,6.5,10.0,13.5,,,,1.64,1.81,1.65,0.0,3.24,10.7
2024,Deneric Prince,00-0038518,RB,MIA,0,,0.0,0.0,0.0,,,,1.59,1.96,1.96,0.0,6.86,19.19
2024,Tim Boyle,00-0034177,QB,MIA,0,3.0,13.94,13.94,13.94,10.9,10.9,10.9,0.91,1.57,1.86,0.0,9.85,3.24
2024,Terrell Jennings,00-0039757,RB,NE,1,,3.3,3.3,3.3,,,,3.21,3.49,3.85,0.0,12.82,19.19
2024,Sam Wiglusz,00-0039771,WR,LA,1,,0.0,0.0,0.0,,,,1.27,1.72,1.93,0.0,4.17,19.19
2024,Drake Stoops,00-0039773,WR,LA,1,,0.0,0.0,0.0,,,,1.28,1.76,2.07,0.0,4.21,19.19
2024,John FitzPatrick,00-0037306,TE,ATL,0,3.0,0.2,0.7,1.2,1.2,1.7,2.2,0.67,1.23,1.7,0.0,9.34,7.91
2024,Sean Clifford,00-0038391,QB,GB,0,2.0,0.0,0.0,0.0,1.28,1.28,1.28,6.51,5.93,5.41,0.0,16.4,19.12
2024,Zack Kuntz,00-0038406,TE,NYJ,0,,0.0,0.0,0.0,,,,1.07,0.87,1.09,0.0,7.32,19.19
2024,Evan Hull,00-0038397,RB,IND,0,1.0,0.0,0.0,0.0,0.7,1.2,1.7,8.47,10.16,11.21,0.0,38.3,7.92
2024,Zavier Scott,00-0038440,RB,MIN,0,,0.0,0.0,0.0,,,,2.09,2.28,2.6,0.0,6.43,19.19
2024,Devin Leary,00-0039801,QB,BAL,1,,0.0,0.0,0.0,,,,0.0,0.0,0.0,0.0,5.49,19.19
2024,Robert Tonyan,00-0033757,TE,MIN,0,12.0,0.0,0.0,0.0,11.2,16.7,22.2,2.41,3.74,5.21,0.0,7.5,15.82
2024,Nathan Peterman,00-0033958,QB,ATL,0,1.0,0.0,0.0,0.0,-0.4,-0.4,-0.4,0.0,0.0,0.0,0.0,11.86,8.73
2024,Dalvin Cook,00-0033893,RB,DAL,0,14.0,3.0,3.5,4.0,25.2,32.7,40.2,25.76,28.67,34.33,0.0,62.53,75.02
2024,Brandon Johnson,00-0037382,WR,PIT,0,10.0,0.9,1.4,1.9,54.4,63.9,73.4,5.03,5.95,6.26,0.0,21.84,29.28
2024,Rod Williams,00-0037451,TE,PIT,0,6.0,0.0,0.0,0.0,0.0,0.0,0.0,2.12,2.61,3.06,0.0,5.78,8.04
2024,Jalen Virgil,00-0037387,WR,BUF,0,,0.0,0.0,0.0,,,,1.4,1.63,1.68,0.0,9.3,11.59
2024,Lucky Jackson,00-0038181,WR,MIN,0,,0.0,0.0,0.0,,,,1.67,2.17,2.49,0.0,12.77,19.19
2024,Desmond Ridder,00-0038122,QB,ARI,0,15.0,21.92,21.92,21.92,176.14,176.64,177.14,32.15,30.88,32.54,5.82,115.87,71.04
2024,Xavier Smith,00-0038359,WR,LA,0,,4.2,5.2,6.2,,,,1.18,1.62,1.99,0.0,1.31,19.19
2024,Qadir Ismail,00-0039843,WR,BAL,1,,0.0,0.0,0.0,,,,1.28,1.67,1.98,0.0,0.0,19.19
2024,Trent Taylor,00-0033292,WR,SF,0,15.0,1.1,1.6,2.1,-0.2,-0.2,-0.2,0.53,0.98,2.6,0.0,9.56,14.36
2024,Tim Patrick,00-0033375,WR,DET,0,,59.4,75.9,92.4,,,,0.86,0.97,1.09,0.0,7.59,19.19
2024,Cole Fotheringham,00-0037506,TE,HOU,0,1.0,0.0,0.0,0.0,0.6,1.1,1.6,1.93,2.66,3.25,0.0,6.2,7.8
2024,Sincere McCormick,00-0037509,RB,LV,0,,21.2,24.2,27.2,,,,3.09,3.95,4.16,0.0,15.16,19.19
2024,Troy Hairston,00-0037456,RB,HOU,0,,0.0,0.0,0.0,,,,0.46,0.55,0.51,0.0,2.75,10.08
2024,Johnny Johnson III,00-0037460,WR,HOU,0,,0.0,0.0,0.0,,,,0.68,0.99,0.92,0.0,3.12,19.19
2024,Bailey Zappe,00-0038108,QB,KC,0,10.0,7.0,7.0,7.0,69.18,69.18,69.18,9.08,10.57,11.03,0.0,43.12,52.06
2024,Erik Ezukanma,00-0038092,WR,MIA,0,2.0,0.0,0.0,0.0,2.2,2.2,2.2,3.46,4.18,5.32,0.0,10.02,8.96
2024,Malik Davis,00-0037563,RB,DAL,0,1.0,0.0,0.0,0.0,0.0,0.0,0.0,3.07,3.44,4.22,0.0,11.73,6.35
2024,Tay Martin,00-0037524,WR,SF,0,,10.9,11.4,11.9,,,,0.45,0.63,0.91,0.0,4.76,5.09
2024,Tucker Fisk,00-0037654,TE,LAC,0,2.0,3.9,7.4,10.9,0.9,1.4,1.9,2.56,3.74,4.84,0.0,17.36,7.8
2024,Aaron Shampklin,00-0037609,RB,PIT,0,,1.7,1.7,1.7,,,,2.44,2.93,3.44,0.0,4.48,19.19
2024,Matthew Slater,00-0026293,WR,,0,5.0,0.0,0.0,0.0,0.0,0.0,0.0,0.0,0.0,0.0,0.0,0.0,1.82
2024,Brian Hoyer,00-0026625,QB,,0,2.0,0.0,0.0,0.0,4.94,4.94,4.94,0.0,0.0,0.0,0.0,0.35,9.94
2024,Jimmy Graham,00-0027696,TE,,0,6.0,0.0,0.0,0.0,27.9,30.9,33.9,0.87,1.43,2.2,0.0,13.03,23.01
2024,Julio Jones,00-0027944,WR,,0,8.0,0.0,0.0,0.0,25.4,30.9,36.4,1.72,1.93,2.71,0.0,16.13,20.22
2024,Blaine Gabbert,00-0027948,QB,,0,2.0,0.0,0.0,0.0,5.9,5.9,5.9,0.0,0.0,0.0,0.0,10.89,4.31
2024,Randall Cobb,00-0028002,WR,,0,9.0,0.0,0.0,0.0,11.9,14.4,16.9,0.0,0.0,0.0,0.0,6.27,14.22
2024,Brandon Bolden,00-0029239,RB,,0,5.0,0.0,0.0,0.0,11.1,11.1,11.1,0.19,0.45,1.01,0.0,0.97,11.89
2024,Marvin Jones,00-0029293,WR,,0,4.0,0.0,0.0,0.0,1.5,4.0,6.5,0.0,0.12,0.5,0.0,0.0,11.22
2024,Ryan Tannehill,00-0029701,QB,,0,9.0,0.0,0.0,0.0,80.04,80.04,80.04,18.96,17.31,15.2,0.0,68.81,33.31
2024,Marquise Goodwin,00-0030068,WR,,0,10.0,0.0,0.0,0.0,10.0,12.0,14.0,0.0,0.0,0.0,0.0,5.07,14.81
2024,Latavius Murray,00-0030513,RB,,0,15.0,0.0,0.0,0.0,65.9,74.4,82.9,12.82,11.46,11.23,0.0,51.13,43.1
2024,Matt Barkley,00-0030533,QB,,0,1.0,0.0,0.0,0.0,-0.3,-0.3,-0.3,0.17,0.0,0.0,0.0,0.47,22.39
2024,Willie Snead,00-0030663,WR,,0,2.0,0.0,0.0,0.0,1.4,2.4,3.4,0.0,0.0,0.2,0.0,0.16,7.91
2024,Damien Williams,00-0030874,RB,,0,3.0,0.0,0.0,0.0,5.5,6.5,7.5,0.12,0.27,0.41,0.0,1.15,8.95
2024,Teddy Bridgewater,00-0031237,QB,,0,1.0,0.0,0.0,0.0,-0.2,-0.2,-0.2,0.74,0.99,0.0,0.0,18.65,15.55
2024,Logan Thomas,00-0031260,TE,,0,16.0,0.0,0.0,0.0,71.8,99.3,126.8,4.32,5.98,8.23,0.01,49.17,43.36
2024,AJ McCarron,00-0031288,QB,,0,2.0,0.0,0.0,0.0,0.76,0.76,0.76,0.0,0.0,0.0,0.0,0.0,8.77
2024,Jerick McKinnon,00-0031376,RB,,0,12.0,0.0,0.0,0.0,59.36,71.86,84.36,5.96,9.06,12.6,0.0,26.16,55.44
2024,DeVante Parker,00-0031547,WR,,0,13.0,0.0,0.0,0.0,39.4,55.9,72.4,5.65,6.55,7.97,0.0,29.08,35.95
2024,Darren Waller,00-0031610,TE,,0,12.0,0.0,0.0,0.0,61.2,87.2,113.2,6.39,9.68,12.98,0.0,42.78,44.84
2024,Damiere Byrd,00-0031868,WR,,0,1.0,0.0,0.0,0.0,0.0,0.0,0.0,0.71,0.94,1.1,0.0,0.47,6.7
2024,Blake Bell,00-0032062,TE,,0,7.0,0.0,0.0,0.0,6.6,9.1,11.6,0.0,0.0,0.0,0.0,1.96,7.34
2024,C.J. Uzomah,00-0032134,TE,,0,8.0,0.0,0.0,0.0,11.8,15.8,19.8,0.18,0.96,1.4,0.0,1.74,12.31
2024,Geoff Swaim,00-0032141,TE,,0,8.0,0.7,1.2,1.7,9.4,14.4,19.4,0.0,0.0,0.0,0.0,4.83,8.62
2024,Melvin Gordon,00-0032144,RB,,0,4.0,0.0,0.0,0.0,16.7,18.2,19.7,5.34,3.46,4.87,0.0,20.54,14.54
2024,Trevor Siemian,00-0032156,QB,,0,5.0,0.0,0.0,0.0,26.96,26.96,26.96,0.54,0.67,0.74,0.0,20.27,1.8
2024,Ty Montgomery,00-0032200,WR,,0,11.0,0.0,0.0,0.0,4.9,7.4,9.9,0.66,1.0,1.6,0.0,4.95,10.83
2024,Phillip Dorsett,00-0032208,WR,,0,2.0,0.0,0.0,0.0,0.0,0.0,0.0,0.75,1.13,1.84,0.0,7.56,6.54
2024,Tyler Kroft,00-0032214,TE,,0,1.0,0.0,0.0,0.0,0.0,0.0,0.0,0.0,0.0,0.0,0.0,6.07,4.97
2024,Dwayne Washington,00-0032450,RB,,0,3.0,0.0,0.0,0.0,0.0,0.0,0.0,0.52,0.76,0.83,0.0,0.0,4.97
2024,Alex Erickson,00-0032543,WR,,0,8.0,0.0,0.0,0.0,29.2,37.2,45.2,1.19,1.76,2.31,0.0,19.82,17.62
2024,Stephen Anderson,00-0032725,TE,,0,1.0,0.0,0.0,0.0,0.0,0.0,0.0,0.0,0.0,0.12,0.0,2.87,4.45
2024,Michael Thomas,00-0032765,WR,,0,10.0,0.0,0.0,0.0,50.8,70.3,89.8,3.69,2.98,4.81,0.0,41.87,34.11
2024,Jonathan Williams,00-0032975,RB,,0,1.0,0.0,0.0,0.0,-0.2,-0.2,-0.2,1.23,1.15,0.46,0.0,3.64,12.59
2024,Kenyan Drake,00-0033118,RB,,0,2.0,0.0,0.0,0.0,1.1,2.1,3.1,0.81,1.14,1.35,0.0,8.2,25.18
2024,Darrell Daniels,00-0033258,TE,,0,1.0,0.0,0.0,0.0,0.0,0.0,0.0,0.0,0.0,0.01,0.0,0.59,7.74
2024,PJ Walker,00-0033275,QB,,0,5.0,0.0,0.0,0.0,19.96,19.96,19.96,0.2,0.58,1.1,0.0,4.59,0.0
2024,Alex Armah,00-0033296,RB,,0,4.0,0.0,0.0,0.0,1.3,2.8,4.3,0.0,0.0,0.0,0.0,3.39,7.91
2024,Matt Breida,00-0033308,RB,,0,15.0,0.0,0.0,0.0,29.9,38.4,46.9,2.68,3.71,4.96,0.0,14.47,27.29
2024,Jamal Agnew,00-0033572,WR,,0,11.0,0.0,0.0,0.0,26.3,33.3,40.3,3.26,4.27,4.78,0.0,18.65,26.66
2024,Leonard Fournette,00-0033856,RB,,0,2.0,0.0,0.0,0.0,4.0,4.0,4.0,15.51,18.22,24.09,0.0,45.44,52.02
2024,Kareem Hunt,00-0033923,RB,,0,15.0,132.4,143.9,155.4,103.5,111.0,118.5,27.09,27.13,29.34,0.0,83.16,48.57
2024,C.J. Beathard,00-0033936,QB,,0,6.0,0.0,0.0,0.0,21.46,21.46,21.46,0.0,0.0,0.15,0.0,10.91,36.42
2024,Kevin Rader,00-0034193,TE,,0,7.0,0.0,0.0,0.0,0.6,1.1,1.6,0.0,0.04,0.3,0.0,0.17,2.0
2024,Richie James,00-0034286,WR,,0,9.0,0.0,0.0,0.0,11.4,16.4,21.4,4.19,6.25,7.06,0.0,13.09,20.31
2024,Byron Pringle,00-0034297,WR,,0,13.0,0.0,0.0,0.0,16.1,23.1,30.1,1.8,2.23,3.1,0.0,0.33,17.0
2024,Nick Bawden,00-0034433,RB,,0,6.0,0.0,0.0,0.0,8.5,10.0,11.5,1.2,1.57,2.1,0.0,2.67,11.71
2024,David Wells,00-0034575,TE,,0,1.0,0.0,0.0,0.0,-1.0,0.0,1.0,0.54,0.25,0.12,0.0,1.53,9.38
2024,Godwin Igwebuike,00-0034614,RB,,0,7.0,0.0,0.0,0.0,0.0,0.0,0.0,0.39,0.46,0.66,0.0,1.02,4.77
2024,Rashaad Penny,00-0034750,RB,,0,3.0,0.0,0.0,0.0,3.8,4.3,4.8,4.65,3.73,3.93,0.0,20.63,12.55
2024,Michael Gallup,00-0034764,WR,,0,16.0,0.0,0.0,0.0,53.8,70.8,87.8,6.27,8.37,10.49,0.0,29.74,31.68
2024,Royce Freeman,00-0034838,RB,,0,11.0,0.0,0.0,0.0,45.2,45.7,46.2,5.94,5.63,7.47,0.0,28.15,39.57
2024,Irv Smith,00-0034970,TE,,0,10.0,0.0,0.0,0.0,15.5,24.5,33.5,2.87,3.36,3.78,0.0,8.93,17.64
2024,Hunter Renfrow,00-0034983,WR,,0,14.0,0.0,0.0,0.0,23.5,36.0,48.5,2.88,3.45,4.94,0.0,13.33,26.31
2024,Keelan Doss,00-0035120,WR,,0,2.0,0.0,0.0,0.0,3.3,6.3,9.3,1.11,1.34,2.25,0.0,0.56,8.59
2024,Devine Ozigbo,00-0035184,RB,,0,1.0,0.0,0.0,0.0,1.3,1.8,2.3,0.96,1.23,1.66,0.0,0.41,7.45
2024,Trevon Wesco,00-0035259,TE,,0,6.0,0.0,0.0,0.0,2.1,2.6,3.1,0.0,0.0,0.0,0.0,0.14,5.07
2024,Stanley Morgan,00-0035399,WR,,0,1.0,0.0,0.0,0.0,0.0,0.0,0.0,0.32,0.47,0.76,0.0,1.0,1.82
2024,Andy Isabella,00-0035527,WR,,0,1.0,0.0,0.0,0.0,0.0,0.0,0.0,1.2,1.69,2.08,0.0,7.34,4.45
2024,Jesper Horsted,00-0035562,TE,,0,5.0,0.0,0.0,0.0,0.4,0.9,1.4,0.6,0.82,1.25,0.0,1.13,4.49
2024,Damien Harris,00-0035657,RB,,0,6.0,0.0,0.0,0.0,17.0,18.0,19.0,4.22,5.21,5.07,0.0,12.52,18.02
2024,Darrell Henderson,00-0035664,RB,,0,4.0,0.0,0.0,0.0,33.5,38.5,43.5,5.63,5.15,7.07,0.0,35.61,26.11
2024,Miles Boykin,00-0035703,WR,,0,8.0,0.0,0.0,0.0,1.7,3.2,4.7,0.37,0.47,0.94,0.0,2.69,4.64
2024,Derrick Gore,00-0035715,RB,,0,3.0,0.0,0.0,0.0,2.6,2.6,2.6,1.68,1.94,2.14,0.0,1.91,14.47
2024,James Robinson,00-0035831,RB,,0,1.0,0.0,0.0,0.0,0.0,0.5,1.0,1.41,1.21,2.46,0.0,16.24,10.59
2024,Tony Jones,00-0035860,RB,,0,6.0,11.5,11.5,11.5,25.2,28.7,32.2,2.96,3.73,4.39,0.0,16.38,22.12
2024,Giovanni Ricci,00-0035956,TE,,0,2.0,0.0,0.0,0.0,0.2,0.7,1.2,0.71,0.96,1.4,0.0,1.77,5.0
2024,Salvon Ahmed,00-0036020,RB,,0,7.0,0.0,0.0,0.0,26.9,34.9,42.9,2.02,2.71,2.96,0.0,19.25,21.83
2024,Chase Claypool,00-0036326,WR,,0,11.0,0.0,0.0,0.0,13.7,17.7,21.7,4.73,4.9,6.15,0.0,12.49,14.52
2024,Anthony McFarland,00-0036336,RB,,0,3.0,0.0,0.0,0.0,1.1,2.1,3.1,1.12,1.78,1.35,0.0,1.15,5.05
2024,Lynn Bowden,00-0036364,WR,,0,8.0,0.0,0.0,0.0,11.5,17.0,22.5,7.63,8.31,10.71,0.0,16.67,20.68
2024,Joshua Kelley,00-0036370,RB,,0,17.0,0.2,0.2,0.2,53.7,57.7,61.7,5.65,7.47,7.43,0.0,21.44,21.21
2024,Brycen Hopkins,00-0036424,TE,,0,5.0,0.0,0.0,0.0,7.8,10.3,12.8,1.29,1.69,2.32,0.0,3.5,6.92
2024,Stephen Sullivan,00-0036438,TE,,0,10.0,0.0,0.0,0.0,12.5,18.5,24.5,1.73,2.66,3.56,0.0,4.78,11.76
2024,Mike Strachan,00-0036482,WR,,0,2.0,0.0,0.0,0.0,4.5,5.0,5.5,0.86,1.11,1.5,0.0,1.81,6.56
2024,Deon Jackson,00-0036493,RB,,0,2.0,0.0,0.0,0.0,-1.0,1.5,4.0,1.74,1.59,1.53,0.0,2.14,10.12
2024,Ihmir Smith-Marsette,00-0036635,WR,,0,17.0,6.0,6.0,6.0,24.5,28.5,32.5,3.33,6.0,8.04,0.0,14.87,11.66
2024,Kene Nwangwu,00-0036842,RB,,0,8.0,6.0,6.0,6.0,1.3,1.3,1.3,1.21,2.17,2.84,0.0,0.03,8.63
2024,Jake Funk,00-0036860,RB,,0,1.0,0.0,0.0,0.0,2.2,2.7,3.2,3.36,3.64,3.77,0.0,1.68,2.9
2024,Kadarius Toney,00-0036913,WR,,0,13.0,-0.4,-0.4,-0.4,26.0,39.5,53.0,6.36,6.93,8.04,0.0,26.98,26.04
2024,Amari Rodgers,00-0036991,WR,,0,1.0,0.0,0.0,0.0,0.0,0.0,0.0,2.78,3.47,4.29,0.0,7.62,6.47
2024,Tre' McKitty,00-0037011,TE,,0,1.0,0.0,0.0,0.0,0.0,0.0,0.0,0.46,0.77,1.24,0.0,2.72,4.97
2024,Devon Allen,00-0037039,WR,,0,1.0,0.0,0.0,0.0,0.0,0.0,0.0,0.68,0.84,1.01,0.0,0.4,7.74
2024,Bam Knight,00-0037157,RB,,0,2.0,0.0,0.0,0.0,2.1,2.6,3.1,3.1,3.89,4.27,0.0,3.06,8.61
2024,Teagan Quitoriano,00-0037277,TE,,0,3.0,0.0,0.0,0.0,3.3,4.3,5.3,0.51,0.55,0.83,0.0,2.36,7.0
2024,Jashaun Corbin,00-0037410,RB,,0,3.0,0.0,0.0,0.0,1.3,2.8,4.3,1.51,1.97,2.67,0.0,5.54,8.03
2024,Kwamie Lassiter II,00-0037420,WR,,0,1.0,0.0,0.0,0.0,0.2,0.7,1.2,0.93,1.12,1.45,0.0,1.77,7.8
2024,Deven Thompkins,00-0037487,WR,,0,17.0,2.7,4.7,6.7,17.9,26.4,34.9,3.95,6.01,7.74,0.0,3.84,9.61
2024,Isaiah Spiller,00-0038045,RB,,0,9.0,0.0,0.0,0.0,13.0,16.0,19.0,2.38,2.98,3.27,0.0,8.84,15.55
2024,Henry Pearson,00-0038468,TE,,0,1.0,0.0,0.0,0.0,0.0,0.0,0.0,0.69,0.88,1.24,0.0,0.24,7.74
2024,Mohamed Ibrahim,00-0038656,RB,,0,1.0,0.0,0.0,0.0,0.0,0.0,0.0,1.39,1.78,2.01,0.0,1.89,7.74
2024,Elijah Dotson,00-0038862,RB,,0,1.0,0.0,0.0,0.0,1.9,2.9,3.9,1.36,1.74,2.05,0.0,0.56,10.89
2024,Kearis Jackson,00-0038969,WR,,0,2.0,0.0,0.0,0.0,0.0,0.0,0.0,1.18,1.42,1.67,0.0,1.05,7.74
2024,Zach Evans,00-0039136,RB,,0,4.0,0.0,0.0,0.0,1.9,1.9,1.9,2.84,3.53,4.59,0.0,13.7,13.53
2025,Michael Penix Jr.,00-0039917,QB,ATL,0,5.0,120.28,120.28,120.28,44.1,44.1,44.1,163.81,169.14,173.32,49.72,243.82,46.85
2025,Ricky Pearsall,00-0039916,WR,SF,0,11.0,52.6,70.6,88.6,62.5,78.0,93.5,69.45,87.02,102.54,15.65,156.81,62.18
2025,Savion Williams,00-0040009,WR,GB,1,,15.5,20.5,25.5,,,,33.12,39.12,46.38,0.0,83.12,19.0
2025,Velus Jones Jr.,00-0037745,RB,NO,0,2.0,3.2,3.2,3.2,1.9,2.4,2.9,12.22,14.57,16.99,0.0,52.54,6.94
2025,Trey McBride,00-0037744,TE,ARI,0,16.0,189.9,252.9,315.9,132.8,188.3,243.8,97.49,137.82,176.93,0.0,205.14,115.54
2025,Jahan Dotson,00-0037741,WR,PHI,0,14.0,32.2,41.2,50.2,22.9,32.4,41.9,32.25,40.43,45.02,0.0,99.47,27.04
2025,Caleb Williams,00-0039918,QB,CHI,0,17.0,316.68,317.68,318.68,254.54,254.54,254.54,236.95,238.79,233.1,88.79,313.8,272.63
2025,Stone Smartt,00-0037475,TE,NYJ,0,9.0,5.2,8.7,12.2,18.8,26.8,34.8,19.27,27.0,32.24,0.0,49.97,17.36
2025,Rashid Shaheed,00-0037545,WR,NO,0,6.0,97.6,127.1,156.6,61.8,71.8,81.8,60.12,69.07,79.73,0.0,126.95,50.64
2025,Lucas Krull,00-0037539,TE,DEN,0,10.0,1.5,2.5,3.5,15.2,24.7,34.2,11.84,16.16,20.61,0.0,34.52,12.11
2025,Jordan Mason,00-0037525,RB,MIN,0,12.0,114.9,121.9,128.9,104.0,109.5,115.0,68.82,76.38,82.32,0.0,146.5,100.1
2025,Garrett Wilson,00-0037740,WR,NYJ,0,17.0,63.5,81.5,99.5,150.9,201.4,251.9,122.44,160.53,202.14,0.0,213.33,108.64
2025,Julius Chestnut,00-0037594,RB,TEN,0,12.0,4.0,4.0,4.0,11.3,12.3,13.3,26.76,29.11,32.1,0.0,75.27,10.68
2025,Hassan Haskins,00-0037617,RB,LAC,0,12.0,6.0,8.0,10.0,29.8,31.3,32.8,28.2,32.34,36.75,0.0,86.77,33.76
2025,John Metchie III,00-0037614,WR,PHI,0,10.0,38.9,55.4,71.9,31.4,43.4,55.4,25.97,34.77,39.99,0.0,77.33,23.68
2025,Jalen Tolbert,00-0037666,WR,DAL,0,17.0,28.3,37.3,46.3,103.0,127.5,152.0,38.06,48.99,59.4,0.0,115.63,64.24
2025,Alec Pierce,00-0037664,WR,IND,0,16.0,136.3,159.8,183.3,124.4,142.9,161.4,52.86,66.77,79.61,0.0,116.03,75.58
2025,Brian Robinson,00-0037746,RB,SF,0,14.0,54.5,58.5,62.5,139.8,149.8,159.8,91.27,91.8,106.14,0.0,168.16,93.28
2025,J.J. McCarthy,00-0039923,QB,MIN,0,,125.38,125.38,125.38,,,,218.24,211.61,219.58,30.51,298.95,19.0
2025,Trey Benson,00-0039921,RB,ARI,0,12.0,22.4,28.9,35.4,41.0,44.0,47.0,88.48,93.34,104.34,0.0,162.48,50.06
2025,Rome Odunze,00-0039919,WR,CHI,0,17.0,102.1,124.1,146.1,90.9,117.9,144.9,90.89,116.27,145.29,0.0,186.27,91.37
2025,Tyler Allgeier,00-0037263,RB,ATL,0,17.0,109.0,116.0,123.0,93.2,99.7,106.2,96.01,97.73,105.3,0.0,144.69,64.47
2025,Khalil Shakir,00-0037261,WR,BUF,0,15.0,94.4,130.4,166.4,106.5,144.5,182.5,93.85,127.26,157.35,0.0,186.25,84.79
2025,Dameon Pierce,00-0037258,RB,HOU,0,10.0,3.6,3.6,3.6,41.5,42.5,43.5,63.63,68.0,70.29,0.0,123.61,43.34
2025,Rachaad White,00-0037256,RB,TB,0,15.0,103.0,123.0,143.0,148.6,174.1,199.6,96.11,115.75,132.84,0.0,177.55,112.5
2025,Zaire Mitchell-Paden,00-0037340,TE,BAL,0,,1.7,2.7,3.7,,,,2.19,2.82,3.59,0.0,9.44,19.0
2025,Jerome Ford,00-0037267,RB,CLE,0,14.0,17.6,30.6,43.6,97.0,115.5,134.0,73.59,90.28,104.3,0.0,180.61,70.84
2025,Teagan Quitoriano,00-0037277,TE,ATL,0,,0.0,0.0,0.0,,,,9.14,11.14,13.19,0.0,34.61,9.29
2025,Ty Chandler,00-0037276,RB,MIN,0,14.0,5.8,7.3,8.8,22.4,25.4,28.4,32.86,36.49,41.09,0.25,93.75,30.49
2025,Tai Felton,00-0040154,WR,MIN,1,,2.5,4.0,5.5,,,,30.1,35.93,45.33,0.0,88.76,19.0
2025,Connor Heyward,00-0037304,TE,PIT,0,,0.0,0.0,0.0,,,,11.21,12.42,14.88,0.0,44.62,19.0
2025,Ashton Jeanty,00-0040122,RB,LV,1,,190.1,217.6,245.1,,,,181.67,209.73,233.21,0.0,283.42,19.0
2025,Darius Cooper,00-0040024,WR,PHI,1,,9.2,13.7,18.2,,,,15.34,18.73,20.08,0.0,54.48,19.0
2025,John FitzPatrick,00-0037306,TE,GB,0,1.0,13.2,19.2,25.2,0.2,0.7,1.2,4.55,6.36,8.83,0.0,27.9,4.66
2025,Ko Kieft,00-0037311,TE,TB,0,3.0,0.0,0.0,0.0,0.0,0.0,0.0,5.45,7.73,10.05,0.0,31.42,4.65
2025,Tanner Conner,00-0037348,TE,MIA,0,4.0,9.1,13.6,18.1,1.6,3.1,4.6,16.41,19.44,24.19,0.0,46.22,7.93
2025,Kenneth Walker III,00-0038134,RB,SEA,0,11.0,160.9,176.4,191.9,135.2,158.2,181.2,150.5,172.09,185.34,0.0,237.42,121.18
2025,Xavier Smith,00-0038359,WR,LA,0,14.0,30.3,39.3,48.3,4.2,5.2,6.2,14.86,18.61,22.64,0.0,46.96,16.99
2025,Malik Willis,00-0038128,QB,GB,0,6.0,51.18,51.18,51.18,51.8,51.8,51.8,40.72,41.18,36.47,0.0,106.61,50.47
2025,Kyren Williams,00-0037840,RB,LA,0,16.0,227.3,245.3,263.3,238.1,255.1,272.1,141.22,159.64,182.16,0.0,260.02,124.89
2025,Calvin Austin III,00-0037837,WR,PIT,0,17.0,55.2,70.7,86.2,84.8,102.8,120.8,60.91,77.2,87.11,0.0,135.47,54.22
2025,Skyy Moore,00-0038090,WR,SF,0,3.0,9.8,12.3,14.8,0.0,0.0,0.0,18.7,23.51,28.93,0.0,53.16,5.9
2025,Charlie Kolar,00-0038046,TE,BAL,0,10.0,26.2,31.2,36.2,19.3,23.8,28.3,14.69,20.04,26.83,0.0,39.08,12.43
2025,Jake Ferguson,00-0038041,TE,DAL,0,14.0,106.1,147.1,188.1,45.4,74.9,104.4,56.24,79.53,97.92,0.0,125.87,39.25
2025,Zamir White,00-0038040,RB,LV,0,8.0,5.6,7.6,9.6,23.3,26.3,29.3,30.09,33.12,41.07,0.0,101.1,29.05
2025,Kenny Pickett,00-0038102,QB,LV,0,5.0,7.72,7.72,7.72,25.14,25.14,25.14,49.85,49.16,45.04,3.46,110.21,49.44
2025,Malik Heath,00-0038465,WR,GB,0,5.0,8.6,11.6,14.6,21.7,26.7,31.7,16.01,20.14,24.13,0.0,62.94,18.5
2025,Dontayvion Wicks,00-0038393,WR,GB,0,17.0,45.8,60.8,75.8,71.5,91.0,110.5,33.18,42.4,56.91,0.0,115.8,45.43
2025,Tyson Bagent,00-0038416,QB,CHI,0,4.0,2.58,2.58,2.58,-0.26,-0.26,-0.26,18.39,21.54,22.31,0.0,84.98,14.63
2025,Travis Vokolek,00-0038456,TE,ARI,0,,0.0,0.0,0.0,,,,8.32,10.85,11.87,0.0,31.96,19.0
2025,Breece Hall,00-0038120,RB,NYJ,0,16.0,171.66,189.66,207.66,183.9,212.4,240.9,171.74,192.71,212.57,0.0,279.02,153.08
2025,Wan'Dale Robinson,00-0038117,WR,NYG,0,17.0,125.9,171.9,217.9,89.7,136.2,182.7,77.98,105.99,133.86,0.0,166.73,83.85
2025,Daniel Bellinger,00-0038115,TE,NYG,0,12.0,40.6,50.1,59.6,12.5,19.5,26.5,22.04,28.73,37.37,0.0,65.85,15.3
2025,Cade Otton,00-0038129,TE,TB,0,14.0,63.2,92.7,122.2,81.6,111.1,140.6,70.83,97.71,124.9,0.0,166.47,65.45
2025,KaVontae Turpin,00-0037801,WR,DAL,0,17.0,58.5,71.5,84.5,73.2,88.7,104.2,35.66,46.03,57.44,0.0,105.52,44.57
2025,Tyquan Thornton,00-0038104,WR,KC,0,4.0,61.8,71.3,80.8,4.7,6.7,8.7,21.27,26.27,31.88,0.0,53.78,5.86
2025,Chig Okonkwo,00-0037809,TE,TEN,0,16.0,68.0,96.0,124.0,61.6,87.6,113.6,68.23,92.96,114.53,0.0,132.23,45.43
2025,Jeremy Ruckert,00-0037805,TE,NYJ,0,14.0,23.9,35.4,46.9,10.5,19.5,28.5,22.56,26.87,34.25,0.0,59.2,12.46
2025,Romeo Doubs,00-0037816,WR,GB,0,13.0,110.4,137.9,165.4,86.1,109.1,132.1,34.9,49.08,60.22,0.0,114.33,65.01
2025,Brock Purdy,00-0037834,QB,SF,0,15.0,177.38,177.38,177.38,266.86,266.86,266.86,262.41,255.89,251.35,122.74,335.6,277.28
2025,Malik Washington,00-0039880,WR,MIA,0,14.0,70.7,93.7,116.7,30.8,43.8,56.8,31.85,39.96,48.15,0.0,89.8,40.05
2025,Xavier Worthy,00-0039894,WR,KC,0,16.0,67.9,88.9,109.9,128.2,157.7,187.2,151.69,189.67,223.1,0.0,229.46,128.07
2025,Brian Thomas Jr.,00-0039893,WR,JAX,0,17.0,90.8,114.8,138.8,197.0,240.5,284.0,153.98,190.88,227.17,0.0,287.38,178.6
2025,Adonai Mitchell,00-0039890,WR,IND,0,17.0,54.9,71.4,87.9,30.76,42.26,53.76,39.51,48.5,55.56,3.2,95.76,36.92
2025,Brashard Smith,00-0040078,RB,KC,1,,38.3,50.8,63.3,,,,42.04,46.33,51.69,0.0,102.55,19.0
2025,Keon Coleman,00-0039901,WR,BUF,0,13.0,64.4,83.4,102.4,82.5,97.0,111.5,79.8,98.16,118.56,0.0,155.5,73.8
2025,Ladd McConkey,00-0039915,WR,LAC,0,16.0,114.9,147.9,180.9,158.9,199.9,240.9,149.05,183.44,218.15,0.0,231.84,146.61
2025,Ben Sinnott,00-0039912,TE,WAS,0,7.0,17.4,22.9,28.4,8.8,11.3,13.8,23.06,28.34,36.56,0.0,57.14,11.34
2025,Elijah Moore,00-0036980,WR,BUF,0,17.0,19.6,24.1,28.6,59.9,90.4,120.9,39.4,50.98,61.83,0.0,116.74,47.27
2025,Ja'Marr Chase,00-0036900,WR,CIN,0,17.0,188.6,251.1,313.6,276.0,339.5,403.0,152.47,197.7,244.13,0.0,282.63,184.06
2025,Kaleb Johnson,00-0040142,RB,PIT,1,,7.8,8.3,8.8,,,,110.09,112.2,122.94,0.0,175.56,19.0
2025,Kenny Gainwell,00-0036919,RB,PIT,0,17.0,148.3,184.8,221.3,46.6,54.6,62.6,43.02,48.78,55.74,0.0,94.43,33.93
2025,DeVonta Smith,00-0036912,WR,PHI,0,13.0,124.8,163.3,201.8,131.4,165.4,199.4,107.28,136.39,163.1,0.0,202.2,115.06
2025,Justin Fields,00-0036945,QB,NYJ,0,10.0,142.66,142.66,142.66,119.14,119.14,119.14,206.69,201.19,202.22,58.67,309.58,140.77
2025,KeAndre Lambert-Smith,00-0040184,WR,LAC,1,,11.1,13.6,16.1,,,,17.56,21.81,28.26,0.0,71.43,19.0
2025,Kyle Williams,00-0040131,WR,NE,1,,39.2,44.2,49.2,,,,48.45,62.36,76.89,0.0,136.54,19.0
2025,Jayden Higgins,00-0040130,WR,HOU,1,,88.5,109.0,129.5,,,,52.79,66.39,80.77,0.0,145.37,19.0
2025,Emeka Egbuka,00-0040129,WR,TB,1,,132.7,164.2,195.7,,,,62.47,74.8,90.46,0.0,159.35,19.0
2025,Tyler Warren,00-0040128,TE,IND,1,,112.5,150.5,188.5,,,,130.35,157.86,178.68,0.0,237.11,19.0
2025,Colston Loveland,00-0040126,TE,CHI,1,,107.1,136.1,165.1,,,,117.47,152.84,183.6,0.0,224.24,19.0
2025,Jaylin Noel,00-0040138,WR,HOU,1,,42.4,55.4,68.4,,,,39.22,45.88,54.86,0.0,119.62,19.0
2025,Pat Bryant,00-0040134,WR,DEN,1,,43.8,59.3,74.8,,,,39.68,51.04,58.75,0.0,115.63,19.0
2025,Jack Stoll,00-0036741,TE,NO,0,5.0,10.6,13.6,16.6,1.0,2.0,3.0,3.95,5.06,6.54,0.0,10.69,4.65
2025,Luke Farrell,00-0036887,TE,SF,0,12.0,18.5,24.0,29.5,6.7,12.7,18.7,13.53,16.98,20.59,0.0,48.97,9.3
2025,Najee Harris,00-0036893,RB,LAC,0,17.0,8.6,10.1,11.6,168.6,186.6,204.6,100.39,106.8,117.57,0.0,171.89,147.32
2025,Adam Prentice,00-0036727,RB,DEN,0,,0.0,0.0,0.0,,,,1.53,1.7,2.15,0.0,4.35,19.0
2025,Jaylin Lane,00-0040164,WR,WAS,1,,35.2,43.2,51.2,,,,23.18,27.72,31.42,0.0,86.48,19.0
2025,Dylan Sampson,00-0040162,RB,CLE,1,,54.6,71.1,87.6,,,,56.7,64.16,68.49,0.0,130.1,19.0
2025,Tutu Atwell,00-0036849,WR,LA,0,15.0,25.2,28.2,31.2,56.9,77.9,98.9,39.28,51.26,61.44,11.95,96.8,52.15
2025,Kene Nwangwu,00-0036842,RB,NYJ,0,2.0,10.9,10.9,10.9,6.0,6.0,6.0,13.62,15.97,18.59,0.0,53.4,6.18
2025,Feleipe Franks,00-0036825,TE,ATL,0,9.0,0.4,0.4,0.4,1.2,1.7,2.2,13.46,16.29,20.01,0.0,44.43,9.64
2025,Ben Skowronek,00-0036862,WR,PIT,0,9.0,12.9,14.9,16.9,6.9,9.4,11.9,12.51,14.78,19.85,0.0,46.4,7.35
2025,Kylen Granson,00-0036876,TE,PHI,0,16.0,4.0,7.5,11.0,18.2,25.2,32.2,19.67,26.36,31.85,0.0,41.93,21.9
2025,Rhamondre Stevenson,00-0036875,RB,NE,0,15.0,146.8,162.8,178.8,142.9,159.4,175.9,104.18,117.46,123.92,0.0,187.42,89.42
2025,Davis Mills,00-0036898,QB,HOU,0,4.0,68.6,68.6,68.6,9.58,9.58,9.58,23.6,24.08,25.25,1.16,88.57,22.32
2025,Pat Freiermuth,00-0036894,TE,PIT,0,17.0,72.6,93.1,113.6,105.3,137.8,170.3,71.59,97.31,123.98,0.0,150.09,74.68
2025,Tyler Badie,00-0037085,RB,DEN,0,3.0,16.4,25.9,35.4,6.4,7.9,9.4,37.08,39.5,45.71,0.0,84.07,12.17
2025,Jameson Williams,00-0037240,WR,DET,0,15.0,154.9,187.4,219.9,154.2,183.2,212.2,100.13,121.71,144.9,0.0,172.86,104.03
2025,James Cook,00-0037248,RB,BUF,0,16.0,269.2,285.7,302.2,234.7,250.7,266.7,144.31,166.13,182.46,0.0,239.0,143.08
2025,Grant Calcaterra,00-0037086,TE,PHI,0,15.0,13.6,18.1,22.6,35.8,47.8,59.8,23.29,30.75,41.13,0.0,72.19,27.59
2025,George Pickens,00-0037247,WR,DAL,0,14.0,198.9,245.4,291.9,105.4,134.9,164.4,86.68,103.57,124.51,0.0,161.59,98.55
2025,Sam Howell,00-0037077,QB,PHI,0,1.0,0.0,0.0,0.0,-0.84,-0.84,-0.84,22.74,25.17,28.15,0.13,99.1,101.02
2025,Jake Tonges,00-0037112,TE,SF,0,2.0,59.3,76.3,93.3,0.0,0.0,0.0,10.27,13.3,16.2,0.0,32.37,7.89
2025,LaJohntay Wester,00-0040075,WR,BAL,1,,0.0,0.0,0.0,,,,20.67,26.63,34.25,0.0,61.02,19.0
2025,Tetairoa McMillan,00-0040124,WR,CAR,1,,143.4,178.4,213.4,,,,142.77,180.83,204.41,0.0,239.54,19.0
2025,Andrew Ogletree,00-0037292,TE,IND,0,12.0,8.7,10.7,12.7,16.9,21.4,25.9,9.18,14.93,16.17,0.0,32.99,13.57
2025,Jalen Nailor,00-0037291,WR,MIN,0,15.0,71.7,86.2,100.7,77.0,91.0,105.0,28.25,33.59,41.93,0.0,94.49,49.84
2025,Isiah Pacheco,00-0037197,RB,KC,0,7.0,68.3,77.8,87.3,44.9,50.9,56.9,93.64,103.93,118.53,0.0,199.54,39.94
2025,Chris Olave,00-0037239,WR,NO,0,8.0,168.0,218.0,268.0,44.7,60.7,76.7,94.33,119.64,149.03,0.0,175.39,65.33
2025,Drake London,00-0037238,WR,ATL,0,17.0,133.9,167.9,201.9,180.8,230.8,280.8,144.82,185.62,232.76,0.0,221.11,136.15
2025,Jaylen Warren,00-0037228,RB,PIT,0,15.0,177.1,197.1,217.1,86.1,105.1,124.1,85.27,95.75,112.77,0.0,175.73,71.05
2025,Kyle Pitts,00-0036970,TE,ATL,0,17.0,122.8,166.8,210.8,84.2,107.7,131.2,78.64,106.55,136.31,0.0,146.35,62.12
2025,Zach Wilson,00-0037013,QB,MIA,0,,1.38,1.38,1.38,,,,64.54,69.04,67.37,1.47,152.28,55.69
2025,Trey Lance,00-0037012,QB,LAC,0,4.0,13.54,13.54,13.54,12.74,12.74,12.74,39.35,41.86,44.83,0.33,109.56,41.09
2025,Trevor Lawrence,00-0036971,QB,JAX,0,10.0,338.18,338.18,338.18,145.2,145.2,145.2,191.81,199.02,201.57,94.95,295.56,128.49
2025,Javonte Williams,00-0036997,RB,DAL,0,17.0,207.8,225.3,242.8,105.9,131.9,157.9,101.9,122.81,136.21,0.0,189.83,75.44
2025,Amon-Ra St. Brown,00-0036963,WR,DET,0,17.0,207.0,265.5,324.0,201.18,258.68,316.18,196.81,250.63,304.64,65.96,300.56,173.9
2025,Travis Etienne,00-0036973,RB,JAX,0,15.0,217.9,235.9,253.9,91.2,110.7,130.2,108.55,126.62,142.34,0.0,214.04,76.22
2025,Mac Jones,00-0036972,QB,SF,0,10.0,130.04,130.04,130.04,96.08,96.08,96.08,49.23,49.7,50.85,5.77,124.55,61.17
2025,Jaxon Smith-Njigba,00-0038543,WR,SEA,0,17.0,240.9,300.4,359.9,153.0,203.0,253.0,150.74,188.5,230.65,33.58,223.65,122.87
2025,Josh Palmer,00-0036988,WR,BUF,0,15.0,30.3,41.3,52.3,68.4,87.9,107.4,40.69,50.52,61.13,0.0,102.24,57.04
2025,Tommy Tremble,00-0037005,TE,CAR,0,10.0,36.9,50.4,63.9,33.4,44.9,56.4,35.92,48.37,59.23,0.0,87.5,27.08
2025,Hunter Long,00-0037004,TE,JAX,0,11.0,20.5,26.5,32.5,12.0,15.5,19.0,16.27,20.98,24.94,0.0,63.45,6.52
2025,Roman Wilson,00-0039739,WR,PIT,0,,26.6,32.6,38.6,,,,28.9,32.85,38.17,0.0,97.37,19.0
2025,Zach Charbonnet,00-0039165,RB,SEA,0,17.0,161.4,171.4,181.4,144.9,165.9,186.9,114.93,142.13,152.8,0.0,179.87,102.52
2025,Anthony Richardson,00-0039164,QB,IND,0,11.0,1.16,1.66,2.16,162.36,162.86,163.36,104.17,109.35,109.82,15.45,191.13,120.25
2025,C.J. Stroud,00-0039163,QB,HOU,0,17.0,208.54,208.54,208.54,220.38,220.38,220.38,216.49,223.01,221.68,111.52,281.2,198.69
2025,Blake Corum,00-0039738,RB,LA,0,15.0,114.2,118.2,122.2,26.5,30.0,33.5,72.12,75.31,77.64,0.0,124.07,43.22
2025,Tip Reiman,00-0039737,TE,ARI,0,8.0,1.8,3.3,4.8,3.7,6.7,9.7,15.7,20.72,22.17,0.0,41.33,10.16
2025,Brevyn Spann-Ford,00-0039530,TE,DAL,0,11.0,15.0,19.5,24.0,8.8,13.3,17.8,10.14,13.3,16.62,0.0,33.71,12.93
2025,Xavier Weaver,00-0039521,WR,ARI,0,2.0,6.7,10.2,13.7,0.0,0.0,0.0,12.42,14.69,16.96,0.0,47.41,7.93
2025,Kameron Johnson,00-0039589,WR,TB,0,4.0,13.7,15.7,17.7,1.1,1.1,1.1,15.0,17.12,21.01,0.0,53.65,9.65
2025,Brock Bowers,00-0039338,TE,LV,0,17.0,112.2,144.2,176.2,150.7,206.7,262.7,150.42,199.05,243.4,0.0,243.04,133.01
2025,Malik Nabers,00-0039337,WR,NYG,0,15.0,39.1,48.1,57.1,164.6,219.1,273.6,159.21,201.93,248.55,58.86,274.8,147.85
2025,Mason Tipton,00-0039623,WR,NO,0,9.0,9.4,14.9,20.4,9.9,16.9,23.9,15.51,18.9,23.0,0.0,56.47,18.28
2025,Xavier Legette,00-0039342,WR,CAR,0,15.0,54.3,71.8,89.3,76.1,100.6,125.1,59.03,73.81,93.33,0.0,148.62,67.05
2025,De'Von Achane,00-0039040,RB,MIA,0,17.0,255.8,289.3,322.8,221.9,260.9,299.9,190.41,227.87,254.39,0.0,293.41,148.87
2025,Bryce Young,00-0039150,QB,CAR,0,14.0,218.04,218.04,218.04,195.02,195.02,195.02,193.68,199.25,201.31,95.85,257.84,149.76
2025,Elijah Higgins,00-0039041,TE,ARI,0,15.0,28.1,43.1,58.1,29.2,39.2,49.2,30.03,39.65,48.24,0.0,87.96,23.48
2025,Payne Durham,00-0039050,TE,TB,0,8.0,1.1,1.6,2.1,23.5,29.0,34.5,19.6,27.82,32.7,0.0,72.04,17.14
2025,Michael Mayer,00-0039066,TE,LV,0,11.0,38.8,56.3,73.8,15.6,26.1,36.6,38.56,51.07,57.6,0.0,104.25,19.92
2025,Bryce Oliver,00-0039650,WR,TEN,0,8.0,0.8,1.3,1.8,9.5,12.5,15.5,12.67,16.62,19.36,0.0,51.72,13.4
2025,David Martin-Robinson,00-0039648,TE,TEN,0,4.0,9.0,11.0,13.0,0.6,1.1,1.6,8.92,11.55,13.4,0.0,27.39,7.93
2025,Puka Nacua,00-0039075,WR,LA,0,11.0,246.0,310.5,375.0,127.6,167.1,206.6,192.13,241.11,286.7,0.0,302.23,151.38
2025,Davis Allen,00-0039074,TE,LA,0,7.0,38.8,50.8,62.8,3.9,6.9,9.9,10.27,14.67,18.54,0.0,35.62,5.9
2025,Jayden Reed,00-0039146,WR,GB,0,17.0,29.5,39.0,48.5,142.0,169.5,197.0,135.72,173.7,203.78,0.0,228.71,118.91
2025,Luke Musgrave,00-0039144,TE,GB,0,7.0,25.2,37.2,49.2,4.5,8.0,11.5,23.45,31.61,36.43,0.0,63.17,8.08
2025,Jahmyr Gibbs,00-0039139,RB,DET,0,17.0,289.9,328.4,366.9,310.9,336.9,362.9,213.7,243.37,271.47,0.0,323.69,183.53
2025,Chimere Dike,00-0040705,WR,TEN,1,,80.1,104.1,128.1,,,,22.73,29.73,37.15,0.0,84.31,19.0
2025,Dillon Gabriel,00-0040704,QB,CLE,1,,70.08,70.08,70.08,,,,58.05,55.03,57.61,0.0,122.67,19.0
2025,Bhayshul Tuten,00-0040719,RB,JAX,1,,78.6,83.6,88.6,,,,49.23,59.0,65.77,0.0,115.07,19.0
2025,Travis Hunter,00-0040718,WR,JAX,1,,0.0,0.0,0.0,,,,109.75,128.23,141.63,0.0,191.88,19.0
2025,Geno Smith,00-0030565,QB,LV,0,17.0,173.9,173.9,173.9,266.0,266.0,266.0,176.98,176.34,174.89,110.38,278.42,196.0
2025,DeAndre Hopkins,00-0030564,WR,BAL,0,16.0,45.0,56.0,67.0,91.0,119.0,147.0,51.38,69.53,87.24,0.0,132.35,74.11
2025,Travis Kelce,00-0030506,TE,KC,0,16.0,117.2,155.2,193.2,98.4,146.9,195.4,106.12,141.46,184.18,0.0,215.02,78.58
2025,Teddy Bridgewater,00-0031237,QB,TB,0,,2.88,2.88,2.88,,,,37.68,40.4,36.84,0.9,116.13,5.75
2025,Brandin Cooks,00-0031236,WR,NO,0,10.0,27.9,39.9,51.9,43.6,56.6,69.6,25.34,34.01,41.44,0.0,100.62,39.98
2025,Joe Flacco,00-0026158,QB,CLE,0,7.0,146.66,146.66,146.66,99.04,99.04,99.04,142.05,150.29,140.56,40.65,256.47,57.52
2025,Russell Wilson,00-0029263,QB,NYG,0,11.0,49.84,49.84,49.84,172.78,172.78,172.78,186.5,180.88,183.03,97.66,286.92,145.09
2025,Isaiah Bond,00-0040782,WR,CLE,1,,36.7,45.7,54.7,,,,28.66,35.72,41.58,0.0,84.38,19.0
2025,Cam Ward,00-0040676,QB,TEN,1,,186.66,186.66,186.66,,,,209.8,207.26,207.98,25.61,303.47,19.0
2025,Jalen Milroe,00-0040673,QB,SEA,1,,-1.6,-1.6,-1.6,,,,26.83,28.33,29.9,0.09,93.95,19.0
2025,Josh Johnson,00-0026300,QB,WAS,0,4.0,24.38,24.38,24.38,0.78,0.78,0.78,8.17,8.77,9.77,0.0,44.84,14.28
2025,Isaac TeSlaa,00-0040669,WR,DET,1,,59.9,67.9,75.9,,,,33.34,41.68,48.16,0.0,92.44,19.0
2025,Matthew Golden,00-0040667,WR,GB,1,,41.0,55.5,70.0,,,,81.54,98.64,118.64,0.0,180.85,19.0
2025,Omarion Hampton,00-0040666,RB,LAC,1,,103.7,119.7,135.7,,,,155.14,175.31,193.91,0.0,270.5,19.0
2025,Jaxson Dart,00-0040691,QB,NYG,1,,241.58,241.58,241.58,,,,111.22,116.41,117.89,1.7,203.23,19.0
2025,Isaac Guerendo,00-0039363,RB,SF,0,16.0,0.0,0.0,0.0,81.2,88.7,96.2,61.08,69.29,79.73,0.0,141.78,80.63
2025,Bucky Irving,00-0039361,RB,TB,0,17.0,108.5,123.5,138.5,197.4,220.9,244.4,214.38,237.62,250.97,0.0,274.6,200.89
2025,Cade Stover,00-0039359,TE,HOU,0,14.0,7.9,13.9,19.9,19.3,26.8,34.3,22.67,29.56,38.06,0.0,60.85,22.75
2025,Jamari Thrash,00-0039379,WR,CLE,0,6.0,10.7,15.7,20.7,2.2,3.7,5.2,23.62,32.54,39.26,0.0,75.28,8.04
2025,Spencer Rattler,00-0039376,QB,NO,0,7.0,98.14,98.64,99.14,67.28,67.28,67.28,115.59,120.57,120.22,44.07,212.16,22.37
2025,Jack Westover,00-0039305,RB,NE,0,,0.0,0.5,1.0,,,,1.59,1.84,2.3,0.0,12.05,19.0
2025,George Holani,00-0039299,RB,SEA,0,3.0,18.8,19.8,20.8,0.9,1.4,1.9,17.6,22.15,25.42,0.0,63.71,8.2
2025,Tyrone Tracy Jr.,00-0039384,RB,NYG,0,17.0,124.8,142.8,160.8,144.3,163.3,182.3,123.66,142.49,161.03,0.0,226.81,120.84
2025,Joe Milton III,00-0039398,QB,DAL,0,1.0,10.32,10.32,10.32,19.24,19.24,19.24,47.27,51.13,50.0,10.99,146.43,53.0
2025,Casey Washington,00-0039394,WR,ATL,0,2.0,9.4,12.4,15.4,1.4,1.9,2.4,13.19,17.7,22.52,0.0,55.1,7.93
2025,Ryan Flournoy,00-0039410,WR,DAL,0,9.0,74.0,94.0,114.0,8.2,13.2,18.2,6.25,8.88,12.08,0.0,29.26,13.32
2025,Dylan Laube,00-0039407,RB,LV,0,6.0,2.7,4.2,5.7,-2.0,-2.0,-2.0,24.6,24.47,29.35,0.0,72.2,10.53
2025,Sam LaPorta,00-0039065,TE,DET,0,16.0,66.9,86.9,106.9,114.6,144.6,174.6,116.46,160.85,192.16,0.0,202.0,91.51
2025,Devaughn Vele,00-0039424,WR,NO,0,13.0,41.3,53.8,66.3,65.5,86.0,106.5,28.37,36.64,48.48,0.0,108.51,56.32
2025,Ja'Tavion Sanders,00-0039356,TE,CAR,0,15.0,25.0,39.5,54.0,40.2,56.7,73.2,56.03,73.49,92.39,0.0,121.41,40.46
2025,Luke McCaffrey,00-0039355,WR,WAS,0,13.0,40.3,45.8,51.3,16.8,25.8,34.8,22.74,30.03,34.36,0.0,73.92,22.15
2025,Scott Matlock,00-0038614,RB,LAC,0,,0.0,0.0,0.0,,,,0.6,0.78,0.93,0.0,2.57,19.0
2025,Chris Rodriguez Jr.,00-0038611,RB,WAS,0,7.0,89.0,90.5,92.0,30.5,31.0,31.5,34.69,39.52,40.1,0.0,95.82,32.41
2025,Kayshon Boutte,00-0038608,WR,NE,0,15.0,91.1,107.6,124.1,78.9,100.4,121.9,35.52,43.96,53.18,0.0,109.01,53.88
2025,Parker Washington,00-0038606,WR,JAX,0,14.0,126.7,155.7,184.7,65.0,81.0,97.0,28.53,36.45,43.48,0.0,88.12,38.44
2025,DeMario Douglas,00-0038621,WR,NE,0,16.0,64.8,80.3,95.8,81.7,114.7,147.7,69.17,92.3,110.9,0.0,149.62,64.96
2025,Andrei Iosivas,00-0038619,WR,CIN,0,17.0,56.9,73.4,89.9,83.9,101.9,119.9,34.85,44.81,50.97,0.0,100.65,51.08
2025,Xavier Hutchinson,00-0038618,WR,HOU,0,14.0,63.0,80.5,98.0,11.7,17.7,23.7,14.29,18.96,21.54,0.0,45.71,12.35
2025,Darnell Washington,00-0038558,TE,PIT,0,13.0,42.4,57.9,73.4,26.0,35.5,45.0,14.82,19.95,26.15,0.0,53.1,21.49
2025,Tank Bigsby,00-0038555,RB,JAX,0,16.0,50.8,52.3,53.8,122.0,125.5,129.0,89.72,100.49,104.45,0.0,149.7,69.21
2025,Kendre Miller,00-0038551,RB,NO,0,6.0,28.3,30.8,33.3,24.1,26.6,29.1,74.95,78.32,83.97,0.0,121.72,29.67
2025,Tre Tucker,00-0038563,WR,LV,0,17.0,104.7,133.2,161.7,82.3,105.8,129.3,50.59,59.89,72.87,0.0,127.19,48.54
2025,Anthony Gould,00-0039816,WR,IND,0,8.0,0.6,1.6,2.6,2.3,2.8,3.3,14.15,18.66,21.54,0.0,61.48,8.21
2025,Michael Wilson,00-0038559,WR,ARI,0,16.0,142.6,181.6,220.6,77.5,101.0,124.5,66.34,79.77,91.18,0.0,141.63,55.17
2025,Chris Brooks,00-0038685,RB,GB,0,11.0,19.7,26.2,32.7,31.2,36.7,42.2,31.72,38.38,43.47,0.0,76.96,28.38
2025,Justin Shorter,00-0038590,TE,LV,0,1.0,0.0,0.0,0.0,0.0,0.0,0.0,8.0,10.38,11.73,0.0,22.57,7.89
2025,Chase Brown,00-0038597,RB,CIN,0,16.0,213.6,248.1,282.6,201.0,228.0,255.0,148.84,169.48,185.13,0.0,236.07,133.25
2025,Jayden Daniels,00-0039910,QB,WAS,0,17.0,114.28,114.28,114.28,355.82,355.82,355.82,327.75,324.7,318.04,122.09,387.77,305.83
2025,Drake Maye,00-0039851,QB,NE,0,13.0,350.96,351.46,351.96,177.14,177.14,177.14,197.69,199.62,203.52,69.62,292.38,205.52
2025,Marvin Harrison Jr.,00-0039849,WR,ARI,0,17.0,86.8,107.3,127.8,134.5,165.5,196.5,140.77,169.41,198.18,0.0,237.48,127.08
2025,Theo Johnson,00-0039847,TE,NYG,0,11.0,82.8,105.3,127.8,39.1,53.6,68.1,43.12,56.73,72.96,0.0,110.42,40.36
2025,Ray Davis,00-0039875,RB,BUF,0,17.0,54.1,59.1,64.1,99.1,107.6,116.1,101.44,116.4,130.68,0.0,174.58,95.85
2025,Luke Schoonmaker,00-0038547,TE,DAL,0,12.0,13.2,20.2,27.2,30.1,43.6,57.1,30.85,41.81,55.63,0.0,88.35,26.18
2025,Quentin Johnston,00-0038544,WR,LAC,0,15.0,120.2,145.7,171.2,119.7,147.2,174.7,83.21,106.23,126.22,0.0,147.4,78.12
2025,Brady Russell,00-0038488,TE,SEA,0,8.0,0.0,0.0,0.0,0.0,0.0,0.0,4.36,5.28,6.77,0.0,6.71,2.18
2025,Charlie Jones,00-0038576,WR,CIN,0,7.0,6.0,6.0,6.0,6.5,7.0,7.5,10.01,13.34,15.13,0.0,46.4,6.52
2025,Derius Davis,00-0038573,WR,LAC,0,15.0,1.5,2.5,3.5,27.1,33.6,40.1,11.46,16.87,22.8,0.0,71.59,23.85
2025,Xavier Gipson,00-0038496,WR,NYJ,0,17.0,0.6,1.6,2.6,10.4,13.4,16.4,18.03,22.81,26.36,0.0,55.4,14.24
2025,Jason Brownlee,00-0038492,WR,KC,0,,0.0,0.0,0.0,,,,11.72,13.6,16.95,0.0,51.48,9.48
2025,Ben VanSumeren,00-0038489,RB,PHI,0,3.0,0.0,0.0,0.0,0.0,0.5,1.0,3.67,4.75,5.1,0.0,17.56,1.89
2025,Bijan Robinson,00-0038542,RB,ATL,0,17.0,291.8,331.3,370.8,280.7,311.2,341.7,207.11,223.35,239.04,0.0,329.38,173.46
2025,Nikko Remigio,00-0038519,WR,KC,0,5.0,3.2,3.7,4.2,4.8,5.8,6.8,17.73,23.75,29.01,0.0,61.28,10.05
2025,Ryan Miller,00-0038824,WR,TB,0,9.0,9.4,10.4,11.4,24.8,30.8,36.8,17.95,22.74,28.19,0.0,72.59,27.18
2025,Cody Schrader,00-0039703,RB,LA,0,1.0,0.0,0.0,0.0,0.9,1.4,1.9,8.29,10.43,12.34,0.0,32.56,8.85
2025,Bo Nix,00-0039732,QB,DEN,0,17.0,304.84,304.84,304.84,316.2,316.7,317.2,287.8,283.86,279.15,133.09,373.57,286.53
2025,Colson Yankoff,00-0039686,RB,WAS,0,4.0,1.8,2.8,3.8,0.0,0.0,0.0,13.26,16.35,18.12,0.0,51.47,7.89
2025,Brycen Tremayne,00-0038840,WR,CAR,0,2.0,16.0,23.0,30.0,-0.2,0.3,0.8,10.43,13.17,17.1,0.0,41.41,6.16
2025,Mitchell Tinsley,00-0038839,WR,CIN,0,,23.6,27.6,31.6,,,,11.84,14.21,16.9,0.0,59.24,19.0
2025,Jacob Saylors,00-0038896,RB,DET,0,,1.1,1.1,1.1,,,,4.03,4.56,4.96,0.0,15.81,19.0
2025,Brenton Strange,00-0038935,TE,JAX,0,14.0,72.0,95.0,118.0,51.1,71.1,91.1,50.24,64.61,81.84,0.0,125.3,30.07
2025,Zay Flowers,00-0039064,WR,BAL,0,17.0,157.3,200.3,243.3,135.5,172.5,209.5,137.14,169.59,207.29,0.0,226.86,102.42
2025,Sean Tucker,00-0038951,RB,TB,0,17.0,83.4,87.4,91.4,59.7,64.2,68.7,40.94,52.49,59.06,0.0,93.77,40.36
2025,Jalin Hyatt,00-0038938,WR,NYG,0,10.0,3.5,6.0,8.5,6.2,10.2,14.2,21.43,28.09,33.68,0.0,68.28,10.36
2025,Cedric Tillman,00-0038979,WR,CLE,0,9.0,39.0,49.5,60.0,51.4,65.9,80.4,58.19,78.89,89.37,0.0,126.81,31.67
2025,Marvin Mims Jr.,00-0038976,WR,DEN,0,17.0,58.0,76.5,95.0,90.5,110.0,129.5,75.14,100.73,108.97,0.0,153.51,60.21
2025,Josh Downs,00-0038997,WR,IND,0,14.0,80.4,109.4,138.4,111.5,147.5,183.5,93.06,116.04,150.6,0.0,168.74,88.39
2025,Tucker Kraft,00-0038996,TE,GB,0,17.0,85.2,101.2,117.2,113.3,138.3,163.3,76.03,109.54,140.63,0.0,162.61,78.1
2025,Braelon Allen,00-0039794,RB,NYJ,0,17.0,13.3,14.3,15.3,66.2,75.7,85.2,86.47,92.88,108.12,0.0,159.73,50.19
2025,AJ Barner,00-0039793,TE,SEA,0,15.0,95.3,121.3,147.3,48.5,63.5,78.5,46.56,61.03,74.96,0.0,121.88,44.56
2025,Devontez Walker,00-0039792,WR,BAL,0,3.0,31.6,34.6,37.6,8.1,8.6,9.1,18.74,23.15,29.42,0.0,60.77,11.07
2025,Emanuel Wilson,00-0038797,RB,GB,0,17.0,79.5,87.0,94.5,85.0,90.5,96.0,64.39,73.41,80.62,0.0,123.71,57.26
2025,Hunter Luepke,00-0038738,RB,DAL,0,14.0,24.0,30.5,37.0,14.9,20.9,26.9,6.63,9.98,10.91,0.0,12.42,12.92
2025,Tyrell Shavers,00-0038679,WR,BUF,0,1.0,30.5,38.0,45.5,12.9,13.4,13.9,32.99,36.07,40.54,0.0,83.53,18.51
2025,Blake Whiteheart,00-0038710,TE,CLE,0,7.0,0.4,1.4,2.4,11.1,14.1,17.1,16.38,20.82,28.37,0.0,40.82,14.5
2025,Emari Demercado,00-0038705,RB,ARI,0,13.0,45.3,51.8,58.3,38.7,46.7,54.7,31.96,39.4,42.12,0.0,87.04,32.16
2025,Troy Franklin,00-0039868,WR,DEN,0,16.0,112.1,144.6,177.1,39.1,53.1,67.1,37.7,48.71,60.42,0.0,96.95,42.92
2025,Jordan Whittington,00-0039751,WR,LA,0,14.0,18.3,27.3,36.3,30.5,41.5,52.5,26.35,33.53,42.51,0.0,90.23,36.31
2025,Will Shipley,00-0039746,RB,PHI,0,13.0,10.5,15.0,19.5,11.7,13.7,15.7,58.0,62.9,67.06,0.0,109.45,24.83
2025,Isaiah Davis,00-0039798,RB,NYJ,0,13.0,50.2,60.7,71.2,36.9,41.4,45.9,55.57,63.05,69.9,0.0,110.31,42.63
2025,Rasheen Ali,00-0039796,RB,BAL,0,5.0,15.2,19.7,24.2,3.1,3.1,3.1,25.32,28.89,33.35,0.0,68.81,15.68
2025,Dalton Kincaid,00-0038933,TE,BUF,0,13.0,87.1,106.6,126.1,56.8,78.8,100.8,68.12,92.56,121.01,0.0,157.31,42.13
2025,Carlos Washington,00-0038930,RB,ATL,0,,0.0,0.0,0.0,,,,4.72,5.56,5.83,0.0,24.72,19.0
2025,Julian Hill,00-0038720,TE,MIA,0,14.0,16.0,23.5,31.0,10.0,16.0,22.0,18.99,24.15,29.01,0.0,53.82,10.8
2025,Durham Smythe,00-0034798,TE,CHI,0,14.0,2.5,4.5,6.5,5.3,9.8,14.3,6.23,9.71,12.97,0.0,31.93,10.35
2025,Mike Gesicki,00-0034829,TE,CIN,0,16.0,42.7,56.7,70.7,76.5,109.0,141.5,62.18,79.93,101.33,0.0,139.36,57.55
2025,Dont'e Thornton Jr.,00-0040581,WR,LV,1,,13.5,18.5,23.5,,,,24.03,31.71,38.14,0.0,87.12,19.0
2025,Tyler Lockett,00-0032211,WR,TEN,0,17.0,35.1,51.1,67.1,72.0,96.5,121.0,48.99,65.54,70.44,0.0,125.88,57.89
2025,Gunnar Helm,00-0040584,TE,TEN,1,,47.7,69.7,91.7,,,,25.11,33.45,40.24,0.0,73.62,19.0
2025,Woody Marks,00-0040583,RB,HOU,1,,121.1,133.1,145.1,,,,35.54,42.98,48.75,0.0,100.32,19.0
2025,Arian Smith,00-0040582,WR,NYJ,1,,6.5,10.0,13.5,,,,27.17,36.93,44.85,0.0,89.57,19.0
2025,Konata Mumpfield,00-0040590,WR,LA,1,,15.2,20.2,25.2,,,,19.68,25.65,32.15,0.0,67.12,19.0
2025,DJ Moore,00-0034827,WR,CHI,0,17.0,122.18,147.18,172.18,140.1,189.1,238.1,121.04,161.41,198.25,57.9,223.55,151.3
2025,Mason Rudolph,00-0034771,QB,PIT,0,8.0,15.0,15.0,15.0,95.8,95.8,95.8,33.23,33.68,33.9,2.68,116.44,66.66
2025,Hunter Renfrow,00-0034983,WR,CAR,0,,20.9,28.4,35.9,,,,18.38,21.93,30.12,0.0,60.3,13.86
2025,Justice Hill,00-0034975,RB,BAL,0,15.0,44.2,54.7,65.2,85.1,106.1,127.1,68.07,81.93,97.94,0.0,132.0,58.94
2025,Sterling Shepard,00-0032385,WR,TB,0,13.0,43.0,62.5,82.0,48.3,64.3,80.3,17.61,22.93,28.28,0.0,75.64,34.46
2025,Lamar Jackson,00-0034796,QB,BAL,0,17.0,214.86,214.86,214.86,430.38,430.38,430.38,301.04,309.1,302.5,132.37,370.4,297.43
2025,Nick Chubb,00-0034791,RB,HOU,0,8.0,75.3,81.8,88.3,58.3,60.8,63.3,101.34,103.73,114.41,0.0,198.12,27.47
2025,Dallas Goedert,00-0034351,TE,PHI,0,10.0,125.1,155.1,185.1,61.6,82.6,103.6,55.46,77.65,94.43,0.0,133.27,45.96
2025,Marcus Mariota,00-0032268,QB,WAS,0,3.0,125.5,125.5,125.5,45.76,45.76,45.76,46.09,41.01,38.39,3.7,141.54,43.22
2025,Courtland Sutton,00-0034348,WR,DEN,0,16.0,145.7,182.7,219.7,159.3,199.8,240.3,101.33,127.99,158.54,59.65,203.15,106.43
2025,Mark Andrews,00-0034753,TE,BAL,0,17.0,83.0,107.0,131.0,133.8,161.3,188.8,100.22,130.09,160.4,0.0,182.69,97.21
2025,Ian Thomas,00-0034365,TE,LV,0,3.0,11.4,17.9,24.4,0.7,2.2,3.7,10.69,13.08,18.1,0.0,36.39,4.65
2025,Trent Sherfield,00-0034487,WR,DEN,0,13.0,2.1,3.6,5.1,14.3,18.3,22.3,9.69,12.62,14.75,0.0,39.57,10.77
2025,Tanner Hudson,00-0034613,TE,CIN,0,9.0,28.8,38.3,47.8,19.5,29.0,38.5,17.07,22.81,30.11,0.0,44.96,18.26
2025,Kyle Allen,00-0034577,QB,DET,0,1.0,-0.3,-0.3,-0.3,0.76,0.76,0.76,20.13,21.16,18.59,0.08,70.89,1.71
2025,Ben Yurosek,00-0040509,TE,MIN,1,,1.4,2.4,3.4,,,,2.66,3.21,4.07,0.0,6.61,19.0
2025,Myles Price,00-0040506,WR,MIN,1,,0.0,0.0,0.0,,,,14.57,18.14,22.04,0.0,50.73,19.0
2025,Tony Pollard,00-0035261,RB,TEN,0,16.0,152.8,169.3,185.8,159.7,180.2,200.7,132.81,138.0,166.08,0.0,193.77,140.53
2025,Jimmy Garoppolo,00-0031345,QB,LA,0,1.0,-1.0,-1.0,-1.0,19.86,19.86,19.86,24.97,28.2,24.28,11.46,101.88,42.15
2025,Ashton Dulin,00-0035021,WR,IND,0,13.0,15.0,17.5,20.0,17.2,18.2,19.2,14.49,17.69,20.15,0.0,48.6,21.38
2025,Josh Oliver,00-0035249,TE,MIN,0,12.0,40.0,47.5,55.0,43.8,54.8,65.8,28.77,38.93,48.0,0.0,80.75,28.28
2025,Ty Johnson,00-0035537,RB,BUF,0,17.0,76.3,88.3,100.3,73.7,82.7,91.7,37.01,46.58,51.71,0.0,96.56,46.8
2025,Darius Slayton,00-0035535,WR,NYG,0,16.0,61.8,80.3,98.8,71.0,90.5,110.0,36.43,46.79,55.72,0.0,98.25,54.81
2025,Greg Dortch,00-0035500,WR,ARI,0,17.0,46.1,60.6,75.1,53.3,71.8,90.3,29.71,38.44,47.44,0.0,82.57,32.8
2025,Devin Singletary,00-0035250,RB,NYG,0,15.0,90.8,99.8,108.8,75.6,86.1,96.6,73.87,82.0,91.7,0.0,140.5,50.21
2025,Alec Ingold,00-0035125,RB,MIA,0,,0.0,0.0,0.0,,,,0.41,0.28,0.8,0.0,5.01,19.0
2025,Chris Manhertz,00-0031484,TE,NYG,0,8.0,0.7,1.2,1.7,9.0,10.5,12.0,3.19,4.39,5.62,0.0,14.52,7.25
2025,Miles Sanders,00-0035243,RB,DAL,0,11.0,18.7,22.7,26.7,53.3,65.3,77.3,58.75,70.7,77.18,0.0,120.05,30.2
2025,Jameis Winston,00-0031503,QB,NYG,0,11.0,42.28,42.78,43.28,131.14,131.14,131.14,18.74,21.41,24.59,0.0,123.83,45.82
2025,Jarrett Stidham,00-0035264,QB,DEN,0,2.0,-0.1,-0.1,-0.1,0.5,0.5,0.5,18.57,19.48,20.42,0.08,76.88,8.97
2025,Baker Mayfield,00-0034855,QB,TB,0,17.0,271.92,271.92,271.92,365.8,365.8,365.8,260.14,263.95,265.83,137.3,336.14,203.93
2025,KhaDarel Hodge,00-0034854,WR,ATL,0,11.0,3.1,4.6,6.1,19.1,22.6,26.1,12.48,16.53,19.38,0.0,47.17,16.82
2025,Saquon Barkley,00-0034844,RB,PHI,0,16.0,195.3,213.8,232.3,322.3,338.8,355.3,199.48,212.93,238.64,0.32,301.17,169.69
2025,Calvin Ridley,00-0034837,WR,TEN,0,17.0,30.3,38.8,47.3,135.2,167.2,199.2,111.54,138.03,158.86,0.0,201.53,117.31
2025,Sam Darnold,00-0034869,QB,SEA,0,17.0,235.42,235.42,235.42,307.96,307.96,307.96,218.24,210.28,206.59,100.48,297.28,200.73
2025,Josh Allen,00-0034857,QB,BUF,0,16.0,364.62,364.62,364.62,379.04,379.04,379.04,306.52,299.57,294.97,114.95,381.92,321.65
2025,Jakobi Meyers,00-0034960,WR,LV,0,15.0,100.8,138.3,175.8,131.0,174.5,218.0,117.62,152.4,179.57,0.34,200.48,116.25
2025,Andrew Beck,00-0034959,RB,NYJ,0,,0.0,0.0,0.0,,,,0.53,0.37,0.97,0.0,4.63,19.0
2025,Jake Browning,00-0035100,QB,CIN,0,2.0,48.74,48.74,48.74,-0.2,-0.2,-0.2,27.61,31.17,30.49,0.58,95.8,49.3
2025,T.J. Hockenson,00-0035229,TE,MIN,0,10.0,61.8,87.3,112.8,45.5,66.0,86.5,67.91,95.09,117.97,0.0,140.99,42.48
2025,Austin Hooper,00-0032392,TE,NE,0,17.0,38.3,48.8,59.3,63.6,86.1,108.6,40.15,53.91,66.19,15.23,99.55,40.73
2025,Kyler Murray,00-0035228,QB,ARI,0,17.0,77.78,77.78,77.78,297.24,297.24,297.24,278.11,278.44,263.14,125.79,365.49,281.46
2025,Olamide Zaccheaus,00-0035208,WR,CHI,0,16.0,45.8,65.3,84.8,69.4,91.9,114.4,28.03,35.84,46.19,0.0,89.7,49.0
2025,Chris Moore,00-0032398,WR,WAS,0,,27.6,33.1,38.6,,,,7.49,9.24,11.33,0.0,23.95,16.78
2025,Patrick Mahomes,00-0033873,QB,KC,0,16.0,284.68,285.18,285.68,282.02,282.52,283.02,301.07,303.83,300.12,121.18,380.95,271.05
2025,Mitchell Trubisky,00-0033869,QB,BUF,0,8.0,31.12,31.12,31.12,15.26,15.26,15.26,34.7,36.09,33.14,2.73,107.13,30.56
2025,David Njoku,00-0033885,TE,CLE,0,11.0,53.3,69.8,86.3,84.5,116.5,148.5,75.38,102.17,127.43,0.0,161.15,65.5
2025,Evan Engram,00-0033881,TE,DEN,0,9.0,52.8,77.8,102.8,42.5,66.0,89.5,58.45,80.74,101.33,0.0,148.81,40.34
2025,Johnny Mundt,00-0033246,TE,JAX,0,14.0,11.1,15.6,20.1,26.2,35.7,45.2,16.55,22.59,27.67,0.0,44.27,23.39
2025,Nick Mullens,00-0033319,QB,JAX,0,4.0,-0.04,-0.04,-0.04,1.32,1.32,1.32,25.54,25.19,25.17,0.14,86.7,15.11
2025,Aaron Jones,00-0033293,RB,MIN,0,17.0,90.7,104.7,118.7,190.6,216.1,241.6,140.97,160.1,181.86,0.0,207.71,161.65
2025,George Kittle,00-0033288,TE,SF,0,15.0,104.5,133.0,161.5,158.6,197.6,236.6,117.23,150.83,195.45,0.0,198.89,123.39
2025,Jeremy McNichols,00-0033955,RB,WAS,0,15.0,47.7,60.2,72.7,54.8,59.3,63.8,42.83,49.83,56.86,0.0,87.34,31.66
2025,Joshua Dobbs,00-0033949,QB,NE,0,2.0,2.1,2.1,2.1,30.84,30.84,30.84,44.56,49.48,49.04,4.78,145.04,70.55
2025,Austin Ekeler,00-0033699,RB,WAS,0,12.0,8.1,10.6,13.1,97.3,114.8,132.3,117.77,136.97,163.9,0.0,198.09,84.19
2025,Cooper Rush,00-0033662,QB,BAL,0,12.0,1.72,1.72,1.72,109.56,109.56,109.56,30.76,31.9,28.06,1.8,123.69,34.37
2025,Noah Brown,00-0033591,WR,WAS,0,11.0,8.3,10.8,13.3,51.3,68.8,86.3,26.39,34.18,40.83,0.0,77.87,36.92
2025,David Moore,00-0033589,WR,CAR,0,15.0,1.7,2.2,2.7,53.1,69.1,85.1,25.41,30.13,36.28,0.0,72.86,31.6
2025,Jonnu Smith,00-0033858,TE,PIT,0,17.0,47.2,66.2,85.2,134.3,178.3,222.3,75.92,91.93,110.06,0.0,143.22,102.93
2025,JuJu Smith-Schuster,00-0033857,WR,KC,0,11.0,40.5,57.0,73.5,35.1,44.1,53.1,30.18,41.55,47.04,0.0,88.4,27.34
2025,Dare Ogunbowale,00-0033854,RB,HOU,0,16.0,14.1,19.1,24.1,37.0,46.5,56.0,21.67,24.98,28.99,0.0,68.52,28.46
2025,Robert Tonyan,00-0033757,TE,KC,0,,0.1,0.6,1.1,,,,9.9,11.24,14.17,0.0,35.04,9.48
2025,Jared Goff,00-0033106,QB,DET,0,17.0,297.06,297.06,297.06,323.46,323.96,324.46,274.83,285.82,282.66,133.03,326.15,251.47
2025,Hunter Henry,00-0033090,TE,NE,0,16.0,118.8,148.8,178.8,79.4,112.4,145.4,68.27,88.56,114.41,24.8,154.91,66.1
2025,Christian McCaffrey,00-0033280,RB,SF,0,4.0,314.6,365.6,416.6,32.8,40.3,47.8,164.58,187.21,206.77,0.0,286.24,152.15
2025,Dak Prescott,00-0033077,QB,DAL,0,8.0,313.78,313.78,313.78,116.52,116.52,116.52,209.55,203.85,203.38,83.59,300.17,170.01
2025,Mo Alie-Cox,00-0033217,TE,IND,0,12.0,17.7,24.2,30.7,20.7,26.7,32.7,17.46,23.88,27.72,0.0,56.25,23.4
2025,Jacoby Brissett,00-0033119,QB,ARI,0,7.0,227.44,227.44,227.44,45.24,45.24,45.24,32.54,33.75,30.37,1.68,102.11,37.75
2025,Tyler Higbee,00-0033110,TE,LA,0,3.0,46.1,58.6,71.1,18.6,22.6,26.6,37.94,50.31,65.77,0.0,102.71,15.05
2025,Tim Patrick,00-0033375,WR,JAX,0,15.0,36.7,44.2,51.7,59.4,75.9,92.4,22.42,28.4,34.23,0.0,79.91,56.26
2025,Kalif Raymond,00-0032464,WR,DET,0,12.0,42.8,54.8,66.8,39.5,48.0,56.5,25.61,29.66,37.91,0.0,75.97,27.81
2025,Samaje Perine,00-0033526,RB,CIN,0,17.0,60.9,69.4,77.9,53.4,67.4,81.4,64.53,78.58,85.65,0.0,114.34,35.34
2025,Eric Saubert,00-0033576,TE,SEA,0,12.0,5.1,7.1,9.1,15.7,21.2,26.7,11.92,16.85,19.75,0.0,31.75,11.36
2025,Jamal Agnew,00-0033572,WR,ATL,0,,0.0,0.0,0.0,,,,12.48,15.42,17.34,0.0,50.21,13.48
2025,Mack Hollins,00-0033555,WR,NE,0,17.0,67.4,90.4,113.4,67.8,83.3,98.8,25.46,30.4,35.52,0.0,89.72,40.55
2025,James Conner,00-0033553,RB,ARI,0,16.0,25.3,29.3,33.3,206.8,230.3,253.8,176.35,188.66,207.76,0.0,253.36,157.12
2025,Tyreek Hill,00-0033040,WR,MIA,0,17.0,32.5,43.0,53.5,137.2,177.7,218.2,166.34,209.23,245.61,0.0,275.88,154.76
2025,Marquez Valdes-Scantling,00-0034272,WR,SF,0,13.0,18.0,25.0,32.0,65.5,75.0,84.5,29.05,36.93,44.29,0.0,91.69,39.66
2025,Tyler Conklin,00-0034270,TE,LAC,0,16.0,10.3,13.8,17.3,70.9,96.4,121.9,49.43,64.48,80.27,0.0,98.37,44.15
2025,Cam Skattebo,00-0040715,RB,NYG,1,,103.7,115.7,127.7,,,,51.86,60.74,67.27,0.0,107.16,19.0
2025,Ray-Ray McCloud,00-0034407,WR,ATL,0,17.0,6.9,10.4,13.9,80.5,111.5,142.5,39.4,55.19,72.57,0.0,106.11,62.59
2025,Justin Watson,00-0034386,WR,HOU,0,15.0,3.0,4.5,6.0,40.9,51.9,62.9,16.49,22.41,28.49,0.0,56.98,30.57
2025,Dalton Schultz,00-0034383,TE,HOU,0,17.0,95.7,136.7,177.7,65.2,91.7,118.2,55.05,74.37,91.3,0.0,117.61,48.16
2025,Russell Gage,00-0034411,WR,SF,0,,0.0,0.0,0.0,,,,6.64,7.29,9.96,0.0,27.26,19.0
2025,Derrick Henry,00-0032764,RB,BAL,0,17.0,264.5,272.0,279.5,317.4,326.9,336.4,195.67,211.12,224.77,0.0,306.57,166.57
2025,Carson Wentz,00-0032950,QB,MIN,0,2.0,70.34,70.34,70.34,4.72,4.72,4.72,51.9,50.71,50.19,1.32,106.9,17.64
2025,Will Dissly,00-0034159,TE,LAC,0,15.0,9.7,15.2,20.7,60.1,85.1,110.1,45.13,59.7,73.63,0.0,116.62,40.16
2025,Jeff Wilson,00-0034115,RB,MIA,0,7.0,0.0,0.0,0.0,7.6,9.1,10.6,10.87,12.43,14.07,0.0,22.18,10.88
2025,Cooper Kupp,00-0033908,WR,SEA,0,12.0,69.3,92.8,116.3,108.0,141.5,175.0,91.41,117.48,144.99,0.0,176.24,91.44
2025,Zay Jones,00-0033891,WR,ARI,0,6.0,18.3,24.3,30.3,8.4,12.4,16.4,18.72,23.95,28.77,0.0,69.03,9.87
2025,Kareem Hunt,00-0033923,RB,KC,0,13.0,127.4,136.4,145.4,132.4,143.9,155.4,91.2,100.64,112.83,0.0,149.24,72.97
2025,Brandon Allen,00-0032434,QB,TEN,0,3.0,0.88,0.88,0.88,6.36,6.36,6.36,12.71,12.19,12.94,1.48,77.17,21.44
2025,Alvin Kamara,00-0033906,RB,NO,0,14.0,67.7,84.2,100.7,197.3,231.3,265.3,147.27,182.45,221.61,0.0,272.6,161.02
2025,Josh Reynolds,00-0033943,WR,NYJ,0,8.0,12.1,17.6,23.1,25.4,31.9,38.4,34.39,45.59,54.82,0.0,99.92,31.0
2025,Trevor Etienne,00-0040644,RB,CAR,1,,10.7,12.2,13.7,,,,44.67,54.96,64.35,0.0,120.29,19.0
2025,Robbie Ouzts,00-0040649,RB,SEA,1,,0.0,0.0,0.0,,,,3.3,3.7,4.82,0.0,7.65,19.0
2025,Tory Horton,00-0040648,WR,SEA,1,,52.1,58.6,65.1,,,,30.51,38.3,47.53,0.0,85.46,19.0
2025,Harold Fannin Jr.,00-0040663,TE,CLE,1,,114.4,150.4,186.4,,,,71.72,91.82,113.51,0.0,150.54,19.0
2025,Devin Duvernay,00-0036331,WR,CHI,0,13.0,2.6,3.6,4.6,8.2,13.7,19.2,14.06,16.07,20.86,0.0,50.05,11.86
2025,Antonio Gibson,00-0036328,RB,NE,0,17.0,21.2,22.2,23.2,80.4,91.9,103.4,45.65,57.2,58.4,0.0,115.61,64.3
2025,Jackson Hawes,00-0040194,TE,BUF,1,,36.7,44.7,52.7,,,,7.75,10.52,13.36,0.0,34.57,19.0
2025,Kalel Mullings,00-0040205,RB,TEN,1,,0.7,0.7,0.7,,,,19.22,25.24,26.33,0.0,69.81,19.0
2025,Devin Neal,00-0040202,RB,NO,1,,43.0,51.5,60.0,,,,53.37,57.93,65.79,0.0,112.56,19.0
2025,Van Jefferson,00-0036415,WR,TEN,0,15.0,41.0,55.5,70.0,39.6,51.6,63.6,22.82,29.28,36.34,0.0,66.08,29.69
2025,Tee Higgins,00-0036410,WR,CIN,0,12.0,152.6,182.1,211.6,149.1,185.6,222.1,95.24,124.81,145.93,0.0,182.89,108.52
2025,Jerry Jeudy,00-0036407,WR,CLE,0,17.0,70.7,95.7,120.7,150.9,195.9,240.9,121.99,152.68,183.73,0.0,200.74,114.96
2025,Aaron Rodgers,00-0023459,QB,PIT,0,17.0,226.08,226.58,227.08,256.58,256.58,256.58,171.65,161.81,155.1,84.88,271.7,189.6
2025,Ollie Gordon II,00-0040198,RB,MIA,1,,47.1,50.6,54.1,,,,40.96,44.91,50.62,0.0,100.63,19.0
2025,Justin Jefferson,00-0036322,WR,MIN,0,17.0,117.5,159.5,201.5,214.48,265.98,317.48,177.98,219.53,271.33,44.67,296.68,153.21
2025,Michael Pittman,00-0036252,WR,IND,0,16.0,122.4,162.4,202.4,96.8,131.3,165.8,93.2,128.58,161.99,0.0,183.26,85.82
2025,D'Andre Swift,00-0036275,RB,CHI,0,17.0,194.6,211.6,228.6,172.5,193.5,214.5,122.15,144.99,166.25,0.0,200.24,150.49
2025,AJ Dillon,00-0036265,RB,PHI,0,,6.1,7.6,9.1,,,,44.61,56.62,58.16,0.0,90.79,40.21
2025,Jordan Love,00-0036264,QB,GB,0,15.0,235.14,235.14,235.14,233.86,233.86,233.86,217.12,217.97,216.96,108.4,297.42,232.06
2025,Cole Kmet,00-0036290,TE,CHI,0,16.0,48.7,63.7,78.7,73.4,96.9,120.4,42.52,55.88,69.75,0.0,112.18,50.97
2025,J.K. Dobbins,00-0036158,RB,DEN,0,13.0,104.9,110.4,115.9,159.8,175.8,191.8,138.19,144.77,162.65,0.0,212.86,96.54
2025,Nick Westbrook-Ikhine,00-0036182,WR,MIA,0,14.0,8.9,14.4,19.9,103.7,119.7,135.7,37.51,45.15,53.63,0.0,103.54,61.65
2025,Matthew Stafford,00-0026498,QB,LA,0,16.0,350.38,350.38,350.38,214.58,214.58,214.58,190.3,189.07,200.33,104.64,259.63,161.5
2025,Tahj Brooks,00-0040208,RB,CIN,1,,5.4,5.9,6.4,,,,32.78,35.29,37.37,0.0,101.32,19.0
2025,Colby Parkinson,00-0036244,TE,LA,0,16.0,86.8,108.3,129.8,35.4,50.4,65.4,21.3,27.82,36.29,0.0,61.58,30.3
2025,Jauan Jennings,00-0036259,WR,SF,0,15.0,118.3,145.8,173.3,133.5,172.0,210.5,108.29,140.25,170.94,0.0,189.99,91.83
2025,Mitchell Evans,00-0040187,TE,CAR,1,,29.2,38.7,48.2,,,,16.43,20.87,27.31,0.0,51.71,19.0
2025,Brock Wright,00-0036754,TE,DET,0,11.0,22.8,29.8,36.8,22.0,28.5,35.0,20.07,24.98,31.67,0.0,69.45,18.0
2025,Kirk Cousins,00-0029604,QB,ATL,0,14.0,103.54,103.54,103.54,176.32,176.32,176.32,91.0,85.37,85.11,26.7,161.65,114.43
2025,Jaylen Waddle,00-0036613,WR,MIA,0,15.0,130.12,162.12,194.12,91.6,120.6,149.6,96.09,115.71,143.77,0.0,182.61,79.16
2025,Andy Dalton,00-0027973,QB,CAR,0,6.0,9.52,9.52,9.52,58.96,58.96,58.96,40.3,38.53,37.21,5.1,106.12,30.39
2025,Dee Eskridge,00-0036620,WR,MIA,0,5.0,6.2,8.2,10.2,4.4,5.9,7.4,12.04,17.07,19.23,0.0,53.65,5.39
2025,Tyrod Taylor,00-0028118,QB,NYJ,0,2.0,59.46,59.46,59.46,20.06,20.06,20.06,33.28,34.96,36.2,0.0,104.2,42.09
2025,Noah Gray,00-0036637,TE,KC,0,16.0,17.8,28.3,38.8,73.3,93.3,113.3,56.52,71.21,87.11,0.0,112.22,42.63
2025,Tylan Wallace,00-0036630,WR,BAL,0,12.0,10.5,12.5,14.5,25.3,30.8,36.3,19.75,25.61,29.63,0.0,57.34,20.21
2025,Keenan Allen,00-0030279,WR,LAC,0,15.0,101.7,142.2,182.7,114.4,149.4,184.4,80.72,112.5,135.27,14.63,165.01,93.86
2025,Elic Ayomanor,00-0040170,WR,TEN,1,,75.5,96.0,116.5,,,,33.86,42.62,50.2,0.0,109.66,19.0
2025,DJ Giddens,00-0040179,RB,IND,1,,9.6,9.6,9.6,,,,50.99,59.29,65.87,0.0,118.88,19.0
2025,Kyle Juszczyk,00-0029892,RB,SF,0,,0.0,0.0,0.0,,,,0.88,1.49,2.26,0.0,9.22,19.0
2025,Adam Thielen,00-0030035,WR,MIN,0,10.0,20.6,30.1,39.6,91.5,115.5,139.5,36.27,53.74,63.75,0.0,108.58,77.51
2025,Zach Ertz,00-0030061,TE,WAS,0,17.0,76.4,101.4,126.4,111.4,144.4,177.4,59.38,80.15,107.12,0.0,150.78,70.91
2025,Nico Collins,00-0036554,WR,HOU,0,12.0,155.2,190.7,226.2,142.6,176.6,210.6,132.44,164.37,196.96,0.0,242.89,152.98
2025,Rashod Bateman,00-0036550,WR,BAL,0,16.0,36.4,45.9,55.4,129.6,152.1,174.6,81.57,101.29,120.77,0.0,149.34,76.2
2025,Shane Zylstra,00-0036534,TE,DET,0,2.0,2.0,3.5,5.0,2.2,2.7,3.2,13.13,18.26,22.45,0.0,38.5,7.93
2025,CeeDee Lamb,00-0036358,WR,DAL,0,15.0,125.9,163.4,200.9,162.4,212.9,263.4,168.89,201.34,250.04,0.0,275.23,165.38
2025,Justin Herbert,00-0036355,QB,LAC,0,17.0,286.88,286.88,286.88,285.4,285.4,285.4,260.52,256.75,257.97,110.68,343.44,238.63
2025,Chuba Hubbard,00-0036555,RB,CAR,0,15.0,95.4,110.4,125.4,198.6,220.1,241.6,123.07,141.43,157.99,0.0,216.56,160.49
2025,Jalen Hurts,00-0036389,QB,PHI,0,15.0,301.06,301.06,301.06,315.12,315.12,315.12,297.03,287.38,285.44,114.39,365.12,306.07
2025,John Bates,00-0036628,TE,WAS,0,13.0,16.3,21.8,27.3,6.4,10.4,14.4,13.38,16.67,21.51,0.0,56.69,9.43
2025,Dyami Brown,00-0036626,WR,JAX,0,15.0,29.7,39.7,49.7,37.4,52.4,67.4,20.56,30.02,34.24,7.76,75.22,32.37
2025,Tyler Johnson,00-0036427,WR,NYJ,0,11.0,25.7,31.7,37.7,35.1,48.1,61.1,12.21,17.73,22.31,0.0,40.92,28.94
2025,Adam Trautman,00-0036422,TE,DEN,0,13.0,25.5,35.5,45.5,30.8,37.3,43.8,21.58,26.97,33.48,0.0,61.88,24.73
2025,Joe Burrow,00-0036442,QB,CIN,0,17.0,134.46,134.46,134.46,372.82,372.82,372.82,262.75,257.29,257.64,127.26,364.49,234.01
2025,Rico Dowdle,00-0036139,RB,CAR,0,16.0,177.3,196.8,216.3,158.8,178.3,197.8,84.89,94.87,106.94,0.0,159.47,112.41
2025,Charlie Woerner,00-0036429,TE,ATL,0,12.0,4.8,8.8,12.8,4.6,8.1,11.6,10.16,12.74,15.48,0.0,49.61,6.83
2025,Tim Jones,00-0036497,WR,MIN,0,8.0,1.5,2.0,2.5,4.1,5.6,7.1,4.12,5.43,6.34,0.0,13.6,5.8
2025,DeAndre Carter,00-0031763,WR,CLE,0,13.0,0.0,0.0,0.0,7.2,11.7,16.2,12.66,16.65,20.94,0.0,43.4,8.96
2025,Alex Bachman,00-0035602,WR,LV,0,5.0,1.2,2.2,3.2,3.1,4.6,6.1,6.2,8.25,10.71,0.0,22.79,9.6
2025,Noah Fant,00-0035644,TE,CIN,0,14.0,40.8,57.8,74.8,56.0,80.0,104.0,45.07,62.93,74.09,0.0,114.57,40.82
2025,DK Metcalf,00-0035640,WR,PIT,0,15.0,128.2,157.7,187.2,125.2,158.2,191.2,125.98,157.27,185.19,0.0,196.06,108.36
2025,Drew Sample,00-0035631,TE,CIN,0,11.0,16.9,24.4,31.9,16.5,26.5,36.5,13.66,17.97,23.39,0.0,43.78,15.82
2025,Marquise Brown,00-0035662,WR,KC,0,2.0,88.7,113.2,137.7,9.1,13.6,18.1,52.7,68.94,84.18,0.0,126.71,27.06
2025,Terry McLaurin,00-0035659,WR,WAS,0,17.0,76.2,95.2,114.2,185.8,226.8,267.8,131.12,165.1,201.4,0.0,201.99,139.37
2025,Jakob Johnson,00-0035726,RB,HOU,0,1.0,0.0,0.0,0.0,0.0,0.0,0.0,2.0,2.7,3.13,0.0,7.48,4.64
2025,Deebo Samuel Sr.,00-0035719,WR,WAS,0,15.0,116.2,152.2,188.2,104.6,130.1,155.6,94.86,118.68,141.9,0.36,152.99,115.22
2025,Daniel Jones,00-0035710,QB,IND,0,10.0,226.44,226.44,226.44,135.3,135.3,135.3,152.26,158.7,163.05,73.71,259.05,79.09
2025,Gunner Olszewski,00-0035645,WR,NYG,0,,25.82,30.82,35.82,,,,10.52,13.76,15.03,0.0,44.68,9.38
2025,Beaux Collins,00-0040432,WR,NYG,1,,2.5,3.5,4.5,,,,13.03,16.12,19.02,0.0,54.83,19.0
2025,Tre Harris,00-0040727,WR,LAC,1,,39.4,54.4,69.4,,,,41.3,51.14,62.2,0.0,121.84,19.0
2025,David Sills,00-0035359,WR,ATL,0,,31.1,40.1,49.1,,,,11.35,14.64,15.95,0.0,46.74,19.0
2025,Stefon Diggs,00-0031588,WR,NE,0,8.0,125.3,167.8,210.3,74.92,98.42,121.92,97.68,130.01,159.85,39.78,222.4,85.29
2025,Davante Adams,00-0031381,WR,LA,0,14.0,162.9,192.9,222.9,156.3,198.8,241.3,120.51,155.09,187.29,0.0,206.43,120.88
2025,Craig Reynolds,00-0035567,RB,DET,0,8.0,0.4,0.4,0.4,17.9,19.4,20.9,24.5,31.17,34.19,0.0,71.69,22.06
2025,Mike Evans,00-0031408,WR,TB,0,14.0,54.8,69.8,84.8,166.4,203.4,240.4,149.09,189.49,227.38,0.0,256.92,149.29
2025,Raheim Sanders,00-0040466,RB,CLE,1,,17.3,18.8,20.3,,,,25.19,30.34,33.9,0.0,81.62,19.0
2025,Ulysses Bentley IV,00-0040476,RB,IND,1,,0.0,0.0,0.0,,,,4.42,5.02,5.5,0.0,18.46,19.0
2025,A.J. Brown,00-0035676,WR,PHI,0,13.0,142.3,181.3,220.3,149.9,183.4,216.9,167.13,203.22,239.46,0.0,260.81,149.74
2025,Scott Miller,00-0035298,WR,PIT,0,6.0,6.2,10.7,15.2,6.9,9.4,11.9,16.48,20.55,25.5,0.0,57.44,8.57
2025,Gardner Minshew,00-0035289,QB,KC,0,10.0,-0.32,-0.32,-0.32,96.32,96.32,96.32,52.42,53.32,52.96,0.98,129.18,67.63
2025,Moliki Matavao,00-0040244,TE,NO,1,,1.0,2.0,3.0,,,,20.58,26.08,30.24,0.0,66.13,19.0
2025,Jacory Croskey-Merritt,00-0040242,RB,WAS,1,,131.3,135.8,140.3,,,,29.91,32.35,38.72,0.0,98.45,19.0
2025,Dominic Lovett,00-0040241,WR,DET,1,,0.0,0.0,0.0,,,,14.0,18.84,23.74,0.0,58.54,19.0
2025,LeQuint Allen Jr.,00-0040238,RB,JAX,1,,14.8,19.8,24.8,,,,44.17,50.71,58.28,0.0,98.18,19.0
2025,Tyler Shough,00-0040743,QB,NO,1,,157.96,157.96,157.96,,,,69.23,71.27,73.39,0.0,153.46,19.0
2025,Tua Tagovailoa,00-0036212,QB,MIA,0,11.0,160.7,160.7,160.7,181.58,181.58,181.58,240.62,246.55,238.45,116.58,288.08,195.13
2025,Mason Taylor,00-0040736,TE,NYJ,1,,44.9,66.9,88.9,,,,89.62,115.78,138.62,0.0,184.59,19.0
2025,Reggie Gilliam,00-0036187,RB,BUF,0,7.0,2.8,3.8,4.8,0.7,0.7,0.7,3.75,4.34,4.44,0.0,19.27,5.8
2025,Jonathan Taylor,00-0036223,RB,IND,0,14.0,316.3,339.3,362.3,226.7,235.7,244.7,177.24,190.56,202.88,0.0,278.34,114.05
2025,Cody White,00-0035891,WR,SEA,0,2.0,15.0,16.5,18.0,4.4,5.4,6.4,16.12,19.87,24.17,0.0,56.88,9.86
2025,Thomas Fidone II,00-0040225,TE,NYG,1,,0.0,0.0,0.0,,,,11.09,14.78,18.54,0.0,41.11,19.0
2025,Terrance Ferguson,00-0040737,TE,LA,1,,41.1,46.6,52.1,,,,49.33,64.83,77.81,0.0,115.38,19.0
2025,Tez Johnson,00-0040237,WR,TB,1,,64.4,78.4,92.4,,,,19.58,23.6,28.42,0.0,76.91,19.0
2025,Kyle Monangai,00-0040236,RB,CHI,1,,128.7,137.7,146.7,,,,38.87,42.6,45.94,0.0,89.61,19.0
2025,Elijah Arroyo,00-0040739,TE,SEA,1,,21.9,29.4,36.9,,,,53.41,68.16,82.11,0.0,115.17,19.0
2025,RJ Harvey,00-0040730,RB,DEN,1,,159.6,183.1,206.6,,,,92.22,106.17,114.85,0.0,191.35,19.0
2025,Dawson Knox,00-0035689,TE,BUF,0,14.0,67.7,85.7,103.7,37.1,48.1,59.1,31.73,42.7,53.86,0.0,78.98,28.64
2025,Juwan Johnson,00-0036040,TE,NO,0,15.0,102.9,141.4,179.9,72.8,97.8,122.8,54.35,71.85,88.95,0.0,121.02,47.18
2025,David Montgomery,00-0035685,RB,DET,0,14.0,142.92,154.92,166.92,185.72,203.72,221.72,111.12,127.26,145.9,23.23,196.48,179.07
2025,TreVeyon Henderson,00-0040734,RB,NE,1,,171.2,188.7,206.2,,,,119.27,136.75,153.34,0.0,220.59,19.0
2025,Drew Lock,00-0035704,QB,SEA,0,7.0,0.1,0.1,0.1,80.14,80.14,80.14,30.35,27.13,30.95,0.5,121.89,53.07
2025,Luther Burden III,00-0040735,WR,CHI,1,,80.9,104.4,127.9,,,,73.13,92.44,116.7,0.0,163.94,19.0
2025,Josh Jacobs,00-0035700,RB,GB,0,17.0,201.1,219.1,237.1,257.1,275.1,293.1,172.26,193.49,217.18,0.0,265.37,153.93
2025,Jack Bech,00-0040729,WR,LV,1,,22.4,32.4,42.4,,,,40.87,52.55,60.57,0.0,122.77,19.0
2025,Jahdae Walker,00-0040277,WR,CHI,1,,20.7,23.7,26.7,,,,12.89,15.19,18.62,0.0,52.5,19.0
2025,Darren Waller,00-0031610,TE,MIA,0,,64.7,76.7,88.7,,,,40.48,54.16,68.46,0.0,130.58,16.76
2025,Cam Grandy,00-0039631,TE,CIN,0,4.0,0.7,1.7,2.7,2.8,5.3,7.8,6.08,7.91,9.55,0.0,20.49,8.21
2025,Case Keenum,00-0028986,QB,CHI,0,,0.0,0.0,0.0,,,,8.78,9.67,10.03,0.0,42.2,9.29
2025,Curtis Samuel,00-0033282,WR,BUF,0,14.0,14.1,17.6,21.1,32.7,48.2,63.7,19.76,28.11,32.93,0.0,74.62,39.05
2025,Will Mallory,00-0038394,TE,IND,0,7.0,1.6,2.1,2.6,2.9,4.9,6.9,5.86,8.16,10.07,0.0,25.83,7.25
2025,Raheem Mostert,00-0031687,RB,LV,0,13.0,17.4,23.4,29.4,51.9,61.4,70.9,29.91,33.58,41.11,0.0,97.34,71.16
2025,Jarquez Hunter,00-0040692,RB,LA,1,,0.0,0.0,0.0,,,,28.49,32.44,34.36,0.0,87.7,19.0
2025,Shedeur Sanders,00-0040668,QB,CLE,1,,84.9,84.9,84.9,,,,16.91,16.02,15.54,0.0,53.23,19.0
2025,Sione Vaki,00-0039364,RB,DET,0,9.0,0.4,0.4,0.4,5.1,6.6,8.1,13.57,15.27,19.55,0.0,56.17,15.11
2025,Skylar Thompson,00-0037327,QB,PIT,0,2.0,0.0,0.0,0.0,7.88,7.88,7.88,6.63,7.31,7.94,0.6,41.3,24.68
2025,Gage Larvadain,00-0040259,WR,CLE,1,,7.4,10.9,14.4,,,,14.37,18.3,21.48,0.0,45.03,19.0
2025,James Mitchell,00-0037282,TE,CAR,0,,2.8,4.3,5.8,,,,6.47,7.8,9.45,0.0,25.07,9.29
2025,Nick Kallerup,00-0040058,TE,SEA,1,,0.0,0.0,0.0,,,,6.85,8.58,9.86,0.0,25.29,19.0
2025,Quinn Ewers,00-0040234,QB,MIA,1,,32.18,32.68,33.18,,,,15.61,14.83,13.69,0.0,47.96,19.0
2025,Dareke Young,00-0037093,WR,SEA,0,7.0,4.8,5.8,6.8,0.0,0.0,0.0,7.85,10.0,11.69,0.0,26.17,2.18
2025,Tucker Fisk,00-0037654,TE,LAC,0,7.0,1.9,2.9,3.9,3.9,7.4,10.9,5.05,6.59,7.16,0.0,21.23,5.53
2025,Tyler Goodson,00-0037120,RB,IND,0,14.0,3.2,4.2,5.2,33.4,38.9,44.4,31.01,35.88,40.26,0.0,75.46,26.35
2025,Josh Williams,00-0040429,RB,TB,1,,1.1,1.1,1.1,,,,13.27,15.23,17.0,0.0,56.87,19.0
2025,Sam Ehlinger,00-0036879,QB,DEN,0,,0.0,0.0,0.0,,,,3.81,3.16,2.51,0.19,21.94,19.0
2025,Elijah Mitchell,00-0036567,RB,KC,0,,0.0,0.0,0.0,,,,20.36,23.28,29.19,0.0,75.13,16.0
2025,Oronde Gadsden II,00-0040189,TE,LAC,1,,82.4,106.9,131.4,,,,20.56,26.2,31.46,0.0,63.23,19.0
2025,Jordan James,00-0040177,RB,SF,1,,0.0,0.0,0.0,,,,36.95,40.15,44.7,0.0,114.68,19.0
2025,Jimmy Horn Jr.,00-0040218,WR,CAR,1,,17.7,23.2,28.7,,,,11.53,13.18,17.54,0.0,44.0,19.0
2025,Jordan Watkins,00-0040172,WR,SF,1,,2.6,3.6,4.6,,,,13.35,17.58,20.54,0.0,57.38,19.0
2025,Darnell Mooney,00-0036309,WR,ATL,0,16.0,50.3,66.3,82.3,129.2,161.2,193.2,55.36,73.97,87.46,19.11,136.87,99.8
2025,Bam Knight,00-0037157,RB,ARI,0,,70.9,81.9,92.9,,,,14.35,15.97,18.31,0.0,51.16,9.29
2025,Riley Leonard,00-0040206,QB,IND,1,,31.0,31.0,31.0,,,,9.23,11.67,12.09,0.05,51.33,19.0
2025,Graham Mertz,00-0040211,QB,HOU,1,,0.0,0.0,0.0,,,,8.46,9.04,9.05,0.07,44.46,19.0
2025,Jelani Woods,00-0037755,TE,NYJ,0,,0.4,0.9,1.4,,,,12.27,14.88,17.39,0.0,40.81,19.0
2025,Jalen Royals,00-0040646,WR,KC,1,,0.4,1.4,2.4,,,,20.14,24.49,28.24,0.0,76.1,19.0
2025,Dalevon Campbell,00-0040629,WR,CAR,1,,0.0,0.0,0.0,,,,9.76,10.76,13.82,0.0,38.6,19.0
2025,Jake Bobo,00-0038752,WR,SEA,0,12.0,2.0,3.0,4.0,16.7,23.2,29.7,12.19,16.97,20.52,0.0,46.16,17.33
2025,Nate Adkins,00-0038783,TE,DEN,0,15.0,10.8,13.8,16.8,29.5,36.5,43.5,9.21,12.2,14.68,0.0,36.78,18.21
2025,Jaleel McLaughlin,00-0038794,RB,DEN,0,16.0,27.4,29.4,31.4,73.2,85.2,97.2,26.05,31.23,37.66,0.0,92.67,52.94
2025,Jaylen Wright,00-0039874,RB,MIA,0,13.0,43.2,45.7,48.2,23.7,25.2,26.7,44.78,45.59,53.32,0.0,102.97,50.01
2025,Braxton Berrios,00-0034419,WR,HOU,0,6.0,3.7,6.7,9.7,0.0,0.0,0.0,7.75,10.46,12.63,0.0,33.36,6.36
2025,Jermaine Burton,00-0039810,WR,CIN,0,8.0,0.0,0.0,0.0,10.7,12.7,14.7,16.55,20.15,23.84,0.0,63.24,14.69
2025,Jared Wiley,00-0039824,TE,KC,0,1.0,0.4,0.9,1.4,0.7,1.2,1.7,10.08,12.76,16.34,0.0,29.46,7.93
2025,British Brooks,00-0039603,RB,HOU,0,2.0,7.8,7.8,7.8,0.2,0.2,0.2,9.85,11.86,12.95,0.0,38.63,8.81
2025,Stetson Bennett,00-0039107,QB,LA,0,,0.0,0.0,0.0,,,,8.44,9.34,9.3,0.0,54.46,19.0
2025,Roschon Johnson,00-0039021,RB,CHI,0,13.0,1.7,1.7,1.7,61.4,69.4,77.4,43.97,51.59,55.31,0.0,104.74,40.81
2025,Patrick Ricard,00-0033376,RB,BAL,0,10.0,1.1,1.6,2.1,8.2,9.7,11.2,1.17,1.4,1.57,0.0,1.72,7.35
2025,Trey Palmer,00-0039052,WR,NO,0,15.0,0.0,0.0,0.0,23.2,29.2,35.2,11.7,15.83,19.63,0.0,52.64,24.67
2025,Chris Godwin Jr.,00-0033921,WR,TB,0,7.0,50.0,66.5,83.0,87.8,112.8,137.8,54.22,79.75,103.23,0.0,145.99,76.35
2025,Ben Sims,00-0038809,TE,GB,0,4.0,3.0,4.5,6.0,4.2,6.2,8.2,6.4,8.52,9.67,0.0,22.72,5.69
2025,Devin Culp,00-0039754,TE,TB,0,2.0,6.6,7.1,7.6,8.8,11.3,13.8,11.29,13.86,17.91,0.0,47.08,11.22
2025,Zavier Scott,00-0038440,RB,MIN,0,,25.2,32.2,39.2,,,,10.66,12.45,13.65,0.0,50.91,19.0
2025,Efton Chism III,00-0040563,WR,NE,1,,13.5,15.0,16.5,,,,11.03,13.6,16.17,0.0,43.01,19.0
2025,Isaiah Likely,00-0037838,TE,BAL,0,15.0,34.7,48.2,61.7,81.7,102.7,123.7,46.26,59.94,68.21,0.0,119.26,54.14
2025,Nate Carter,00-0040547,RB,ATL,1,,4.0,4.0,4.0,,,,12.68,15.34,16.67,0.0,49.21,19.0
2025,Keaton Mitchell,00-0038454,RB,BAL,0,4.0,46.4,50.9,55.4,5.8,6.3,6.8,18.5,20.47,23.87,0.0,59.82,13.36
2025,Tahj Washington,00-0039884,WR,MIA,0,,1.7,3.2,4.7,,,,14.0,18.54,21.85,0.0,44.88,19.0
2025,Max Brosmer,00-0040494,QB,MIN,1,,4.22,4.22,4.22,,,,13.58,13.61,13.23,0.14,47.58,19.0
2025,Allen Lazard,00-0034521,WR,NYJ,0,12.0,13.0,18.0,23.0,89.0,107.5,126.0,20.58,26.91,30.08,9.49,92.4,61.02
2025,Jaydon Blue,00-0040586,RB,DAL,1,,19.4,19.9,20.4,,,,27.27,33.82,38.64,0.0,77.13,19.0
2025,Christian Kirk,00-0034775,WR,HOU,0,8.0,29.9,43.9,57.9,43.9,57.4,70.9,37.55,50.67,60.0,0.0,118.36,39.26
2025,Tanner McKee,00-0038400,QB,PHI,0,2.0,13.76,13.76,13.76,28.82,28.82,28.82,27.56,25.76,26.16,0.0,114.43,45.33
2025,Tommy DeVito,00-0038476,QB,NE,0,2.0,0.0,0.0,0.0,13.48,13.48,13.48,10.06,11.53,11.84,0.0,52.74,46.11
2025,Jaden Smith,00-0040769,WR,TB,1,,0.0,0.0,0.0,,,,7.88,8.82,11.19,0.0,40.01,19.0
2025,Michael Burton,00-0031595,RB,DEN,0,,0.0,0.0,0.0,,,,0.0,0.0,0.0,0.0,0.0,19.0
2025,Jonathon Brooks,00-0039344,RB,CAR,0,3.0,0.0,0.0,0.0,4.5,6.0,7.5,37.71,42.15,46.99,0.0,91.73,14.69
2025,Jalen Coker,00-0039491,WR,CAR,0,11.0,57.4,73.9,90.4,60.56,76.56,92.56,18.84,23.77,29.8,3.76,90.1,56.07
2025,Johnny Wilson,00-0039236,WR,PHI,0,10.0,0.0,0.0,0.0,9.8,12.3,14.8,9.01,11.33,13.27,0.0,40.45,14.8
2025,Brock Lampe,00-0040567,RB,NE,1,,0.0,0.0,0.0,,,,2.71,2.9,2.95,0.0,6.8,19.0
2025,D.J. Montgomery,00-0035045,WR,IND,0,,0.0,0.0,0.0,,,,9.58,11.16,12.78,0.0,38.44,9.39
2025,Alexander Mattison,00-0034972,RB,MIA,0,14.0,0.0,0.0,0.0,101.4,119.4,137.4,25.29,29.06,38.15,0.0,109.22,54.07
2025,Irv Smith,00-0034970,TE,HOU,0,,0.0,0.0,0.0,,,,9.6,11.6,12.98,0.0,39.1,9.48
2025,Tyree Jackson,00-0035356,TE,WAS,0,,0.0,0.0,0.0,,,,7.54,9.53,9.81,0.0,25.26,19.0
2025,Foster Moreau,00-0034981,TE,NO,0,16.0,5.9,9.4,12.9,71.3,87.3,103.3,17.84,22.37,25.5,0.0,67.84,42.27
2025,Kurtis Rourke,00-0040589,QB,SF,1,,0.0,0.0,0.0,,,,6.68,7.64,7.76,0.0,41.08,19.0
2025,Lan Larison,00-0040568,RB,NE,1,,0.0,0.0,0.0,,,,13.97,15.15,16.62,0.0,52.67,19.0
2025,Cade McDonald,00-0040615,WR,CLE,1,,0.0,0.0,0.0,,,,11.09,14.14,16.36,0.0,42.78,19.0
2025,Donald Parham,00-0035329,TE,PIT,0,,0.0,0.0,0.0,,,,10.46,12.9,15.38,0.0,37.33,17.03
2025,Da'Quan Felton,00-0040456,WR,NYG,1,,0.0,0.0,0.0,,,,8.89,10.87,13.18,0.0,45.34,19.0
2025,Dayton Wade,00-0039259,WR,BAL,0,,0.0,0.0,0.0,,,,9.27,11.4,13.41,0.0,39.86,19.0
2025,Joshua Cephus,00-0039552,WR,JAX,0,,0.0,0.0,0.0,,,,7.97,9.21,11.36,0.0,42.97,19.0
2025,Will Levis,00-0039152,QB,TEN,0,12.0,0.0,0.0,0.0,119.94,119.94,119.94,6.89,9.75,10.76,0.0,97.3,49.02
2025,Salvon Ahmed,00-0036020,RB,IND,0,,0.0,0.0,0.0,,,,12.5,14.17,16.75,0.0,54.46,13.48
2025,Tyjae Spears,00-0039032,RB,TEN,0,12.0,66.7,89.2,111.7,83.6,98.6,113.6,41.58,49.67,55.42,0.0,105.48,50.54
2025,Rashee Rice,00-0039067,WR,KC,0,4.0,97.1,123.6,150.1,40.9,52.9,64.9,41.81,54.27,63.97,0.0,130.77,50.21
2025,Jonathan Mingo,00-0039062,WR,DAL,0,14.0,2.5,3.0,3.5,15.2,23.7,32.2,13.69,17.68,20.33,0.0,55.74,20.54
2025,Tank Dell,00-0038977,WR,HOU,0,14.0,0.0,0.0,0.0,89.0,114.5,140.0,26.33,39.24,48.65,0.0,136.84,72.68
2025,Jordan Addison,00-0038994,WR,MIN,0,15.0,93.1,114.1,135.1,149.5,181.0,212.5,92.3,116.95,138.58,0.0,176.53,115.73
2025,Travis Homer,00-0035594,RB,CHI,0,8.0,-0.2,-0.2,-0.2,3.4,4.9,6.4,10.47,12.42,13.19,0.0,38.95,7.03
2025,Kye Robichaux,00-0040393,RB,DET,1,,0.0,0.0,0.0,,,,11.12,13.05,14.41,0.0,42.52,19.0
2025,Mason Pline,00-0039702,TE,NO,0,,0.0,0.0,0.0,,,,6.15,7.73,8.54,0.0,25.13,19.0
2025,Deion Hankins,00-0040272,RB,CHI,1,,0.0,0.0,0.0,,,,10.39,12.38,13.99,0.0,45.77,19.0
2025,Patrick Taylor,00-0035973,RB,SF,0,7.0,0.0,0.0,0.0,26.8,28.3,29.8,16.83,19.25,20.38,0.0,61.93,30.85
2025,Trishton Jackson,00-0035934,WR,ARI,0,,0.0,0.0,0.0,,,,7.18,9.11,9.48,0.0,34.95,9.29
2025,Jalin Conyers,00-0040301,TE,MIA,1,,0.0,0.0,0.0,,,,7.95,9.81,10.86,0.0,28.98,19.0
2025,Brandon Aiyuk,00-0036261,WR,SF,0,7.0,0.0,0.0,0.0,37.4,49.9,62.4,30.83,40.38,45.44,0.0,92.56,56.65
2025,John Stephens Jr.,00-0038741,TE,DAL,0,,0.0,0.0,0.0,,,,7.52,9.17,10.41,0.0,28.1,19.0
2025,Kenny McIntosh,00-0038636,RB,SEA,0,11.0,0.0,0.0,0.0,19.4,20.9,22.4,27.9,29.27,32.49,0.0,65.97,34.14
2025,Brevin Jordan,00-0036556,TE,HOU,0,2.0,0.0,0.0,0.0,0.7,1.7,2.7,10.88,14.62,18.23,0.0,33.88,5.9
2025,MarShawn Lloyd,00-0039811,RB,GB,0,1.0,0.0,0.0,0.0,1.8,2.3,2.8,17.88,18.65,19.65,0.0,63.03,12.2
2025,Kenny Yeboah,00-0036510,TE,DET,0,7.0,0.0,0.0,0.0,10.7,13.2,15.7,7.04,8.32,9.53,0.0,25.14,8.32
2025,Will Howard,00-0040203,QB,PIT,1,,0.0,0.0,0.0,,,,9.46,10.19,10.31,0.0,49.45,19.0
2025,Treylon Burks,00-0037742,WR,TEN,0,5.0,19.0,24.0,29.0,3.5,5.5,7.5,16.34,19.25,20.27,0.0,59.9,8.13
2025,Rondale Moore,00-0036936,WR,MIN,0,,0.0,0.0,0.0,,,,20.06,24.17,29.79,0.0,66.0,16.39
2025,Gavin Bartholomew,00-0040215,TE,MIN,1,,0.0,0.0,0.0,,,,11.61,13.62,15.55,0.0,35.35,19.0
2025,Erick All,00-0039814,TE,CIN,0,8.0,0.0,0.0,0.0,15.8,25.8,35.8,9.28,12.4,15.73,0.0,28.04,18.65
2025,Aidan O'Connell,00-0038579,QB,LV,0,9.0,4.78,4.78,4.78,93.48,93.48,93.48,22.36,22.58,22.05,1.52,86.6,71.66
2025,Deneric Prince,00-0038518,RB,NE,0,,0.0,0.0,0.0,,,,13.75,14.45,17.16,0.0,54.54,19.0
2025,Bryce Ford-Wheaton,00-0038477,WR,NYG,0,5.0,0.0,0.0,0.0,6.0,6.0,6.0,7.15,8.62,8.7,0.0,39.52,12.14
2025,Jake Briningstool,00-0040081,TE,KC,1,,0.0,0.0,0.0,,,,9.34,11.34,13.1,0.0,30.16,19.0
2025,Irvin Charles,00-0037156,WR,NYJ,0,8.0,0.0,0.0,0.0,0.0,0.0,0.0,6.87,8.53,9.55,0.0,28.41,2.18
2025,Keaontay Ingram,00-0037299,RB,KC,0,1.0,0.0,0.0,0.0,0.0,0.0,0.0,10.84,12.75,14.46,0.0,41.0,4.65
2025,David Bell,00-0037257,WR,CLE,0,1.0,0.0,0.0,0.0,2.7,4.2,5.7,19.14,22.93,27.46,0.0,54.23,7.07
2025,Ja'Lynn Polk,00-0039907,WR,NE,0,14.0,0.0,0.0,0.0,20.7,26.7,32.7,15.92,21.53,25.65,0.0,72.3,27.98
2025,Jalen McMillan,00-0039855,WR,TB,0,13.0,17.9,23.9,29.9,98.4,116.9,135.4,29.56,35.73,44.43,0.0,110.14,81.43
2025,Eric Gray,00-0038396,RB,NYG,0,14.0,0.0,0.0,0.0,9.3,14.3,19.3,14.39,16.28,18.36,0.0,52.23,11.22
2025,Christian Watson,00-0038124,WR,GB,0,14.0,97.4,114.9,132.4,76.3,90.8,105.3,20.66,24.83,29.28,0.0,95.54,62.46
2025,Joe Mixon,00-0033897,RB,HOU,0,14.0,0.0,0.0,0.0,204.5,222.5,240.5,61.95,74.26,88.24,26.16,156.8,168.36
2025,Phil Mafah,00-0040021,RB,DAL,1,,8.9,9.9,10.9,,,,21.6,22.31,23.29,0.0,66.62,19.0
2025,Bub Means,00-0039386,WR,NO,0,4.0,0.0,0.0,0.0,17.8,22.3,26.8,12.45,15.92,18.15,0.0,57.19,15.94
2025,Jacob Cowing,00-0039365,WR,SF,0,15.0,0.0,0.0,0.0,8.7,10.7,12.7,14.27,18.19,21.66,0.0,50.3,16.33
2025,Emory Jones,00-0039331,QB,ATL,0,,0.0,0.0,0.0,,,,9.49,10.32,10.04,0.01,45.95,19.0
2025,Demarcus Robinson,00-0032775,WR,SF,0,17.0,36.2,47.2,58.2,92.5,108.0,123.5,19.59,26.71,33.23,0.0,83.31,59.83
2025,Trent Taylor,00-0033292,WR,SF,0,2.0,0.0,0.0,0.0,1.1,1.6,2.1,6.26,8.68,10.58,0.0,28.84,2.22
2025,Taysom Hill,00-0033357,QB,NO,0,8.0,30.78,36.28,41.78,79.34,90.84,102.34,29.5,34.78,35.93,11.01,98.74,78.26
2025,Mike Williams,00-0033536,WR,LAC,0,14.0,0.0,0.0,0.0,35.8,46.3,56.8,7.85,10.07,11.33,0.0,39.77,29.23
2025,Deshaun Watson,00-0033537,QB,CLE,0,7.0,0.0,0.0,0.0,76.72,76.72,76.72,22.02,21.48,21.23,2.24,95.98,67.15
2025,C.J. Ham,00-0032918,RB,MIN,0,,0.0,0.0,0.0,,,,0.0,0.0,0.0,0.0,0.0,19.0
2025,Quinshon Judkins,00-0040784,RB,CLE,1,,143.8,156.8,169.8,,,,92.65,103.38,112.85,0.0,193.47,19.0
2025,Phillip Dorsett,00-0032208,WR,LV,0,,0.0,0.0,0.0,,,,2.67,3.3,3.48,0.0,31.75,5.75
2025,Laquon Treadwell,00-0032951,WR,IND,0,,0.0,0.0,0.0,,,,7.81,8.23,8.02,0.0,26.85,9.29
2025,Trevor Siemian,00-0032156,QB,TEN,0,,0.0,0.0,0.0,,,,0.74,0.67,0.0,0.0,15.29,13.48
2025,Jeff Driskel,00-0032436,QB,LV,0,,0.0,0.0,0.0,,,,2.42,1.42,2.02,0.0,17.36,9.39
2025,Robbie Chosen,00-0032688,WR,SF,0,1.0,5.3,7.8,10.3,0.5,1.0,1.5,1.05,1.01,1.94,0.0,5.57,5.31
2025,C.J. Beathard,00-0033936,QB,DET,0,,0.0,0.0,0.0,,,,1.61,0.9,0.99,0.27,10.42,13.08
2025,Ricky White III,00-0040653,WR,SEA,1,,0.0,0.0,0.0,,,,4.69,5.37,5.98,0.0,15.73,19.0
2025,Damien Martinez,00-0040651,RB,SEA,1,,0.0,0.0,0.0,,,,9.92,10.17,11.24,0.0,43.27,19.0
2025,Keith Kirkwood,00-0034317,WR,BAL,0,,0.0,0.0,0.0,,,,0.63,0.8,1.03,0.0,5.23,9.38
2025,Brenden Bates,00-0039458,TE,CLE,0,1.0,4.8,6.8,8.8,0.0,0.0,0.0,2.52,3.53,4.14,0.0,8.87,7.93
2025,Carson Steele,00-0039325,RB,KC,0,13.0,0.0,0.0,0.0,16.9,20.4,23.9,8.94,9.86,10.49,0.0,22.59,33.24
2025,Audric Estimé,00-0039373,RB,PHI,0,13.0,36.1,42.1,48.1,43.7,46.2,48.7,18.75,21.65,22.65,0.0,59.7,50.28
2025,Tejhaun Palmer,00-0039397,WR,ARI,0,,0.0,0.0,0.0,,,,2.79,3.49,4.06,0.0,8.8,19.0
2025,Jawhar Jordan,00-0039405,RB,HOU,0,,22.7,26.2,29.7,,,,8.28,9.21,9.8,0.0,14.87,19.0
2025,Thomas Yassmin,00-0039936,TE,LAC,0,,0.0,0.0,0.0,,,,1.41,1.72,1.99,0.0,0.0,19.0
2025,Malachi Corley,00-0039920,WR,CLE,0,5.0,20.6,26.1,31.6,2.2,3.7,5.2,8.09,9.75,11.68,0.0,26.88,9.84
2025,Maurice Alexander,00-0037708,WR,CHI,0,2.0,0.0,0.0,0.0,0.0,0.0,0.0,1.32,1.73,2.22,0.0,9.65,7.89
2025,Jacardia Wright,00-0040067,RB,SEA,1,,2.0,2.0,2.0,,,,2.24,2.47,2.83,0.0,5.31,19.0
2025,Kyle McCord,00-0040014,QB,PHI,1,,0.0,0.0,0.0,,,,6.86,5.42,5.09,0.0,4.52,19.0
2025,Jimmy Holiday,00-0040120,WR,KC,1,,0.0,0.0,0.0,,,,2.45,2.87,3.42,0.0,4.26,19.0
2025,Sincere McCormick,00-0037509,RB,SF,0,4.0,0.0,0.0,0.0,21.2,24.2,27.2,9.69,10.57,10.77,0.0,33.76,40.06
2025,Bailey Zappe,00-0038108,QB,CLE,0,1.0,0.0,0.0,0.0,7.0,7.0,7.0,6.63,7.05,7.31,0.88,14.75,16.29
2025,Erik Ezukanma,00-0038092,WR,JAX,0,1.0,0.0,0.0,0.0,0.0,0.0,0.0,1.3,1.8,2.82,0.0,9.34,4.67
2025,Thomas Odukoya,00-0038145,TE,TEN,0,,0.0,0.0,0.0,,,,1.11,1.69,1.85,0.0,5.8,19.0
2025,Lucky Jackson,00-0038181,WR,MIN,0,,0.0,0.0,0.0,,,,1.26,1.33,1.61,0.0,3.63,19.0
2025,Israel Abanikanda,00-0038389,RB,GB,0,,0.0,0.0,0.0,,,,7.08,7.29,7.88,0.0,9.57,9.48
2025,Lew Nichols III,00-0038409,RB,PIT,0,,0.0,0.0,0.0,,,,4.87,5.68,6.87,0.0,19.05,19.0
2025,Qadir Ismail,00-0039843,TE,NYG,0,,0.0,0.0,0.0,,,,1.36,1.62,1.87,0.0,0.91,19.0
2025,Tre Watson,00-0040094,TE,KC,1,,0.0,0.0,0.0,,,,1.9,2.32,2.95,0.0,2.73,19.0
2025,Chris Oladokun,00-0037324,QB,KC,0,1.0,11.2,11.2,11.2,0.5,0.5,0.5,3.36,3.93,2.92,0.0,14.08,9.25
2025,Dennis Houston,00-0037570,WR,TB,0,,0.0,0.0,0.0,,,,1.1,1.19,1.42,0.0,5.89,19.0
2025,Brittain Brown,00-0037329,RB,CHI,0,,9.7,9.7,9.7,,,,2.04,2.0,2.54,0.0,10.34,19.0
2025,Kaden Davis,00-0037380,WR,CLE,0,1.0,0.0,0.0,0.0,0.0,0.0,0.0,2.94,3.84,4.21,0.0,8.19,7.89
2025,Amar Johnson,00-0040039,RB,LAC,1,,0.8,0.8,0.8,,,,2.01,2.25,3.04,0.0,7.04,19.0
2025,Rivaldo Fairweather,00-0040046,TE,DAL,1,,0.0,0.0,0.0,,,,1.19,1.28,1.46,0.0,0.6,19.0
2025,Traeshon Holden,00-0040048,WR,DAL,1,,0.0,0.0,0.0,,,,2.46,2.18,2.37,0.0,6.96,19.0
2025,Josh Kelly,00-0040049,WR,HOU,1,,0.0,0.0,0.0,,,,1.62,2.08,2.55,0.0,4.87,19.0
2025,Tyrone Broden,00-0040053,WR,SEA,1,,0.0,0.0,0.0,,,,2.21,2.73,3.26,0.0,5.94,19.0
2025,Ronnie Rivers,00-0037557,RB,LA,0,6.0,4.6,4.6,4.6,13.3,15.8,18.3,7.1,8.59,10.04,0.0,17.36,11.22
2025,Malik Davis,00-0037563,RB,DAL,0,,38.6,39.6,40.6,,,,1.73,1.98,2.2,0.0,10.42,5.75
2025,Michael Bandy,00-0036959,WR,DEN,0,,11.0,13.0,15.0,,,,1.24,1.68,1.89,0.0,6.63,5.75
2025,Lance McCutcheon,00-0037055,WR,PIT,0,,0.0,0.0,0.0,,,,2.09,2.06,2.75,0.0,5.65,19.0
2025,Britain Covey,00-0037132,WR,PHI,0,5.0,2.0,3.0,4.0,3.4,6.9,10.4,2.37,2.98,3.8,0.0,6.57,6.03
2025,Sal Cannella,00-0037015,TE,CLE,1,,1.1,2.1,3.1,,,,1.74,2.09,2.55,0.0,3.05,19.0
2025,Nikola Kalinic,00-0037031,TE,CHI,0,,0.0,0.0,0.0,,,,0.93,1.1,1.75,0.0,5.48,19.0
2025,Kevin Austin Jr.,00-0037231,WR,NO,0,8.0,20.0,26.5,33.0,16.0,21.5,27.0,4.95,5.92,6.44,0.0,6.86,18.6
2025,Greg Dulcich,00-0037252,TE,MIA,0,4.0,36.8,49.8,62.8,2.8,5.3,7.8,5.58,6.69,8.53,0.0,23.85,4.8
2025,E.J. Jenkins,00-0038498,TE,PHI,0,2.0,0.0,0.0,0.0,6.7,7.2,7.7,2.96,3.64,4.19,0.0,6.48,11.07
2025,Hendon Hooker,00-0038550,QB,CAR,0,3.0,0.0,0.0,0.0,2.68,2.68,2.68,5.59,6.88,5.49,0.0,17.07,14.4
2025,Clayton Tune,00-0038582,QB,GB,0,5.0,1.98,1.98,1.98,-2.08,-2.08,-2.08,2.13,1.89,1.36,0.0,15.28,15.28
2025,Josh Whyle,00-0038589,TE,GB,0,15.0,9.6,12.1,14.6,32.8,46.8,60.8,4.9,6.17,8.29,0.0,20.27,24.78
2025,A.T. Perry,00-0038612,WR,DEN,0,,0.0,0.0,0.0,,,,1.79,1.88,2.49,0.0,14.55,16.56
2025,Cameron Latu,00-0038564,TE,PHI,0,,0.0,0.0,0.0,,,,3.26,4.06,4.73,0.0,5.71,19.0
2025,Simi Fehoko,00-0036646,WR,ARI,0,6.0,0.0,0.0,0.0,10.6,13.6,16.6,2.4,2.08,2.47,0.0,9.22,8.32
2025,Gary Brightwell,00-0036569,RB,CIN,0,1.0,0.0,0.0,0.0,0.0,0.0,0.0,3.4,4.03,4.08,0.0,17.54,4.65
2025,Austin Trammell,00-0036841,WR,JAX,0,1.0,4.6,6.1,7.6,4.0,5.0,6.0,2.01,2.68,3.51,0.0,11.51,7.55
2025,Shane Buechele,00-0036679,QB,BUF,0,,3.92,3.92,3.92,,,,3.48,3.39,2.72,0.03,10.83,19.0
2025,Trey Sermon,00-0036984,RB,PIT,0,15.0,0.0,0.0,0.0,37.8,45.8,53.8,8.23,9.11,10.82,0.0,31.49,29.73
2025,Michael Carter,00-0036924,RB,ARI,0,3.0,66.0,82.5,99.0,24.8,30.3,35.8,10.44,11.37,12.72,0.0,34.81,29.79
2025,Terrace Marshall Jr.,00-0036955,WR,PHI,0,5.0,0.0,0.0,0.0,4.1,5.6,7.1,3.57,4.77,5.3,0.0,18.5,5.78
2025,Khalil Herbert,00-0036906,RB,IND,0,11.0,5.6,6.1,6.6,21.5,26.5,31.5,9.25,10.17,11.28,0.0,26.18,35.03
2025,Josiah Deguara,00-0036332,TE,ARI,0,7.0,8.1,9.6,11.1,1.4,2.9,4.4,1.48,2.01,1.98,0.0,6.01,4.76
2025,Junior Bergen,00-0040247,WR,SF,1,,0.0,0.0,0.0,,,,2.23,2.87,3.59,0.0,6.05,19.0
2025,Luke Lachey,00-0040250,TE,HOU,1,,0.0,0.0,0.0,,,,1.83,2.35,3.24,0.0,3.81,19.0
2025,Clyde Edwards-Helaire,00-0036360,RB,KC,0,2.0,2.2,3.2,4.2,7.0,8.5,10.0,12.6,13.81,15.78,0.0,47.18,13.71
2025,Jalen Reagor,00-0036387,WR,LAC,0,7.0,0.0,0.0,0.0,7.7,11.2,14.7,3.24,4.57,5.22,0.0,30.21,14.45
2025,Ihmir Smith-Marsette,00-0036635,WR,NYG,0,15.0,0.0,0.0,0.0,6.0,6.0,6.0,3.99,4.98,5.41,0.0,12.89,12.79
2025,Albert Okwuegbunam,00-0036423,TE,LV,0,,3.6,6.1,8.6,,,,1.31,1.27,2.64,0.0,12.67,5.75
2025,DeeJay Dallas,00-0036425,RB,CAR,0,16.0,2.1,2.1,2.1,18.0,19.5,21.0,5.58,5.55,6.78,0.0,15.25,15.51
2025,Chris Blair,00-0036463,WR,ATL,0,2.0,0.0,0.0,0.0,1.7,2.2,2.7,1.86,2.3,2.91,0.0,8.54,7.93
2025,Brandon Smith,00-0036775,WR,NYJ,0,,0.0,0.0,0.0,,,,1.86,2.14,2.41,0.0,9.79,19.0
2025,Quintin Morris,00-0036590,TE,JAX,0,10.0,11.5,14.5,17.5,9.6,12.1,14.6,2.67,3.22,4.57,0.0,8.34,8.19
2025,Brayden Willis,00-0038643,TE,SF,0,5.0,0.0,0.0,0.0,0.0,0.0,0.0,2.49,3.07,4.08,0.0,4.01,1.89
2025,Adrian Martinez,00-0038658,QB,SF,0,,-0.1,-0.1,-0.1,,,,2.58,2.52,2.42,0.0,7.5,19.0
2025,Ronnie Bell,00-0038647,WR,DET,0,4.0,8.3,9.3,10.3,2.2,3.2,4.2,1.8,2.6,2.8,0.0,13.14,5.88
2025,Elijah Cooks,00-0038667,WR,PHI,0,,0.0,0.0,0.0,,,,0.91,1.18,1.02,0.0,7.05,9.38
2025,Jordan Mims,00-0038678,RB,TEN,0,8.0,0.0,0.0,0.0,14.1,20.1,26.1,2.56,3.44,3.94,0.0,12.56,10.12
2025,Jalen Brooks,00-0038640,WR,DAL,0,12.0,5.1,6.6,8.1,23.7,29.7,35.7,4.31,5.88,7.24,0.0,25.49,21.36
2025,Princeton Fant,00-0038735,TE,DAL,0,1.0,0.0,0.0,0.0,0.0,0.0,0.0,1.16,1.75,2.1,0.0,1.35,7.89
2025,Jalen Moreno-Cropper,00-0038740,WR,DAL,0,,0.0,0.0,0.0,,,,2.25,2.54,3.31,0.0,9.56,19.0
2025,Jared Wayne,00-0038728,WR,HOU,0,,2.0,3.0,4.0,,,,1.35,1.41,1.73,0.0,6.2,19.0
2025,Xazavian Valladay,00-0038727,RB,MIN,0,,0.0,0.0,0.0,,,,1.64,1.67,1.89,0.0,5.28,19.0
2025,Theo Wease Jr.,00-0040311,WR,MIA,1,,19.9,22.9,25.9,,,,2.3,2.6,2.94,0.0,8.91,19.0
2025,Ja'Corey Brooks,00-0040315,WR,WAS,1,,0.0,0.0,0.0,,,,1.84,2.3,2.8,0.0,3.58,19.0
2025,Cam Miller,00-0040222,QB,LV,1,,0.0,0.0,0.0,,,,4.78,4.49,5.38,0.0,5.87,19.0
2025,Lawrence Cager,00-0036145,TE,WAS,0,,0.0,0.0,0.0,,,,1.56,1.77,1.88,0.0,7.63,9.38
2025,Gabe Davis,00-0036196,WR,BUF,0,10.0,18.9,24.9,30.9,33.9,43.9,53.9,14.47,15.95,18.96,0.0,31.93,33.92
2025,Kristian Wilkerson,00-0036183,WR,BUF,0,1.0,0.0,0.0,0.0,7.8,8.8,9.8,3.12,4.09,5.36,0.0,16.44,13.98
2025,Harrison Bryant,00-0036232,TE,HOU,0,6.0,0.7,1.7,2.7,8.6,13.1,17.6,3.49,5.11,6.39,0.0,16.59,9.3
2025,Mason Kinsey,00-0036176,WR,TEN,0,6.0,4.8,5.8,6.8,1.7,2.7,3.7,1.99,2.64,3.18,0.0,5.82,4.46
2025,James Proche,00-0036133,WR,TEN,0,9.0,6.5,9.5,12.5,2.1,3.6,5.1,1.83,2.26,2.07,0.0,6.92,2.83
2025,Tommy Mellott,00-0040220,WR,NO,1,,0.0,0.0,0.0,,,,5.8,6.01,6.58,0.0,5.72,19.0
2025,Ahmani Marshall,00-0040260,RB,CLE,1,,0.0,0.0,0.0,,,,4.04,4.73,4.64,0.0,8.89,19.0
2025,A.J. Henning,00-0040302,WR,MIA,1,,0.0,0.0,0.0,,,,2.0,2.55,2.97,0.0,6.03,19.0
2025,Sean McKeon,00-0036032,TE,IND,0,,0.0,0.0,0.0,,,,0.0,0.15,0.26,0.0,1.53,5.75
2025,Ja'Seem Reed,00-0040265,WR,CAR,1,,0.0,0.0,0.0,,,,2.63,2.76,3.84,0.0,6.12,19.0
2025,Jordan Moore,00-0040375,WR,CIN,1,,0.0,0.0,0.0,,,,1.55,1.79,1.76,0.0,4.69,19.0
2025,Andre Baccellia,00-0035876,WR,ARI,0,,0.8,1.8,2.8,,,,1.41,1.81,2.12,0.0,5.63,5.75
2025,Tyler Huntley,00-0035993,QB,BAL,0,5.0,40.14,40.14,40.14,60.66,60.66,60.66,8.98,9.17,9.75,1.32,36.57,25.56
2025,Maximilian Mang,00-0040253,TE,IND,1,,0.0,0.0,0.0,,,,0.0,0.52,0.48,0.0,1.27,19.0
2025,Caleb Lohner,00-0040240,TE,DEN,1,,0.0,0.0,0.0,,,,1.28,1.59,2.32,0.0,0.0,19.0
2025,Chandler Brayboy,00-0040323,WR,JAX,1,,0.0,0.0,0.0,,,,1.59,2.18,2.4,0.0,3.51,19.0
2025,Ja'Quinden Jackson,00-0040332,RB,JAX,1,,0.0,0.0,0.0,,,,2.51,2.94,3.52,0.0,4.94,19.0
2025,Patrick Herbert,00-0040331,TE,JAX,1,,0.0,0.0,0.0,,,,0.7,0.95,1.04,0.0,1.55,19.0
2025,Courtney Jackson,00-0040445,WR,SEA,1,,0.0,0.0,0.0,,,,1.92,2.33,2.73,0.0,4.13,19.0
2025,Coleman Owen,00-0040352,WR,IND,1,,0.0,0.0,0.0,,,,1.92,2.65,3.0,0.0,3.55,19.0
2025,Miles Boykin,00-0035703,WR,CHI,0,,0.0,0.0,0.0,,,,0.8,0.65,1.42,0.0,12.89,9.38
2025,Seth Henigan,00-0040330,QB,JAX,1,,0.0,0.0,0.0,,,,5.6,5.6,4.81,0.0,16.33,19.0
2025,JP Richardson,00-0040275,WR,CHI,1,,0.0,0.0,0.0,,,,2.05,2.53,2.98,0.0,4.25,19.0
2025,Jacoby Jones,00-0040317,WR,WAS,1,,2.5,3.0,3.5,,,,1.74,2.06,2.23,0.0,3.49,19.0
2025,Bryce Pierre,00-0040292,TE,CAR,1,,0.0,0.0,0.0,,,,0.97,1.24,1.58,0.0,1.29,19.0
2025,Ainias Smith,00-0039747,WR,CAR,0,3.0,0.0,0.0,0.0,10.7,14.2,17.7,4.64,5.98,7.24,0.0,10.22,16.05
2025,Terrell Jennings,00-0039757,RB,NE,0,2.0,14.2,14.7,15.2,3.3,3.3,3.3,2.99,2.98,3.35,0.0,12.93,15.68
2025,Tanner Taula,00-0038828,TE,TB,0,,0.0,0.0,0.0,,,,0.62,0.77,0.88,0.0,0.36,19.0
2025,Shedrick Jackson,00-0038891,WR,LV,0,,11.9,13.9,15.9,,,,1.19,1.4,1.47,0.0,4.92,5.75
2025,Thayer Thomas,00-0038810,WR,DEN,0,,0.0,0.0,0.0,,,,1.6,1.92,2.15,0.0,4.94,19.0
2025,Jeshaun Jones,00-0039710,WR,MIN,0,,0.0,0.0,0.0,,,,1.51,1.88,2.16,0.0,2.18,19.0
2025,JaQuae Jackson,00-0039722,WR,LAC,0,,0.0,0.0,0.0,,,,1.45,1.77,1.96,0.0,2.46,19.0
2025,Garrett Greene,00-0040419,WR,TB,1,,0.0,0.0,0.0,,,,1.28,1.27,1.85,0.0,3.59,19.0
2025,Jamaal Pritchett,00-0040405,WR,NYJ,1,,0.0,0.0,0.0,,,,3.39,4.19,4.94,0.0,14.1,19.0
2025,Quentin Skinner,00-0040406,WR,NYJ,1,,3.0,3.5,4.0,,,,2.04,2.53,3.22,0.0,3.66,19.0
2025,Dontae Fleming,00-0040498,WR,MIN,1,,0.0,0.0,0.0,,,,2.33,2.96,3.63,0.0,2.95,19.0
2025,Jackson Meeks,00-0040390,WR,DET,1,,0.0,0.0,0.0,,,,2.18,2.46,2.6,0.0,3.9,19.0
2025,JaMycal Hasty,00-0035806,RB,MIA,0,12.0,0.0,0.0,0.0,18.8,23.8,28.8,2.96,5.61,6.77,0.0,14.1,12.74
2025,D'Ernest Johnson,00-0035628,RB,BAL,0,12.0,2.5,2.5,2.5,23.9,29.9,35.9,7.68,8.78,9.31,0.0,24.85,31.61
2025,Brady Cook,00-0040398,QB,NYJ,1,,28.46,28.46,28.46,,,,8.14,8.03,8.15,0.0,20.24,19.0
2025,Donovan Edwards,00-0040400,RB,WAS,1,,0.0,0.0,0.0,,,,2.81,3.25,3.52,0.0,9.52,19.0
2025,Zach Horton,00-0040387,TE,DET,1,,0.0,0.0,0.0,,,,1.3,1.63,2.13,0.0,3.46,19.0
2025,Stephen Gosnell,00-0040361,WR,BUF,1,,0.0,0.0,0.0,,,,2.08,2.46,3.03,0.0,3.61,19.0
2025,Keleki Latu,00-0040363,TE,BUF,1,,3.5,5.5,7.5,,,,1.92,2.19,2.94,0.0,3.04,19.0
2025,Sam Hartman,00-0039677,QB,WAS,0,,0.0,0.0,0.0,,,,2.77,2.7,2.12,0.0,10.17,19.0
2025,Tyler Scott,00-0038941,WR,IND,0,4.0,0.0,0.0,0.0,0.5,1.0,1.5,3.37,4.06,4.25,0.0,10.16,5.31
2025,Dylan Drummond,00-0038953,WR,ATL,0,,4.2,7.7,11.2,,,,1.35,1.5,1.58,0.0,3.19,19.0
2025,Chris Collier,00-0039244,RB,LV,0,6.0,0.0,0.0,0.0,0.8,1.3,1.8,3.63,4.09,5.16,0.0,8.75,8.92
2025,Kendall Milton,00-0039266,RB,CIN,0,,0.2,0.2,0.2,,,,3.05,3.02,3.85,0.0,16.66,19.0
2025,Silas Bolden,00-0040493,WR,HOU,1,,0.0,0.0,0.0,,,,1.84,2.48,3.11,0.0,4.54,19.0
2025,DJ Uiagalelei,00-0040464,QB,LAC,1,,0.0,0.0,0.0,,,,2.15,2.18,1.77,0.0,4.17,19.0
2025,Bryson Nesbit,00-0040504,TE,MIN,1,,0.0,0.0,0.0,,,,1.76,1.88,2.24,0.0,8.15,19.0
2025,Trayveon Williams,00-0035291,RB,CLE,0,5.0,9.1,13.1,17.1,0.0,0.0,0.0,2.67,3.09,4.51,0.0,19.57,5.2
2025,Tom Kennedy,00-0035544,WR,DET,0,3.0,3.6,5.6,7.6,0.0,0.0,0.0,1.73,2.72,3.1,0.0,7.27,7.93
2025,Lil'Jordan Humphrey,00-0035406,WR,NYG,0,14.0,21.6,28.1,34.6,33.3,48.8,64.3,4.09,5.75,6.98,0.0,24.22,27.03
2025,Luke Grimm,00-0040461,WR,LAC,1,,0.0,0.0,0.0,,,,1.71,2.14,2.41,0.0,2.5,19.0
2025,Isaiah Neyor,00-0040558,WR,GB,1,,0.0,0.0,0.0,,,,1.47,1.78,2.05,0.0,1.0,19.0
2025,Connor Bazelak,00-0040415,QB,TB,1,,0.0,0.0,0.0,,,,2.81,2.89,2.5,0.0,7.97,19.0
2025,Nick Nash,00-0040551,WR,ATL,1,,0.0,0.0,0.0,,,,1.75,2.2,2.61,0.0,2.56,19.0
2025,Joshua Simon,00-0040552,TE,ATL,1,,0.0,0.0,0.0,,,,1.41,1.75,2.04,0.0,0.89,19.0
2025,Xavier Restrepo,00-0040522,WR,TEN,1,,4.1,5.6,7.1,,,,2.26,2.95,3.47,0.0,4.04,19.0
2025,JJ Galbreath,00-0040528,TE,PIT,1,,0.0,0.0,0.0,,,,1.84,2.14,2.55,0.0,4.05,19.0
2025,Ke'Shawn Williams,00-0040534,WR,PIT,1,,1.5,2.0,2.5,,,,2.74,3.4,4.14,0.0,5.43,19.0
2025,CJ Dippre,00-0040566,TE,NE,1,,0.0,0.0,0.0,,,,2.51,3.17,3.41,1.26,8.6,19.0
2025,Max Hurleman,00-0040618,RB,PIT,1,,0.0,0.0,0.0,,,,2.53,2.92,3.38,0.0,6.23,19.0
2025,Easton Stick,00-0035282,QB,ATL,0,,0.0,0.0,0.0,,,,5.94,6.66,6.09,0.0,44.97,29.52
2025,Tru Edwards,00-0040609,WR,LA,1,,0.0,0.0,0.0,,,,1.91,2.44,2.85,0.0,4.95,19.0
2025,Carter Runyon,00-0040488,TE,LV,1,,0.3,0.8,1.3,,,,1.77,2.14,2.51,0.0,0.88,19.0
2025,Will Grier,00-0035251,QB,DAL,0,,0.0,0.0,0.0,,,,3.43,2.74,1.44,0.32,12.12,19.0
2025,Jeremiah Webb,00-0040570,WR,NE,1,,0.0,0.0,0.0,,,,2.0,2.46,2.75,0.0,7.75,19.0
2025,Mark Redman,00-0040598,TE,LA,1,,0.0,0.0,0.0,,,,0.83,1.1,1.38,0.0,0.62,19.0
2025,Malik Turner,00-0034867,WR,SF,0,,0.0,0.0,0.0,,,,1.19,1.29,1.5,0.0,3.14,19.0
2025,Hunter Dekkers,00-0040656,QB,NO,1,,0.0,0.0,0.0,,,,4.02,3.81,3.76,0.0,10.23,19.0
2025,Mecole Hardman,00-0035140,WR,GB,0,12.0,0.0,0.0,0.0,21.2,27.2,33.2,2.7,4.19,5.57,0.0,21.84,19.99
2025,Brett Rypien,00-0034955,QB,CIN,0,,0.0,0.0,0.0,,,,1.56,1.62,1.17,0.0,9.66,9.29
2025,Stephen Carlson,00-0035039,TE,CHI,0,,0.0,0.0,0.0,,,,0.47,0.74,1.11,0.0,0.23,19.0
2025,Lucas Scott,00-0040637,RB,BAL,1,,0.0,0.0,0.0,,,,1.87,2.02,2.29,0.0,11.79,19.0
2025,Drake Dabney,00-0040628,TE,TEN,1,,0.3,0.8,1.3,,,,1.75,2.25,2.85,0.0,1.13,19.0
2025,Anthony Miller,00-0034353,WR,BAL,0,1.0,0.0,0.0,0.0,1.6,2.1,2.6,3.89,5.82,7.1,0.0,24.8,7.93
2025,Nyheim Hines,00-0034367,RB,LAC,0,,-0.2,-0.2,-0.2,,,,7.18,9.43,8.9,0.0,19.78,19.0
2025,Cedrick Wilson Jr.,00-0034418,WR,NO,0,13.0,4.4,6.9,9.4,31.94,41.94,51.94,3.97,6.3,7.62,1.37,18.51,27.01
2025,Brennan Presley,00-0040597,WR,LA,1,,0.0,0.0,0.0,,,,2.79,3.68,4.31,0.0,5.32,19.0
2025,Kedon Slovis,00-0039577,QB,ARI,0,,-0.08,-0.08,-0.08,,,,3.99,3.95,4.14,0.06,10.64,19.0
2025,Treyton Welch,00-0039518,TE,NO,0,,0.0,0.0,0.0,,,,1.47,1.84,2.09,0.0,1.46,19.0
2025,Dante Miller,00-0039230,RB,NYG,0,1.0,0.0,0.0,0.0,0.0,0.0,0.0,2.35,3.11,3.52,0.0,7.78,7.89
2025,Patrick Murtagh,00-0039231,TE,DEN,0,,0.0,0.0,0.0,,,,1.24,1.66,1.83,0.0,0.38,19.0
2025,Isaiah Williams,00-0039451,WR,CIN,0,8.0,34.7,47.7,60.7,0.6,1.6,2.6,2.63,3.64,4.46,0.0,12.71,8.41
2025,John Jiles,00-0039505,WR,NE,0,,0.0,0.0,0.0,,,,1.99,2.3,2.52,0.0,5.1,19.0
2025,Frank Gore Jr.,00-0039471,RB,BUF,0,,0.0,0.0,0.0,,,,2.29,2.68,3.1,0.0,3.98,19.0
2025,Nick Vannett,00-0032394,TE,MIN,0,12.0,0.0,0.0,0.0,31.5,40.0,48.5,1.73,2.48,4.06,0.0,22.27,17.06
2025,Hayden Rucci,00-0039489,TE,MIA,0,,0.0,0.0,0.0,,,,1.93,2.24,2.57,0.0,1.29,19.0
2025,Kimani Vidal,00-0039391,RB,LAC,0,9.0,101.9,109.9,117.9,27.7,30.2,32.7,14.27,14.55,17.14,0.0,63.25,38.86
2025,Will Sheppard,00-0040753,WR,GB,1,,0.0,0.0,0.0,,,,1.58,1.89,2.45,0.0,0.67,19.0
2025,Lawrance Toafili,00-0040758,RB,NYJ,1,,0.0,0.0,0.0,,,,2.55,3.09,3.72,0.0,6.09,19.0
2025,Marcedes Lewis,00-0024243,TE,,0,5.0,0.0,0.0,0.0,0.2,0.7,1.2,0.0,0.0,0.0,0.0,12.37,4.65
2025,Robert Woods,00-0030431,WR,,0,14.0,0.0,0.0,0.0,18.3,28.3,38.3,1.59,2.56,4.21,0.0,18.01,21.91
2025,Cordarrelle Patterson,00-0030578,RB,,0,13.0,0.0,0.0,0.0,25.5,31.5,37.5,3.44,4.78,5.91,0.0,26.62,29.57
2025,Odell Beckham Jr.,00-0031235,WR,,0,8.0,0.0,0.0,0.0,5.5,10.0,14.5,3.06,5.11,6.22,0.0,20.15,12.75
2025,Derek Carr,00-0031280,QB,,0,10.0,0.0,0.0,0.0,150.9,150.9,150.9,31.71,31.71,32.21,0.19,137.73,139.68
2025,Jordan Matthews,00-0031299,TE,,0,2.0,0.0,0.0,0.0,0.0,0.0,0.0,2.9,3.57,5.18,0.0,11.59,7.93
2025,Allen Robinson,00-0031428,WR,,0,6.0,0.0,0.0,0.0,3.0,4.5,6.0,1.28,2.08,2.11,0.0,11.2,7.76
2025,Amari Cooper,00-0031544,WR,,0,13.0,0.0,0.0,0.0,78.7,100.7,122.7,36.31,49.32,59.26,0.0,107.46,59.62
2025,Nelson Agholor,00-0031549,WR,,0,13.0,0.0,0.0,0.0,35.1,42.1,49.1,0.87,1.57,3.07,0.0,25.87,29.24
2025,MyCole Pruitt,00-0031585,TE,,0,7.0,0.0,0.0,0.0,10.0,13.0,16.0,0.0,0.0,0.0,0.0,2.65,7.35
2025,Eric Tomlinson,00-0031690,TE,,0,5.0,0.0,0.0,0.0,0.9,1.9,2.9,0.0,0.0,0.0,0.0,0.0,7.93
2025,Taylor Heinicke,00-0031800,QB,,0,4.0,0.0,0.0,0.0,3.12,3.12,3.12,1.0,0.59,0.62,0.0,7.41,15.74
2025,Jamison Crowder,00-0031941,WR,,0,5.0,0.0,0.0,0.0,19.2,23.7,28.2,1.81,2.91,4.1,0.0,6.59,14.18
2025,Ameer Abdullah,00-0032104,RB,,0,15.0,21.9,29.9,37.9,85.2,105.2,125.2,11.29,15.38,17.92,0.0,80.89,60.32
2025,Chris Conley,00-0032128,WR,,0,9.0,0.0,0.0,0.0,7.6,10.6,13.6,0.16,0.49,0.71,0.0,1.64,7.33
2025,C.J. Uzomah,00-0032134,TE,,0,2.0,0.0,0.0,0.0,0.0,0.0,0.0,0.0,0.0,0.0,0.0,0.83,4.74
2025,Geoff Swaim,00-0032141,TE,,0,3.0,0.0,0.0,0.0,0.7,1.2,1.7,0.0,0.0,0.0,0.0,0.18,4.65
2025,Alex Erickson,00-0032543,WR,,0,3.0,0.0,0.0,0.0,0.0,0.0,0.0,0.13,0.29,0.3,0.0,0.77,5.88
2025,Tyler Boyd,00-0033009,WR,,0,15.0,0.0,0.0,0.0,39.3,58.8,78.3,6.28,8.7,10.47,0.0,28.53,36.51
2025,Ezekiel Elliott,00-0033045,RB,,0,15.0,0.0,0.0,0.0,45.5,51.5,57.5,8.04,6.03,8.91,0.0,37.14,32.87
2025,Zach Pascal,00-0033251,WR,,0,3.0,0.0,0.0,0.0,0.0,0.0,0.0,0.0,0.0,0.0,0.0,0.04,4.65
2025,Kendrick Bourne,00-0033307,WR,,0,12.0,55.1,73.6,92.1,37.1,51.1,65.1,3.45,4.04,5.37,0.0,28.38,33.37
2025,Pharaoh Brown,00-0033439,TE,,0,10.0,0.1,1.1,2.1,4.5,8.5,12.5,0.54,0.79,0.79,0.0,1.62,8.44
2025,Anthony Firkser,00-0033455,TE,,0,1.0,5.3,9.3,13.3,0.0,0.0,0.0,0.03,0.12,0.0,0.0,1.9,7.89
2025,John Ross,00-0033460,WR,,0,1.0,0.0,0.0,0.0,0.6,1.1,1.6,2.69,3.01,3.0,0.0,18.82,7.93
2025,Dalvin Cook,00-0033893,RB,,0,2.0,0.0,0.0,0.0,3.0,3.5,4.0,2.11,1.92,3.38,0.0,13.35,11.43
2025,Gerald Everett,00-0033895,TE,,0,10.0,0.0,0.0,0.0,3.6,7.6,11.6,0.88,1.43,1.62,0.0,9.08,10.73
2025,D'Onta Foreman,00-0033925,RB,,0,10.0,0.0,0.0,0.0,26.6,29.6,32.6,5.26,5.41,4.89,0.0,22.65,32.01
2025,Jamaal Williams,00-0033948,RB,,0,14.0,0.0,0.0,0.0,28.1,32.6,37.1,4.84,5.5,5.97,0.0,22.64,28.03
2025,River Cracraft,00-0034054,WR,,0,5.0,0.0,0.0,0.0,6.6,10.1,13.6,0.41,0.69,0.8,0.0,0.97,6.38
2025,Ross Dwelley,00-0034073,TE,,0,4.0,0.7,1.7,2.7,0.5,1.0,1.5,0.0,0.13,0.09,0.0,1.35,4.66
2025,Tim Boyle,00-0034177,QB,,0,3.0,0.0,0.0,0.0,13.94,13.94,13.94,0.07,0.0,0.0,0.0,3.38,35.69
2025,Gus Edwards,00-0034184,RB,,0,11.0,0.0,0.0,0.0,61.1,62.6,64.1,0.0,0.0,0.0,0.0,43.77,38.24
2025,Mike Boone,00-0034208,RB,,0,5.0,0.0,0.0,0.0,4.9,5.4,5.9,0.8,1.23,1.31,0.0,0.4,5.03
2025,Jordan Akins,00-0034364,TE,,0,16.0,0.0,0.0,0.0,51.0,71.0,91.0,3.27,3.95,5.98,0.0,29.11,31.07
2025,Mike White,00-0034401,QB,,0,1.0,0.0,0.0,0.0,1.12,1.12,1.12,0.15,0.44,0.0,0.25,4.38,5.02
2025,Brandon Powell,00-0034646,WR,,0,16.0,0.0,0.0,0.0,7.1,10.6,14.1,1.47,2.24,2.77,0.0,0.99,12.87
2025,DJ Chark,00-0034777,WR,,0,4.0,0.0,0.0,0.0,9.1,11.1,13.1,3.26,4.13,5.48,0.0,11.21,15.37
2025,John Kelly,00-0034808,RB,,0,1.0,0.0,0.0,0.0,0.0,0.0,0.0,1.03,1.88,2.61,0.0,9.03,7.89
2025,Hayden Hurst,00-0034830,TE,,0,7.0,0.0,0.0,0.0,7.3,11.3,15.3,0.99,1.35,1.52,0.0,13.48,8.57
2025,Dante Pettis,00-0034860,WR,,0,8.0,10.7,15.2,19.7,20.0,26.0,32.0,4.22,5.65,6.69,0.0,11.56,20.25
2025,Steven Sims,00-0034928,WR,,0,9.0,0.0,0.0,0.0,0.0,0.0,0.0,0.61,0.86,1.2,0.0,3.78,6.5
2025,Cody Thompson,00-0035164,WR,,0,1.0,0.0,0.0,0.0,0.0,0.0,0.0,0.02,0.18,0.22,0.0,0.45,4.66
2025,Deonte Harty,00-0035215,WR,,0,5.0,0.0,0.0,0.0,0.0,0.0,0.0,1.36,1.71,2.2,0.0,3.57,6.44
2025,Diontae Johnson,00-0035216,WR,,0,11.0,0.0,0.0,0.0,56.1,72.6,89.1,8.21,9.37,14.58,0.0,44.98,54.09
2025,Myles Gaskin,00-0035311,RB,,0,4.0,0.6,0.6,0.6,1.0,1.5,2.0,4.28,4.25,4.43,0.0,4.06,15.97
2025,Trenton Irwin,00-0035341,WR,,0,6.0,0.0,0.0,0.0,1.5,3.0,4.5,0.83,1.32,1.63,0.0,0.65,6.49
2025,Joseph Fortson,00-0035547,TE,,0,3.0,0.0,0.0,0.0,0.5,1.0,1.5,0.71,0.93,0.97,0.0,0.01,7.93
2025,Parris Campbell,00-0035639,WR,,0,4.0,0.0,0.0,0.0,9.0,12.0,15.0,0.0,0.09,0.0,0.0,9.31,7.14
2025,Tony Jones,00-0035860,RB,,0,1.0,0.0,0.0,0.0,11.5,11.5,11.5,3.18,3.04,3.41,0.0,9.12,19.65
2025,Jonathan Ward,00-0035924,RB,,0,4.0,0.0,0.0,0.0,2.2,2.2,2.2,1.2,1.4,1.71,0.0,0.47,7.98
2025,Dan Chisena,00-0035976,WR,,0,4.0,0.0,0.0,0.0,3.7,5.2,6.7,0.65,0.99,1.4,0.0,2.45,2.88
2025,J.J. Taylor,00-0036096,RB,,0,3.0,0.0,0.0,0.0,4.4,5.4,6.4,2.98,3.23,3.96,0.0,4.18,14.34
2025,Isaiah Hodgins,00-0036165,WR,,0,2.0,17.5,22.5,27.5,1.2,2.2,3.2,3.1,4.25,5.12,0.0,1.51,6.71
2025,Zack Moss,00-0036251,RB,,0,8.0,0.0,0.0,0.0,58.9,70.4,81.9,7.49,7.27,7.58,0.0,43.6,49.88
2025,Collin Johnson,00-0036254,WR,,0,6.0,0.0,0.0,0.0,0.6,1.1,1.6,0.96,1.41,1.73,0.0,0.94,4.8
2025,Laviska Shenault Jr.,00-0036268,WR,,0,10.0,0.0,0.0,0.0,9.7,12.2,14.7,2.88,3.65,4.52,0.0,13.57,8.75
2025,Darrynton Evans,00-0036297,RB,,0,1.0,0.0,0.0,0.0,0.3,0.3,0.3,2.79,2.95,2.71,0.0,8.89,8.26
2025,K.J. Osborn,00-0036345,WR,,0,7.0,0.0,0.0,0.0,11.7,15.2,18.7,2.14,2.95,3.22,0.0,1.48,16.96
2025,Joshua Kelley,00-0036370,RB,,0,1.0,0.0,0.0,0.0,0.2,0.2,0.2,0.89,0.95,1.05,0.0,8.36,7.9
2025,Cam Akers,00-0036414,RB,,0,16.0,7.18,7.18,7.18,79.2,86.2,93.2,13.5,15.86,17.55,0.0,62.16,65.68
2025,Stephen Sullivan,00-0036438,TE,,0,1.0,0.0,0.0,0.0,0.0,0.0,0.0,0.05,0.17,0.72,0.0,0.0,4.74
2025,Ke'Shawn Vaughn,00-0036450,RB,,0,1.0,0.0,0.0,0.0,0.4,0.4,0.4,1.03,1.4,1.87,0.0,8.1,5.73
2025,DJ Turner,00-0036527,WR,,0,12.0,0.0,0.0,0.0,31.1,39.1,47.1,3.17,3.85,5.17,0.0,17.39,20.75
2025,Zach Davidson,00-0036640,TE,,0,2.0,0.0,0.0,0.0,0.5,1.0,1.5,0.44,0.75,0.81,0.0,0.5,7.93
2025,Jermar Jefferson,00-0036670,RB,,0,2.0,0.0,0.0,0.0,3.2,3.7,4.2,1.62,2.14,2.34,0.0,5.14,14.21
2025,Jaelon Darden,00-0036877,WR,,0,11.0,0.0,0.0,0.0,0.6,1.1,1.6,1.08,1.99,2.15,0.0,0.26,3.04
2025,Kadarius Toney,00-0036913,WR,,0,3.0,0.0,0.0,0.0,-0.4,-0.4,-0.4,1.54,1.86,2.2,0.0,17.95,8.13
2025,Kyle Trask,00-0036928,QB,,0,3.0,0.0,0.0,0.0,-0.2,-0.2,-0.2,0.0,0.0,0.0,0.0,11.78,10.22
2025,Avery Williams,00-0036950,RB,,0,17.0,0.0,0.0,0.0,0.0,0.0,0.0,2.29,3.16,3.72,0.0,2.58,13.24
2025,Justyn Ross,00-0037216,WR,,0,1.0,0.0,0.0,0.0,0.0,0.0,0.0,0.64,0.8,0.95,0.0,0.41,4.65
2025,Montrell Washington,00-0037272,WR,,0,1.0,0.0,0.0,0.0,0.0,0.0,0.0,0.77,1.14,1.39,0.0,0.78,1.89
2025,Mike Woods,00-0037300,WR,,0,5.0,0.0,0.0,0.0,6.5,10.0,13.5,2.87,4.38,4.98,0.0,0.69,11.22
2025,Brandon Johnson,00-0037382,WR,,0,1.0,0.0,0.0,0.0,0.9,1.4,1.9,1.42,1.73,2.04,0.0,0.92,6.66
2025,Jalen Virgil,00-0037387,WR,,0,3.0,0.0,0.0,0.0,0.0,0.0,0.0,0.9,1.09,1.31,0.0,0.67,7.89
2025,Kendric Pryor,00-0037422,WR,,0,1.0,0.0,0.0,0.0,0.9,1.4,1.9,0.91,1.16,1.48,0.0,0.97,7.93
2025,Raheem Blackshear,00-0037429,RB,,0,16.0,0.0,0.0,0.0,8.0,8.0,8.0,2.41,2.99,3.47,0.0,5.26,11.37
2025,Tyreik McAllister,00-0037450,WR,,0,2.0,0.0,0.0,0.0,1.1,1.1,1.1,1.51,1.87,2.17,0.0,1.3,9.61
2025,Rod Williams,00-0037451,TE,,0,1.0,0.0,0.0,0.0,0.0,0.0,0.0,0.4,0.4,0.4,0.0,0.0,1.89
2025,Troy Hairston,00-0037456,RB,,0,2.0,0.0,0.0,0.0,0.0,0.0,0.0,0.83,1.0,1.05,0.0,1.22,7.89
2025,Deven Thompkins,00-0037487,WR,,0,5.0,3.2,4.7,6.2,2.7,4.7,6.7,1.06,1.6,1.9,0.0,4.24,5.54
2025,Tay Martin,00-0037524,WR,,0,1.0,2.3,3.3,4.3,10.9,11.4,11.9,3.28,4.06,4.55,0.0,9.92,18.01
2025,Peyton Hendershot,00-0037569,TE,,0,5.0,0.0,0.0,0.0,5.1,7.6,10.1,0.0,0.12,0.02,0.0,1.32,5.77
2025,Aaron Shampklin,00-0037609,RB,,0,3.0,0.0,0.0,0.0,1.7,1.7,1.7,1.24,1.48,1.74,0.0,0.51,12.88
2025,Tyrion Davis-Price,00-0037827,RB,,0,1.0,0.0,0.0,0.0,0.7,0.7,0.7,0.38,1.09,1.1,0.0,3.78,7.77
2025,Pierre Strong,00-0038098,RB,,0,13.0,0.0,0.0,0.0,21.2,28.2,35.2,2.81,3.46,3.66,0.0,16.61,25.64
2025,Desmond Ridder,00-0038122,QB,,0,5.0,0.0,0.0,0.0,21.92,21.92,21.92,5.6,5.81,5.36,0.0,25.63,48.49
2025,Grant DuBose,00-0038507,WR,,0,2.0,0.0,0.0,0.0,1.1,2.1,3.1,2.54,2.99,4.57,0.0,6.82,7.93
2025,Dorian Thompson-Robinson,00-0038583,QB,,0,6.0,0.0,0.0,0.0,15.8,15.8,15.8,1.69,1.4,1.79,0.0,3.2,0.0
2025,Deuce Vaughn,00-0038622,RB,,0,5.0,0.0,0.0,0.0,8.8,10.3,11.8,4.22,4.44,5.58,0.0,6.2,8.55
2025,Rakim Jarrett,00-0038821,WR,,0,8.0,0.0,0.0,0.0,12.4,16.9,21.4,1.35,1.56,1.92,0.0,0.0,8.63
2025,John Shenker,00-0038920,TE,,0,3.0,0.0,0.0,0.0,0.7,1.2,1.7,0.61,0.78,0.72,0.0,0.44,7.93
2025,Jake Haener,00-0038998,QB,,0,8.0,0.0,0.0,0.0,13.24,13.24,13.24,8.31,9.42,9.29,0.13,27.61,41.38
2025,Baylor Cupp,00-0039316,TE,,0,1.0,0.0,0.0,0.0,0.0,0.0,0.0,0.75,1.03,1.21,0.0,0.14,7.93
2025,Keilan Robinson,00-0039385,RB,,0,1.0,0.0,0.0,0.0,0.0,0.0,0.0,0.76,1.1,1.18,0.0,0.47,7.89
2025,Jha'Quan Jackson,00-0039392,WR,,0,12.0,0.0,0.0,0.0,0.3,0.8,1.3,1.44,1.86,2.41,0.0,3.51,13.01
2025,Jase McClellan,00-0039393,RB,,0,2.0,0.0,0.0,0.0,3.2,3.2,3.2,2.27,2.5,3.51,0.0,2.03,15.64
2025,Jaheim Bell,00-0039420,TE,,0,4.0,0.0,0.0,0.0,2.0,3.0,4.0,2.15,2.55,3.45,0.0,1.19,7.93
2025,Ramel Keyton,00-0039543,WR,,0,3.0,0.0,0.0,0.0,0.7,1.2,1.7,1.05,1.37,1.69,0.0,1.18,7.93
2025,Blake Watson,00-0039573,RB,,0,1.0,0.0,0.0,0.0,2.3,2.8,3.3,1.38,1.58,2.03,0.0,3.22,11.55
2025,D.J. Williams,00-0039595,RB,,0,1.0,0.0,0.0,0.0,0.0,0.0,0.0,1.12,1.28,1.39,0.0,0.67,7.89
2025,Dallin Holker,00-0039613,TE,,0,3.0,0.0,0.0,0.0,2.1,3.6,5.1,0.84,1.05,1.11,0.0,0.0,7.93
2025,Jermaine Jackson,00-0039614,WR,,0,4.0,0.0,0.0,0.0,-0.1,-0.1,-0.1,1.14,1.54,1.91,0.0,0.71,13.26
2025,Jacob Kibodi,00-0039617,RB,,0,1.0,0.0,0.0,0.0,3.9,4.4,4.9,2.09,2.02,2.77,0.0,1.78,15.63
2025,Javon Baker,00-0039853,WR,,0,6.0,0.0,0.0,0.0,1.2,1.7,2.2,3.89,5.24,8.03,0.0,4.6,8.07
